rank,code,name,market,return_pct,start_date,start_price,end_date,end_price,source
1,01757.HK,俊裕地基,HK,4549.122971898044,2025-08-01,0.11400000005960464,2026-07-31,5.300000190734863,Yahoo Finance chart adjclose
2,02028.HK,映美控股,HK,3040.0000581145277,2025-08-01,0.05000000074505806,2026-07-31,1.5700000524520874,Yahoo Finance chart adjclose
3,02442.HK,怡俊集团控股,HK,2978.1249893285953,2025-08-01,1.9199999570846558,2026-07-31,59.099998474121094,Yahoo Finance chart adjclose
4,01417.HK,浦江中国,HK,2900.000184490573,2025-08-01,0.20999999344348907,2026-07-31,6.300000190734863,Yahoo Finance chart adjclose
5,01959.HK,世纪联合控股,HK,1771.428661646489,2025-08-01,0.20999999344348907,2026-07-31,3.930000066757202,Yahoo Finance chart adjclose
6,08460.HK,基地锦标集团,HK,1103.3897868452045,2025-08-01,0.05900000035762787,2026-07-31,0.7099999785423279,Yahoo Finance chart adjclose
7,01953.HK,RIMBACO,HK,1085.717903564929,2025-08-01,0.101204514503479,2026-07-31,1.2000000476837158,Yahoo Finance chart adjclose
8,02339.HK,京西国际,HK,1041.5385151473747,2025-08-01,0.32499998807907104,2026-07-31,3.7100000381469727,Yahoo Finance chart adjclose
9,01716.HK,毛记葵涌,HK,889.1304583033448,2025-08-01,0.46000000834465027,2026-07-31,4.550000190734863,Yahoo Finance chart adjclose
10,01570.HK,伟业控股,HK,884.552802348675,2025-08-01,1.2300000190734863,2026-07-31,12.109999656677246,Yahoo Finance chart adjclose
11,688146.SH,中船特气,A,797.0728702893989,2025-07-31,29.651994705200195,2026-07-31,266.0,Yahoo Finance yfinance auto_adjust=True
12,02623.HK,爱德新能源,HK,784.2104972564609,2025-08-01,0.4749999940395355,2026-07-31,4.199999809265137,Yahoo Finance chart adjclose
13,01626.HK,嘉耀控股,HK,718.1159420915823,2025-08-01,2.759999990463257,2026-07-31,22.579999923706055,Yahoo Finance chart adjclose
14,08321.HK,泰锦控股,HK,686.9564825848513,2025-08-01,0.23000000417232513,2026-07-31,1.809999942779541,Yahoo Finance chart adjclose
15,01255.HK,TATA健康,HK,599.9999403953576,2025-08-01,0.30000001192092896,2026-07-31,2.0999999046325684,Yahoo Finance chart adjclose
16,02422.HK,润歌互动,HK,577.4999994412065,2025-08-01,0.4000000059604645,2026-07-31,2.7100000381469727,Yahoo Finance chart adjclose
17,01500.HK,现恒建筑,HK,569.4915395500809,2025-08-01,0.05900000035762787,2026-07-31,0.39500001072883606,Yahoo Finance chart adjclose
18,301377.SZ,鼎泰高科,A,568.3126493209181,2025-07-31,52.38566207885742,2026-07-31,350.1000061035156,Yahoo Finance yfinance auto_adjust=True
19,01633.HK,上谕集团,HK,564.3835910043526,2025-08-01,0.0729999989271164,2026-07-31,0.48500001430511475,Yahoo Finance chart adjclose
20,688498.SH,源杰科技,A,561.3270678452895,2025-07-31,165.1376495361328,2026-07-31,1092.0999755859375,Yahoo Finance yfinance auto_adjust=True
21,08450.HK,钜京控股,HK,561.0169208998382,2025-08-01,0.11800000071525574,2026-07-31,0.7799999713897705,Yahoo Finance chart adjclose
22,301526.SZ,国际复材,A,555.8133142204032,2025-07-31,4.877912521362305,2026-07-31,31.989999771118164,Yahoo Finance yfinance auto_adjust=True
23,06063.HK,智中国际,HK,548.809552424991,2025-08-01,0.1679999977350235,2026-07-31,1.090000033378601,Yahoo Finance chart adjclose
24,08507.HK,爱世纪集团,HK,547.5409939184331,2025-08-01,0.12200000137090683,2026-07-31,0.7900000214576721,Yahoo Finance chart adjclose
25,01831.HK,十方控股,HK,515.3846471267351,2025-08-01,0.12999999523162842,2026-07-31,0.800000011920929,Yahoo Finance chart adjclose
26,08395.HK,中显智能齐家控股,HK,506.7961158025657,2025-08-01,0.20600000023841858,2026-07-31,1.25,Yahoo Finance chart adjclose
27,300604.SZ,长川科技,A,497.97712572767,2025-07-31,43.41972351074219,2026-07-31,259.6400146484375,Yahoo Finance yfinance auto_adjust=True
28,08239.HK,首都金融控股,HK,479.48718540889155,2025-08-01,3.509999990463257,2026-07-31,20.34000015258789,Yahoo Finance chart adjclose
29,603629.SH,利通电子,A,478.73716673994267,2025-07-31,16.589569091796875,2026-07-31,96.01000213623047,Yahoo Finance yfinance auto_adjust=True
30,02436.HK,凌雄科技,HK,472.88133374098874,2025-08-01,2.950000047683716,2026-07-31,16.899999618530273,Yahoo Finance chart adjclose
31,01630.HK,建成控股,HK,466.0377650254139,2025-08-01,0.05299999937415123,2026-07-31,0.30000001192092896,Yahoo Finance chart adjclose
32,08247.HK,中生北控生物科技,HK,451.7241620280378,2025-08-01,0.5799999833106995,2026-07-31,3.200000047683716,Yahoo Finance chart adjclose
33,02427.HK,GUANZE MEDICAL,HK,451.7241568306443,2025-08-01,0.4350000023841858,2026-07-31,2.4000000953674316,Yahoo Finance chart adjclose
34,603256.SH,宏和科技,A,444.50393437326466,2025-07-31,23.531511306762695,2026-07-31,128.1300048828125,Yahoo Finance yfinance auto_adjust=True
35,601869.SH,长飞光纤,A,436.137972252871,2025-07-31,50.639949798583984,2026-07-31,271.5,Yahoo Finance yfinance auto_adjust=True
36,08448.HK,环球印馆,HK,426.7856746094732,2025-08-01,0.2240000069141388,2026-07-31,1.1799999475479126,Yahoo Finance chart adjclose
37,300209.SZ,有棵树,A,423.4521579341947,2025-07-31,5.329999923706055,2026-07-31,27.899999618530273,Yahoo Finance yfinance auto_adjust=True
38,01657.HK,桦欣控股,HK,421.8068473815104,2025-08-01,9.630000114440918,2026-07-31,50.25,Yahoo Finance chart adjclose
39,688766.SH,普冉股份,A,407.94312821876906,2025-07-31,69.87002563476562,2026-07-31,354.8999938964844,Yahoo Finance yfinance auto_adjust=True
40,688702.SH,盛科通信,A,396.1443964976223,2025-07-31,68.98999786376953,2026-07-31,342.2900085449219,Yahoo Finance yfinance auto_adjust=True
41,02372.HK,伟立控股,HK,394.9999973922968,2025-08-01,0.20000000298023224,2026-07-31,0.9900000095367432,Yahoo Finance chart adjclose
42,688260.SH,昀冢科技,A,389.14959095480424,2025-07-31,20.459999084472656,2026-07-31,100.08000183105469,Yahoo Finance yfinance auto_adjust=True
43,08237.HK,华星控股,HK,387.6847477949034,2025-08-01,0.2029999941587448,2026-07-31,0.9900000095367432,Yahoo Finance chart adjclose
44,01653.HK,MOS HOUSE,HK,380.0,2025-08-01,0.32499998807907104,2026-07-31,1.559999942779541,Yahoo Finance chart adjclose
45,002718.SZ,友邦吊顶,A,379.0990899140204,2025-07-31,16.649999618530273,2026-07-31,79.7699966430664,Yahoo Finance yfinance auto_adjust=True
46,06162.HK,天瑞汽车内饰,HK,369.56522753198095,2025-08-01,0.11500000208616257,2026-07-31,0.5400000214576721,Yahoo Finance chart adjclose
47,08431.HK,浩柏国际,HK,362.7450861228697,2025-08-01,0.2549999952316284,2026-07-31,1.1799999475479126,Yahoo Finance chart adjclose
48,02113.HK,世纪集团国际,HK,360.465098146235,2025-08-01,0.0430000014603138,2026-07-31,0.1979999989271164,Yahoo Finance chart adjclose
49,688519.SH,南亚新材,A,359.7512788949569,2025-07-31,47.41694259643555,2026-07-31,218.0,Yahoo Finance yfinance auto_adjust=True
50,02310.HK,时代环球集团,HK,358.97436264821516,2025-08-01,0.039000000804662704,2026-07-31,0.17900000512599945,Yahoo Finance chart adjclose
51,02515.HK,天津建发,HK,354.9019562011037,2025-08-01,0.5099999904632568,2026-07-31,2.319999933242798,Yahoo Finance chart adjclose
52,603115.SH,海星股份,A,352.7712312055597,2025-07-31,15.294699668884277,2026-07-31,69.25,Yahoo Finance yfinance auto_adjust=True
53,001309.SZ,德明利,A,352.0849118030731,2025-07-31,85.36006927490234,2026-07-31,385.8999938964844,Yahoo Finance yfinance auto_adjust=True
54,02270.HK,德商产投服务,HK,349.101807948119,2025-08-01,1.6699999570846558,2026-07-31,7.5,Yahoo Finance chart adjclose
55,01780.HK,荣尊国际控股,HK,347.1004441258485,2025-08-01,0.9751724004745483,2026-07-31,4.360000133514404,Yahoo Finance chart adjclose
56,001331.SZ,胜通能源,A,344.2173427578791,2025-07-31,8.761476516723633,2026-07-31,38.91999816894531,Yahoo Finance yfinance auto_adjust=True
57,688257.SH,新锐股份,A,341.25266589783,2025-07-31,11.512678146362305,2026-07-31,50.79999923706055,Yahoo Finance yfinance auto_adjust=True
58,688627.SH,精智达,A,338.08263230438183,2025-07-31,93.97770690917969,2026-07-31,411.70001220703125,Yahoo Finance yfinance auto_adjust=True
59,300475.SZ,香农芯创,A,332.1207831502395,2025-07-31,33.738250732421875,2026-07-31,145.7899932861328,Yahoo Finance yfinance auto_adjust=True
60,688485.SH,九州一轨,A,331.4720923582769,2025-07-31,11.819999694824219,2026-07-31,51.0,Yahoo Finance yfinance auto_adjust=True
61,688308.SH,欧科亿,A,330.69433296353765,2025-07-31,19.152793884277344,2026-07-31,82.48999786376953,Yahoo Finance yfinance auto_adjust=True
62,08120.HK,国农金融投资,HK,330.0000190734863,2025-08-01,0.5,2026-07-31,2.1500000953674316,Yahoo Finance chart adjclose
63,603061.SH,金海通,A,329.78007714940105,2025-07-31,61.28483581542969,2026-07-31,263.3900146484375,Yahoo Finance yfinance auto_adjust=True
64,301319.SZ,唯特偶,A,325.9557596606836,2025-07-31,20.241539001464844,2026-07-31,86.22000122070312,Yahoo Finance yfinance auto_adjust=True
65,002636.SZ,金安国纪,A,325.0262456046338,2025-07-31,11.959261894226074,2026-07-31,50.83000183105469,Yahoo Finance yfinance auto_adjust=True
66,08365.HK,亦辰集团,HK,319.9999809265137,2025-08-01,0.25,2026-07-31,1.0499999523162842,Yahoo Finance chart adjclose
67,01710.HK,致丰工业电子,HK,317.64015403204337,2025-08-01,0.15563637018203735,2026-07-31,0.6499999761581421,Yahoo Finance chart adjclose
68,300308.SZ,中际旭创,A,315.424197475963,2025-07-31,217.12986755371094,2026-07-31,902.010009765625,Yahoo Finance yfinance auto_adjust=True
69,600396.SH,华电辽能,A,314.70588194045234,2025-07-31,3.4000000953674316,2026-07-31,14.100000381469727,Yahoo Finance yfinance auto_adjust=True
70,603929.SH,亚翔集成,A,314.21452586752804,2025-07-31,35.87271499633789,2026-07-31,148.58999633789062,Yahoo Finance yfinance auto_adjust=True
71,603301.SH,振德医疗,A,312.7972650807915,2025-07-31,22.044719696044922,2026-07-31,91.0,Yahoo Finance yfinance auto_adjust=True
72,02370.HK,力高健康生活,HK,311.11110007321435,2025-08-01,0.27000001072883606,2026-07-31,1.1100000143051147,Yahoo Finance chart adjclose
73,301396.SZ,宏景科技,A,308.04613179890276,2025-07-31,38.27018356323242,2026-07-31,156.16000366210938,Yahoo Finance yfinance auto_adjust=True
74,01703.HK,维力生活科技,HK,304.16668762142507,2025-08-01,0.47999998927116394,2026-07-31,1.940000057220459,Yahoo Finance chart adjclose
75,301232.SZ,飞沃科技,A,302.01837860587926,2025-07-31,23.357141494750977,2026-07-31,93.9000015258789,Yahoo Finance yfinance auto_adjust=True
76,06696.HK,多想云,HK,297.2972999096265,2025-08-01,0.7400000095367432,2026-07-31,2.940000057220459,Yahoo Finance chart adjclose
77,688347.SH,华虹公司,A,296.36786418203314,2025-07-31,60.02000045776367,2026-07-31,237.89999389648438,Yahoo Finance yfinance auto_adjust=True
78,01473.HK,环联连讯,HK,296.0297901561944,2025-08-01,0.3181578814983368,2026-07-31,1.2599999904632568,Yahoo Finance chart adjclose
79,688361.SH,中科飞测,A,295.0307893119258,2025-07-31,87.73999786376953,2026-07-31,346.6000061035156,Yahoo Finance yfinance auto_adjust=True
80,08439.HK,新百利融资,HK,293.85788089026335,2025-08-01,0.30467844009399414,2026-07-31,1.2000000476837158,Yahoo Finance chart adjclose
81,300903.SZ,科翔股份,A,292.77917194483905,2025-07-31,11.90999984741211,2026-07-31,46.779998779296875,Yahoo Finance yfinance auto_adjust=True
82,300857.SZ,协创数据,A,292.0784387147478,2025-07-31,55.05276107788086,2026-07-31,215.85000610351562,Yahoo Finance yfinance auto_adjust=True
83,688072.SH,拓荆科技,A,290.0836631286897,2025-07-31,170.4685516357422,2026-07-31,664.969970703125,Yahoo Finance yfinance auto_adjust=True
84,301308.SZ,江波龙,A,289.4164541946673,2025-07-31,89.10511779785156,2026-07-31,346.989990234375,Yahoo Finance yfinance auto_adjust=True
85,01300.HK,俊知集团,HK,284.61539872299335,2025-08-01,0.32499998807907104,2026-07-31,1.25,Yahoo Finance chart adjclose
86,688141.SH,杰华特,A,283.17662182433344,2025-07-31,29.780000686645508,2026-07-31,114.11000061035156,Yahoo Finance yfinance auto_adjust=True
87,01410.HK,安领国际,HK,280.09048443540007,2025-08-01,0.22100000083446503,2026-07-31,0.8399999737739563,Yahoo Finance chart adjclose
88,301362.SZ,民爆光电,A,277.6990962247268,2025-07-31,29.59763526916504,2026-07-31,111.79000091552734,Yahoo Finance yfinance auto_adjust=True
89,01020.HK,赛伯乐国际控股,HK,273.68420949437945,2025-08-01,0.05700000002980232,2026-07-31,0.21299999952316284,Yahoo Finance chart adjclose
90,300620.SZ,光库科技,A,273.07871425285566,2025-07-31,55.028602600097656,2026-07-31,205.3000030517578,Yahoo Finance yfinance auto_adjust=True
91,688200.SH,华峰测控,A,272.5659725663222,2025-07-31,96.00179290771484,2026-07-31,357.6700134277344,Yahoo Finance yfinance auto_adjust=True
92,603823.SH,百合花,A,272.0404808766303,2025-07-31,12.579276084899902,2026-07-31,46.79999923706055,Yahoo Finance yfinance auto_adjust=True
93,02197.HK,三叶草生物-B,HK,270.3703556531747,2025-08-01,0.5400000214576721,2026-07-31,2.0,Yahoo Finance chart adjclose
94,603580.SH,*ST艾艾,A,265.09906143250925,2025-07-31,14.489218711853027,2026-07-31,52.900001525878906,Yahoo Finance yfinance auto_adjust=True
95,01028.HK,千百度,HK,262.3188366152481,2025-08-01,0.2070000022649765,2026-07-31,0.75,Yahoo Finance chart adjclose
96,06869.HK,长飞光纤光缆,HK,260.9522418876789,2025-08-01,26.804100036621094,2026-07-31,96.75,Yahoo Finance chart adjclose
97,688525.SH,佰维存储,A,255.72191399795327,2025-07-31,63.529964447021484,2026-07-31,225.99000549316406,Yahoo Finance yfinance auto_adjust=True
98,002969.SZ,嘉美包装,A,255.62885827088522,2025-07-31,3.489593029022217,2026-07-31,12.40999984741211,Yahoo Finance yfinance auto_adjust=True
99,000636.SZ,风华高科,A,255.0759230788127,2025-07-31,13.898435592651367,2026-07-31,49.349998474121094,Yahoo Finance yfinance auto_adjust=True
100,600105.SH,永鼎股份,A,254.88584752712953,2025-07-31,9.028255462646484,2026-07-31,32.040000915527344,Yahoo Finance yfinance auto_adjust=True
101,01429.HK,天任集团,HK,252.3809616730598,2025-08-01,0.041999999433755875,2026-07-31,0.14800000190734863,Yahoo Finance chart adjclose
102,02330.HK,中国上城,HK,252.04082431705353,2025-08-01,0.09799999743700027,2026-07-31,0.3449999988079071,Yahoo Finance chart adjclose
103,002353.SZ,杰瑞股份,A,248.64027434043706,2025-07-31,38.63581085205078,2026-07-31,134.6999969482422,Yahoo Finance yfinance auto_adjust=True
104,300489.SZ,光智科技,A,244.02546394480606,2025-07-31,40.84000015258789,2026-07-31,140.5,Yahoo Finance yfinance auto_adjust=True
105,01087.HK,威讯控股,HK,242.59258339434533,2025-08-01,0.5400000214576721,2026-07-31,1.850000023841858,Yahoo Finance chart adjclose
106,01557.HK,剑虹集团控股,HK,241.61491752484864,2025-08-01,0.16099999845027924,2026-07-31,0.550000011920929,Yahoo Finance chart adjclose
107,300408.SZ,三环集团,A,239.27286161707912,2025-07-31,32.917457580566406,2026-07-31,111.68000030517578,Yahoo Finance yfinance auto_adjust=True
108,000608.SZ,*ST阳光,A,238.88889256818806,2025-07-31,1.7999999523162842,2026-07-31,6.099999904632568,Yahoo Finance yfinance auto_adjust=True
109,300285.SZ,国瓷材料,A,238.59958916463094,2025-07-31,18.322526931762695,2026-07-31,62.040000915527344,Yahoo Finance yfinance auto_adjust=True
110,605376.SH,博迁新材,A,237.78674868579674,2025-07-31,40.34202194213867,2026-07-31,136.27000427246094,Yahoo Finance yfinance auto_adjust=True
111,603618.SH,杭电股份,A,235.6821459301842,2025-07-31,6.670000076293945,2026-07-31,22.389999389648438,Yahoo Finance yfinance auto_adjust=True
112,01348.HK,滉达富控股,HK,235.2112643540415,2025-08-01,0.07100000232458115,2026-07-31,0.23800000548362732,Yahoo Finance chart adjclose
113,01201.HK,天臣控股,HK,234.84847732264615,2025-08-01,0.6600000262260437,2026-07-31,2.2100000381469727,Yahoo Finance chart adjclose
114,02381.HK,蚬壳电业,HK,234.11180812267403,2025-08-01,0.09577631950378418,2026-07-31,0.3199999928474426,Yahoo Finance chart adjclose
115,605289.SH,罗曼股份,A,232.41062476067017,2025-07-31,25.79640769958496,2026-07-31,85.75,Yahoo Finance yfinance auto_adjust=True
116,300843.SZ,胜蓝股份,A,231.26813671591395,2025-07-31,30.88434600830078,2026-07-31,102.30999755859375,Yahoo Finance yfinance auto_adjust=True
117,06163.HK,彭顺国际,HK,230.00000819563854,2025-08-01,0.20000000298023224,2026-07-31,0.6600000262260437,Yahoo Finance chart adjclose
118,002842.SZ,翔鹭钨业,A,228.7610351018912,2025-07-31,8.9913330078125,2026-07-31,29.559999465942383,Yahoo Finance yfinance auto_adjust=True
119,688048.SH,长光华芯,A,228.10966070663824,2025-07-31,69.30000305175781,2026-07-31,227.3800048828125,Yahoo Finance yfinance auto_adjust=True
120,301292.SZ,海科新源,A,227.88804863088768,2025-07-31,19.649999618530273,2026-07-31,64.43000030517578,Yahoo Finance yfinance auto_adjust=True
121,688120.SH,华海清科,A,226.39016448151915,2025-07-31,78.73399353027344,2026-07-31,256.9800109863281,Yahoo Finance yfinance auto_adjust=True
122,02521.HK,升辉清洁,HK,225.80644603078252,2025-08-01,0.3100000023841858,2026-07-31,1.0099999904632568,Yahoo Finance chart adjclose
123,01718.HK,宏基集团控股,HK,225.4901956201104,2025-08-01,0.2549999952316284,2026-07-31,0.8299999833106995,Yahoo Finance chart adjclose
124,01347.HK,华虹半导体,HK,225.22180119268032,2025-08-01,39.45000076293945,2026-07-31,128.3000030517578,Yahoo Finance chart adjclose
125,003018.SZ,金富科技,A,223.2692602634133,2025-07-31,9.818440437316895,2026-07-31,31.739999771118164,Yahoo Finance yfinance auto_adjust=True
126,603186.SH,华正新材,A,223.23528387490518,2025-07-31,33.40909957885742,2026-07-31,107.98999786376953,Yahoo Finance yfinance auto_adjust=True
127,603268.SH,*ST松发,A,220.0503463229855,2025-07-31,47.68000030517578,2026-07-31,152.60000610351562,Yahoo Finance yfinance auto_adjust=True
128,01152.HK,正乾金融控股,HK,219.178080514037,2025-08-01,0.0729999989271164,2026-07-31,0.2329999953508377,Yahoo Finance chart adjclose
129,300567.SZ,精测电子,A,219.1681529880478,2025-07-31,59.84306335449219,2026-07-31,191.0,Yahoo Finance yfinance auto_adjust=True
130,688548.SH,广钢气体,A,218.21109881326538,2025-07-31,9.886518478393555,2026-07-31,31.459999084472656,Yahoo Finance yfinance auto_adjust=True
131,300806.SZ,斯迪克,A,217.8818200755902,2025-07-31,13.102354049682617,2026-07-31,41.650001525878906,Yahoo Finance yfinance auto_adjust=True
132,301217.SZ,铜冠铜箔,A,217.72295161159948,2025-07-31,26.003787994384766,2026-07-31,82.62000274658203,Yahoo Finance yfinance auto_adjust=True
133,01652.HK,福森药业,HK,215.62500407453635,2025-08-01,0.3199999928474426,2026-07-31,1.0099999904632568,Yahoo Finance chart adjclose
134,01613.HK,协同通信,HK,214.81481113551587,2025-08-01,0.27000001072883606,2026-07-31,0.8500000238418579,Yahoo Finance chart adjclose
135,002008.SZ,大族激光,A,213.78237044474616,2025-07-31,26.932680130004883,2026-07-31,84.51000213623047,Yahoo Finance yfinance auto_adjust=True
136,002980.SZ,华盛昌,A,213.5826065684829,2025-07-31,21.1299991607666,2026-07-31,66.26000213623047,Yahoo Finance yfinance auto_adjust=True
137,603986.SH,兆易创新,A,213.01207033809297,2025-07-31,120.95380401611328,2026-07-31,378.6000061035156,Yahoo Finance yfinance auto_adjust=True
138,688195.SH,腾景科技,A,212.42889606543338,2025-07-31,34.58386993408203,2026-07-31,108.05000305175781,Yahoo Finance yfinance auto_adjust=True
139,002281.SZ,光迅科技,A,211.1645650095999,2025-07-31,51.95000076293945,2026-07-31,161.64999389648438,Yahoo Finance yfinance auto_adjust=True
140,02528.HK,尚晋国际控股,HK,211.1110890353176,2025-08-01,0.27000001072883606,2026-07-31,0.8399999737739563,Yahoo Finance chart adjclose
141,003004.SZ,*ST声迅,A,211.03677578564634,2025-07-31,17.940000534057617,2026-07-31,55.79999923706055,Yahoo Finance yfinance auto_adjust=True
142,02178.HK,百勤油服,HK,210.1449375517154,2025-08-01,0.0689999982714653,2026-07-31,0.21400000154972076,Yahoo Finance chart adjclose
143,600176.SH,中国巨石,A,210.112693957619,2025-07-31,12.20201587677002,2026-07-31,37.84000015258789,Yahoo Finance yfinance auto_adjust=True
144,000657.SZ,中钨高新,A,208.11527565799514,2025-07-31,16.068660736083984,2026-07-31,49.5099983215332,Yahoo Finance yfinance auto_adjust=True
145,01481.HK,竣球控股,HK,206.12244302160997,2025-08-01,0.49000000953674316,2026-07-31,1.5,Yahoo Finance chart adjclose
146,01637.HK,顺兴集团控股,HK,204.108078613976,2025-08-01,0.14468540251255035,2026-07-31,0.4399999976158142,Yahoo Finance chart adjclose
147,02227.HK,守益控股,HK,203.03031671364673,2025-08-01,0.0989999994635582,2026-07-31,0.30000001192092896,Yahoo Finance chart adjclose
148,01941.HK,烨星集团,HK,202.85713166606652,2025-08-01,0.17499999701976776,2026-07-31,0.5299999713897705,Yahoo Finance chart adjclose
149,688309.SH,恒誉环保,A,201.9520196138787,2025-07-31,21.23516273498535,2026-07-31,64.12000274658203,Yahoo Finance yfinance auto_adjust=True
150,301200.SZ,大族数控,A,201.48047346799362,2025-07-31,77.28527069091797,2026-07-31,233.0,Yahoo Finance yfinance auto_adjust=True
151,600487.SH,亨通光电,A,199.61360820272662,2025-07-31,15.890466690063477,2026-07-31,47.61000061035156,Yahoo Finance yfinance auto_adjust=True
152,002428.SZ,云南锗业,A,198.51207788629335,2025-07-31,22.427902221679688,2026-07-31,66.94999694824219,Yahoo Finance yfinance auto_adjust=True
153,688167.SH,炬光科技,A,197.21696025676553,2025-07-31,59.027587890625,2026-07-31,175.44000244140625,Yahoo Finance yfinance auto_adjust=True
154,01888.HK,建滔积层板,HK,196.36797961006067,2025-08-01,9.926848411560059,2026-07-31,29.420000076293945,Yahoo Finance chart adjclose
155,605298.SH,必得科技,A,196.11835790915512,2025-07-31,15.027774810791016,2026-07-31,44.5,Yahoo Finance yfinance auto_adjust=True
156,300666.SZ,江丰电子,A,194.12969866855084,2025-07-31,69.15996551513672,2026-07-31,203.4199981689453,Yahoo Finance yfinance auto_adjust=True
157,300502.SZ,新易盛,A,193.54718815609485,2025-07-31,134.90505981445312,2026-07-31,396.010009765625,Yahoo Finance yfinance auto_adjust=True
158,002384.SZ,东山精密,A,193.17830536269202,2025-07-31,58.4900016784668,2026-07-31,171.47999572753906,Yahoo Finance yfinance auto_adjust=True
159,688233.SH,神工股份,A,190.99246360116112,2025-07-31,32.10736083984375,2026-07-31,93.43000030517578,Yahoo Finance yfinance auto_adjust=True
160,688025.SH,杰普特,A,190.80811947916337,2025-07-31,95.5956802368164,2026-07-31,278.0,Yahoo Finance yfinance auto_adjust=True
161,688028.SH,沃尔德,A,190.74209594599466,2025-07-31,23.219892501831055,2026-07-31,67.51000213623047,Yahoo Finance yfinance auto_adjust=True
162,000711.SZ,ST京蓝,A,189.8203758661858,2025-07-31,1.6699999570846558,2026-07-31,4.840000152587891,Yahoo Finance yfinance auto_adjust=True
163,688669.SH,聚石化学,A,188.66995407141906,2025-07-31,20.299999237060547,2026-07-31,58.599998474121094,Yahoo Finance yfinance auto_adjust=True
164,08100.HK,名科国际,HK,188.1355945045528,2025-08-01,0.11800000071525574,2026-07-31,0.3400000035762787,Yahoo Finance chart adjclose
165,300179.SZ,四方达,A,187.8454214168253,2025-07-31,10.255504608154297,2026-07-31,29.520000457763672,Yahoo Finance yfinance auto_adjust=True
166,000609.SZ,ST中迪,A,187.42138841032317,2025-07-31,3.180000066757202,2026-07-31,9.140000343322754,Yahoo Finance yfinance auto_adjust=True
167,301093.SZ,华兰股份,A,186.70078419606168,2025-07-31,20.310373306274414,2026-07-31,58.22999954223633,Yahoo Finance yfinance auto_adjust=True
168,000510.SZ,新金路,A,186.6242015002451,2025-07-31,4.710000038146973,2026-07-31,13.5,Yahoo Finance yfinance auto_adjust=True
169,01027.HK,中国集成控股,HK,186.61418579303088,2025-08-01,1.2699999809265137,2026-07-31,3.640000104904175,Yahoo Finance chart adjclose
170,301369.SZ,联动科技,A,186.5879247798586,2025-07-31,39.3701171875,2026-07-31,112.83000183105469,Yahoo Finance yfinance auto_adjust=True
171,02336.HK,硕奥国际,HK,186.51684358586226,2025-08-01,0.08900000154972076,2026-07-31,0.2549999952316284,Yahoo Finance chart adjclose
172,08208.HK,WMCH GLOBAL,HK,186.0465098146235,2025-08-01,0.0430000014603138,2026-07-31,0.12300000339746475,Yahoo Finance chart adjclose
173,002491.SZ,通鼎互联,A,185.48058117187463,2025-07-31,4.889999866485596,2026-07-31,13.960000038146973,Yahoo Finance yfinance auto_adjust=True
174,688409.SH,富创精密,A,184.05920825167152,2025-07-31,58.09000015258789,2026-07-31,165.00999450683594,Yahoo Finance yfinance auto_adjust=True
175,601872.SH,招商轮船,A,183.76973114507834,2025-07-31,5.916769504547119,2026-07-31,16.790000915527344,Yahoo Finance yfinance auto_adjust=True
176,01156.HK,CHINANEWENERGY,HK,183.65382769271855,2025-08-01,0.10400000214576721,2026-07-31,0.29499998688697815,Yahoo Finance chart adjclose
177,300814.SZ,中富电路,A,178.95388378934604,2025-07-31,35.90916061401367,2026-07-31,100.16999816894531,Yahoo Finance yfinance auto_adjust=True
178,08186.HK,曼妠,HK,178.48101113014854,2025-08-01,0.39500001072883606,2026-07-31,1.100000023841858,Yahoo Finance chart adjclose
179,08281.HK,中国金典集团,HK,178.3505183146019,2025-08-01,0.09700000286102295,2026-07-31,0.27000001072883606,Yahoo Finance chart adjclose
180,08131.HK,辰罡科技,HK,177.90695871208922,2025-08-01,0.0860000029206276,2026-07-31,0.23899999260902405,Yahoo Finance chart adjclose
181,301086.SZ,鸿富瀚,A,177.47342531541648,2025-07-31,33.40860366821289,2026-07-31,92.69999694824219,Yahoo Finance yfinance auto_adjust=True
182,000811.SZ,冰轮环境,A,177.2144060566263,2025-07-31,12.73382568359375,2026-07-31,35.29999923706055,Yahoo Finance yfinance auto_adjust=True
183,603608.SH,天创时尚,A,176.3843596476779,2025-07-31,6.139999866485596,2026-07-31,16.969999313354492,Yahoo Finance yfinance auto_adjust=True
184,06036.HK,光丽科技,HK,175.86207841532215,2025-08-01,0.4350000023841858,2026-07-31,1.2000000476837158,Yahoo Finance chart adjclose
185,01102.HK,环能国际,HK,175.5102222348595,2025-08-01,0.04899999871850014,2026-07-31,0.13500000536441803,Yahoo Finance chart adjclose
186,300503.SZ,昊志机电,A,173.38722910611665,2025-07-31,23.212495803833008,2026-07-31,63.459999084472656,Yahoo Finance yfinance auto_adjust=True
187,08637.HK,元续科技,HK,173.076929425347,2025-08-01,1.2999999523162842,2026-07-31,3.549999952316284,Yahoo Finance chart adjclose
188,300390.SZ,天华新能,A,171.9658881132487,2025-07-31,19.940000534057617,2026-07-31,54.22999954223633,Yahoo Finance yfinance auto_adjust=True
189,02863.HK,高丰集团控股,HK,171.64179210701082,2025-08-01,0.33500000834465027,2026-07-31,0.9100000262260437,Yahoo Finance chart adjclose
190,01851.HK,银杏教育,HK,171.17647083572862,2025-08-01,1.7000000476837158,2026-07-31,4.610000133514404,Yahoo Finance chart adjclose
191,000593.SZ,德龙汇能,A,170.72000122070312,2025-07-31,6.25,2026-07-31,16.920000076293945,Yahoo Finance yfinance auto_adjust=True
192,01693.HK,璋利国际,HK,170.04048579088024,2025-08-01,2.4700000286102295,2026-07-31,6.670000076293945,Yahoo Finance chart adjclose
193,000703.SZ,恒逸石化,A,169.64909600138597,2025-07-31,5.967014312744141,2026-07-31,16.09000015258789,Yahoo Finance yfinance auto_adjust=True
194,603045.SH,福达合金,A,169.6350334342105,2025-07-31,17.367921829223633,2026-07-31,46.83000183105469,Yahoo Finance yfinance auto_adjust=True
195,02099.HK,中国黄金国际,HK,169.47852534859535,2025-08-01,65.27421569824219,2026-07-31,175.89999389648438,Yahoo Finance chart adjclose
196,002931.SZ,锋龙股份,A,169.3726448305823,2025-07-31,16.668359756469727,2026-07-31,44.900001525878906,Yahoo Finance yfinance auto_adjust=True
197,01667.HK,迪米生活控股,HK,169.23077452112253,2025-08-01,0.12999999523162842,2026-07-31,0.3499999940395355,Yahoo Finance chart adjclose
198,605318.SH,法狮龙,A,167.4325369329681,2025-07-31,27.420000076293945,2026-07-31,73.33000183105469,Yahoo Finance yfinance auto_adjust=True
199,01750.HK,全达电器集团控股,HK,166.66666666666666,2025-08-01,0.032999999821186066,2026-07-31,0.08799999952316284,Yahoo Finance chart adjclose
200,688630.SH,芯碁微装,A,165.26938018130656,2025-07-31,122.60367584228516,2026-07-31,325.2300109863281,Yahoo Finance yfinance auto_adjust=True
201,605255.SH,天普股份,A,164.71318869125753,2025-07-31,25.291522979736328,2026-07-31,66.94999694824219,Yahoo Finance yfinance auto_adjust=True
202,603843.SH,*ST正平,A,164.6209376959745,2025-07-31,2.7699999809265137,2026-07-31,7.329999923706055,Yahoo Finance yfinance auto_adjust=True
203,02025.HK,瑞丰动力,HK,163.89893835740926,2025-08-01,4.289520740509033,2026-07-31,11.319999694824219,Yahoo Finance chart adjclose
204,688328.SH,深科达,A,163.5118822329082,2025-07-31,23.680147171020508,2026-07-31,62.400001525878906,Yahoo Finance yfinance auto_adjust=True
205,688147.SH,微导纳米,A,163.23343768039882,2025-07-31,32.79598617553711,2026-07-31,86.33000183105469,Yahoo Finance yfinance auto_adjust=True
206,301165.SZ,锐捷网络,A,162.48556490246418,2025-07-31,44.95485305786133,2026-07-31,118.0,Yahoo Finance yfinance auto_adjust=True
207,01327.HK,励时集团,HK,162.29507972463045,2025-08-01,0.6100000143051147,2026-07-31,1.600000023841858,Yahoo Finance chart adjclose
208,600667.SH,太极实业,A,162.0440725736037,2025-07-31,6.575229644775391,2026-07-31,17.229999542236328,Yahoo Finance yfinance auto_adjust=True
209,01380.HK,中国金石,HK,161.90476401660453,2025-08-01,0.1679999977350235,2026-07-31,0.4399999976158142,Yahoo Finance chart adjclose
210,605178.SH,时空科技,A,161.57917528668494,2025-07-31,22.670000076293945,2026-07-31,59.29999923706055,Yahoo Finance yfinance auto_adjust=True
211,000962.SZ,东方钽业,A,160.83504600488817,2025-07-31,16.822893142700195,2026-07-31,43.880001068115234,Yahoo Finance yfinance auto_adjust=True
212,02789.HK,远大中国,HK,159.95712013780272,2025-08-01,0.06578008085489273,2026-07-31,0.17100000381469727,Yahoo Finance chart adjclose
213,688012.SH,中微公司,A,159.6653134215448,2025-07-31,132.4782257080078,2026-07-31,344.0,Yahoo Finance yfinance auto_adjust=True
214,688353.SH,华盛锂电,A,157.5695319305227,2025-07-31,34.150001525878906,2026-07-31,87.95999908447266,Yahoo Finance yfinance auto_adjust=True
215,08146.HK,怡园酒业,HK,157.4626792643008,2025-08-01,0.1340000033378601,2026-07-31,0.3449999988079071,Yahoo Finance chart adjclose
216,688037.SH,芯源微,A,157.31452664998707,2025-07-31,114.0199966430664,2026-07-31,293.3900146484375,Yahoo Finance yfinance auto_adjust=True
217,688172.SH,燕东微,A,156.9009763100251,2025-07-31,19.489999771118164,2026-07-31,50.06999969482422,Yahoo Finance yfinance auto_adjust=True
218,002348.SZ,高乐股份,A,156.57895058806255,2025-07-31,3.799999952316284,2026-07-31,9.75,Yahoo Finance yfinance auto_adjust=True
219,08279.HK,亚博科技控股,HK,156.14036078378226,2025-08-01,0.2849999964237213,2026-07-31,0.7300000190734863,Yahoo Finance chart adjclose
220,01286.HK,鹰普精密,HK,156.05961172769292,2025-08-01,2.8391826152801514,2026-07-31,7.269999980926514,Yahoo Finance chart adjclose
221,01228.HK,北海康成-B,HK,155.12821570891168,2025-08-01,0.7799999713897705,2026-07-31,1.9900000095367432,Yahoo Finance chart adjclose
222,01631.HK,REF HOLDINGS,HK,154.7169993805615,2025-08-01,0.5299999713897705,2026-07-31,1.350000023841858,Yahoo Finance chart adjclose
223,002407.SZ,多氟多,A,154.50917444862134,2025-07-31,12.353189468383789,2026-07-31,31.440000534057617,Yahoo Finance yfinance auto_adjust=True
224,01037.HK,云智汇科技,HK,154.1666783081991,2025-08-01,0.23999999463558197,2026-07-31,0.6100000143051147,Yahoo Finance chart adjclose
225,688432.SH,有研硅,A,154.0947377407333,2025-07-31,11.483905792236328,2026-07-31,29.18000030517578,Yahoo Finance yfinance auto_adjust=True
226,01486.HK,思城控股,HK,152.8409063970008,2025-08-01,0.17599999904632568,2026-07-31,0.4449999928474426,Yahoo Finance chart adjclose
227,603163.SH,圣晖集成,A,152.29136747258914,2025-07-31,29.025964736938477,2026-07-31,73.2300033569336,Yahoo Finance yfinance auto_adjust=True
228,300201.SZ,海伦哲,A,150.40709460434192,2025-07-31,5.371253490447998,2026-07-31,13.449999809265137,Yahoo Finance yfinance auto_adjust=True
229,02597.HK,讯众通信,HK,150.00001784570247,2025-08-01,13.359999656677246,2026-07-31,33.400001525878906,Yahoo Finance chart adjclose
230,688549.SH,中巨芯,A,149.74424882264822,2025-07-31,7.820000171661377,2026-07-31,19.530000686645508,Yahoo Finance yfinance auto_adjust=True
231,600183.SH,生益科技,A,149.27885909356945,2025-07-31,42.37824249267578,2026-07-31,105.63999938964844,Yahoo Finance yfinance auto_adjust=True
232,603773.SH,沃格光电,A,149.18508341489593,2025-07-31,27.610000610351562,2026-07-31,68.80000305175781,Yahoo Finance yfinance auto_adjust=True
233,002484.SZ,江海股份,A,146.80352374544805,2025-07-31,23.78815269470215,2026-07-31,58.709999084472656,Yahoo Finance yfinance auto_adjust=True
234,08031.HK,易通讯集团,HK,146.4285695279131,2025-08-01,0.14000000059604645,2026-07-31,0.3449999988079071,Yahoo Finance chart adjclose
235,688679.SH,通源环境,A,146.4212770134587,2025-07-31,14.670000076293945,2026-07-31,36.150001525878906,Yahoo Finance yfinance auto_adjust=True
236,01740.HK,新石文化,HK,146.376820357751,2025-08-01,0.0689999982714653,2026-07-31,0.17000000178813934,Yahoo Finance chart adjclose
237,688268.SH,华特气体,A,145.69209760664782,2025-07-31,51.629661560058594,2026-07-31,126.8499984741211,Yahoo Finance yfinance auto_adjust=True
238,000668.SZ,*ST荣控,A,145.1363412935199,2025-07-31,7.893566608428955,2026-07-31,19.350000381469727,Yahoo Finance yfinance auto_adjust=True
239,603938.SH,三孚股份,A,144.95216544891952,2025-07-31,14.553862571716309,2026-07-31,35.650001525878906,Yahoo Finance yfinance auto_adjust=True
240,002409.SZ,雅克科技,A,143.87971216314574,2025-07-31,54.86311340332031,2026-07-31,133.8000030517578,Yahoo Finance yfinance auto_adjust=True
241,300626.SZ,华瑞股份,A,143.77142123661676,2025-07-31,11.055438995361328,2026-07-31,26.950000762939453,Yahoo Finance yfinance auto_adjust=True
242,688125.SH,安达智能,A,143.72093335980432,2025-07-31,40.849998474121094,2026-07-31,99.55999755859375,Yahoo Finance yfinance auto_adjust=True
243,02668.HK,百德国际,HK,143.24323366470293,2025-08-01,0.1850000023841858,2026-07-31,0.44999998807907104,Yahoo Finance chart adjclose
244,603226.SH,菲林格尔,A,142.98055554926182,2025-07-31,18.520000457763672,2026-07-31,45.0,Yahoo Finance yfinance auto_adjust=True
245,002378.SZ,章源钨业,A,142.54053323120672,2025-07-31,9.161355018615723,2026-07-31,22.219999313354492,Yahoo Finance yfinance auto_adjust=True
246,300054.SZ,鼎龙股份,A,142.20280715825422,2025-07-31,28.356401443481445,2026-07-31,68.68000030517578,Yahoo Finance yfinance auto_adjust=True
247,01651.HK,津上机床中国,HK,142.16380922061967,2025-08-01,21.473068237304688,2026-07-31,52.0,Yahoo Finance chart adjclose
248,688610.SH,埃科光电,A,142.08569792509053,2025-07-31,51.708961486816406,2026-07-31,125.18000030517578,Yahoo Finance yfinance auto_adjust=True
249,688411.SH,海博思创,A,142.05843709099292,2025-07-31,84.30195617675781,2026-07-31,204.05999755859375,Yahoo Finance yfinance auto_adjust=True
250,688008.SH,澜起科技,A,141.80708412009966,2025-07-31,84.73696899414062,2026-07-31,204.89999389648438,Yahoo Finance yfinance auto_adjust=True
251,300736.SZ,百邦科技,A,141.1607204362447,2025-07-31,11.199999809265137,2026-07-31,27.010000228881836,Yahoo Finance yfinance auto_adjust=True
252,002975.SZ,博杰股份,A,141.04783700964617,2025-07-31,30.450387954711914,2026-07-31,73.4000015258789,Yahoo Finance yfinance auto_adjust=True
253,06083.HK,环宇物流(亚洲),HK,140.99007384252408,2025-08-01,0.32781434059143066,2026-07-31,0.7900000214576721,Yahoo Finance chart adjclose
254,300136.SZ,信维通信,A,140.9143049552232,2025-07-31,23.859106063842773,2026-07-31,57.47999954223633,Yahoo Finance yfinance auto_adjust=True
255,688629.SH,华丰科技,A,140.7472011789333,2025-07-31,57.279998779296875,2026-07-31,137.89999389648438,Yahoo Finance yfinance auto_adjust=True
256,603083.SH,剑桥科技,A,140.41522575161233,2025-07-31,54.177101135253906,2026-07-31,130.25,Yahoo Finance yfinance auto_adjust=True
257,688227.SH,品高股份,A,140.18043703565456,2025-07-31,28.81999969482422,2026-07-31,69.22000122070312,Yahoo Finance yfinance auto_adjust=True
258,01597.HK,纳泉能源科技,HK,140.0,2025-08-01,2.4000000953674316,2026-07-31,5.760000228881836,Yahoo Finance chart adjclose
259,600869.SH,远东股份,A,139.9956428853743,2025-07-31,5.537600517272949,2026-07-31,13.289999961853027,Yahoo Finance yfinance auto_adjust=True
260,603778.SH,国晟科技,A,139.78779860978568,2025-07-31,3.7699999809265137,2026-07-31,9.039999961853027,Yahoo Finance yfinance auto_adjust=True
261,002859.SZ,洁美科技,A,139.52664369886642,2025-07-31,25.174652099609375,2026-07-31,60.29999923706055,Yahoo Finance yfinance auto_adjust=True
262,301228.SZ,实朴检测,A,139.5045159207414,2025-07-31,29.8700008392334,2026-07-31,71.54000091552734,Yahoo Finance yfinance auto_adjust=True
263,300716.SZ,ST泉为,A,139.14834266014998,2025-07-31,7.28000020980835,2026-07-31,17.40999984741211,Yahoo Finance yfinance auto_adjust=True
264,603876.SH,鼎胜新材,A,137.13510940094125,2025-07-31,9.142467498779297,2026-07-31,21.68000030517578,Yahoo Finance yfinance auto_adjust=True
265,06933.HK,新娱科控股,HK,136.7816013205649,2025-08-01,0.4350000023841858,2026-07-31,1.0299999713897705,Yahoo Finance chart adjclose
266,08403.HK,天平道合,HK,136.71875305590228,2025-08-01,1.2799999713897705,2026-07-31,3.0299999713897705,Yahoo Finance chart adjclose
267,08070.HK,侨洋国际控股,HK,136.55914309286962,2025-08-01,0.4650000035762787,2026-07-31,1.100000023841858,Yahoo Finance chart adjclose
268,01362.HK,新龙移动,HK,136.14456720966376,2025-08-01,0.3557142913341522,2026-07-31,0.8399999737739563,Yahoo Finance chart adjclose
269,002083.SZ,孚日股份,A,135.88515650665562,2025-07-31,4.705679893493652,2026-07-31,11.100000381469727,Yahoo Finance yfinance auto_adjust=True
270,02225.HK,今海医疗科技,HK,134.83872366993577,2025-08-01,1.5499999523162842,2026-07-31,3.640000104904175,Yahoo Finance chart adjclose
271,688017.SH,绿的谐波,A,134.30990690246162,2025-07-31,129.59332275390625,2026-07-31,303.6499938964844,Yahoo Finance yfinance auto_adjust=True
272,02450.HK,淮北绿金股份,HK,133.33333333333334,2025-08-01,3.0,2026-07-31,7.0,Yahoo Finance chart adjclose
273,300720.SZ,海川智能,A,133.00889418315666,2025-07-31,21.801742553710938,2026-07-31,50.79999923706055,Yahoo Finance yfinance auto_adjust=True
274,688256.SH,寒武纪,A,132.54601428151784,2025-07-31,475.60479736328125,2026-07-31,1106.0,Yahoo Finance yfinance auto_adjust=True
275,300438.SZ,鹏辉能源,A,132.42621443161394,2025-07-31,25.750106811523438,2026-07-31,59.849998474121094,Yahoo Finance yfinance auto_adjust=True
276,688530.SH,欧莱新材,A,132.33970628763137,2025-07-31,17.780000686645508,2026-07-31,41.310001373291016,Yahoo Finance yfinance auto_adjust=True
277,01835.HK,瑞威资管,HK,131.89188684138884,2025-08-01,1.850000023841858,2026-07-31,4.289999961853027,Yahoo Finance chart adjclose
278,01720.HK,普天通信集团,HK,131.81817873942947,2025-08-01,0.10999999940395355,2026-07-31,0.2549999952316284,Yahoo Finance chart adjclose
279,001270.SZ,*ST铖昌,A,131.78078533066667,2025-07-31,39.93428421020508,2026-07-31,92.55999755859375,Yahoo Finance yfinance auto_adjust=True
280,01396.HK,粤港湾控股,HK,131.40703502536644,2025-08-01,3.9800000190734863,2026-07-31,9.210000038146973,Yahoo Finance chart adjclose
281,601168.SH,西部矿业,A,131.0690504875768,2025-07-31,16.635719299316406,2026-07-31,38.439998626708984,Yahoo Finance yfinance auto_adjust=True
282,605117.SH,德业股份,A,130.75576440187226,2025-07-31,35.453067779541016,2026-07-31,81.80999755859375,Yahoo Finance yfinance auto_adjust=True
283,08221.HK,高裕金融,HK,130.68181618062917,2025-08-01,0.8799999952316284,2026-07-31,2.0299999713897705,Yahoo Finance chart adjclose
284,688545.SH,兴福电子,A,130.5444079624793,2025-07-31,28.896820068359375,2026-07-31,66.62000274658203,Yahoo Finance yfinance auto_adjust=True
285,300757.SZ,罗博特科,A,130.0236694946634,2025-07-31,180.65966796875,2026-07-31,415.55999755859375,Yahoo Finance yfinance auto_adjust=True
286,003036.SZ,泰坦股份,A,129.4743154173562,2025-07-31,19.631826400756836,2026-07-31,45.04999923706055,Yahoo Finance yfinance auto_adjust=True
287,02108.HK,K2 F&B,HK,128.80749494877213,2025-08-01,0.19448663294315338,2026-07-31,0.4449999928474426,Yahoo Finance chart adjclose
288,01940.HK,CGII HLDGS,HK,128.57142509593916,2025-08-01,0.49000000953674316,2026-07-31,1.1200000047683716,Yahoo Finance chart adjclose
289,08229.HK,未来数据集团,HK,128.1690216518496,2025-08-01,0.35499998927116394,2026-07-31,0.8100000023841858,Yahoo Finance chart adjclose
290,01793.HK,伟工控股,HK,128.03582010609978,2025-08-01,0.17760367691516876,2026-07-31,0.4050000011920929,Yahoo Finance chart adjclose
291,300394.SZ,天孚通信,A,127.82671501573621,2025-07-31,75.06143188476562,2026-07-31,171.00999450683594,Yahoo Finance yfinance auto_adjust=True
292,001203.SZ,大中矿业,A,127.57866171113865,2025-07-31,11.3938627243042,2026-07-31,25.93000030517578,Yahoo Finance yfinance auto_adjust=True
293,08148.HK,悟喜生活,HK,127.39724976011173,2025-08-01,0.7300000190734863,2026-07-31,1.659999966621399,Yahoo Finance chart adjclose
294,300868.SZ,杰美特,A,127.07922853683256,2025-07-31,30.540000915527344,2026-07-31,69.3499984741211,Yahoo Finance yfinance auto_adjust=True
295,688652.SH,京仪装备,A,127.0578428591139,2025-07-31,56.5406608581543,2026-07-31,128.3800048828125,Yahoo Finance yfinance auto_adjust=True
296,01138.HK,中远海能,HK,127.04989396798227,2025-08-01,6.126406669616699,2026-07-31,13.90999984741211,Yahoo Finance chart adjclose
297,605287.SH,德才股份,A,126.15975755072864,2025-07-31,15.351980209350586,2026-07-31,34.720001220703125,Yahoo Finance yfinance auto_adjust=True
298,601126.SH,四方股份,A,125.94727851673424,2025-07-31,16.80923080444336,2026-07-31,37.97999954223633,Yahoo Finance yfinance auto_adjust=True
299,688531.SH,日联科技,A,125.63270783158048,2025-07-31,50.4315185546875,2026-07-31,113.79000091552734,Yahoo Finance yfinance auto_adjust=True
300,01208.HK,五矿资源,HK,125.53764190311605,2025-08-01,3.7200000286102295,2026-07-31,8.390000343322754,Yahoo Finance chart adjclose
301,688663.SH,新风光,A,125.43850857844525,2025-07-31,21.886234283447266,2026-07-31,49.34000015258789,Yahoo Finance yfinance auto_adjust=True
302,002787.SZ,华源控股,A,125.34720532044284,2025-07-31,8.640000343322754,2026-07-31,19.469999313354492,Yahoo Finance yfinance auto_adjust=True
303,301013.SZ,利和兴,A,125.07123485559686,2025-07-31,17.549999237060547,2026-07-31,39.5,Yahoo Finance yfinance auto_adjust=True
304,603261.SH,*ST立航,A,124.92566255317041,2025-07-31,20.18000030517578,2026-07-31,45.38999938964844,Yahoo Finance yfinance auto_adjust=True
305,301373.SZ,凌玮科技,A,124.8533053940582,2025-07-31,32.7102165222168,2026-07-31,73.55000305175781,Yahoo Finance yfinance auto_adjust=True
306,08007.HK,环球战略集团,HK,124.48979641486582,2025-08-01,0.24500000476837158,2026-07-31,0.550000011920929,Yahoo Finance chart adjclose
307,603311.SH,金海高科,A,124.37208285970623,2025-07-31,11.347222328186035,2026-07-31,25.459999084472656,Yahoo Finance yfinance auto_adjust=True
308,01645.HK,海纳智能,HK,124.29906333812065,2025-08-01,1.0700000524520874,2026-07-31,2.4000000953674316,Yahoo Finance chart adjclose
309,01133.HK,哈尔滨电气,HK,124.18483757488401,2025-08-01,7.034374237060547,2026-07-31,15.770000457763672,Yahoo Finance chart adjclose
310,01751.HK,景联集团,HK,122.85713847802602,2025-08-01,0.3499999940395355,2026-07-31,0.7799999713897705,Yahoo Finance chart adjclose
311,06939.HK,美佳音控股,HK,122.22222810910085,2025-08-01,0.44999998807907104,2026-07-31,1.0,Yahoo Finance chart adjclose
312,01832.HK,海天地悦旅,HK,122.22222489807604,2025-08-01,0.4950000047683716,2026-07-31,1.100000023841858,Yahoo Finance chart adjclose
313,02122.HK,凯知乐国际,HK,122.2222195941515,2025-08-01,0.06300000101327896,2026-07-31,0.14000000059604645,Yahoo Finance chart adjclose
314,301045.SZ,天禄科技,A,121.98712506051295,2025-07-31,24.6680965423584,2026-07-31,54.7599983215332,Yahoo Finance yfinance auto_adjust=True
315,600726.SH,华电能源,A,121.7391382195447,2025-07-31,2.5299999713897705,2026-07-31,5.610000133514404,Yahoo Finance yfinance auto_adjust=True
316,603993.SH,洛阳钼业,A,121.45070839609855,2025-07-31,8.814602851867676,2026-07-31,19.520000457763672,Yahoo Finance yfinance auto_adjust=True
317,002674.SZ,兴业科技,A,121.40078618760425,2025-07-31,10.279999732971191,2026-07-31,22.760000228881836,Yahoo Finance yfinance auto_adjust=True
318,001896.SZ,豫能控股,A,121.36281469167822,2025-07-31,5.429999828338623,2026-07-31,12.020000457763672,Yahoo Finance yfinance auto_adjust=True
319,301128.SZ,强瑞技术,A,121.31901854870422,2025-07-31,40.68787384033203,2026-07-31,90.05000305175781,Yahoo Finance yfinance auto_adjust=True
320,301205.SZ,联特科技,A,120.23129412033042,2025-07-31,100.34904479980469,2026-07-31,221.0,Yahoo Finance yfinance auto_adjust=True
321,08526.HK,荣丰集团亚洲,HK,120.00000000000001,2025-08-01,0.10999999940395355,2026-07-31,0.24199999868869781,Yahoo Finance chart adjclose
322,01690.HK,立基工程控股,HK,119.95177890642586,2025-08-01,0.05592134967446327,2026-07-31,0.12300000339746475,Yahoo Finance chart adjclose
323,600172.SH,黄河旋风,A,119.41310708073067,2025-07-31,4.429999828338623,2026-07-31,9.720000267028809,Yahoo Finance yfinance auto_adjust=True
324,688082.SH,盛美上海,A,119.22718613448873,2025-07-31,124.02203369140625,2026-07-31,271.8900146484375,Yahoo Finance yfinance auto_adjust=True
325,603067.SH,振华股份,A,118.65354789593043,2025-07-31,14.241707801818848,2026-07-31,31.139999389648438,Yahoo Finance yfinance auto_adjust=True
326,01742.HK,HPC HOLDINGS,HK,118.57142355369064,2025-08-01,0.07000000029802322,2026-07-31,0.15299999713897705,Yahoo Finance chart adjclose
327,002046.SZ,国机精工,A,118.12253170075677,2025-07-31,19.319416046142578,2026-07-31,42.13999938964844,Yahoo Finance yfinance auto_adjust=True
328,300164.SZ,通源石油,A,118.0987342370226,2025-07-31,5.46999979019165,2026-07-31,11.930000305175781,Yahoo Finance yfinance auto_adjust=True
329,688433.SH,华曙高科,A,118.06953260493005,2025-07-31,32.05399703979492,2026-07-31,69.9000015258789,Yahoo Finance yfinance auto_adjust=True
330,002916.SZ,深南电路,A,118.06277911995062,2025-07-31,141.2437286376953,2026-07-31,308.0,Yahoo Finance yfinance auto_adjust=True
331,688127.SH,蓝特光学,A,117.51268635938486,2025-07-31,27.258180618286133,2026-07-31,59.290000915527344,Yahoo Finance yfinance auto_adjust=True
332,688002.SH,睿创微纳,A,117.18984582219778,2025-07-31,65.21943664550781,2026-07-31,141.64999389648438,Yahoo Finance yfinance auto_adjust=True
333,603950.SH,长源东谷,A,117.12325016882335,2025-07-31,23.30473518371582,2026-07-31,50.599998474121094,Yahoo Finance yfinance auto_adjust=True
334,02166.HK,芯智控股,HK,116.87062978097549,2025-08-01,1.7521966695785522,2026-07-31,3.799999952316284,Yahoo Finance chart adjclose
335,301248.SZ,杰创智能,A,116.18532512607236,2025-07-31,24.30322265625,2026-07-31,52.540000915527344,Yahoo Finance yfinance auto_adjust=True
336,301123.SZ,奕东电子,A,115.34481838346342,2025-07-31,26.729225158691406,2026-07-31,57.560001373291016,Yahoo Finance yfinance auto_adjust=True
337,01656.HK,亿仕登控股,HK,115.10660971231572,2025-08-01,1.817703366279602,2026-07-31,3.9100000858306885,Yahoo Finance chart adjclose
338,300835.SZ,龙磁科技,A,115.03062806967841,2025-07-31,57.7359619140625,2026-07-31,124.1500015258789,Yahoo Finance yfinance auto_adjust=True
339,002552.SZ,宝鼎科技,A,112.9976070607067,2025-07-31,16.455583572387695,2026-07-31,35.04999923706055,Yahoo Finance yfinance auto_adjust=True
340,301018.SZ,申菱环境,A,112.74747135734735,2025-07-31,33.166080474853516,2026-07-31,70.55999755859375,Yahoo Finance yfinance auto_adjust=True
341,301338.SZ,凯格精机,A,112.4577076129401,2025-07-31,36.86851501464844,2026-07-31,78.33000183105469,Yahoo Finance yfinance auto_adjust=True
342,001389.SZ,广合科技,A,112.41978106239418,2025-07-31,66.76403045654297,2026-07-31,141.82000732421875,Yahoo Finance yfinance auto_adjust=True
343,300751.SZ,迈为股份,A,111.73467688000005,2025-07-31,70.30496978759766,2026-07-31,148.86000061035156,Yahoo Finance yfinance auto_adjust=True
344,002713.SZ,*ST东易,A,111.16174805683423,2025-07-31,4.389999866485596,2026-07-31,9.270000457763672,Yahoo Finance yfinance auto_adjust=True
345,300668.SZ,杰恩设计,A,110.88777654691727,2025-07-31,17.90999984741211,2026-07-31,37.77000045776367,Yahoo Finance yfinance auto_adjust=True
346,01679.HK,瑞斯康集团,HK,109.82353491725902,2025-08-01,0.5814409852027893,2026-07-31,1.2200000286102295,Yahoo Finance chart adjclose
347,002364.SZ,中恒电气,A,108.60109810366798,2025-07-31,17.0085391998291,2026-07-31,35.47999954223633,Yahoo Finance yfinance auto_adjust=True
348,300139.SZ,晓程科技,A,108.50727378179279,2025-07-31,18.948978424072266,2026-07-31,39.5099983215332,Yahoo Finance yfinance auto_adjust=True
349,688069.SH,德林海,A,108.42092513879122,2025-07-31,15.905313491821289,2026-07-31,33.150001525878906,Yahoo Finance yfinance auto_adjust=True
350,301189.SZ,奥尼电子,A,108.18811755887192,2025-07-31,19.592857360839844,2026-07-31,40.790000915527344,Yahoo Finance yfinance auto_adjust=True
351,01258.HK,中国有色矿业,HK,107.74314712044001,2025-08-01,7.100113868713379,2026-07-31,14.75,Yahoo Finance chart adjclose
352,603221.SH,爱丽家居,A,107.74193661801607,2025-07-31,10.850000381469727,2026-07-31,22.540000915527344,Yahoo Finance yfinance auto_adjust=True
353,01449.HK,立德教育,HK,107.54718551350639,2025-08-01,0.26499998569488525,2026-07-31,0.550000011920929,Yahoo Finance chart adjclose
354,001267.SZ,汇绿生态,A,107.414496716701,2025-07-31,14.377008438110352,2026-07-31,29.81999969482422,Yahoo Finance yfinance auto_adjust=True
355,688387.SH,信科移动,A,107.35551792448402,2025-07-31,5.710000038146973,2026-07-31,11.84000015258789,Yahoo Finance yfinance auto_adjust=True
356,08510.HK,TOPSTANDARDCORP,HK,107.31706962494685,2025-08-01,0.0820000022649765,2026-07-31,0.17000000178813934,Yahoo Finance chart adjclose
357,600522.SH,中天科技,A,107.17766919036116,2025-07-31,13.765962600708008,2026-07-31,28.520000457763672,Yahoo Finance yfinance auto_adjust=True
358,01843.HK,快餐帝国,HK,107.03122899067337,2025-08-01,0.12800000607967377,2026-07-31,0.26499998569488525,Yahoo Finance chart adjclose
359,605100.SH,华丰股份,A,106.75827748138933,2025-07-31,14.13728141784668,2026-07-31,29.229999542236328,Yahoo Finance yfinance auto_adjust=True
360,300058.SZ,蓝色光标,A,106.6213709165527,2025-07-31,6.945070743560791,2026-07-31,14.350000381469727,Yahoo Finance yfinance auto_adjust=True
361,688019.SH,安集科技,A,106.51218963889156,2025-07-31,114.94721221923828,2026-07-31,237.3800048828125,Yahoo Finance yfinance auto_adjust=True
362,600397.SH,江钨装备,A,106.38296859453772,2025-07-31,6.110000133514404,2026-07-31,12.609999656677246,Yahoo Finance yfinance auto_adjust=True
363,600330.SH,天通股份,A,106.33540641985104,2025-07-31,8.050000190734863,2026-07-31,16.610000610351562,Yahoo Finance yfinance auto_adjust=True
364,02338.HK,潍柴动力,HK,106.16280706328371,2025-08-01,15.977663040161133,2026-07-31,32.939998626708984,Yahoo Finance chart adjclose
365,01837.HK,五谷磨房,HK,105.98491208884707,2025-08-01,0.7621917724609375,2026-07-31,1.5700000524520874,Yahoo Finance chart adjclose
366,601179.SH,中国西电,A,105.84502278782332,2025-07-31,6.4806036949157715,2026-07-31,13.34000015258789,Yahoo Finance yfinance auto_adjust=True
367,600549.SH,厦门钨业,A,105.21849943557685,2025-07-31,22.926782608032227,2026-07-31,47.04999923706055,Yahoo Finance yfinance auto_adjust=True
368,002371.SZ,北方华创,A,105.13794012188202,2025-07-31,334.8966064453125,2026-07-31,687.0,Yahoo Finance yfinance auto_adjust=True
369,01912.HK,康特隆(新),HK,105.06328617298277,2025-08-01,0.7900000214576721,2026-07-31,1.6200000047683716,Yahoo Finance chart adjclose
370,688416.SH,恒烁股份,A,104.80391303163526,2025-07-31,30.600000381469727,2026-07-31,62.66999816894531,Yahoo Finance yfinance auto_adjust=True
371,300246.SZ,宝莱特,A,104.12361443474273,2025-07-31,9.43545913696289,2026-07-31,19.260000228881836,Yahoo Finance yfinance auto_adjust=True
372,301365.SZ,矩阵股份,A,104.08928378675854,2025-07-31,17.952926635742188,2026-07-31,36.63999938964844,Yahoo Finance yfinance auto_adjust=True
373,301183.SZ,东田微,A,104.05675112478923,2025-07-31,70.40198516845703,2026-07-31,143.66000366210938,Yahoo Finance yfinance auto_adjust=True
374,01408.HK,濠江机电,HK,103.91440698245572,2025-08-01,0.16918863356113434,2026-07-31,0.3449999988079071,Yahoo Finance chart adjclose
375,300959.SZ,线上线下,A,103.91125122764842,2025-07-31,43.720001220703125,2026-07-31,89.1500015258789,Yahoo Finance yfinance auto_adjust=True
376,301358.SZ,湖南裕能,A,103.83941199106057,2025-07-31,31.0734806060791,2026-07-31,63.34000015258789,Yahoo Finance yfinance auto_adjust=True
377,02585.HK,梦金园,HK,103.70493435794867,2025-08-01,12.459197044372559,2026-07-31,25.3799991607666,Yahoo Finance chart adjclose
378,01775.HK,精英汇集团,HK,103.48836171701224,2025-08-01,0.1720000058412552,2026-07-31,0.3499999940395355,Yahoo Finance chart adjclose
379,002536.SZ,飞龙股份,A,103.46742360114187,2025-07-31,17.005178451538086,2026-07-31,34.599998474121094,Yahoo Finance yfinance auto_adjust=True
380,002957.SZ,科瑞技术,A,103.09678947096619,2025-07-31,16.65708351135254,2026-07-31,33.83000183105469,Yahoo Finance yfinance auto_adjust=True
381,300236.SZ,上海新阳,A,103.08922065347774,2025-07-31,41.55809020996094,2026-07-31,84.4000015258789,Yahoo Finance yfinance auto_adjust=True
382,603588.SH,高能环境,A,102.76554590219024,2025-07-31,6.219005107879639,2026-07-31,12.609999656677246,Yahoo Finance yfinance auto_adjust=True
383,603757.SH,大元泵业,A,102.50805374051507,2025-07-31,25.737247467041016,2026-07-31,52.119998931884766,Yahoo Finance yfinance auto_adjust=True
384,002350.SZ,北京科锐,A,102.3250813632553,2025-07-31,6.8948445320129395,2026-07-31,13.949999809265137,Yahoo Finance yfinance auto_adjust=True
385,01050.HK,嘉利国际,HK,102.20649330463579,2025-08-01,0.9050154685974121,2026-07-31,1.8300000429153442,Yahoo Finance chart adjclose
386,603813.SH,*ST原尚,A,101.97326203176095,2025-07-31,15.710000038146973,2026-07-31,31.729999542236328,Yahoo Finance yfinance auto_adjust=True
387,002156.SZ,通富微电,A,101.97126470890616,2025-07-31,28.088153839111328,2026-07-31,56.72999954223633,Yahoo Finance yfinance auto_adjust=True
388,600961.SH,株冶集团,A,101.77778455946181,2025-07-31,11.25,2026-07-31,22.700000762939453,Yahoo Finance yfinance auto_adjust=True
389,01705.HK,宾仕国际,HK,101.63432718430326,2025-08-01,0.39179837703704834,2026-07-31,0.7900000214576721,Yahoo Finance chart adjclose
390,02258.HK,华滋国际海洋,HK,101.54655071840976,2025-08-01,0.1736571490764618,2026-07-31,0.3499999940395355,Yahoo Finance chart adjclose
391,688646.SH,ST逸飞,A,101.54223139193594,2025-07-31,28.530000686645508,2026-07-31,57.5,Yahoo Finance yfinance auto_adjust=True
392,000021.SZ,深科技,A,101.52654022794239,2025-07-31,18.4739933013916,2026-07-31,37.22999954223633,Yahoo Finance yfinance auto_adjust=True
393,002028.SZ,思源电气,A,101.50367889665124,2025-07-31,77.67103576660156,2026-07-31,156.50999450683594,Yahoo Finance yfinance auto_adjust=True
394,000688.SZ,国城矿业,A,101.21358423666544,2025-07-31,13.865862846374512,2026-07-31,27.899999618530273,Yahoo Finance yfinance auto_adjust=True
395,001359.SZ,平安电工,A,100.97828341220038,2025-07-31,38.148399353027344,2026-07-31,76.66999816894531,Yahoo Finance yfinance auto_adjust=True
396,301005.SZ,超捷股份,A,100.14195880023205,2025-07-31,31.512632369995117,2026-07-31,63.06999969482422,Yahoo Finance yfinance auto_adjust=True
397,688143.SH,长盈通,A,100.03854264027923,2025-07-31,42.241859436035156,2026-07-31,84.5,Yahoo Finance yfinance auto_adjust=True
398,06188.HK,迪信通,HK,100.0,2025-08-01,0.32499998807907104,2026-07-31,0.6499999761581421,Yahoo Finance chart adjclose
399,01985.HK,美高域,HK,99.87181782824841,2025-08-01,1.485952377319336,2026-07-31,2.9700000286102295,Yahoo Finance chart adjclose
400,688041.SH,海光信息,A,99.15231097011849,2025-07-31,139.0895233154297,2026-07-31,277.0,Yahoo Finance yfinance auto_adjust=True
401,688378.SH,奥来德,A,99.00708584303611,2025-07-31,17.878761291503906,2026-07-31,35.58000183105469,Yahoo Finance yfinance auto_adjust=True
402,688668.SH,鼎通科技,A,98.72969515855145,2025-07-31,95.7481460571289,2026-07-31,190.27999877929688,Yahoo Finance yfinance auto_adjust=True
403,600118.SH,中国卫星,A,98.72462970134922,2025-07-31,28.90431785583496,2026-07-31,57.439998626708984,Yahoo Finance yfinance auto_adjust=True
404,300483.SZ,首华燃气,A,98.57524618046203,2025-07-31,11.229999542236328,2026-07-31,22.299999237060547,Yahoo Finance yfinance auto_adjust=True
405,603738.SH,泰晶科技,A,98.02123893604227,2025-07-31,15.109490394592285,2026-07-31,29.920000076293945,Yahoo Finance yfinance auto_adjust=True
406,01841.HK,优越集团控股,HK,98.01979803615981,2025-08-01,0.20200000703334808,2026-07-31,0.4000000059604645,Yahoo Finance chart adjclose
407,300096.SZ,ST易联众,A,97.99498938559293,2025-07-31,3.990000009536743,2026-07-31,7.900000095367432,Yahoo Finance yfinance auto_adjust=True
408,002498.SZ,汉缆股份,A,97.92194742328554,2025-07-31,3.450855255126953,2026-07-31,6.829999923706055,Yahoo Finance yfinance auto_adjust=True
409,08501.HK,庄皇集团公司,HK,97.72727488239936,2025-08-01,0.4399999976158142,2026-07-31,0.8700000047683716,Yahoo Finance chart adjclose
410,688090.SH,瑞松科技,A,97.65858787301276,2025-07-31,25.34673500061035,2026-07-31,50.099998474121094,Yahoo Finance yfinance auto_adjust=True
411,300749.SZ,顶固集创,A,97.52942253561581,2025-07-31,8.5,2026-07-31,16.790000915527344,Yahoo Finance yfinance auto_adjust=True
412,600362.SH,江西铜业,A,97.42784688890309,2025-07-31,21.921932220458984,2026-07-31,43.279998779296875,Yahoo Finance yfinance auto_adjust=True
413,601133.SH,柏诚股份,A,97.27078763189981,2025-07-31,12.130534172058105,2026-07-31,23.93000030517578,Yahoo Finance yfinance auto_adjust=True
414,02315.HK,百奥赛图-B,HK,97.0530452749842,2025-08-01,25.450000762939453,2026-07-31,50.150001525878906,Yahoo Finance chart adjclose
415,603031.SH,安孚科技,A,96.81463025133472,2025-07-31,19.038219451904297,2026-07-31,37.470001220703125,Yahoo Finance yfinance auto_adjust=True
416,600234.SH,科新发展,A,96.78491240787316,2025-07-31,9.020000457763672,2026-07-31,17.75,Yahoo Finance yfinance auto_adjust=True
417,601208.SH,东材科技,A,96.77600520660062,2025-07-31,17.44623374938965,2026-07-31,34.33000183105469,Yahoo Finance yfinance auto_adjust=True
418,301536.SZ,星宸科技,A,96.7730559873983,2025-07-31,57.462135314941406,2026-07-31,113.06999969482422,Yahoo Finance yfinance auto_adjust=True
419,08040.HK,快意智能,HK,96.55172732724029,2025-08-01,0.28999999165534973,2026-07-31,0.5699999928474426,Yahoo Finance chart adjclose
420,688662.SH,富信科技,A,96.3278691049539,2025-07-31,33.683448791503906,2026-07-31,66.12999725341797,Yahoo Finance yfinance auto_adjust=True
421,01239.HK,TEAMWAY INTL GP,HK,96.29627789980174,2025-08-01,0.13500000536441803,2026-07-31,0.26499998569488525,Yahoo Finance chart adjclose
422,603021.SH,ST华鹏,A,96.27506836430715,2025-07-31,3.490000009536743,2026-07-31,6.849999904632568,Yahoo Finance yfinance auto_adjust=True
423,300975.SZ,商络电子,A,96.25844740535754,2025-07-31,11.678478240966797,2026-07-31,22.920000076293945,Yahoo Finance yfinance auto_adjust=True
424,301321.SZ,翰博高新,A,95.9275949758194,2025-07-31,15.470000267028809,2026-07-31,30.309999465942383,Yahoo Finance yfinance auto_adjust=True
425,01669.HK,环球信贷集团,HK,95.66693393590397,2025-08-01,0.6746158003807068,2026-07-31,1.3200000524520874,Yahoo Finance chart adjclose
426,688777.SH,中控技术,A,95.19538609678315,2025-07-31,47.70604705810547,2026-07-31,93.12000274658203,Yahoo Finance yfinance auto_adjust=True
427,08132.HK,百能国际能源,HK,95.1219414686039,2025-08-01,0.04100000113248825,2026-07-31,0.07999999821186066,Yahoo Finance chart adjclose
428,000592.SZ,平潭发展,A,94.98327441842811,2025-07-31,2.990000009536743,2026-07-31,5.829999923706055,Yahoo Finance yfinance auto_adjust=True
429,002545.SZ,东方铁塔,A,94.95448009645777,2025-07-31,9.612500190734863,2026-07-31,18.739999771118164,Yahoo Finance yfinance auto_adjust=True
430,01013.HK,伟俊集团控股,HK,94.71153501729823,2025-08-01,0.20800000429153442,2026-07-31,0.4050000011920929,Yahoo Finance chart adjclose
431,002768.SZ,国恩股份,A,94.53259522291413,2025-07-31,24.13477325439453,2026-07-31,46.95000076293945,Yahoo Finance yfinance auto_adjust=True
432,08620.HK,亚洲速运,HK,94.52055717279653,2025-08-01,0.0729999989271164,2026-07-31,0.1420000046491623,Yahoo Finance chart adjclose
433,688521.SH,芯原股份,A,94.36051769243477,2025-07-31,99.30000305175781,2026-07-31,193.0,Yahoo Finance yfinance auto_adjust=True
434,01933.HK,元力控股,HK,94.07894498206812,2025-08-01,0.15199999511241913,2026-07-31,0.29499998688697815,Yahoo Finance chart adjclose
435,01711.HK,欧化,HK,93.84616407417019,2025-08-01,0.06499999761581421,2026-07-31,0.12600000202655792,Yahoo Finance chart adjclose
436,06816.HK,瑞港建设,HK,93.7984598205184,2025-08-01,0.1289999932050705,2026-07-31,0.25,Yahoo Finance chart adjclose
437,06193.HK,泰林科建,HK,93.62745986036151,2025-08-01,0.20399999618530273,2026-07-31,0.39500001072883606,Yahoo Finance chart adjclose
438,603124.SH,江南新材,A,93.6235179591935,2025-07-31,55.11210632324219,2026-07-31,106.70999908447266,Yahoo Finance yfinance auto_adjust=True
439,002202.SZ,金风科技,A,93.61802812421274,2025-07-31,9.498082160949707,2026-07-31,18.389999389648438,Yahoo Finance yfinance auto_adjust=True
440,01616.HK,一元宇宙,HK,93.54838593383235,2025-08-01,0.03099999949336052,2026-07-31,0.05999999865889549,Yahoo Finance chart adjclose
441,000960.SZ,锡业股份,A,92.93991902407575,2025-07-31,17.67389488220215,2026-07-31,34.099998474121094,Yahoo Finance yfinance auto_adjust=True
442,688362.SH,甬矽电子,A,92.89036756635434,2025-07-31,30.100000381469727,2026-07-31,58.060001373291016,Yahoo Finance yfinance auto_adjust=True
443,08042.HK,高奥士国际,HK,92.68293037505313,2025-08-01,0.04100000113248825,2026-07-31,0.07900000363588333,Yahoo Finance chart adjclose
444,688661.SH,和林微纳,A,92.51032547763099,2025-07-31,42.22111129760742,2026-07-31,81.27999877929688,Yahoo Finance yfinance auto_adjust=True
445,301053.SZ,远信工业,A,92.04333554814606,2025-07-31,20.88070297241211,2026-07-31,40.099998474121094,Yahoo Finance yfinance auto_adjust=True
446,600673.SH,东阳光,A,91.36303100097966,2025-07-31,14.819999694824219,2026-07-31,28.360000610351562,Yahoo Finance yfinance auto_adjust=True
447,688102.SH,斯瑞新材,A,91.00582969073218,2025-07-31,14.554529190063477,2026-07-31,27.799999237060547,Yahoo Finance yfinance auto_adjust=True
448,01399.HK,锐信控股,HK,90.9547705580612,2025-08-01,0.19900000095367432,2026-07-31,0.3799999952316284,Yahoo Finance chart adjclose
449,603156.SH,养元饮品,A,90.93220152518782,2025-07-31,20.284687042236328,2026-07-31,38.72999954223633,Yahoo Finance yfinance auto_adjust=True
450,002709.SZ,天赐材料,A,90.46740717459727,2025-07-31,18.764366149902344,2026-07-31,35.7400016784668,Yahoo Finance yfinance auto_adjust=True
451,01470.HK,富一国际控股,HK,90.27777835266828,2025-08-01,0.07199999690055847,2026-07-31,0.13699999451637268,Yahoo Finance chart adjclose
452,300223.SZ,北京君正,A,90.18472859620272,2025-07-31,66.67727661132812,2026-07-31,126.80999755859375,Yahoo Finance yfinance auto_adjust=True
453,301307.SZ,美利信,A,90.08263863547337,2025-07-31,24.200000762939453,2026-07-31,46.0,Yahoo Finance yfinance auto_adjust=True
454,603162.SH,海通发展,A,89.75119630833233,2025-07-31,5.733824253082275,2026-07-31,10.880000114440918,Yahoo Finance yfinance auto_adjust=True
455,600162.SH,香江控股,A,89.62434144328549,2025-07-31,1.6769999265670776,2026-07-31,3.180000066757202,Yahoo Finance yfinance auto_adjust=True
456,605196.SH,华通线缆,A,89.61716392522175,2025-07-31,17.239999771118164,2026-07-31,32.689998626708984,Yahoo Finance yfinance auto_adjust=True
457,000338.SZ,潍柴动力,A,89.3955745553346,2025-07-31,14.75747299194336,2026-07-31,27.950000762939453,Yahoo Finance yfinance auto_adjust=True
458,600206.SH,有研新材,A,89.20007072613181,2025-07-31,18.705066680908203,2026-07-31,35.38999938964844,Yahoo Finance yfinance auto_adjust=True
459,000988.SZ,华工科技,A,88.94123511636653,2025-07-31,50.47601318359375,2026-07-31,95.37000274658203,Yahoo Finance yfinance auto_adjust=True
460,06890.HK,康利国际控股,HK,88.88889919092652,2025-08-01,0.44999998807907104,2026-07-31,0.8500000238418579,Yahoo Finance chart adjclose
461,600301.SH,华锡有色,A,88.84368264481218,2025-07-31,21.785213470458984,2026-07-31,41.13999938964844,Yahoo Finance yfinance auto_adjust=True
462,02223.HK,卡撒天娇,HK,88.67925546822038,2025-08-01,0.26499998569488525,2026-07-31,0.5,Yahoo Finance chart adjclose
463,01943.HK,金石控股集团,HK,88.50574444899206,2025-08-01,0.4350000023841858,2026-07-31,0.8199999928474426,Yahoo Finance chart adjclose
464,02546.HK,智汇矿业,HK,88.48098724494132,2025-12-19,8.531364440917969,2026-07-31,16.079999923706055,Yahoo Finance chart adjclose
465,01538.HK,中奥到家,HK,88.39046780778561,2025-08-01,0.3928011953830719,2026-07-31,0.7400000095367432,Yahoo Finance chart adjclose
466,002796.SZ,世嘉科技,A,88.31269179593555,2025-07-31,12.920000076293945,2026-07-31,24.329999923706055,Yahoo Finance yfinance auto_adjust=True
467,300385.SZ,雪浪环境,A,88.29982789403334,2025-07-31,5.46999979019165,2026-07-31,10.300000190734863,Yahoo Finance yfinance auto_adjust=True
468,600228.SH,*ST返利,A,87.86407733280434,2025-07-31,4.119999885559082,2026-07-31,7.739999771118164,Yahoo Finance yfinance auto_adjust=True
469,600584.SH,长电科技,A,87.70500681603464,2025-07-31,35.007057189941406,2026-07-31,65.70999908447266,Yahoo Finance yfinance auto_adjust=True
470,688479.SH,友车科技,A,87.64843669986244,2025-07-31,13.855697631835938,2026-07-31,26.0,Yahoo Finance yfinance auto_adjust=True
471,300870.SZ,欧陆通,A,87.59560913285331,2025-07-31,94.18130493164062,2026-07-31,176.67999267578125,Yahoo Finance yfinance auto_adjust=True
472,01987.HK,BENG SOON MACH,HK,87.44390072630735,2025-08-01,0.14404310286045074,2026-07-31,0.27000001072883606,Yahoo Finance chart adjclose
473,01545.HK,设计都会,HK,87.3417659440767,2025-08-01,0.07900000363588333,2026-07-31,0.14800000190734863,Yahoo Finance chart adjclose
474,300037.SZ,新宙邦,A,86.7839713897582,2025-07-31,33.514652252197266,2026-07-31,62.599998474121094,Yahoo Finance yfinance auto_adjust=True
475,301218.SZ,华是科技,A,86.7356079437984,2025-07-31,22.239999771118164,2026-07-31,41.529998779296875,Yahoo Finance yfinance auto_adjust=True
476,605389.SH,长龄液压,A,86.58560886620339,2025-07-31,37.15720748901367,2026-07-31,69.33000183105469,Yahoo Finance yfinance auto_adjust=True
477,301310.SZ,鑫宏业,A,86.48060232323051,2025-07-31,28.185237884521484,2026-07-31,52.560001373291016,Yahoo Finance yfinance auto_adjust=True
478,01472.HK,生兴控股,HK,86.44067582574533,2025-08-01,0.05900000035762787,2026-07-31,0.10999999940395355,Yahoo Finance chart adjclose
479,01903.HK,JBB BUILDERS,HK,86.23187986398739,2025-08-01,1.3799999952316284,2026-07-31,2.569999933242798,Yahoo Finance chart adjclose
480,603203.SH,快克智能,A,86.08439873095122,2025-07-31,19.926443099975586,2026-07-31,37.08000183105469,Yahoo Finance yfinance auto_adjust=True
481,600683.SH,京投发展,A,85.96059845178254,2025-07-31,4.059999942779541,2026-07-31,7.550000190734863,Yahoo Finance yfinance auto_adjust=True
482,01752.HK,澳洲成峰高教,HK,85.68181654353711,2025-08-01,0.05116279050707817,2026-07-31,0.0949999988079071,Yahoo Finance chart adjclose
483,301603.SZ,乔锋智能,A,85.62605068405536,2025-07-31,54.17881774902344,2026-07-31,100.56999969482422,Yahoo Finance yfinance auto_adjust=True
484,301273.SZ,瑞晨环保,A,85.55099756761379,2025-07-31,19.121427536010742,2026-07-31,35.47999954223633,Yahoo Finance yfinance auto_adjust=True
485,002463.SZ,沪电股份,A,85.23742180814735,2025-07-31,56.00920104980469,2026-07-31,103.75,Yahoo Finance yfinance auto_adjust=True
486,688300.SH,联瑞新材,A,84.95057276686664,2025-07-31,58.02631378173828,2026-07-31,107.31999969482422,Yahoo Finance yfinance auto_adjust=True
487,688345.SH,博力威,A,84.87016079802913,2025-07-31,27.127147674560547,2026-07-31,50.150001525878906,Yahoo Finance yfinance auto_adjust=True
488,301511.SZ,德福科技,A,84.69603414870943,2025-07-31,35.896820068359375,2026-07-31,66.30000305175781,Yahoo Finance yfinance auto_adjust=True
489,01865.HK,鹏高控股集团,HK,84.31372846928258,2025-08-01,0.2549999952316284,2026-07-31,0.4699999988079071,Yahoo Finance chart adjclose
490,01546.HK,德莱建业,HK,84.28570379408042,2025-08-01,0.07000000029802322,2026-07-31,0.1289999932050705,Yahoo Finance chart adjclose
491,08290.HK,亚势备份,HK,84.21053302337609,2025-08-01,0.01899999938905239,2026-07-31,0.03500000014901161,Yahoo Finance chart adjclose
492,06136.HK,康达环保,HK,84.12242800401289,2025-08-01,0.40733766555786133,2026-07-31,0.75,Yahoo Finance chart adjclose
493,01762.HK,万咖壹联,HK,84.05796888620256,2025-08-01,0.6899999976158142,2026-07-31,1.2699999809265137,Yahoo Finance chart adjclose
494,300331.SZ,苏大维格,A,83.97163380240282,2025-07-31,21.149999618530273,2026-07-31,38.90999984741211,Yahoo Finance yfinance auto_adjust=True
495,002440.SZ,闰土股份,A,83.67639836275278,2025-07-31,7.464214324951172,2026-07-31,13.710000038146973,Yahoo Finance yfinance auto_adjust=True
496,01580.HK,大森控股,HK,83.67347683523259,2025-08-01,0.1469999998807907,2026-07-31,0.27000001072883606,Yahoo Finance chart adjclose
497,603389.SH,*ST亚振,A,83.6363691727114,2025-07-31,22.549999237060547,2026-07-31,41.40999984741211,Yahoo Finance yfinance auto_adjust=True
498,06088.HK,鸿腾精密,HK,83.59374665305943,2025-08-01,2.559999942779541,2026-07-31,4.699999809265137,Yahoo Finance chart adjclose
499,08616.HK,新威工程集团,HK,83.33334023201937,2025-08-01,0.035999998450279236,2026-07-31,0.06599999964237213,Yahoo Finance chart adjclose
500,01452.HK,迪诺斯环保,HK,83.33333333333333,2025-08-01,0.09000000357627869,2026-07-31,0.16500000655651093,Yahoo Finance chart adjclose
501,08417.HK,大地教育,HK,83.33333074632621,2025-08-01,0.012000000104308128,2026-07-31,0.02199999988079071,Yahoo Finance chart adjclose
502,000973.SZ,佛塑科技,A,82.75304846836187,2025-07-31,6.604540824890137,2026-07-31,12.069999694824219,Yahoo Finance yfinance auto_adjust=True
503,02193.HK,万景控股,HK,82.6923016304449,2025-08-01,0.20800000429153442,2026-07-31,0.3799999952316284,Yahoo Finance chart adjclose
504,688325.SH,赛微微电,A,82.55787284004272,2025-07-31,55.86721420288086,2026-07-31,101.98999786376953,Yahoo Finance yfinance auto_adjust=True
505,688403.SH,汇成股份,A,82.49082323371127,2025-07-31,10.83342170715332,2026-07-31,19.770000457763672,Yahoo Finance yfinance auto_adjust=True
506,02132.HK,誉燊丰控股,HK,82.41757917859067,2025-08-01,0.09099999815225601,2026-07-31,0.16599999368190765,Yahoo Finance chart adjclose
507,688275.SH,万润新能,A,82.06680520948062,2025-07-31,41.31999969482422,2026-07-31,75.2300033569336,Yahoo Finance yfinance auto_adjust=True
508,000426.SZ,兴业银锡,A,82.04656697487185,2025-07-31,17.46805763244629,2026-07-31,31.799999237060547,Yahoo Finance yfinance auto_adjust=True
509,688372.SH,伟测科技,A,81.95916409365908,2025-07-31,59.83210754394531,2026-07-31,108.87000274658203,Yahoo Finance yfinance auto_adjust=True
510,601233.SH,桐昆股份,A,81.94547577590252,2025-07-31,12.311380386352539,2026-07-31,22.399999618530273,Yahoo Finance yfinance auto_adjust=True
511,000408.SZ,藏格矿业,A,81.89417887503872,2025-07-31,44.32247543334961,2026-07-31,80.62000274658203,Yahoo Finance yfinance auto_adjust=True
512,688020.SH,方邦股份,A,81.87741962530777,2025-07-31,56.779998779296875,2026-07-31,103.2699966430664,Yahoo Finance yfinance auto_adjust=True
513,000630.SZ,铜陵有色,A,81.71091568903306,2025-07-31,3.4175162315368652,2026-07-31,6.210000038146973,Yahoo Finance yfinance auto_adjust=True
514,002571.SZ,德力股份,A,81.569967592162,2025-07-31,5.860000133514404,2026-07-31,10.640000343322754,Yahoo Finance yfinance auto_adjust=True
515,600428.SH,中远海特,A,81.36222981708931,2025-07-31,6.236138820648193,2026-07-31,11.3100004196167,Yahoo Finance yfinance auto_adjust=True
516,002240.SZ,盛新锂能,A,81.12113261111351,2025-07-31,15.520000457763672,2026-07-31,28.110000610351562,Yahoo Finance yfinance auto_adjust=True
517,688109.SH,品茗科技,A,81.1195579462727,2025-07-31,36.804420471191406,2026-07-31,66.66000366210938,Yahoo Finance yfinance auto_adjust=True
518,600722.SH,金牛化工,A,81.11298620605751,2025-07-31,5.929999828338623,2026-07-31,10.739999771118164,Yahoo Finance yfinance auto_adjust=True
519,688059.SH,华锐精密,A,81.07135345919205,2025-07-31,39.94005584716797,2026-07-31,72.31999969482422,Yahoo Finance yfinance auto_adjust=True
520,300137.SZ,先河环保,A,80.80807560886436,2025-07-31,5.928938865661621,2026-07-31,10.720000267028809,Yahoo Finance yfinance auto_adjust=True
521,600226.SH,亨通股份,A,80.50541640536737,2025-07-31,2.7699999809265137,2026-07-31,5.0,Yahoo Finance yfinance auto_adjust=True
522,01273.HK,香港信贷,HK,80.3512857382972,2025-08-01,0.38813140988349915,2026-07-31,0.699999988079071,Yahoo Finance chart adjclose
523,01685.HK,博耳电力,HK,80.12582669785677,2025-08-01,0.3775138854980469,2026-07-31,0.6800000071525574,Yahoo Finance chart adjclose
524,002432.SZ,九安医疗,A,79.80351874867561,2025-07-31,38.074893951416016,2026-07-31,68.45999908447266,Yahoo Finance yfinance auto_adjust=True
525,601991.SH,大唐发电,A,79.80176377133512,2025-07-31,3.2869532108306885,2026-07-31,5.909999847412109,Yahoo Finance yfinance auto_adjust=True
526,300302.SZ,同有科技,A,79.72167372432,2025-07-31,15.09000015258789,2026-07-31,27.1200008392334,Yahoo Finance yfinance auto_adjust=True
527,603398.SH,*ST沐邦,A,79.68128470189558,2025-07-31,5.019999980926514,2026-07-31,9.020000457763672,Yahoo Finance yfinance auto_adjust=True
528,688253.SH,英诺特,A,79.43910883205993,2025-07-31,31.849245071411133,2026-07-31,57.150001525878906,Yahoo Finance yfinance auto_adjust=True
529,002851.SZ,麦格米特,A,79.31119745423231,2025-07-31,59.36606216430664,2026-07-31,106.44999694824219,Yahoo Finance yfinance auto_adjust=True
530,06812.HK,永顺控股香港,HK,79.31034341011542,2025-08-01,0.14499999582767487,2026-07-31,0.25999999046325684,Yahoo Finance chart adjclose
531,600367.SH,红星发展,A,79.19808899718322,2025-07-31,15.061544418334961,2026-07-31,26.989999771118164,Yahoo Finance yfinance auto_adjust=True
532,688183.SH,生益电子,A,79.1830719696186,2025-07-31,52.739356994628906,2026-07-31,94.5,Yahoo Finance yfinance auto_adjust=True
533,002716.SZ,湖南白银,A,78.74720684887538,2025-07-31,4.46999979019165,2026-07-31,7.989999771118164,Yahoo Finance yfinance auto_adjust=True
534,002192.SZ,融捷股份,A,78.70231028412351,2025-07-31,34.425968170166016,2026-07-31,61.52000045776367,Yahoo Finance yfinance auto_adjust=True
535,01927.HK,久久王,HK,78.35819899677378,2025-08-01,0.1340000033378601,2026-07-31,0.23899999260902405,Yahoo Finance chart adjclose
536,688205.SH,德科立,A,77.98235050294831,2025-07-31,64.95587921142578,2026-07-31,115.61000061035156,Yahoo Finance yfinance auto_adjust=True
537,688295.SH,中复神鹰,A,77.9441902035099,2025-07-31,21.686574935913086,2026-07-31,38.59000015258789,Yahoo Finance yfinance auto_adjust=True
538,600641.SH,先导基电,A,77.90697970232708,2025-07-31,14.619999885559082,2026-07-31,26.010000228881836,Yahoo Finance yfinance auto_adjust=True
539,002812.SZ,恩捷股份,A,77.78904762755296,2025-07-31,29.579999923706055,2026-07-31,52.59000015258789,Yahoo Finance yfinance auto_adjust=True
540,01132.HK,橙天嘉禾,HK,77.77776673988103,2025-08-01,0.04500000178813934,2026-07-31,0.07999999821186066,Yahoo Finance chart adjclose
541,003031.SZ,中瓷电子,A,77.68550948678201,2025-07-31,53.296409606933594,2026-07-31,94.69999694824219,Yahoo Finance yfinance auto_adjust=True
542,02356.HK,大新银行集团,HK,77.45269446781788,2025-08-01,8.492403984069824,2026-07-31,15.069999694824219,Yahoo Finance chart adjclose
543,01134.HK,恒发光学,HK,77.41935768145629,2025-08-01,0.1860000044107437,2026-07-31,0.33000001311302185,Yahoo Finance chart adjclose
544,01621.HK,域高国际控股,HK,77.27272173097307,2025-08-01,0.10999999940395355,2026-07-31,0.19499999284744263,Yahoo Finance chart adjclose
545,002655.SZ,共达电声,A,77.25670110551836,2025-07-31,12.890909194946289,2026-07-31,22.850000381469727,Yahoo Finance yfinance auto_adjust=True
546,08333.HK,阿仕特朗金融,HK,77.21518204201132,2025-08-01,0.39500001072883606,2026-07-31,0.699999988079071,Yahoo Finance chart adjclose
547,300283.SZ,温州宏丰,A,77.1295244093368,2025-07-31,7.294097423553467,2026-07-31,12.920000076293945,Yahoo Finance yfinance auto_adjust=True
548,01661.HK,中国前沿科技集团,HK,76.92307339617497,2025-08-01,0.9100000262260437,2026-07-31,1.6100000143051147,Yahoo Finance chart adjclose
549,605098.SH,行动教育,A,76.79981289567459,2025-07-31,33.09392547607422,2026-07-31,58.5099983215332,Yahoo Finance yfinance auto_adjust=True
550,002169.SZ,智光电气,A,76.20646964679949,2025-07-31,6.1575493812561035,2026-07-31,10.850000381469727,Yahoo Finance yfinance auto_adjust=True
551,688331.SH,荣昌生物,A,76.17267613772145,2025-07-31,64.16999816894531,2026-07-31,113.05000305175781,Yahoo Finance yfinance auto_adjust=True
552,301486.SZ,致尚科技,A,75.98135807747875,2025-07-31,70.81999969482422,2026-07-31,124.62999725341797,Yahoo Finance yfinance auto_adjust=True
553,000807.SZ,云铝股份,A,75.97026980546187,2025-07-31,15.127555847167969,2026-07-31,26.6200008392334,Yahoo Finance yfinance auto_adjust=True
554,601899.SH,紫金矿业,A,75.96831625238497,2025-07-31,18.72496223449707,2026-07-31,32.95000076293945,Yahoo Finance yfinance auto_adjust=True
555,301312.SZ,智立方,A,75.88692974535864,2025-07-31,31.542991638183594,2026-07-31,55.47999954223633,Yahoo Finance yfinance auto_adjust=True
556,600236.SH,桂冠电力,A,75.8620569392872,2025-07-31,6.1525492668151855,2026-07-31,10.819999694824219,Yahoo Finance yfinance auto_adjust=True
557,600353.SH,旭光电子,A,75.85251700118873,2025-07-31,12.573036193847656,2026-07-31,22.110000610351562,Yahoo Finance yfinance auto_adjust=True
558,301148.SZ,嘉戎技术,A,75.65649953040112,2025-07-31,24.479595184326172,2026-07-31,43.0,Yahoo Finance yfinance auto_adjust=True
559,000615.SZ,*ST美谷,A,75.61652911768621,2025-07-31,1.7481269836425781,2026-07-31,3.069999933242798,Yahoo Finance yfinance auto_adjust=True
560,01615.HK,奥邦建筑,HK,75.55556497456139,2025-08-01,0.22499999403953552,2026-07-31,0.39500001072883606,Yahoo Finance chart adjclose
561,001258.SZ,立新能源,A,75.53985470111154,2025-07-31,7.02974271774292,2026-07-31,12.34000015258789,Yahoo Finance yfinance auto_adjust=True
562,01792.HK,CMON,HK,75.51056652627919,2025-08-01,0.489998996257782,2026-07-31,0.8600000143051147,Yahoo Finance chart adjclose
563,08125.HK,中新控股,HK,75.43859869269237,2025-08-01,0.2849999964237213,2026-07-31,0.5,Yahoo Finance chart adjclose
564,01184.HK,S.A.S. DRAGON,HK,75.35340495586102,2025-08-01,4.351212978363037,2026-07-31,7.630000114440918,Yahoo Finance chart adjclose
565,603002.SH,宏昌电子,A,75.25354151639867,2025-07-31,7.024109363555908,2026-07-31,12.3100004196167,Yahoo Finance yfinance auto_adjust=True
566,603663.SH,三祥新材,A,74.86779886068004,2025-07-31,19.27170181274414,2026-07-31,33.70000076293945,Yahoo Finance yfinance auto_adjust=True
567,688031.SH,星环科技,A,74.79218822555664,2025-07-31,51.72999954223633,2026-07-31,90.41999816894531,Yahoo Finance yfinance auto_adjust=True
568,001337.SZ,四川黄金,A,74.67718000343473,2025-07-31,22.956632614135742,2026-07-31,40.099998474121094,Yahoo Finance yfinance auto_adjust=True
569,301529.SZ,福赛科技,A,74.63318567646083,2025-07-31,43.43962478637695,2026-07-31,75.86000061035156,Yahoo Finance yfinance auto_adjust=True
570,688628.SH,优利德,A,74.58061363744038,2025-07-31,33.898380279541016,2026-07-31,59.18000030517578,Yahoo Finance yfinance auto_adjust=True
571,000890.SZ,法尔胜,A,74.35233683876596,2025-07-31,3.859999895095825,2026-07-31,6.730000019073486,Yahoo Finance yfinance auto_adjust=True
572,300342.SZ,天银机电,A,74.32457953765007,2025-07-31,17.673927307128906,2026-07-31,30.809999465942383,Yahoo Finance yfinance auto_adjust=True
573,600988.SH,赤峰黄金,A,74.28772839366535,2025-07-31,22.69809913635254,2026-07-31,39.560001373291016,Yahoo Finance yfinance auto_adjust=True
574,000547.SZ,航天发展,A,74.07861767374007,2025-07-31,8.140000343322754,2026-07-31,14.170000076293945,Yahoo Finance yfinance auto_adjust=True
575,688401.SH,路维光电,A,73.91650222503958,2025-07-31,34.746559143066406,2026-07-31,60.43000030517578,Yahoo Finance yfinance auto_adjust=True
576,08350.HK,立桥证券控股,HK,73.80953377742105,2025-08-01,0.20999999344348907,2026-07-31,0.36500000953674316,Yahoo Finance chart adjclose
577,603730.SH,岱美股份,A,73.69218994842464,2025-07-31,5.527019023895264,2026-07-31,9.600000381469727,Yahoo Finance yfinance auto_adjust=True
578,688523.SH,航天环宇,A,73.64203735414216,2025-07-31,22.459999084472656,2026-07-31,39.0,Yahoo Finance yfinance auto_adjust=True
579,02881.HK,武汉有机,HK,73.18931644645889,2025-08-01,6.322560787200928,2026-07-31,10.949999809265137,Yahoo Finance chart adjclose
580,000534.SZ,万泽股份,A,73.11273945109798,2025-07-31,14.268158912658691,2026-07-31,24.700000762939453,Yahoo Finance yfinance auto_adjust=True
581,08447.HK,MS CONCEPT,HK,72.7272737535235,2025-08-01,0.032999999821186066,2026-07-31,0.05700000002980232,Yahoo Finance chart adjclose
582,001210.SZ,金房能源,A,72.65886134299164,2025-07-31,10.03713321685791,2026-07-31,17.329999923706055,Yahoo Finance yfinance auto_adjust=True
583,08437.HK,德斯控股,HK,72.41379806459602,2025-08-01,0.14499999582767487,2026-07-31,0.25,Yahoo Finance chart adjclose
584,603353.SH,和顺石油,A,72.24897214780508,2025-07-31,16.325206756591797,2026-07-31,28.1200008392334,Yahoo Finance yfinance auto_adjust=True
585,002297.SZ,博云新材,A,72.24079542176804,2025-07-31,8.970000267028809,2026-07-31,15.449999809265137,Yahoo Finance yfinance auto_adjust=True
586,02320.HK,合丰集团,HK,72.22221670327384,2025-08-01,0.09000000357627869,2026-07-31,0.1550000011920929,Yahoo Finance chart adjclose
587,02198.HK,中国三江化工,HK,72.03947561172035,2025-08-01,1.6682217121124268,2026-07-31,2.869999885559082,Yahoo Finance chart adjclose
588,002832.SZ,比音勒芬,A,71.90552128377531,2025-07-31,15.118769645690918,2026-07-31,25.989999771118164,Yahoo Finance yfinance auto_adjust=True
589,600026.SH,中远海能,A,71.89960106260216,2025-07-31,9.813868522644043,2026-07-31,16.8700008392334,Yahoo Finance yfinance auto_adjust=True
590,301021.SZ,英诺激光,A,71.72273168359034,2025-07-31,30.91611671447754,2026-07-31,53.09000015258789,Yahoo Finance yfinance auto_adjust=True
591,300225.SZ,*ST金泰,A,71.67947993993981,2025-07-31,3.623030424118042,2026-07-31,6.21999979019165,Yahoo Finance yfinance auto_adjust=True
592,688448.SH,磁谷科技,A,71.48648427645601,2025-07-31,27.407407760620117,2026-07-31,47.0,Yahoo Finance yfinance auto_adjust=True
593,605006.SH,山东玻纤,A,71.44790670096883,2025-07-31,7.389999866485596,2026-07-31,12.670000076293945,Yahoo Finance yfinance auto_adjust=True
594,002647.SZ,*ST仁东,A,71.25220295400194,2025-07-31,5.670000076293945,2026-07-31,9.710000038146973,Yahoo Finance yfinance auto_adjust=True
595,688585.SH,上纬新材,A,71.04376697026524,2025-07-31,92.06999969482422,2026-07-31,157.47999572753906,Yahoo Finance yfinance auto_adjust=True
596,688249.SH,晶合集成,A,70.87156561305774,2025-07-31,21.799999237060547,2026-07-31,37.25,Yahoo Finance yfinance auto_adjust=True
597,688676.SH,金盘科技,A,70.87049488281396,2025-07-31,37.63084030151367,2026-07-31,64.30000305175781,Yahoo Finance yfinance auto_adjust=True
598,603682.SH,锦和商管,A,70.76340069609334,2025-07-31,5.621813774108887,2026-07-31,9.600000381469727,Yahoo Finance yfinance auto_adjust=True
599,08201.HK,宝联控股,HK,70.66666799121428,2025-08-01,0.07500000298023224,2026-07-31,0.12800000607967377,Yahoo Finance chart adjclose
600,603137.SH,恒尚节能,A,70.64846860731907,2025-07-31,14.649999618530273,2026-07-31,25.0,Yahoo Finance yfinance auto_adjust=True
601,301071.SZ,力量钻石,A,70.12213321607092,2025-07-31,29.408283233642578,2026-07-31,50.029998779296875,Yahoo Finance yfinance auto_adjust=True
602,002203.SZ,海亮股份,A,70.09788446388903,2025-07-31,10.799664497375488,2026-07-31,18.3700008392334,Yahoo Finance yfinance auto_adjust=True
603,002066.SZ,瑞泰科技,A,69.51013037307673,2025-07-31,11.84000015258789,2026-07-31,20.06999969482422,Yahoo Finance yfinance auto_adjust=True
604,002150.SZ,通润装备,A,69.47645595035341,2025-07-31,11.954463005065918,2026-07-31,20.260000228881836,Yahoo Finance yfinance auto_adjust=True
605,01308.HK,海丰国际,HK,69.45209271049228,2025-08-01,23.298620223999023,2026-07-31,39.47999954223633,Yahoo Finance chart adjclose
606,01917.HK,豆盟科技,HK,69.38775308501562,2025-08-01,0.04899999871850014,2026-07-31,0.08299999684095383,Yahoo Finance chart adjclose
607,301070.SZ,开勒股份,A,69.38042196602952,2025-07-31,32.164283752441406,2026-07-31,54.47999954223633,Yahoo Finance yfinance auto_adjust=True
608,600497.SH,驰宏锌锗,A,69.2046264281893,2025-07-31,5.407653331756592,2026-07-31,9.149999618530273,Yahoo Finance yfinance auto_adjust=True
609,300214.SZ,日科化学,A,69.17510620150544,2025-07-31,6.909999847412109,2026-07-31,11.6899995803833,Yahoo Finance yfinance auto_adjust=True
610,300671.SZ,富满微,A,69.11582036480716,2025-07-31,32.119998931884766,2026-07-31,54.31999969482422,Yahoo Finance yfinance auto_adjust=True
611,01581.HK,进升集团控股,HK,69.08212087433103,2025-08-01,0.2070000022649765,2026-07-31,0.3499999940395355,Yahoo Finance chart adjclose
612,603800.SH,洪田股份,A,69.06836630349062,2025-07-31,29.84000015258789,2026-07-31,50.45000076293945,Yahoo Finance yfinance auto_adjust=True
613,603026.SH,石大胜华,A,68.97609846846888,2025-07-31,37.774574279785156,2026-07-31,63.83000183105469,Yahoo Finance yfinance auto_adjust=True
614,002850.SZ,科达利,A,68.91188259731042,2025-07-31,107.93201446533203,2026-07-31,182.30999755859375,Yahoo Finance yfinance auto_adjust=True
615,603052.SH,可川科技,A,68.8090055663551,2025-07-31,27.540000915527344,2026-07-31,46.4900016784668,Yahoo Finance yfinance auto_adjust=True
616,02888.HK,渣打集团,HK,68.80003260798631,2025-08-01,140.75827026367188,2026-07-31,237.60000610351562,Yahoo Finance chart adjclose
617,01070.HK,TCL电子,HK,68.54532206614586,2025-08-01,9.59385871887207,2026-07-31,16.170000076293945,Yahoo Finance chart adjclose
618,02689.HK,玖龙纸业,HK,68.52678925426181,2025-08-01,4.480000019073486,2026-07-31,7.550000190734863,Yahoo Finance chart adjclose
619,000603.SZ,盛达资源,A,68.50037630346002,2025-07-31,15.074150085449219,2026-07-31,25.399999618530273,Yahoo Finance yfinance auto_adjust=True
620,08187.HK,积木集团,HK,68.42105098048073,2025-08-01,0.2849999964237213,2026-07-31,0.47999998927116394,Yahoo Finance chart adjclose
621,601958.SH,金钼股份,A,68.2700000772175,2025-07-31,12.473999977111816,2026-07-31,20.989999771118164,Yahoo Finance yfinance auto_adjust=True
622,01947.HK,美皓集团,HK,68.25396044484367,2025-08-01,0.3149999976158142,2026-07-31,0.5299999713897705,Yahoo Finance chart adjclose
623,688720.SH,艾森股份,A,68.19226574830705,2025-07-31,31.719650268554688,2026-07-31,53.349998474121094,Yahoo Finance yfinance auto_adjust=True
624,001339.SZ,智微智能,A,68.16281514711402,2025-07-31,39.949378967285156,2026-07-31,67.18000030517578,Yahoo Finance yfinance auto_adjust=True
625,01650.HK,HYGIEIA GROUP,HK,68.02252928493179,2025-08-01,0.08332215994596481,2026-07-31,0.14000000059604645,Yahoo Finance chart adjclose
626,603650.SH,彤程新材,A,67.81981298280179,2025-07-31,32.290584564208984,2026-07-31,54.189998626708984,Yahoo Finance yfinance auto_adjust=True
627,01861.HK,保宝龙科技,HK,67.7048118716249,2025-08-01,1.520528793334961,2026-07-31,2.549999952316284,Yahoo Finance chart adjclose
628,01845.HK,维港环保科技,HK,67.692309808449,2025-08-01,0.12999999523162842,2026-07-31,0.21799999475479126,Yahoo Finance chart adjclose
629,603687.SH,大胜达,A,67.47773146843478,2025-07-31,7.46367883682251,2026-07-31,12.5,Yahoo Finance yfinance auto_adjust=True
630,688237.SH,超卓航科,A,67.1037222150819,2025-07-31,31.29792594909668,2026-07-31,52.29999923706055,Yahoo Finance yfinance auto_adjust=True
631,688480.SH,赛恩斯,A,66.88296802669093,2025-07-31,43.21591567993164,2026-07-31,72.12000274658203,Yahoo Finance yfinance auto_adjust=True
632,688313.SH,仕佳光子,A,66.76247750536581,2025-07-31,53.99296188354492,2026-07-31,90.04000091552734,Yahoo Finance yfinance auto_adjust=True
633,01213.HK,万保刚集团,HK,66.46425698885213,2025-08-01,0.28534653782844543,2026-07-31,0.4749999940395355,Yahoo Finance chart adjclose
634,300951.SZ,博硕科技,A,66.41486933317677,2025-07-31,32.74947738647461,2026-07-31,54.5,Yahoo Finance yfinance auto_adjust=True
635,688593.SH,新相微,A,66.35949961172862,2025-07-31,16.825008392333984,2026-07-31,27.989999771118164,Yahoo Finance yfinance auto_adjust=True
636,002429.SZ,兆驰股份,A,66.3343645629632,2025-07-31,4.4669060707092285,2026-07-31,7.429999828338623,Yahoo Finance yfinance auto_adjust=True
637,08115.HK,上海青浦消防,HK,66.07143480558794,2025-08-01,5.599999904632568,2026-07-31,9.300000190734863,Yahoo Finance chart adjclose
638,001400.SZ,江顺科技,A,65.76973179687937,2025-07-31,40.61054992675781,2026-07-31,67.31999969482422,Yahoo Finance yfinance auto_adjust=True
639,06651.HK,五一视界,HK,65.57294357049703,2025-12-30,39.619998931884766,2026-07-31,65.5999984741211,Yahoo Finance chart adjclose
640,002885.SZ,京泉华,A,65.28347013158876,2025-07-31,14.078843116760254,2026-07-31,23.270000457763672,Yahoo Finance yfinance auto_adjust=True
641,01343.HK,伟源控股,HK,65.27778870069734,2025-08-01,0.07199999690055847,2026-07-31,0.11900000274181366,Yahoo Finance chart adjclose
642,601101.SH,昊华能源,A,65.07817014609259,2025-07-31,7.136013031005859,2026-07-31,11.779999732971191,Yahoo Finance yfinance auto_adjust=True
643,688535.SH,华海诚科,A,65.02142371967435,2025-07-31,53.99298858642578,2026-07-31,89.0999984741211,Yahoo Finance yfinance auto_adjust=True
644,08400.HK,亚洲先锋娱乐,HK,65.00000279396778,2025-08-01,0.03999999910593033,2026-07-31,0.06599999964237213,Yahoo Finance chart adjclose
645,688677.SH,海泰新光,A,64.9421623693091,2025-07-31,41.499393463134766,2026-07-31,68.44999694824219,Yahoo Finance yfinance auto_adjust=True
646,301234.SZ,五洲医疗,A,64.74952449872421,2025-07-31,39.99404525756836,2026-07-31,65.88999938964844,Yahoo Finance yfinance auto_adjust=True
647,601138.SH,工业富联,A,64.7196691502415,2025-07-31,34.422119140625,2026-07-31,56.70000076293945,Yahoo Finance yfinance auto_adjust=True
648,301550.SZ,斯菱股份,A,64.70233958928391,2025-07-31,43.98237609863281,2026-07-31,72.44000244140625,Yahoo Finance yfinance auto_adjust=True
649,300834.SZ,星辉环材,A,64.67883089615192,2025-07-31,22.583351135253906,2026-07-31,37.189998626708984,Yahoo Finance yfinance auto_adjust=True
650,603303.SH,得邦照明,A,64.63169432213662,2025-07-31,11.540912628173828,2026-07-31,19.0,Yahoo Finance yfinance auto_adjust=True
651,600188.SH,兖矿能源,A,64.5412299133908,2025-07-31,12.27048110961914,2026-07-31,20.190000534057617,Yahoo Finance yfinance auto_adjust=True
652,600693.SH,东百集团,A,64.34543872433409,2025-07-31,5.7439985275268555,2026-07-31,9.4399995803833,Yahoo Finance yfinance auto_adjust=True
653,603308.SH,应流股份,A,64.02922829363892,2025-07-31,26.12339210510254,2026-07-31,42.849998474121094,Yahoo Finance yfinance auto_adjust=True
654,002290.SZ,禾盛新材,A,63.95214652098284,2025-07-31,31.210325241088867,2026-07-31,51.16999816894531,Yahoo Finance yfinance auto_adjust=True
655,06805.HK,金茂源环保,HK,63.84982666660379,2025-08-01,1.7699134349822998,2026-07-31,2.9000000953674316,Yahoo Finance chart adjclose
656,300478.SZ,杭州高新,A,63.750872505222354,2025-07-31,14.289999961853027,2026-07-31,23.399999618530273,Yahoo Finance yfinance auto_adjust=True
657,002245.SZ,蔚蓝锂芯,A,63.66012834209882,2025-07-31,9.703035354614258,2026-07-31,15.880000114440918,Yahoo Finance yfinance auto_adjust=True
658,08425.HK,兴铭控股,HK,63.63637102536923,2025-08-01,0.054999999701976776,2026-07-31,0.09000000357627869,Yahoo Finance chart adjclose
659,603699.SH,纽威股份,A,63.56634560581542,2025-07-31,27.866369247436523,2026-07-31,45.58000183105469,Yahoo Finance yfinance auto_adjust=True
660,300497.SZ,富祥药业,A,63.44621424065628,2025-07-31,10.039999961853027,2026-07-31,16.40999984741211,Yahoo Finance yfinance auto_adjust=True
661,02683.HK,华新手袋国际控股,HK,63.413083651155056,2025-08-01,0.6670212745666504,2026-07-31,1.090000033378601,Yahoo Finance chart adjclose
662,688368.SH,晶丰明源,A,63.25930909526609,2025-07-31,65.84004211425781,2026-07-31,107.48999786376953,Yahoo Finance yfinance auto_adjust=True
663,300042.SZ,朗科科技,A,63.09046126365567,2025-07-31,24.072528839111328,2026-07-31,39.2599983215332,Yahoo Finance yfinance auto_adjust=True
664,02899.HK,紫金矿业,HK,63.072386957079104,2025-08-01,20.383586883544922,2026-07-31,33.2400016784668,Yahoo Finance chart adjclose
665,300548.SZ,长芯博创,A,63.070363017109024,2025-07-31,86.15912628173828,2026-07-31,140.5,Yahoo Finance yfinance auto_adjust=True
666,301345.SZ,涛涛车业,A,63.03430123779599,2025-07-31,155.18206787109375,2026-07-31,253.0,Yahoo Finance yfinance auto_adjust=True
667,605060.SH,联德股份,A,62.95398016876468,2025-07-31,22.092126846313477,2026-07-31,36.0,Yahoo Finance yfinance auto_adjust=True
668,300819.SZ,聚杰微纤,A,62.803018771795834,2025-07-31,25.33736801147461,2026-07-31,41.25,Yahoo Finance yfinance auto_adjust=True
669,01340.HK,惠生国际,HK,62.79069283899599,2025-08-01,0.3440000116825104,2026-07-31,0.5600000023841858,Yahoo Finance chart adjclose
670,01161.HK,奥思集团,HK,62.78125635119882,2025-08-01,0.8109042048454285,2026-07-31,1.3200000524520874,Yahoo Finance chart adjclose
671,301150.SZ,中一科技,A,62.658299115798656,2025-07-31,20.275632858276367,2026-07-31,32.97999954223633,Yahoo Finance yfinance auto_adjust=True
672,600545.SH,卓郎智能,A,62.55319524534491,2025-07-31,2.3499999046325684,2026-07-31,3.819999933242798,Yahoo Finance yfinance auto_adjust=True
673,06182.HK,乙德投资控股,HK,62.49999161809696,2025-08-01,0.4000000059604645,2026-07-31,0.6499999761581421,Yahoo Finance chart adjclose
674,002528.SZ,ST英飞拓,A,62.36933913690146,2025-07-31,2.869999885559082,2026-07-31,4.659999847412109,Yahoo Finance yfinance auto_adjust=True
675,603685.SH,晨丰科技,A,62.35085716616355,2025-07-31,15.712882995605469,2026-07-31,25.510000228881836,Yahoo Finance yfinance auto_adjust=True
676,08411.HK,K W NELSON GP,HK,62.26320311389992,2025-08-01,0.06470967829227448,2026-07-31,0.10499999672174454,Yahoo Finance chart adjclose
677,688456.SH,有研粉材,A,62.177724438292614,2025-07-31,40.733089447021484,2026-07-31,66.05999755859375,Yahoo Finance yfinance auto_adjust=True
678,301285.SZ,鸿日达,A,62.07407256703319,2025-07-31,40.5,2026-07-31,65.63999938964844,Yahoo Finance yfinance auto_adjust=True
679,000893.SZ,亚钾国际,A,62.03912885833758,2025-07-31,32.004615783691406,2026-07-31,51.86000061035156,Yahoo Finance yfinance auto_adjust=True
680,000620.SZ,盈新发展,A,61.96319709369214,2025-07-31,1.6299999952316284,2026-07-31,2.640000104904175,Yahoo Finance yfinance auto_adjust=True
681,300480.SZ,光力科技,A,61.93429757123439,2025-07-31,16.1299991607666,2026-07-31,26.1200008392334,Yahoo Finance yfinance auto_adjust=True
682,02885.HK,彼岸控股,HK,61.7594495136347,2025-08-01,0.5501996874809265,2026-07-31,0.8899999856948853,Yahoo Finance chart adjclose
683,688796.SH,百奥赛图,A,61.65653163102767,2025-12-10,65.80000305175781,2026-07-31,106.37000274658203,Yahoo Finance yfinance auto_adjust=True
684,01262.HK,蜡笔小新食品,HK,61.538462478968725,2025-08-01,1.9500000476837158,2026-07-31,3.1500000953674316,Yahoo Finance chart adjclose
685,01826.HK,丰展控股,HK,61.5384608036903,2025-08-01,0.07800000160932541,2026-07-31,0.12600000202655792,Yahoo Finance chart adjclose
686,688392.SH,骄成超声,A,61.46921697688861,2025-07-31,78.4298095703125,2026-07-31,126.63999938964844,Yahoo Finance yfinance auto_adjust=True
687,002848.SZ,*ST高斯,A,61.294580730072326,2025-07-31,7.570000171661377,2026-07-31,12.210000038146973,Yahoo Finance yfinance auto_adjust=True
688,08018.HK,汇财金融投资,HK,61.29032762005979,2025-08-01,0.03099999949336052,2026-07-31,0.05000000074505806,Yahoo Finance chart adjclose
689,300163.SZ,先锋新材,A,61.28048804865076,2025-07-31,3.2799999713897705,2026-07-31,5.289999961853027,Yahoo Finance yfinance auto_adjust=True
690,601339.SH,百隆东方,A,61.11590272341141,2025-07-31,4.959162712097168,2026-07-31,7.989999771118164,Yahoo Finance yfinance auto_adjust=True
691,002585.SZ,双星新材,A,61.06021105343835,2025-07-31,5.650061130523682,2026-07-31,9.100000381469727,Yahoo Finance yfinance auto_adjust=True
692,000070.SZ,特发信息,A,60.91370711960224,2025-07-31,7.880000114440918,2026-07-31,12.680000305175781,Yahoo Finance yfinance auto_adjust=True
693,600489.SH,中金黄金,A,60.6843625646061,2025-07-31,14.319999694824219,2026-07-31,23.010000228881836,Yahoo Finance yfinance auto_adjust=True
694,02359.HK,药明康德,HK,60.640078022655274,2025-08-01,100.03730010986328,2026-07-31,160.6999969482422,Yahoo Finance chart adjclose
695,603216.SH,梦天家居,A,60.603102148585045,2025-07-31,12.546457290649414,2026-07-31,20.149999618530273,Yahoo Finance yfinance auto_adjust=True
696,301588.SZ,美新科技,A,60.58744136574936,2025-07-31,18.737455368041992,2026-07-31,30.09000015258789,Yahoo Finance yfinance auto_adjust=True
697,002606.SZ,大连电瓷,A,60.55328626425176,2025-07-31,9.286636352539062,2026-07-31,14.90999984741211,Yahoo Finance yfinance auto_adjust=True
698,01064.HK,中华国际,HK,60.52632275504442,2025-08-01,0.03799999877810478,2026-07-31,0.061000000685453415,Yahoo Finance chart adjclose
699,300776.SZ,帝尔激光,A,60.4911425169079,2025-07-31,61.7105712890625,2026-07-31,99.04000091552734,Yahoo Finance yfinance auto_adjust=True
700,02416.HK,易点云,HK,60.47619231433834,2025-08-01,2.0999999046325684,2026-07-31,3.369999885559082,Yahoo Finance chart adjclose
701,01968.HK,兴纺控股,HK,60.3773620713008,2025-08-01,0.10599999874830246,2026-07-31,0.17000000178813934,Yahoo Finance chart adjclose
702,300398.SZ,飞凯材料,A,60.36090805210013,2025-07-31,19.624483108520508,2026-07-31,31.469999313354492,Yahoo Finance yfinance auto_adjust=True
703,300420.SZ,五洋自控,A,60.261866302922144,2025-07-31,3.525480031967163,2026-07-31,5.650000095367432,Yahoo Finance yfinance auto_adjust=True
704,08059.HK,朝威控股,HK,60.00000496705384,2025-08-01,0.014999999664723873,2026-07-31,0.024000000208616257,Yahoo Finance chart adjclose
705,603225.SH,新凤鸣,A,59.864301037599276,2025-07-31,12.222867012023926,2026-07-31,19.540000915527344,Yahoo Finance yfinance auto_adjust=True
706,301626.SZ,苏州天脉,A,59.77100529416985,2025-07-31,140.82655334472656,2026-07-31,225.0,Yahoo Finance yfinance auto_adjust=True
707,000518.SZ,*ST四环,A,59.73450930660598,2025-07-31,2.259999990463257,2026-07-31,3.609999895095825,Yahoo Finance yfinance auto_adjust=True
708,688625.SH,呈和科技,A,59.63883503310328,2025-07-31,31.571266174316406,2026-07-31,50.400001525878906,Yahoo Finance yfinance auto_adjust=True
709,300983.SZ,尤安设计,A,59.62441886308765,2025-07-31,21.299999237060547,2026-07-31,34.0,Yahoo Finance yfinance auto_adjust=True
710,08200.HK,修身堂,HK,59.59596239344316,2025-08-01,0.4950000047683716,2026-07-31,0.7900000214576721,Yahoo Finance chart adjclose
711,688258.SH,卓易信息,A,59.544840654542,2025-07-31,63.631011962890625,2026-07-31,101.5199966430664,Yahoo Finance yfinance auto_adjust=True
712,01202.HK,四威科技,HK,59.54038817284817,2025-08-01,0.9527367949485779,2026-07-31,1.5199999809265137,Yahoo Finance chart adjclose
713,600345.SH,长江通信,A,59.532937471301835,2025-07-31,25.725095748901367,2026-07-31,41.040000915527344,Yahoo Finance yfinance auto_adjust=True
714,301099.SZ,雅创电子,A,59.45510655056074,2025-07-31,26.904125213623047,2026-07-31,42.900001525878906,Yahoo Finance yfinance auto_adjust=True
715,08073.HK,水发兴业新材料,HK,59.34065799107944,2025-08-01,0.18199999630451202,2026-07-31,0.28999999165534973,Yahoo Finance chart adjclose
716,688231.SH,隆达股份,A,59.218194876853644,2025-07-31,14.822426795959473,2026-07-31,23.600000381469727,Yahoo Finance yfinance auto_adjust=True
717,002199.SZ,*ST东晶,A,58.95348220854106,2025-07-31,8.600000381469727,2026-07-31,13.670000076293945,Yahoo Finance yfinance auto_adjust=True
718,300373.SZ,扬杰科技,A,58.76800933939486,2025-07-31,52.85699462890625,2026-07-31,83.91999816894531,Yahoo Finance yfinance auto_adjust=True
719,688710.SH,益诺思,A,58.667552116132704,2025-07-31,44.880001068115234,2026-07-31,71.20999908447266,Yahoo Finance yfinance auto_adjust=True
720,603979.SH,金诚信,A,58.60368625212562,2025-07-31,46.808494567871094,2026-07-31,74.23999786376953,Yahoo Finance yfinance auto_adjust=True
721,02314.HK,理文造纸,HK,58.55357229046505,2025-08-01,2.52911376953125,2026-07-31,4.010000228881836,Yahoo Finance chart adjclose
722,002759.SZ,天际股份,A,58.496728834871824,2025-07-31,9.180000305175781,2026-07-31,14.550000190734863,Yahoo Finance yfinance auto_adjust=True
723,603040.SH,新坐标,A,58.3778816297597,2025-07-31,32.78866958618164,2026-07-31,51.93000030517578,Yahoo Finance yfinance auto_adjust=True
724,688001.SH,华兴源创,A,58.12106648741568,2025-07-31,27.308189392089844,2026-07-31,43.18000030517578,Yahoo Finance yfinance auto_adjust=True
725,600499.SH,科达制造,A,58.117873455355216,2025-07-31,10.42892837524414,2026-07-31,16.489999771118164,Yahoo Finance yfinance auto_adjust=True
726,08483.HK,名仕快相,HK,58.01527221180216,2025-08-01,0.13099999725818634,2026-07-31,0.2070000022649765,Yahoo Finance chart adjclose
727,601212.SH,白银有色,A,57.91138087283982,2025-07-31,3.1600000858306885,2026-07-31,4.989999771118164,Yahoo Finance yfinance auto_adjust=True
728,01660.HK,七元投资,HK,57.85124022919463,2025-08-01,0.12099999934434891,2026-07-31,0.19099999964237213,Yahoo Finance chart adjclose
729,002475.SZ,立讯精密,A,57.79073615250414,2025-07-31,36.42799377441406,2026-07-31,57.47999954223633,Yahoo Finance yfinance auto_adjust=True
730,688110.SH,东芯股份,A,57.73625410171246,2025-07-31,64.76000213623047,2026-07-31,102.1500015258789,Yahoo Finance yfinance auto_adjust=True
731,001259.SZ,利仁科技,A,57.72986031489895,2025-07-31,26.107929229736328,2026-07-31,41.18000030517578,Yahoo Finance yfinance auto_adjust=True
732,08241.HK,英记茶庄集团,HK,57.6576529409522,2025-08-01,0.11100000143051147,2026-07-31,0.17499999701976776,Yahoo Finance chart adjclose
733,000833.SZ,粤桂股份,A,57.646747426693004,2025-07-31,12.026888847351074,2026-07-31,18.959999084472656,Yahoo Finance yfinance auto_adjust=True
734,600089.SH,特变电工,A,57.57361465794926,2025-07-31,13.289027214050293,2026-07-31,20.940000534057617,Yahoo Finance yfinance auto_adjust=True
735,603269.SH,海鸥股份,A,57.54434699415354,2025-07-31,7.077372074127197,2026-07-31,11.149999618530273,Yahoo Finance yfinance auto_adjust=True
736,603601.SH,再升科技,A,57.52449331781364,2025-07-31,5.065878868103027,2026-07-31,7.980000019073486,Yahoo Finance yfinance auto_adjust=True
737,300093.SZ,*ST金刚,A,57.50708180857447,2025-07-31,14.119999885559082,2026-07-31,22.239999771118164,Yahoo Finance yfinance auto_adjust=True
738,02146.HK,荣万家,HK,57.48031732574699,2025-08-01,1.2699999809265137,2026-07-31,2.0,Yahoo Finance chart adjclose
739,301611.SZ,珂玛科技,A,57.454482615058275,2025-07-31,53.72981262207031,2026-07-31,84.5999984741211,Yahoo Finance yfinance auto_adjust=True
740,002047.SZ,*ST宝鹰,A,57.43589016264181,2025-07-31,1.9500000476837158,2026-07-31,3.069999933242798,Yahoo Finance yfinance auto_adjust=True
741,01936.HK,利特米,HK,57.40740556775794,2025-08-01,0.5400000214576721,2026-07-31,0.8500000238418579,Yahoo Finance chart adjclose
742,02129.HK,LEGION CONSO,HK,57.36434484615589,2025-08-01,0.1289999932050705,2026-07-31,0.2029999941587448,Yahoo Finance chart adjclose
743,08392.HK,舍图控股,HK,57.14285144088238,2025-08-01,0.02800000086426735,2026-07-31,0.04399999976158142,Yahoo Finance chart adjclose
744,08168.HK,宝积资本,HK,56.86274452513798,2025-08-01,0.050999999046325684,2026-07-31,0.07999999821186066,Yahoo Finance chart adjclose
745,002947.SZ,恒铭达,A,56.83602379820067,2025-07-31,33.48082733154297,2026-07-31,52.5099983215332,Yahoo Finance yfinance auto_adjust=True
746,01960.HK,TBKS HLDGS,HK,56.71641282057327,2025-08-01,0.20100000500679016,2026-07-31,0.3149999976158142,Yahoo Finance chart adjclose
747,688270.SH,臻镭科技,A,56.65637512469668,2025-07-31,37.0428581237793,2026-07-31,58.029998779296875,Yahoo Finance yfinance auto_adjust=True
748,601918.SH,新集能源,A,56.640094995175176,2025-07-31,6.249996185302734,2026-07-31,9.789999961853027,Yahoo Finance yfinance auto_adjust=True
749,688536.SH,思瑞浦,A,56.58800905336143,2025-07-31,142.41192626953125,2026-07-31,223.0,Yahoo Finance yfinance auto_adjust=True
750,688693.SH,锴威特,A,56.469262780600516,2025-07-31,35.630001068115234,2026-07-31,55.75,Yahoo Finance yfinance auto_adjust=True
751,300234.SZ,开尔新材,A,56.44859878056248,2025-07-31,5.349999904632568,2026-07-31,8.369999885559082,Yahoo Finance yfinance auto_adjust=True
752,600021.SH,上海电力,A,56.39241543588258,2025-07-31,9.25236701965332,2026-07-31,14.470000267028809,Yahoo Finance yfinance auto_adjust=True
753,300001.SZ,特锐德,A,56.34118376285051,2025-07-31,22.450897216796875,2026-07-31,35.099998474121094,Yahoo Finance yfinance auto_adjust=True
754,600378.SH,昊华科技,A,56.197931533269774,2025-07-31,25.512500762939453,2026-07-31,39.849998474121094,Yahoo Finance yfinance auto_adjust=True
755,600525.SH,ST长园,A,56.190473883781024,2025-07-31,3.1500000953674316,2026-07-31,4.920000076293945,Yahoo Finance yfinance auto_adjust=True
756,688507.SH,索辰科技,A,56.11413656032622,2025-07-31,94.59745025634766,2026-07-31,147.67999267578125,Yahoo Finance yfinance auto_adjust=True
757,02388.HK,中银香港,HK,55.9726820465509,2025-08-01,33.46739959716797,2026-07-31,52.20000076293945,Yahoo Finance chart adjclose
758,06038.HK,信越控股,HK,55.94865242246032,2025-08-01,0.22122666239738464,2026-07-31,0.3449999988079071,Yahoo Finance chart adjclose
759,300985.SZ,致远新能,A,55.857853071037766,2025-07-31,18.010000228881836,2026-07-31,28.06999969482422,Yahoo Finance yfinance auto_adjust=True
760,002937.SZ,兴瑞科技,A,55.85300804813824,2025-07-31,16.592557907104492,2026-07-31,25.860000610351562,Yahoo Finance yfinance auto_adjust=True
761,301323.SZ,新莱福,A,55.60577263916857,2025-07-31,44.509918212890625,2026-07-31,69.26000213623047,Yahoo Finance yfinance auto_adjust=True
762,02116.HK,江苏创新,HK,55.55555702727521,2025-08-01,0.44999998807907104,2026-07-31,0.699999988079071,Yahoo Finance chart adjclose
763,600490.SH,鹏欣资源,A,55.52721770342997,2025-07-31,4.269349098205566,2026-07-31,6.639999866485596,Yahoo Finance yfinance auto_adjust=True
764,08270.HK,中国煤层气,HK,55.35714304720869,2025-08-01,0.2800000011920929,2026-07-31,0.4350000023841858,Yahoo Finance chart adjclose
765,02687.HK,卓越睿新,HK,55.300633450995406,2025-12-08,126.4000015258789,2026-07-31,196.3000030517578,Yahoo Finance chart adjclose
766,000672.SZ,上峰水泥,A,55.23453029941117,2025-07-31,8.516146659851074,2026-07-31,13.220000267028809,Yahoo Finance yfinance auto_adjust=True
767,002208.SZ,合肥城建,A,55.23255999311358,2025-07-31,6.880000114440918,2026-07-31,10.680000305175781,Yahoo Finance yfinance auto_adjust=True
768,002938.SZ,鹏鼎控股,A,55.231158508120394,2025-07-31,52.50234603881836,2026-07-31,81.5,Yahoo Finance yfinance auto_adjust=True
769,603399.SH,永杉锂业,A,55.13460452513246,2025-07-31,10.029999732971191,2026-07-31,15.5600004196167,Yahoo Finance yfinance auto_adjust=True
770,601061.SH,中信金属,A,55.0632796368429,2025-07-31,7.661388397216797,2026-07-31,11.880000114440918,Yahoo Finance yfinance auto_adjust=True
771,688011.SH,新光光电,A,55.02723332900346,2025-07-31,40.380001068115234,2026-07-31,62.599998474121094,Yahoo Finance yfinance auto_adjust=True
772,001301.SZ,尚太科技,A,55.00271551509981,2025-07-31,35.62518310546875,2026-07-31,55.220001220703125,Yahoo Finance yfinance auto_adjust=True
773,02892.HK,万城控股,HK,54.99999888241294,2025-08-01,0.4000000059604645,2026-07-31,0.6200000047683716,Yahoo Finance chart adjclose
774,600989.SH,宝丰能源,A,54.81153867341377,2025-07-31,15.044098854064941,2026-07-31,23.290000915527344,Yahoo Finance yfinance auto_adjust=True
775,300346.SZ,南大光电,A,54.777669123963,2025-07-31,31.24481773376465,2026-07-31,48.36000061035156,Yahoo Finance yfinance auto_adjust=True
776,01284.HK,新传企划,HK,54.766703338965605,2025-08-01,0.27137619256973267,2026-07-31,0.41999998688697815,Yahoo Finance chart adjclose
777,688469.SH,芯联集成,A,54.76190971769537,2025-07-31,5.039999961853027,2026-07-31,7.800000190734863,Yahoo Finance yfinance auto_adjust=True
778,002141.SZ,贤丰控股,A,54.69613485271396,2025-07-31,3.619999885559082,2026-07-31,5.599999904632568,Yahoo Finance yfinance auto_adjust=True
779,000533.SZ,顺钠股份,A,54.680532212617216,2025-07-31,6.730000019073486,2026-07-31,10.40999984741211,Yahoo Finance yfinance auto_adjust=True
780,002185.SZ,华天科技,A,54.58401041088936,2025-07-31,10.007503509521484,2026-07-31,15.470000267028809,Yahoo Finance yfinance auto_adjust=True
781,300672.SZ,国科微,A,54.460884609406655,2025-07-31,83.83999633789062,2026-07-31,129.5,Yahoo Finance yfinance auto_adjust=True
782,000582.SZ,北部湾港,A,54.410890282569845,2025-07-31,8.03699779510498,2026-07-31,12.40999984741211,Yahoo Finance yfinance auto_adjust=True
783,002638.SZ,勤上股份,A,53.94736993455933,2025-07-31,2.2799999713897705,2026-07-31,3.509999990463257,Yahoo Finance yfinance auto_adjust=True
784,002080.SZ,中材科技,A,53.90600960462151,2025-07-31,28.030094146728516,2026-07-31,43.13999938964844,Yahoo Finance yfinance auto_adjust=True
785,301617.SZ,博苑股份,A,53.83397924309716,2025-07-31,29.330320358276367,2026-07-31,45.119998931884766,Yahoo Finance yfinance auto_adjust=True
786,002837.SZ,英维克,A,53.780590727210885,2025-07-31,30.855649948120117,2026-07-31,47.45000076293945,Yahoo Finance yfinance auto_adjust=True
787,002149.SZ,西部材料,A,53.75544638669252,2025-07-31,21.137462615966797,2026-07-31,32.5,Yahoo Finance yfinance auto_adjust=True
788,603626.SH,科森科技,A,53.48287591684184,2025-07-31,8.470000267028809,2026-07-31,13.0,Yahoo Finance yfinance auto_adjust=True
789,600078.SH,澄星股份,A,53.45104960430553,2025-07-31,6.230000019073486,2026-07-31,9.5600004196167,Yahoo Finance yfinance auto_adjust=True
790,600376.SH,首开股份,A,53.435120477827255,2025-07-31,2.619999885559082,2026-07-31,4.019999980926514,Yahoo Finance yfinance auto_adjust=True
791,688046.SH,药康生物,A,53.347342423921475,2025-07-31,15.748560905456543,2026-07-31,24.149999618530273,Yahoo Finance yfinance auto_adjust=True
792,06699.HK,时代天使,HK,53.336433448860475,2025-08-01,52.107643127441406,2026-07-31,79.9000015258789,Yahoo Finance chart adjclose
793,603989.SH,艾华集团,A,53.33034876150473,2025-07-31,15.887266159057617,2026-07-31,24.360000610351562,Yahoo Finance yfinance auto_adjust=True
794,000949.SZ,新乡化纤,A,53.276691751636605,2025-07-31,3.888392925262451,2026-07-31,5.960000038146973,Yahoo Finance yfinance auto_adjust=True
795,02212.HK,高鹏矿业,HK,53.06123457492193,2025-08-01,0.09799999743700027,2026-07-31,0.15000000596046448,Yahoo Finance chart adjclose
796,300606.SZ,金太阳,A,52.924040551696415,2025-07-31,19.650278091430664,2026-07-31,30.049999237060547,Yahoo Finance yfinance auto_adjust=True
797,603078.SH,江化微,A,52.84775576117955,2025-07-31,18.31888198852539,2026-07-31,28.0,Yahoo Finance yfinance auto_adjust=True
798,605111.SH,新洁能,A,52.67962551767344,2025-07-31,31.8968563079834,2026-07-31,48.70000076293945,Yahoo Finance yfinance auto_adjust=True
799,08311.HK,圆美光电,HK,52.50000512227429,2025-08-01,0.03999999910593033,2026-07-31,0.061000000685453415,Yahoo Finance chart adjclose
800,605303.SH,园林股份,A,52.40816388811385,2025-07-31,12.25,2026-07-31,18.670000076293945,Yahoo Finance yfinance auto_adjust=True
801,688123.SH,聚辰股份,A,52.40501888617215,2025-07-31,73.90176391601562,2026-07-31,112.62999725341797,Yahoo Finance yfinance auto_adjust=True
802,603991.SH,至正股份,A,52.35790965648701,2025-07-31,73.2813949584961,2026-07-31,111.6500015258789,Yahoo Finance yfinance auto_adjust=True
803,300750.SZ,宁德时代,A,52.29459666038474,2025-07-31,259.5627136230469,2026-07-31,395.29998779296875,Yahoo Finance yfinance auto_adjust=True
804,600246.SH,万通发展,A,52.20482915969698,2025-07-31,7.03000020980835,2026-07-31,10.699999809265137,Yahoo Finance yfinance auto_adjust=True
805,002158.SZ,汉钟精机,A,52.01370731149777,2025-07-31,16.787960052490234,2026-07-31,25.520000457763672,Yahoo Finance yfinance auto_adjust=True
806,301188.SZ,力诺药包,A,51.84139492439046,2025-07-31,21.858333587646484,2026-07-31,33.189998626708984,Yahoo Finance yfinance auto_adjust=True
807,300456.SZ,赛微电子,A,51.715225237025294,2025-07-31,18.508359909057617,2026-07-31,28.079999923706055,Yahoo Finance yfinance auto_adjust=True
808,600388.SH,龙净环保,A,51.70103193581663,2025-07-31,11.75338077545166,2026-07-31,17.829999923706055,Yahoo Finance yfinance auto_adjust=True
809,02501.HK,迈越科技,HK,51.68539837535149,2025-08-01,0.8899999856948853,2026-07-31,1.350000023841858,Yahoo Finance chart adjclose
810,300972.SZ,万辰集团,A,51.63687501058944,2025-07-31,144.09423828125,2026-07-31,218.5,Yahoo Finance yfinance auto_adjust=True
811,300131.SZ,英唐智控,A,51.55503106001018,2025-07-31,8.359999656677246,2026-07-31,12.670000076293945,Yahoo Finance yfinance auto_adjust=True
812,000792.SZ,盐湖股份,A,51.52522825503632,2025-07-31,18.030000686645508,2026-07-31,27.31999969482422,Yahoo Finance yfinance auto_adjust=True
813,603667.SH,五洲新春,A,51.48989810333442,2025-07-31,34.22670364379883,2026-07-31,51.849998474121094,Yahoo Finance yfinance auto_adjust=True
814,01540.HK,澳狮环球,HK,51.47727445656942,2025-08-01,0.40930232405662537,2026-07-31,0.6200000047683716,Yahoo Finance chart adjclose
815,688388.SH,嘉元科技,A,51.440866060381296,2025-07-31,15.22046184539795,2026-07-31,23.049999237060547,Yahoo Finance yfinance auto_adjust=True
816,08222.HK,壹照明,HK,51.42856899572878,2025-08-01,0.03500000014901161,2026-07-31,0.05299999937415123,Yahoo Finance chart adjclose
817,000933.SZ,神火股份,A,51.361090458158884,2025-07-31,17.223712921142578,2026-07-31,26.06999969482422,Yahoo Finance yfinance auto_adjust=True
818,605358.SH,立昂微,A,51.30263531166255,2025-07-31,24.5203914642334,2026-07-31,37.099998474121094,Yahoo Finance yfinance auto_adjust=True
819,01440.HK,应星控股,HK,51.2941136079676,2025-08-01,8.5,2026-07-31,12.859999656677246,Yahoo Finance chart adjclose
820,688312.SH,燕麦科技,A,51.28174008108848,2025-07-31,26.48039436340332,2026-07-31,40.060001373291016,Yahoo Finance yfinance auto_adjust=True
821,002871.SZ,伟隆股份,A,51.14559211168148,2025-07-31,10.215315818786621,2026-07-31,15.4399995803833,Yahoo Finance yfinance auto_adjust=True
822,002138.SZ,顺络电子,A,51.10328942783235,2025-07-31,28.324995040893555,2026-07-31,42.79999923706055,Yahoo Finance yfinance auto_adjust=True
823,603516.SH,淳中科技,A,50.9711017240094,2025-07-31,60.43540573120117,2026-07-31,91.23999786376953,Yahoo Finance yfinance auto_adjust=True
824,603316.SH,诚邦股份,A,50.89606077810937,2025-07-31,8.369999885559082,2026-07-31,12.630000114440918,Yahoo Finance yfinance auto_adjust=True
825,08152.HK,明梁控股,HK,50.877198027478386,2025-08-01,0.05700000002980232,2026-07-31,0.0860000029206276,Yahoo Finance chart adjclose
826,01085.HK,亨鑫科技,HK,50.86207330652152,2025-08-01,1.159999966621399,2026-07-31,1.75,Yahoo Finance chart adjclose
827,688515.SH,裕太微,A,50.68007745991024,2025-07-31,90.43000030517578,2026-07-31,136.25999450683594,Yahoo Finance yfinance auto_adjust=True
828,600601.SH,方正科技,A,50.65573318130827,2025-07-31,6.099999904632568,2026-07-31,9.1899995803833,Yahoo Finance yfinance auto_adjust=True
829,300948.SZ,冠中生态,A,50.48800705938979,2025-07-31,11.270000457763672,2026-07-31,16.959999084472656,Yahoo Finance yfinance auto_adjust=True
830,301087.SZ,可孚医疗,A,50.445983870991974,2025-07-31,35.560935974121094,2026-07-31,53.5,Yahoo Finance yfinance auto_adjust=True
831,300097.SZ,ST智云,A,50.39999961853028,2025-07-31,5.0,2026-07-31,7.519999980926514,Yahoo Finance yfinance auto_adjust=True
832,000559.SZ,万向钱潮,A,50.39623707606056,2025-07-31,7.466941833496094,2026-07-31,11.229999542236328,Yahoo Finance yfinance auto_adjust=True
833,600595.SH,中孚实业,A,50.35338809769896,2025-07-31,4.4894232749938965,2026-07-31,6.75,Yahoo Finance yfinance auto_adjust=True
834,01741.HK,成志控股,HK,50.000009313225945,2025-08-01,0.11999999731779099,2026-07-31,0.18000000715255737,Yahoo Finance chart adjclose
835,01643.HK,现代中药集团,HK,49.999995484496786,2025-08-01,0.6600000262260437,2026-07-31,0.9900000095367432,Yahoo Finance chart adjclose
836,300540.SZ,蜀道装备,A,49.87039773007875,2025-07-31,16.954648971557617,2026-07-31,25.40999984741211,Yahoo Finance yfinance auto_adjust=True
837,002532.SZ,天山铝业,A,49.77376280473309,2025-07-31,8.813292503356934,2026-07-31,13.199999809265137,Yahoo Finance yfinance auto_adjust=True
838,688667.SH,菱电电控,A,49.71727132687778,2025-07-31,55.58477020263672,2026-07-31,83.22000122070312,Yahoo Finance yfinance auto_adjust=True
839,02451.HK,绿源集团控股,HK,49.70059196332408,2025-08-01,8.350000381469727,2026-07-31,12.5,Yahoo Finance chart adjclose
840,600160.SH,巨化股份,A,49.68754323322189,2025-07-31,26.401662826538086,2026-07-31,39.52000045776367,Yahoo Finance yfinance auto_adjust=True
841,002289.SZ,*ST宇顺,A,49.56163441388228,2025-07-31,19.389999389648438,2026-07-31,29.0,Yahoo Finance yfinance auto_adjust=True
842,688383.SH,新益昌,A,49.39606283458933,2025-07-31,62.91999816894531,2026-07-31,94.0,Yahoo Finance yfinance auto_adjust=True
843,002213.SZ,大为股份,A,49.392000887077224,2025-07-31,17.270000457763672,2026-07-31,25.799999237060547,Yahoo Finance yfinance auto_adjust=True
844,603530.SH,神马电力,A,49.375505418013454,2025-07-31,28.1973934173584,2026-07-31,42.119998931884766,Yahoo Finance yfinance auto_adjust=True
845,002792.SZ,通宇通讯,A,49.345984757387825,2025-07-31,15.909366607666016,2026-07-31,23.760000228881836,Yahoo Finance yfinance auto_adjust=True
846,01867.HK,标准发展集团,HK,49.33333200878573,2025-08-01,0.15000000596046448,2026-07-31,0.2240000069141388,Yahoo Finance chart adjclose
847,002452.SZ,长高电新,A,49.24951276095679,2025-07-31,7.24960470199585,2026-07-31,10.819999694824219,Yahoo Finance yfinance auto_adjust=True
848,688087.SH,英科再生,A,49.2353809330595,2025-07-31,26.521862030029297,2026-07-31,39.58000183105469,Yahoo Finance yfinance auto_adjust=True
849,002810.SZ,山东赫达,A,49.214296865743215,2025-07-31,12.974628448486328,2026-07-31,19.360000610351562,Yahoo Finance yfinance auto_adjust=True
850,01182.HK,胜龙国际,HK,48.88889654183113,2025-08-01,0.44999998807907104,2026-07-31,0.6700000166893005,Yahoo Finance chart adjclose
851,688390.SH,固德威,A,48.88729327015851,2025-07-31,41.790000915527344,2026-07-31,62.220001220703125,Yahoo Finance yfinance auto_adjust=True
852,301295.SZ,美硕科技,A,48.88666343171315,2025-07-31,24.696638107299805,2026-07-31,36.77000045776367,Yahoo Finance yfinance auto_adjust=True
853,02102.HK,德利机械,HK,48.876188724496636,2025-08-01,0.18471725285053253,2026-07-31,0.2750000059604645,Yahoo Finance chart adjclose
854,300955.SZ,嘉亨家化,A,48.85310073546953,2025-07-31,20.489999771118164,2026-07-31,30.5,Yahoo Finance yfinance auto_adjust=True
855,688218.SH,江苏北人,A,48.82217916126874,2025-07-31,21.649999618530273,2026-07-31,32.220001220703125,Yahoo Finance yfinance auto_adjust=True
856,300912.SZ,凯龙高科,A,48.766236460456255,2025-07-31,15.399999618530273,2026-07-31,22.90999984741211,Yahoo Finance yfinance auto_adjust=True
857,600801.SH,华新建材,A,48.763796755007036,2025-07-31,14.990205764770508,2026-07-31,22.299999237060547,Yahoo Finance yfinance auto_adjust=True
858,688106.SH,金宏气体,A,48.67454450416937,2025-07-31,17.467683792114258,2026-07-31,25.969999313354492,Yahoo Finance yfinance auto_adjust=True
859,002895.SZ,川恒股份,A,48.643003592107206,2025-07-31,23.257064819335938,2026-07-31,34.56999969482422,Yahoo Finance yfinance auto_adjust=True
860,601100.SH,恒立液压,A,48.63234997653629,2025-07-31,72.96527099609375,2026-07-31,108.44999694824219,Yahoo Finance yfinance auto_adjust=True
861,002064.SZ,华峰化学,A,48.51821867361803,2025-07-31,7.393032073974609,2026-07-31,10.979999542236328,Yahoo Finance yfinance auto_adjust=True
862,02343.HK,太平洋航运,HK,48.443862494321664,2025-08-01,2.2095894813537598,2026-07-31,3.2799999713897705,Yahoo Finance chart adjclose
863,01218.HK,永义国际,HK,48.38709826275913,2025-08-01,1.5499999523162842,2026-07-31,2.299999952316284,Yahoo Finance chart adjclose
864,002062.SZ,宏润建设,A,48.29123472290029,2025-07-31,5.071102142333984,2026-07-31,7.519999980926514,Yahoo Finance yfinance auto_adjust=True
865,01160.HK,金石资本集团,HK,48.14814446884923,2025-08-01,0.27000001072883606,2026-07-31,0.4000000059604645,Yahoo Finance chart adjclose
866,600201.SH,生物股份,A,47.95050501194298,2025-07-31,8.543397903442383,2026-07-31,12.640000343322754,Yahoo Finance yfinance auto_adjust=True
867,002853.SZ,皮阿诺,A,47.81249839346857,2025-07-31,12.800000190734863,2026-07-31,18.920000076293945,Yahoo Finance yfinance auto_adjust=True
868,002250.SZ,联化科技,A,47.78937368812319,2025-07-31,10.203710556030273,2026-07-31,15.079999923706055,Yahoo Finance yfinance auto_adjust=True
869,08280.HK,中国数字视频,HK,47.7611895485482,2025-08-01,0.06700000166893005,2026-07-31,0.0989999994635582,Yahoo Finance chart adjclose
870,605288.SH,凯迪股份,A,47.67499302537115,2025-07-31,36.97308349609375,2026-07-31,54.599998474121094,Yahoo Finance yfinance auto_adjust=True
871,08188.HK,骏杰集团控股,HK,47.674265631245035,2025-08-01,0.8803158402442932,2026-07-31,1.2999999523162842,Yahoo Finance chart adjclose
872,02465.HK,龙蟠科技,HK,47.66916622550268,2025-08-01,6.650000095367432,2026-07-31,9.819999694824219,Yahoo Finance chart adjclose
873,002922.SZ,伊戈尔,A,47.59087312876111,2025-07-31,16.051128387451172,2026-07-31,23.690000534057617,Yahoo Finance yfinance auto_adjust=True
874,600498.SH,烽火通信,A,47.58017441125526,2025-07-31,22.421710968017578,2026-07-31,33.09000015258789,Yahoo Finance yfinance auto_adjust=True
875,603139.SH,康惠股份,A,47.48105831911822,2025-07-31,22.43000030517578,2026-07-31,33.08000183105469,Yahoo Finance yfinance auto_adjust=True
876,300677.SZ,英科医疗,A,47.38530585161955,2025-07-31,34.23000717163086,2026-07-31,50.45000076293945,Yahoo Finance yfinance auto_adjust=True
877,600403.SH,大有能源,A,47.35450301110684,2025-07-31,3.7799999713897705,2026-07-31,5.570000171661377,Yahoo Finance yfinance auto_adjust=True
878,603558.SH,健盛集团,A,47.194787368040146,2025-07-31,8.77069091796875,2026-07-31,12.90999984741211,Yahoo Finance yfinance auto_adjust=True
879,300561.SZ,*ST汇科,A,46.93192009653069,2025-07-31,11.88305377960205,2026-07-31,17.459999084472656,Yahoo Finance yfinance auto_adjust=True
880,301265.SZ,华新环保,A,46.83153992567362,2025-07-31,11.537031173706055,2026-07-31,16.940000534057617,Yahoo Finance yfinance auto_adjust=True
881,01622.HK,力高集团,HK,46.66667045108868,2025-08-01,0.10499999672174454,2026-07-31,0.15399999916553497,Yahoo Finance chart adjclose
882,301468.SZ,博盈特焊,A,46.62782378061432,2025-07-31,19.177806854248047,2026-07-31,28.1200008392334,Yahoo Finance yfinance auto_adjust=True
883,688234.SH,天岳先进,A,46.61591161262297,2025-07-31,59.099998474121094,2026-07-31,86.6500015258789,Yahoo Finance yfinance auto_adjust=True
884,603065.SH,宿迁联盛,A,46.50907579411556,2025-07-31,8.709358215332031,2026-07-31,12.760000228881836,Yahoo Finance yfinance auto_adjust=True
885,300821.SZ,东岳硅材,A,46.399776063772904,2025-07-31,9.747282981872559,2026-07-31,14.270000457763672,Yahoo Finance yfinance auto_adjust=True
886,688551.SH,科威尔,A,46.36067058501041,2025-07-31,23.435256958007812,2026-07-31,34.29999923706055,Yahoo Finance yfinance auto_adjust=True
887,301629.SZ,矽电股份,A,46.35886952779209,2025-07-31,154.08016967773438,2026-07-31,225.50999450683594,Yahoo Finance yfinance auto_adjust=True
888,300943.SZ,春晖智控,A,46.356315405694225,2025-07-31,14.990812301635742,2026-07-31,21.940000534057617,Yahoo Finance yfinance auto_adjust=True
889,600885.SH,宏发股份,A,46.31557570755411,2025-07-31,24.269458770751953,2026-07-31,35.5099983215332,Yahoo Finance yfinance auto_adjust=True
890,06693.HK,赤峰黄金,HK,46.3057875055249,2025-08-01,22.815229415893555,2026-07-31,33.380001068115234,Yahoo Finance chart adjclose
891,002580.SZ,圣阳股份,A,46.23707903099958,2025-07-31,13.313996315002441,2026-07-31,19.469999313354492,Yahoo Finance yfinance auto_adjust=True
892,01737.HK,亚洲实业集团,HK,46.15383843874805,2025-08-01,0.10400000214576721,2026-07-31,0.15199999511241913,Yahoo Finance chart adjclose
893,300658.SZ,延江股份,A,46.06429883145906,2025-07-31,6.723066329956055,2026-07-31,9.819999694824219,Yahoo Finance yfinance auto_adjust=True
894,300684.SZ,中石科技,A,46.010775915146105,2025-07-31,29.662195205688477,2026-07-31,43.310001373291016,Yahoo Finance yfinance auto_adjust=True
895,000691.SZ,*ST亚太,A,45.98426136984428,2025-07-31,6.349999904632568,2026-07-31,9.270000457763672,Yahoo Finance yfinance auto_adjust=True
896,01866.HK,中国心连心化肥,HK,45.95119413022361,2025-08-01,6.282922267913818,2026-07-31,9.170000076293945,Yahoo Finance chart adjclose
897,603283.SH,赛腾股份,A,45.94106305942325,2025-07-31,26.380512237548828,2026-07-31,38.5,Yahoo Finance yfinance auto_adjust=True
898,300461.SZ,田中精机,A,45.905708065093684,2025-07-31,20.149999618530273,2026-07-31,29.399999618530273,Yahoo Finance yfinance auto_adjust=True
899,600936.SH,广西广电,A,45.8791151029192,2025-07-31,3.640000104904175,2026-07-31,5.309999942779541,Yahoo Finance yfinance auto_adjust=True
900,002256.SZ,兆新股份,A,45.77777650621202,2025-07-31,2.25,2026-07-31,3.2799999713897705,Yahoo Finance yfinance auto_adjust=True
901,300486.SZ,东杰智能,A,45.77032060050343,2025-07-31,11.792524337768555,2026-07-31,17.190000534057617,Yahoo Finance yfinance auto_adjust=True
902,600531.SH,豫光金铅,A,45.756447763074945,2025-07-31,8.00650691986084,2026-07-31,11.670000076293945,Yahoo Finance yfinance auto_adjust=True
903,002546.SZ,新联电子,A,45.753479251739606,2025-07-31,5.6808247566223145,2026-07-31,8.279999732971191,Yahoo Finance yfinance auto_adjust=True
904,02266.HK,黎氏企业,HK,45.73763416107961,2025-08-01,0.2744658291339874,2026-07-31,0.4000000059604645,Yahoo Finance chart adjclose
905,301328.SZ,维峰电子,A,45.70449537623402,2025-07-31,30.781478881835938,2026-07-31,44.849998474121094,Yahoo Finance yfinance auto_adjust=True
906,600879.SH,航天电子,A,45.653328562136885,2025-07-31,10.010069847106934,2026-07-31,14.579999923706055,Yahoo Finance yfinance auto_adjust=True
907,300939.SZ,秋田微,A,45.506349825505986,2025-07-31,31.270112991333008,2026-07-31,45.5,Yahoo Finance yfinance auto_adjust=True
908,600664.SH,哈药股份,A,45.432088619651864,2025-07-31,4.050000190734863,2026-07-31,5.889999866485596,Yahoo Finance yfinance auto_adjust=True
909,600671.SH,天目药业,A,45.415466916826276,2025-07-31,13.960000038146973,2026-07-31,20.299999237060547,Yahoo Finance yfinance auto_adjust=True
910,300191.SZ,潜能恒信,A,45.34365268137102,2025-07-31,19.84950828552246,2026-07-31,28.850000381469727,Yahoo Finance yfinance auto_adjust=True
911,02350.HK,数科集团,HK,45.238103178623554,2025-08-01,0.41999998688697815,2026-07-31,0.6100000143051147,Yahoo Finance chart adjclose
912,002436.SZ,兴森科技,A,45.212628432639534,2025-07-31,18.94463348388672,2026-07-31,27.510000228881836,Yahoo Finance yfinance auto_adjust=True
913,300274.SZ,阳光电源,A,45.210524459969115,2025-07-31,71.1863021850586,2026-07-31,103.37000274658203,Yahoo Finance yfinance auto_adjust=True
914,000506.SZ,招金黄金,A,45.20000457763671,2025-07-31,10.0,2026-07-31,14.520000457763672,Yahoo Finance yfinance auto_adjust=True
915,02600.HK,中国铝业,HK,45.08560193998026,2025-08-01,5.831040382385254,2026-07-31,8.460000038146973,Yahoo Finance chart adjclose
916,08161.HK,医汇集团,HK,45.054946638452066,2025-08-01,0.45500001311302185,2026-07-31,0.6600000262260437,Yahoo Finance chart adjclose
917,08160.HK,GOLDWAY EDU,HK,44.99999366700658,2025-08-01,0.4000000059604645,2026-07-31,0.5799999833106995,Yahoo Finance chart adjclose
918,300300.SZ,海峡创新,A,44.881894567923574,2025-07-31,5.079999923706055,2026-07-31,7.360000133514404,Yahoo Finance yfinance auto_adjust=True
919,603150.SH,万朗磁塑,A,44.81342280958862,2025-07-31,32.269107818603516,2026-07-31,46.72999954223633,Yahoo Finance yfinance auto_adjust=True
920,601678.SH,滨化股份,A,44.709011831812596,2025-07-31,4.346653938293457,2026-07-31,6.289999961853027,Yahoo Finance yfinance auto_adjust=True
921,01079.HK,松景科技,HK,44.52555244697742,2025-08-01,0.13699999451637268,2026-07-31,0.1979999989271164,Yahoo Finance chart adjclose
922,06616.HK,环球新材国际,HK,44.422699053147,2025-08-01,5.110000133514404,2026-07-31,7.380000114440918,Yahoo Finance chart adjclose
923,01722.HK,建鹏控股,HK,44.28571869524156,2025-08-01,0.07000000029802322,2026-07-31,0.10100000351667404,Yahoo Finance chart adjclose
924,01323.HK,华盛国际控股,HK,44.242421834155856,2025-08-01,0.16500000655651093,2026-07-31,0.23800000548362732,Yahoo Finance chart adjclose
925,301115.SZ,联检科技,A,44.123001469018995,2025-07-31,15.764311790466309,2026-07-31,22.719999313354492,Yahoo Finance yfinance auto_adjust=True
926,300444.SZ,双杰电气,A,44.04650236257284,2025-07-31,7.2337751388549805,2026-07-31,10.420000076293945,Yahoo Finance yfinance auto_adjust=True
927,01277.HK,力量发展,HK,43.53712045061149,2025-08-01,1.1773958206176758,2026-07-31,1.690000057220459,Yahoo Finance chart adjclose
928,002135.SZ,东南网架,A,43.41647886045364,2025-07-31,4.343991756439209,2026-07-31,6.230000019073486,Yahoo Finance yfinance auto_adjust=True
929,300970.SZ,华绿生物,A,43.360943531648275,2025-07-31,11.258296012878418,2026-07-31,16.139999389648438,Yahoo Finance yfinance auto_adjust=True
930,603122.SH,合富中国,A,43.31476612631098,2025-07-31,7.179999828338623,2026-07-31,10.289999961853027,Yahoo Finance yfinance auto_adjust=True
931,06080.HK,荣智控股,HK,43.15790431321174,2025-08-01,0.0949999988079071,2026-07-31,0.13600000739097595,Yahoo Finance chart adjclose
932,002050.SZ,三花智控,A,43.15713991990808,2025-07-31,26.215946197509766,2026-07-31,37.529998779296875,Yahoo Finance yfinance auto_adjust=True
933,002774.SZ,快意电梯,A,43.157056133233866,2025-07-31,10.352266311645508,2026-07-31,14.819999694824219,Yahoo Finance yfinance auto_adjust=True
934,301003.SZ,江苏博云,A,43.056168680064324,2025-07-31,30.896955490112305,2026-07-31,44.20000076293945,Yahoo Finance yfinance auto_adjust=True
935,08218.HK,毅高国际控股,HK,43.05556187935109,2025-08-01,0.07199999690055847,2026-07-31,0.10300000011920929,Yahoo Finance chart adjclose
936,300301.SZ,ST长方,A,42.97872474259417,2025-07-31,2.3499999046325684,2026-07-31,3.359999895095825,Yahoo Finance yfinance auto_adjust=True
937,300938.SZ,信测标准,A,42.93879336076913,2025-07-31,16.965303421020508,2026-07-31,24.25,Yahoo Finance yfinance auto_adjust=True
938,08271.HK,环球数码创意,HK,42.857147201504844,2025-08-01,0.04899999871850014,2026-07-31,0.07000000029802322,Yahoo Finance chart adjclose
939,08147.HK,汇思太平洋,HK,42.85713764390873,2025-08-01,0.24500000476837158,2026-07-31,0.3499999940395355,Yahoo Finance chart adjclose
940,301568.SZ,思泰克,A,42.68647822842262,2025-07-31,40.984962463378906,2026-07-31,58.47999954223633,Yahoo Finance yfinance auto_adjust=True
941,603890.SH,春秋电子,A,42.52959244886769,2025-07-31,12.102749824523926,2026-07-31,17.25,Yahoo Finance yfinance auto_adjust=True
942,301580.SZ,爱迪特,A,42.5248975970129,2025-07-31,35.0465087890625,2026-07-31,49.95000076293945,Yahoo Finance yfinance auto_adjust=True
943,02425.HK,澳亚集团,HK,42.44604600363717,2025-08-01,1.3899999856948853,2026-07-31,1.9800000190734863,Yahoo Finance chart adjclose
944,600711.SH,盛屯矿业,A,42.439221375339066,2025-07-31,7.469852924346924,2026-07-31,10.640000343322754,Yahoo Finance yfinance auto_adjust=True
945,688367.SH,工大高科,A,42.43564568338909,2025-07-31,19.089323043823242,2026-07-31,27.190000534057617,Yahoo Finance yfinance auto_adjust=True
946,301349.SZ,信德新材,A,42.14188043801015,2025-07-31,26.149927139282227,2026-07-31,37.16999816894531,Yahoo Finance yfinance auto_adjust=True
947,08027.HK,吉辉控股,HK,42.105270587836706,2025-08-01,0.0949999988079071,2026-07-31,0.13500000536441803,Yahoo Finance chart adjclose
948,300816.SZ,艾可蓝,A,41.97587632895199,2025-07-31,31.35039520263672,2026-07-31,44.5099983215332,Yahoo Finance yfinance auto_adjust=True
949,600179.SH,安通控股,A,41.88311668205551,2025-07-31,3.0799999237060547,2026-07-31,4.369999885559082,Yahoo Finance yfinance auto_adjust=True
950,688350.SH,富淼科技,A,41.862504837597704,2025-07-31,19.413164138793945,2026-07-31,27.540000915527344,Yahoo Finance yfinance auto_adjust=True
951,01319.HK,霭华押业信贷,HK,41.74476202129496,2025-08-01,0.20459309220314026,2026-07-31,0.28999999165534973,Yahoo Finance chart adjclose
952,002747.SZ,埃斯顿,A,41.61904652913411,2025-07-31,21.0,2026-07-31,29.739999771118164,Yahoo Finance yfinance auto_adjust=True
953,300260.SZ,新莱应材,A,41.54189374858102,2025-07-31,32.20954513549805,2026-07-31,45.59000015258789,Yahoo Finance yfinance auto_adjust=True
954,688003.SH,天准科技,A,41.46602679440894,2025-07-31,48.63358688354492,2026-07-31,68.80000305175781,Yahoo Finance yfinance auto_adjust=True
955,000938.SZ,紫光股份,A,41.446384610679665,2025-07-31,24.666589736938477,2026-07-31,34.88999938964844,Yahoo Finance yfinance auto_adjust=True
956,603012.SH,创力集团,A,41.425793603605875,2025-07-31,5.706172466278076,2026-07-31,8.069999694824219,Yahoo Finance yfinance auto_adjust=True
957,300964.SZ,本川智能,A,41.41724126420452,2025-07-31,33.36933898925781,2026-07-31,47.189998626708984,Yahoo Finance yfinance auto_adjust=True
958,300018.SZ,中元股份,A,41.39288263295124,2025-07-31,8.182872772216797,2026-07-31,11.569999694824219,Yahoo Finance yfinance auto_adjust=True
959,688611.SH,杭州柯林,A,41.29682875294276,2025-07-31,37.630001068115234,2026-07-31,53.16999816894531,Yahoo Finance yfinance auto_adjust=True
960,600629.SH,华建集团,A,41.252850946049094,2025-07-31,10.35731315612793,2026-07-31,14.630000114440918,Yahoo Finance yfinance auto_adjust=True
961,002379.SZ,宏创控股,A,41.188302833402865,2025-07-31,14.710850715637207,2026-07-31,20.770000457763672,Yahoo Finance yfinance auto_adjust=True
962,01332.HK,透云生物,HK,41.00000052154063,2025-08-01,0.10000000149011612,2026-07-31,0.14100000262260437,Yahoo Finance chart adjclose
963,688131.SH,皓元医药,A,40.89552172747328,2025-07-31,55.161441802978516,2026-07-31,77.72000122070312,Yahoo Finance yfinance auto_adjust=True
964,688307.SH,中润光学,A,40.71287894018742,2025-07-31,27.360679626464844,2026-07-31,38.5,Yahoo Finance yfinance auto_adjust=True
965,002326.SZ,永太科技,A,40.70932632432971,2025-07-31,12.970000267028809,2026-07-31,18.25,Yahoo Finance yfinance auto_adjust=True
966,002569.SZ,*ST步森,A,40.63526825458488,2025-07-31,9.130000114440918,2026-07-31,12.84000015258789,Yahoo Finance yfinance auto_adjust=True
967,002056.SZ,横店东磁,A,40.57721278938893,2025-07-31,14.789026260375977,2026-07-31,20.790000915527344,Yahoo Finance yfinance auto_adjust=True
968,688027.SH,国盾量子,A,40.544346386251526,2025-07-31,274.0629577636719,2026-07-31,385.17999267578125,Yahoo Finance yfinance auto_adjust=True
969,002293.SZ,罗莱生活,A,40.53275860067298,2025-07-31,7.926977634429932,2026-07-31,11.140000343322754,Yahoo Finance yfinance auto_adjust=True
970,600151.SH,航天机电,A,40.4166656180664,2025-07-31,7.199999809265137,2026-07-31,10.109999656677246,Yahoo Finance yfinance auto_adjust=True
971,01772.HK,赣锋锂业,HK,40.356034046452784,2025-08-01,26.233285903930664,2026-07-31,36.81999969482422,Yahoo Finance chart adjclose
972,08309.HK,万成环球控股,HK,40.35087398251376,2025-08-01,0.05700000002980232,2026-07-31,0.07999999821186066,Yahoo Finance chart adjclose
973,02722.HK,重庆机电,HK,40.32556539877588,2025-08-01,1.3112365007400513,2026-07-31,1.840000033378601,Yahoo Finance chart adjclose
974,06666.HK,恒大物业,HK,40.25974930750238,2025-08-01,0.7699999809265137,2026-07-31,1.0800000429153442,Yahoo Finance chart adjclose
975,600568.SH,ST中珠,A,40.24390075477653,2025-07-31,1.6399999856948853,2026-07-31,2.299999952316284,Yahoo Finance yfinance auto_adjust=True
976,603296.SH,华勤技术,A,40.23658295277976,2025-07-31,57.959197998046875,2026-07-31,81.27999877929688,Yahoo Finance yfinance auto_adjust=True
977,01112.HK,H&H国际控股,HK,40.16072505436685,2025-08-01,10.837557792663574,2026-07-31,15.1899995803833,Yahoo Finance chart adjclose
978,300433.SZ,蓝思科技,A,40.115778840175494,2025-07-31,22.538503646850586,2026-07-31,31.579999923706055,Yahoo Finance yfinance auto_adjust=True
979,300102.SZ,乾照光电,A,40.10547819851402,2025-07-31,11.791116714477539,2026-07-31,16.520000457763672,Yahoo Finance yfinance auto_adjust=True
980,688323.SH,瑞华泰,A,39.99999999999999,2025-07-31,16.25,2026-07-31,22.75,Yahoo Finance yfinance auto_adjust=True
981,300936.SZ,中英科技,A,39.94176037406065,2025-07-31,41.209999084472656,2026-07-31,57.66999816894531,Yahoo Finance yfinance auto_adjust=True
982,01729.HK,汇聚科技,HK,39.90028448962561,2025-08-01,9.428143501281738,2026-07-31,13.1899995803833,Yahoo Finance chart adjclose
983,002921.SZ,联诚精密,A,39.89431852633258,2025-07-31,15.140000343322754,2026-07-31,21.18000030517578,Yahoo Finance yfinance auto_adjust=True
984,002128.SZ,电投能源,A,39.87858056361458,2025-07-31,19.288156509399414,2026-07-31,26.979999542236328,Yahoo Finance yfinance auto_adjust=True
985,600578.SH,京能电力,A,39.85211070868839,2025-07-31,4.118636608123779,2026-07-31,5.760000228881836,Yahoo Finance yfinance auto_adjust=True
986,000782.SZ,恒申新材,A,39.78724336775286,2025-07-31,4.699999809265137,2026-07-31,6.570000171661377,Yahoo Finance yfinance auto_adjust=True
987,01171.HK,兖矿能源,HK,39.727298252536755,2025-08-01,8.487961769104004,2026-07-31,11.859999656677246,Yahoo Finance chart adjclose
988,601231.SH,环旭电子,A,39.687722589805844,2025-07-31,15.727938652038574,2026-07-31,21.969999313354492,Yahoo Finance yfinance auto_adjust=True
989,01113.HK,长实集团,HK,39.6687678101507,2025-08-01,34.25246810913086,2026-07-31,47.84000015258789,Yahoo Finance chart adjclose
990,688400.SH,凌云光,A,39.559117801825195,2025-07-31,30.603517532348633,2026-07-31,42.709999084472656,Yahoo Finance yfinance auto_adjust=True
991,301008.SZ,宏昌科技,A,39.51715538910181,2025-07-31,23.04376220703125,2026-07-31,32.150001525878906,Yahoo Finance yfinance auto_adjust=True
992,600580.SH,卧龙电驱,A,39.47861466709692,2025-07-31,22.72032928466797,2026-07-31,31.690000534057617,Yahoo Finance yfinance auto_adjust=True
993,300323.SZ,华灿光电,A,39.46309542721473,2025-07-31,7.449999809265137,2026-07-31,10.390000343322754,Yahoo Finance yfinance auto_adjust=True
994,301448.SZ,开创电气,A,39.45697597278814,2025-07-31,28.360000610351562,2026-07-31,39.54999923706055,Yahoo Finance yfinance auto_adjust=True
995,600066.SH,宇通客车,A,39.42799424682413,2025-07-31,23.094358444213867,2026-07-31,32.20000076293945,Yahoo Finance yfinance auto_adjust=True
996,002283.SZ,天润工业,A,39.37779654972522,2025-07-31,6.019610404968262,2026-07-31,8.390000343322754,Yahoo Finance yfinance auto_adjust=True
997,01823.HK,华昱高速,HK,39.32584600758038,2025-08-01,0.8899999856948853,2026-07-31,1.2400000095367432,Yahoo Finance chart adjclose
998,605028.SH,世茂能源,A,39.27670330288902,2025-07-31,19.314069747924805,2026-07-31,26.899999618530273,Yahoo Finance yfinance auto_adjust=True
999,002485.SZ,ST雪发,A,39.257295134249894,2025-07-31,3.7699999809265137,2026-07-31,5.25,Yahoo Finance yfinance auto_adjust=True
1000,002816.SZ,*ST和科,A,39.25500386606981,2025-07-31,17.450000762939453,2026-07-31,24.299999237060547,Yahoo Finance yfinance auto_adjust=True
1001,603129.SH,春风动力,A,39.17415228213488,2025-07-31,220.0264892578125,2026-07-31,306.2200012207031,Yahoo Finance yfinance auto_adjust=True
1002,600753.SH,*ST海钦,A,39.16293482790776,2025-07-31,6.690000057220459,2026-07-31,9.3100004196167,Yahoo Finance yfinance auto_adjust=True
1003,08429.HK,华美乐乐,HK,39.02438647650606,2025-08-01,0.04100000113248825,2026-07-31,0.05700000002980232,Yahoo Finance chart adjclose
1004,300472.SZ,*ST新元,A,39.0191876626673,2025-07-31,4.690000057220459,2026-07-31,6.519999980926514,Yahoo Finance yfinance auto_adjust=True
1005,601677.SH,明泰铝业,A,38.97543471487204,2025-07-31,12.117249488830566,2026-07-31,16.84000015258789,Yahoo Finance yfinance auto_adjust=True
1006,603317.SH,天味食品,A,38.970175164673115,2025-07-31,10.908815383911133,2026-07-31,15.15999984741211,Yahoo Finance yfinance auto_adjust=True
1007,688301.SH,奕瑞科技,A,38.82841015441287,2025-07-31,60.549564361572266,2026-07-31,84.05999755859375,Yahoo Finance yfinance auto_adjust=True
1008,300316.SZ,晶盛机电,A,38.816775103146185,2025-07-31,27.80643653869629,2026-07-31,38.599998474121094,Yahoo Finance yfinance auto_adjust=True
1009,688596.SH,正帆科技,A,38.78848076669923,2025-07-31,35.81709289550781,2026-07-31,49.709999084472656,Yahoo Finance yfinance auto_adjust=True
1010,603110.SH,东方材料,A,38.762206564981994,2025-07-31,15.350000381469727,2026-07-31,21.299999237060547,Yahoo Finance yfinance auto_adjust=True
1011,002043.SZ,兔 宝 宝,A,38.75367158942775,2025-07-31,9.498847961425781,2026-07-31,13.180000305175781,Yahoo Finance yfinance auto_adjust=True
1012,002001.SZ,新 和 成,A,38.7505322014037,2025-07-31,21.628746032714844,2026-07-31,30.010000228881836,Yahoo Finance yfinance auto_adjust=True
1013,002415.SZ,海康威视,A,38.688947830619625,2025-07-31,27.14708137512207,2026-07-31,37.650001525878906,Yahoo Finance yfinance auto_adjust=True
1014,300593.SZ,新雷能,A,38.67595884424415,2025-07-31,17.219999313354492,2026-07-31,23.8799991607666,Yahoo Finance yfinance auto_adjust=True
1015,300996.SZ,普联软件,A,38.599515297104126,2025-07-31,13.434391021728516,2026-07-31,18.6200008392334,Yahoo Finance yfinance auto_adjust=True
1016,300909.SZ,汇创达,A,38.561637079901566,2025-07-31,29.200000762939453,2026-07-31,40.459999084472656,Yahoo Finance yfinance auto_adjust=True
1017,688981.SH,中芯国际,A,38.536310462312315,2025-07-31,89.5,2026-07-31,123.98999786376953,Yahoo Finance yfinance auto_adjust=True
1018,002460.SZ,赣锋锂业,A,38.47861150494896,2025-07-31,35.897239685058594,2026-07-31,49.709999084472656,Yahoo Finance yfinance auto_adjust=True
1019,01906.HK,博尼控股,HK,38.46153987229934,2025-08-01,0.32499998807907104,2026-07-31,0.44999998807907104,Yahoo Finance chart adjclose
1020,002448.SZ,中原内配,A,38.42503234641947,2025-07-31,8.459452629089355,2026-07-31,11.710000038146973,Yahoo Finance yfinance auto_adjust=True
1021,301182.SZ,凯旺科技,A,38.39868737850522,2025-07-31,36.720001220703125,2026-07-31,50.81999969482422,Yahoo Finance yfinance auto_adjust=True
1022,300849.SZ,锦盛新材,A,38.39079848262745,2025-07-31,13.050000190734863,2026-07-31,18.059999465942383,Yahoo Finance yfinance auto_adjust=True
1023,01179.HK,华住集团-S,HK,38.36933532646838,2025-08-01,24.051570892333984,2026-07-31,33.279998779296875,Yahoo Finance chart adjclose
1024,02678.HK,天虹国际集团,HK,38.31579308760793,2025-08-01,4.75,2026-07-31,6.570000171661377,Yahoo Finance chart adjclose
1025,01712.HK,龙资源,HK,38.28571864536829,2025-08-01,3.5,2026-07-31,4.840000152587891,Yahoo Finance chart adjclose
1026,301055.SZ,张小泉,A,38.274783483312255,2025-07-31,18.62957191467285,2026-07-31,25.760000228881836,Yahoo Finance yfinance auto_adjust=True
1027,02280.HK,慧聪集团,HK,38.25503006684221,2025-08-01,0.14900000393390656,2026-07-31,0.20600000023841858,Yahoo Finance chart adjclose
1028,001229.SZ,魅视科技,A,38.23182966609255,2025-07-31,23.004831314086914,2026-07-31,31.799999237060547,Yahoo Finance yfinance auto_adjust=True
1029,688335.SH,复洁科技,A,38.1598918403738,2025-07-31,13.39028263092041,2026-07-31,18.5,Yahoo Finance yfinance auto_adjust=True
1030,002600.SZ,领益智造,A,37.96771118415245,2025-07-31,8.98760986328125,2026-07-31,12.399999618530273,Yahoo Finance yfinance auto_adjust=True
1031,02208.HK,金风科技,HK,37.907462963798544,2025-08-01,7.069958209991455,2026-07-31,9.75,Yahoo Finance chart adjclose
1032,02136.HK,利福中国,HK,37.88820709565397,2025-08-01,0.4351351261138916,2026-07-31,0.6000000238418579,Yahoo Finance chart adjclose
1033,688333.SH,铂力特,A,37.86317716245116,2025-07-31,59.05130386352539,2026-07-31,81.41000366210938,Yahoo Finance yfinance auto_adjust=True
1034,301488.SZ,豪恩汽电,A,37.79071666958862,2025-07-31,71.45619201660156,2026-07-31,98.45999908447266,Yahoo Finance yfinance auto_adjust=True
1035,688559.SH,海目星,A,37.664840871665064,2025-07-31,31.09000015258789,2026-07-31,42.79999923706055,Yahoo Finance yfinance auto_adjust=True
1036,000725.SZ,京东方Ａ,A,37.53396450873237,2025-07-31,4.006283283233643,2026-07-31,5.510000228881836,Yahoo Finance yfinance auto_adjust=True
1037,002762.SZ,*ST金比,A,37.49441483623366,2025-07-31,6.174796104431152,2026-07-31,8.489999771118164,Yahoo Finance yfinance auto_adjust=True
1038,02038.HK,富智康集团,HK,37.461936064338985,2025-08-01,14.040249824523926,2026-07-31,19.299999237060547,Yahoo Finance chart adjclose
1039,003032.SZ,*ST传智,A,37.44150747793753,2025-07-31,6.409999847412109,2026-07-31,8.8100004196167,Yahoo Finance yfinance auto_adjust=True
1040,002595.SZ,豪迈科技,A,37.36955782297553,2025-07-31,37.98512649536133,2026-07-31,52.18000030517578,Yahoo Finance yfinance auto_adjust=True
1041,301286.SZ,侨源股份,A,37.33081040261066,2025-07-31,25.893680572509766,2026-07-31,35.560001373291016,Yahoo Finance yfinance auto_adjust=True
1042,08065.HK,高萌科技,HK,37.25490511174119,2025-08-01,0.10199999809265137,2026-07-31,0.14000000059604645,Yahoo Finance chart adjclose
1043,01088.HK,中国神华,HK,37.19815862104554,2025-08-01,31.676809310913086,2026-07-31,43.459999084472656,Yahoo Finance chart adjclose
1044,01629.HK,冠均国际控股,HK,37.19007816644289,2025-08-01,0.12099999934434891,2026-07-31,0.16599999368190765,Yahoo Finance chart adjclose
1045,003041.SZ,真爱美家,A,37.16238907632716,2025-07-31,27.704387664794922,2026-07-31,38.0,Yahoo Finance yfinance auto_adjust=True
1046,688097.SH,博众精工,A,37.147199478949645,2025-07-31,29.08553695678711,2026-07-31,39.88999938964844,Yahoo Finance yfinance auto_adjust=True
1047,600550.SH,保变电气,A,37.13956446013344,2025-07-31,8.670000076293945,2026-07-31,11.890000343322754,Yahoo Finance yfinance auto_adjust=True
1048,301108.SZ,洁雅股份,A,37.032001111253706,2025-07-31,25.979331970214844,2026-07-31,35.599998474121094,Yahoo Finance yfinance auto_adjust=True
1049,688376.SH,美埃科技,A,36.99927153275142,2025-07-31,45.23381805419922,2026-07-31,61.970001220703125,Yahoo Finance yfinance auto_adjust=True
1050,08668.HK,瀛海集团,HK,36.956523675718024,2025-08-01,0.09200000017881393,2026-07-31,0.12600000202655792,Yahoo Finance chart adjclose
1051,02628.HK,中国人寿,HK,36.94334376726695,2025-08-01,21.32268714904785,2026-07-31,29.200000762939453,Yahoo Finance chart adjclose
1052,600227.SH,赤天化,A,36.82007687851636,2025-07-31,2.390000104904175,2026-07-31,3.2699999809265137,Yahoo Finance yfinance auto_adjust=True
1053,300419.SZ,ST浩丰,A,36.795778446338566,2025-07-31,5.679999828338623,2026-07-31,7.769999980926514,Yahoo Finance yfinance auto_adjust=True
1054,000612.SZ,焦作万方,A,36.75251829576847,2025-07-31,8.109539985656738,2026-07-31,11.09000015258789,Yahoo Finance yfinance auto_adjust=True
1055,002361.SZ,神剑股份,A,36.66169931686505,2025-07-31,6.710000038146973,2026-07-31,9.170000076293945,Yahoo Finance yfinance auto_adjust=True
1056,300506.SZ,*ST名家,A,36.579571209003056,2025-07-31,4.210000038146973,2026-07-31,5.75,Yahoo Finance yfinance auto_adjust=True
1057,603903.SH,中持股份,A,36.53365566413542,2025-07-31,8.020000457763672,2026-07-31,10.949999809265137,Yahoo Finance yfinance auto_adjust=True
1058,300811.SZ,铂科新材,A,36.53154645039112,2025-07-31,42.54694366455078,2026-07-31,58.09000015258789,Yahoo Finance yfinance auto_adjust=True
1059,02663.HK,应力控股,HK,36.52967436270276,2025-08-01,0.3332608938217163,2026-07-31,0.45500001311302185,Yahoo Finance chart adjclose
1060,603659.SH,璞泰来,A,36.48843616081283,2025-07-31,17.437374114990234,2026-07-31,23.799999237060547,Yahoo Finance yfinance auto_adjust=True
1061,002493.SZ,荣盛石化,A,36.441481986804746,2025-07-31,9.058828353881836,2026-07-31,12.359999656677246,Yahoo Finance yfinance auto_adjust=True
1062,603519.SH,立霸股份,A,36.39419793049905,2025-07-31,11.239480972290039,2026-07-31,15.329999923706055,Yahoo Finance yfinance auto_adjust=True
1063,300726.SZ,宏达电子,A,36.330752389270856,2025-07-31,34.87841033935547,2026-07-31,47.54999923706055,Yahoo Finance yfinance auto_adjust=True
1064,301500.SZ,飞南资源,A,36.24360123283936,2025-07-31,15.486966133117676,2026-07-31,21.100000381469727,Yahoo Finance yfinance auto_adjust=True
1065,000779.SZ,甘咨询,A,36.22529463058417,2025-07-31,9.38151741027832,2026-07-31,12.779999732971191,Yahoo Finance yfinance auto_adjust=True
1066,01871.HK,向中国际,HK,36.1607132759896,2025-08-01,0.2240000069141388,2026-07-31,0.3050000071525574,Yahoo Finance chart adjclose
1067,01891.HK,兴合控股,HK,36.000001430511475,2025-08-01,0.125,2026-07-31,0.17000000178813934,Yahoo Finance chart adjclose
1068,603298.SH,杭叉集团,A,35.98440716440159,2025-07-31,20.656780242919922,2026-07-31,28.09000015258789,Yahoo Finance yfinance auto_adjust=True
1069,603889.SH,新澳股份,A,35.979519415053595,2025-07-31,4.294764518737793,2026-07-31,5.840000152587891,Yahoo Finance yfinance auto_adjust=True
1070,603259.SH,药明康德,A,35.97262902357738,2025-07-31,94.45282745361328,2026-07-31,128.42999267578125,Yahoo Finance yfinance auto_adjust=True
1071,301191.SZ,菲菱科思,A,35.68919731803577,2025-07-31,65.0014877319336,2026-07-31,88.19999694824219,Yahoo Finance yfinance auto_adjust=True
1072,600546.SH,山煤国际,A,35.51161601371291,2025-07-31,9.320234298706055,2026-07-31,12.630000114440918,Yahoo Finance yfinance auto_adjust=True
1073,02361.HK,中康控股,HK,35.4705464054502,2025-08-01,3.557969093322754,2026-07-31,4.820000171661377,Yahoo Finance chart adjclose
1074,06811.HK,太兴集团,HK,35.39475684651923,2025-08-01,0.8715255856513977,2026-07-31,1.1799999475479126,Yahoo Finance chart adjclose
1075,08416.HK,HM INTL HLDGS,HK,35.294116787706955,2025-08-01,0.10199999809265137,2026-07-31,0.1379999965429306,Yahoo Finance chart adjclose
1076,002860.SZ,星帅尔,A,35.26224301214922,2025-07-31,12.3316011428833,2026-07-31,16.68000030517578,Yahoo Finance yfinance auto_adjust=True
1077,01389.HK,美捷汇控股,HK,35.135133393582365,2025-08-01,0.3700000047683716,2026-07-31,0.5,Yahoo Finance chart adjclose
1078,000751.SZ,锌业股份,A,35.10930521250777,2025-07-31,3.2936294078826904,2026-07-31,4.449999809265137,Yahoo Finance yfinance auto_adjust=True
1079,02142.HK,和铂医药-B,HK,35.033255953908984,2025-08-01,9.020000457763672,2026-07-31,12.180000305175781,Yahoo Finance chart adjclose
1080,301557.SZ,常友科技,A,35.027378781394944,2025-07-31,50.115760803222656,2026-07-31,67.66999816894531,Yahoo Finance yfinance auto_adjust=True
1081,688779.SH,五矿新能,A,35.01492782708002,2025-07-31,5.643820285797119,2026-07-31,7.619999885559082,Yahoo Finance yfinance auto_adjust=True
1082,603286.SH,日盈电子,A,34.966038350869646,2025-07-31,27.969999313354492,2026-07-31,37.75,Yahoo Finance yfinance auto_adjust=True
1083,688099.SH,晶晨股份,A,34.86808160533252,2025-07-31,72.21871948242188,2026-07-31,97.4000015258789,Yahoo Finance yfinance auto_adjust=True
1084,08535.HK,荧德控股,HK,34.831455312674066,2025-08-01,0.08900000154972076,2026-07-31,0.11999999731779099,Yahoo Finance chart adjclose
1085,000060.SZ,中金岭南,A,34.81157797966248,2025-07-31,4.680606842041016,2026-07-31,6.309999942779541,Yahoo Finance yfinance auto_adjust=True
1086,002821.SZ,凯莱英,A,34.77902268917028,2025-07-31,113.25946044921875,2026-07-31,152.64999389648438,Yahoo Finance yfinance auto_adjust=True
1087,300661.SZ,圣邦股份,A,34.75187229315424,2025-07-31,71.04168701171875,2026-07-31,95.7300033569336,Yahoo Finance yfinance auto_adjust=True
1088,300602.SZ,飞荣达,A,34.75064298679704,2025-07-31,23.539775848388672,2026-07-31,31.719999313354492,Yahoo Finance yfinance auto_adjust=True
1089,02458.HK,望尘科技控股,HK,34.65552944952286,2025-08-01,4.789999961853027,2026-07-31,6.449999809265137,Yahoo Finance chart adjclose
1090,02199.HK,维珍妮,HK,34.64989799803546,2025-08-01,1.7526934146881104,2026-07-31,2.359999895095825,Yahoo Finance chart adjclose
1091,601069.SH,西部黄金,A,34.58585824352794,2025-07-31,18.909862518310547,2026-07-31,25.450000762939453,Yahoo Finance yfinance auto_adjust=True
1092,002645.SZ,华宏科技,A,34.48064000895423,2025-07-31,11.860443115234375,2026-07-31,15.949999809265137,Yahoo Finance yfinance auto_adjust=True
1093,08118.HK,濠亮环球,HK,34.374991753914784,2025-08-01,0.09600000083446503,2026-07-31,0.1289999932050705,Yahoo Finance chart adjclose
1094,002897.SZ,意华股份,A,34.361026497419125,2025-07-31,38.68681335449219,2026-07-31,51.97999954223633,Yahoo Finance yfinance auto_adjust=True
1095,01141.HK,民银资本,HK,34.328351304429816,2025-08-01,0.6700000166893005,2026-07-31,0.8999999761581421,Yahoo Finance chart adjclose
1096,603336.SH,宏辉果蔬,A,34.190941151205465,2025-07-31,7.280670642852783,2026-07-31,9.770000457763672,Yahoo Finance yfinance auto_adjust=True
1097,300756.SZ,金马游乐,A,34.17810909638514,2025-07-31,18.922609329223633,2026-07-31,25.389999389648438,Yahoo Finance yfinance auto_adjust=True
1098,603538.SH,美诺华,A,34.104080394576684,2025-07-31,18.433443069458008,2026-07-31,24.719999313354492,Yahoo Finance yfinance auto_adjust=True
1099,08092.HK,ITE HOLDINGS,HK,34.084301475604775,2025-08-01,0.030577778816223145,2026-07-31,0.04100000113248825,Yahoo Finance chart adjclose
1100,301446.SZ,福事特,A,34.04455533528772,2025-07-31,25.0588321685791,2026-07-31,33.59000015258789,Yahoo Finance yfinance auto_adjust=True
1101,02107.HK,第一服务控股,HK,34.038805674236315,2025-08-01,0.28349998593330383,2026-07-31,0.3799999952316284,Yahoo Finance chart adjclose
1102,300450.SZ,先导智能,A,33.91399725005859,2025-07-31,25.277416229248047,2026-07-31,33.849998474121094,Yahoo Finance yfinance auto_adjust=True
1103,300700.SZ,岱勒新材,A,33.843211748975776,2025-07-31,10.460000038146973,2026-07-31,14.0,Yahoo Finance yfinance auto_adjust=True
1104,688359.SH,三孚新科,A,33.73531167574555,2025-07-31,64.68000030517578,2026-07-31,86.5,Yahoo Finance yfinance auto_adjust=True
1105,603906.SH,龙蟠科技,A,33.71592504119647,2025-07-31,13.9399995803833,2026-07-31,18.639999389648438,Yahoo Finance yfinance auto_adjust=True
1106,603926.SH,铁流股份,A,33.54387374175525,2025-07-31,11.501837730407715,2026-07-31,15.359999656677246,Yahoo Finance yfinance auto_adjust=True
1107,300878.SZ,维康药业,A,33.48945897319966,2025-07-31,21.350000381469727,2026-07-31,28.5,Yahoo Finance yfinance auto_adjust=True
1108,600094.SH,大名城,A,33.44052203704535,2025-07-31,3.109999895095825,2026-07-31,4.150000095367432,Yahoo Finance yfinance auto_adjust=True
1109,01200.HK,美联集团,HK,33.36909398729979,2025-08-01,1.6945455074310303,2026-07-31,2.259999990463257,Yahoo Finance chart adjclose
1110,01673.HK,华章科技,HK,33.33334216365132,2025-08-01,0.22499999403953552,2026-07-31,0.30000001192092896,Yahoo Finance chart adjclose
1111,08611.HK,九福来,HK,33.33333621278478,2025-08-01,0.6899999976158142,2026-07-31,0.9200000166893005,Yahoo Finance chart adjclose
1112,08080.HK,北亚策略,HK,33.333327312662384,2025-08-01,0.33000001311302185,2026-07-31,0.4399999976158142,Yahoo Finance chart adjclose
1113,01746.HK,万顺集团控股,HK,33.33332505491078,2025-08-01,0.36000001430511475,2026-07-31,0.47999998927116394,Yahoo Finance chart adjclose
1114,000700.SZ,模塑科技,A,33.24283633568046,2025-07-31,7.640185832977295,2026-07-31,10.180000305175781,Yahoo Finance yfinance auto_adjust=True
1115,003043.SZ,华亚智能,A,33.22737103128777,2025-07-31,43.43701934814453,2026-07-31,57.869998931884766,Yahoo Finance yfinance auto_adjust=True
1116,600331.SH,宏达股份,A,33.227177166566804,2025-07-31,9.420000076293945,2026-07-31,12.550000190734863,Yahoo Finance yfinance auto_adjust=True
1117,08502.HK,远航港口,HK,33.216373686840875,2025-08-01,0.2514705955982208,2026-07-31,0.33500000834465027,Yahoo Finance chart adjclose
1118,002518.SZ,科士达,A,33.1966025019925,2025-07-31,22.988574981689453,2026-07-31,30.6200008392334,Yahoo Finance yfinance auto_adjust=True
1119,300731.SZ,科创新源,A,33.11658516477243,2025-07-31,23.80620002746582,2026-07-31,31.690000534057617,Yahoo Finance yfinance auto_adjust=True
1120,02317.HK,味丹国际,HK,33.058637037967074,2025-08-01,0.533599317073822,2026-07-31,0.7099999785423279,Yahoo Finance chart adjclose
1121,601600.SH,中国铝业,A,33.026738251474775,2025-07-31,7.194042205810547,2026-07-31,9.569999694824219,Yahoo Finance yfinance auto_adjust=True
1122,600737.SH,中粮糖业,A,32.99630217409606,2025-07-31,9.436352729797363,2026-07-31,12.550000190734863,Yahoo Finance yfinance auto_adjust=True
1123,002126.SZ,银轮股份,A,32.95642084296737,2025-07-31,28.911727905273438,2026-07-31,38.439998626708984,Yahoo Finance yfinance auto_adjust=True
1124,301520.SZ,万邦医药,A,32.94216660598583,2025-07-31,34.5338134765625,2026-07-31,45.90999984741211,Yahoo Finance yfinance auto_adjust=True
1125,002648.SZ,卫星化学,A,32.891999628627985,2025-07-31,19.10573959350586,2026-07-31,25.389999389648438,Yahoo Finance yfinance auto_adjust=True
1126,603179.SH,新泉股份,A,32.882327186464934,2025-07-31,29.048255920410156,2026-07-31,38.599998474121094,Yahoo Finance yfinance auto_adjust=True
1127,000975.SZ,山金国际,A,32.80316521256399,2025-07-31,17.60500144958496,2026-07-31,23.3799991607666,Yahoo Finance yfinance auto_adjust=True
1128,01231.HK,新矿资源,HK,32.74337041722526,2025-08-01,0.22599999606609344,2026-07-31,0.30000001192092896,Yahoo Finance chart adjclose
1129,605007.SH,五洲特纸,A,32.7314097039882,2025-07-31,11.81333065032959,2026-07-31,15.680000305175781,Yahoo Finance yfinance auto_adjust=True
1130,000951.SZ,中国重汽,A,32.730743107230744,2025-07-31,17.486528396606445,2026-07-31,23.209999084472656,Yahoo Finance yfinance auto_adjust=True
1131,600352.SH,浙江龙盛,A,32.73026361253344,2025-07-31,10.005253791809082,2026-07-31,13.279999732971191,Yahoo Finance yfinance auto_adjust=True
1132,002413.SZ,雷科防务,A,32.718117395707466,2025-07-31,5.960000038146973,2026-07-31,7.909999847412109,Yahoo Finance yfinance auto_adjust=True
1133,08340.HK,紫荆国际金融,HK,32.60869635638757,2025-08-01,0.46000000834465027,2026-07-31,0.6100000143051147,Yahoo Finance chart adjclose
1134,688584.SH,上海合晶,A,32.59051936197863,2025-07-31,17.950000762939453,2026-07-31,23.799999237060547,Yahoo Finance yfinance auto_adjust=True
1135,01623.HK,海隆控股,HK,32.53012480800168,2025-08-01,0.16599999368190765,2026-07-31,0.2199999988079071,Yahoo Finance chart adjclose
1136,300721.SZ,怡达股份,A,32.530119097584056,2025-07-31,14.9399995803833,2026-07-31,19.799999237060547,Yahoo Finance yfinance auto_adjust=True
1137,600791.SH,京能置业,A,32.45436992254249,2025-07-31,4.929999828338623,2026-07-31,6.53000020980835,Yahoo Finance yfinance auto_adjust=True
1138,01398.HK,工商银行,HK,32.42040874941272,2025-08-01,5.671331405639648,2026-07-31,7.510000228881836,Yahoo Finance chart adjclose
1139,01466.HK,佰金生命-八千,HK,32.35293627816507,2025-08-01,0.6800000071525574,2026-07-31,0.8999999761581421,Yahoo Finance chart adjclose
1140,600295.SH,鄂尔多斯,A,32.3076365836591,2025-07-31,9.636631965637207,2026-07-31,12.75,Yahoo Finance yfinance auto_adjust=True
1141,002631.SZ,德尔未来,A,32.29165942304692,2025-07-31,4.800000190734863,2026-07-31,6.349999904632568,Yahoo Finance yfinance auto_adjust=True
1142,002115.SZ,三维通信,A,32.273260836110666,2025-07-31,8.489999771118164,2026-07-31,11.229999542236328,Yahoo Finance yfinance auto_adjust=True
1143,688697.SH,纽威数控,A,32.26615764553635,2025-07-31,9.737940788269043,2026-07-31,12.880000114440918,Yahoo Finance yfinance auto_adjust=True
1144,300854.SZ,中兰环保,A,32.21747531512704,2025-07-31,11.692856788635254,2026-07-31,15.460000038146973,Yahoo Finance yfinance auto_adjust=True
1145,001326.SZ,联域股份,A,32.18751695123401,2025-07-31,33.96689987182617,2026-07-31,44.900001525878906,Yahoo Finance yfinance auto_adjust=True
1146,603727.SH,博迈科,A,32.18454570930669,2025-07-31,13.53410816192627,2026-07-31,17.889999389648438,Yahoo Finance yfinance auto_adjust=True
1147,002317.SZ,众生药业,A,31.996183806777555,2025-07-31,19.86421012878418,2026-07-31,26.219999313354492,Yahoo Finance yfinance auto_adjust=True
1148,000333.SZ,美的集团,A,31.990203539232965,2025-07-31,66.36856079101562,2026-07-31,87.5999984741211,Yahoo Finance yfinance auto_adjust=True
1149,02651.HK,大众口腔,HK,31.85055897268656,2025-08-01,14.106880187988281,2026-07-31,18.600000381469727,Yahoo Finance chart adjclose
1150,688655.SH,迅捷兴,A,31.841875664402753,2025-07-31,23.020000457763672,2026-07-31,30.350000381469727,Yahoo Finance yfinance auto_adjust=True
1151,601857.SH,中国石油,A,31.816590329172122,2025-07-31,8.405618667602539,2026-07-31,11.079999923706055,Yahoo Finance yfinance auto_adjust=True
1152,000301.SZ,东方盛虹,A,31.80291215602582,2025-07-31,8.930000305175781,2026-07-31,11.770000457763672,Yahoo Finance yfinance auto_adjust=True
1153,01047.HK,毅兴行,HK,31.746030094101553,2025-08-01,0.3149999976158142,2026-07-31,0.41499999165534973,Yahoo Finance chart adjclose
1154,600186.SH,莲花控股,A,31.553403564195825,2025-07-31,6.179999828338623,2026-07-31,8.130000114440918,Yahoo Finance yfinance auto_adjust=True
1155,603557.SH,ST起步,A,31.521743731297413,2025-07-31,2.759999990463257,2026-07-31,3.630000114440918,Yahoo Finance yfinance auto_adjust=True
1156,600219.SH,南山铝业,A,31.450628379122225,2025-07-31,3.5907015800476074,2026-07-31,4.71999979019165,Yahoo Finance yfinance auto_adjust=True
1157,002841.SZ,视源股份,A,31.445126817174305,2025-07-31,34.379364013671875,2026-07-31,45.189998626708984,Yahoo Finance yfinance auto_adjust=True
1158,002155.SZ,湖南黄金,A,31.428777752534522,2025-07-31,17.538015365600586,2026-07-31,23.049999237060547,Yahoo Finance yfinance auto_adjust=True
1159,603118.SH,共进股份,A,31.413679899469837,2025-07-31,11.041468620300293,2026-07-31,14.510000228881836,Yahoo Finance yfinance auto_adjust=True
1160,301122.SZ,采纳股份,A,31.402008539339143,2025-07-31,22.75459861755371,2026-07-31,29.899999618530273,Yahoo Finance yfinance auto_adjust=True
1161,301306.SZ,西测测试,A,31.396849578148746,2025-07-31,62.13999938964844,2026-07-31,81.6500015258789,Yahoo Finance yfinance auto_adjust=True
1162,002805.SZ,丰元股份,A,31.36185727362555,2025-07-31,12.850000381469727,2026-07-31,16.8799991607666,Yahoo Finance yfinance auto_adjust=True
1163,301075.SZ,多瑞医药,A,31.208844069406783,2025-07-31,37.970001220703125,2026-07-31,49.81999969482422,Yahoo Finance yfinance auto_adjust=True
1164,603679.SH,华体科技,A,31.203257559554554,2025-07-31,14.710000038146973,2026-07-31,19.299999237060547,Yahoo Finance yfinance auto_adjust=True
1165,01397.HK,碧瑶绿色集团,HK,31.171170443589126,2025-08-01,0.6937500238418579,2026-07-31,0.9100000262260437,Yahoo Finance chart adjclose
1166,002738.SZ,中矿资源,A,31.138938744339974,2025-07-31,35.88560485839844,2026-07-31,47.060001373291016,Yahoo Finance yfinance auto_adjust=True
1167,02637.HK,海西新药,HK,31.134975463070337,2025-12-08,130.39999389648438,2026-07-31,171.0,Yahoo Finance chart adjclose
1168,000981.SZ,山子高科,A,31.0344888334954,2025-07-31,2.0299999713897705,2026-07-31,2.6600000858306885,Yahoo Finance yfinance auto_adjust=True
1169,01157.HK,中联重科,HK,30.928103128397844,2025-08-01,5.78179931640625,2026-07-31,7.570000171661377,Yahoo Finance chart adjclose
1170,300710.SZ,万隆光电,A,30.894308076342014,2025-07-31,19.68000030517578,2026-07-31,25.760000228881836,Yahoo Finance yfinance auto_adjust=True
1171,301638.SZ,南网数字,A,30.893759150795795,2025-11-18,18.434797286987305,2026-07-31,24.1299991607666,Yahoo Finance yfinance auto_adjust=True
1172,002039.SZ,黔源电力,A,30.806440968539928,2025-07-31,15.404439926147461,2026-07-31,20.149999618530273,Yahoo Finance yfinance auto_adjust=True
1173,000415.SZ,渤海租赁,A,30.747131201058252,2025-07-31,3.4800000190734863,2026-07-31,4.550000190734863,Yahoo Finance yfinance auto_adjust=True
1174,002756.SZ,永兴材料,A,30.740162601482226,2025-07-31,34.511199951171875,2026-07-31,45.119998931884766,Yahoo Finance yfinance auto_adjust=True
1175,603391.SH,力聚热能,A,30.72058119930119,2025-07-31,38.50197219848633,2026-07-31,50.33000183105469,Yahoo Finance yfinance auto_adjust=True
1176,02299.HK,百宏实业,HK,30.72006909468401,2025-08-01,4.360462665557861,2026-07-31,5.699999809265137,Yahoo Finance chart adjclose
1177,603132.SH,金徽股份,A,30.709915435591782,2025-07-31,12.302050590515137,2026-07-31,16.079999923706055,Yahoo Finance yfinance auto_adjust=True
1178,603127.SH,昭衍新药,A,30.68895745564233,2025-07-31,31.7853946685791,2026-07-31,41.540000915527344,Yahoo Finance yfinance auto_adjust=True
1179,300017.SZ,网宿科技,A,30.644701799442476,2025-07-31,10.739049911499023,2026-07-31,14.029999732971191,Yahoo Finance yfinance auto_adjust=True
1180,300508.SZ,维宏股份,A,30.62372852458499,2025-07-31,29.489282608032227,2026-07-31,38.52000045776367,Yahoo Finance yfinance auto_adjust=True
1181,600076.SH,康欣新材,A,30.603450800731903,2025-07-31,2.319999933242798,2026-07-31,3.0299999713897705,Yahoo Finance yfinance auto_adjust=True
1182,01884.HK,EPRINT集团,HK,30.55555459740478,2025-08-01,0.1080000028014183,2026-07-31,0.14100000262260437,Yahoo Finance chart adjclose
1183,08026.HK,朗华国际集团,HK,30.43478542555027,2025-08-01,0.23000000417232513,2026-07-31,0.30000001192092896,Yahoo Finance chart adjclose
1184,603165.SH,荣晟环保,A,30.395806047965678,2025-07-31,10.452790260314941,2026-07-31,13.630000114440918,Yahoo Finance yfinance auto_adjust=True
1185,600110.SH,诺德股份,A,30.35143049618789,2025-07-31,6.260000228881836,2026-07-31,8.15999984741211,Yahoo Finance yfinance auto_adjust=True
1186,600962.SH,国投中鲁,A,30.29978455537743,2025-07-31,18.68000030517578,2026-07-31,24.34000015258789,Yahoo Finance yfinance auto_adjust=True
1187,002943.SZ,宇晶股份,A,30.289432419658556,2025-07-31,20.73076820373535,2026-07-31,27.010000228881836,Yahoo Finance yfinance auto_adjust=True
1188,002211.SZ,ST宏达,A,30.249116027040234,2025-07-31,2.809999942779541,2026-07-31,3.6600000858306885,Yahoo Finance yfinance auto_adjust=True
1189,02239.HK,国微控股,HK,30.227750313997248,2025-08-01,1.044324278831482,2026-07-31,1.3600000143051147,Yahoo Finance chart adjclose
1190,300166.SZ,东方国信,A,30.216532883179028,2025-07-31,10.15999984741211,2026-07-31,13.229999542236328,Yahoo Finance yfinance auto_adjust=True
1191,02418.HK,德银天下,HK,30.212724579662755,2025-08-01,2.150327444076538,2026-07-31,2.799999952316284,Yahoo Finance chart adjclose
1192,08418.HK,傲迪玛汽车,HK,30.18868582322567,2025-08-01,0.5299999713897705,2026-07-31,0.6899999976158142,Yahoo Finance chart adjclose
1193,02648.HK,安井食品,HK,30.078494234625943,2025-08-01,57.81124496459961,2026-07-31,75.19999694824219,Yahoo Finance chart adjclose
1194,003033.SZ,征和工业,A,30.076599235319424,2025-07-31,43.620452880859375,2026-07-31,56.7400016784668,Yahoo Finance yfinance auto_adjust=True
1195,000007.SZ,全新好,A,30.04231408462601,2025-07-31,7.090000152587891,2026-07-31,9.220000267028809,Yahoo Finance yfinance auto_adjust=True
1196,000739.SZ,普洛药业,A,30.021925425588925,2025-07-31,15.551222801208496,2026-07-31,20.219999313354492,Yahoo Finance yfinance auto_adjust=True
1197,300863.SZ,卡倍亿,A,30.016380264213673,2025-07-31,25.527551651000977,2026-07-31,33.189998626708984,Yahoo Finance yfinance auto_adjust=True
1198,01620.HK,富盈环球集团,HK,30.000006773255116,2025-08-01,0.10999999940395355,2026-07-31,0.14300000667572021,Yahoo Finance chart adjclose
1199,01822.HK,中木国际,HK,29.999996806894046,2025-08-01,0.14000000059604645,2026-07-31,0.18199999630451202,Yahoo Finance chart adjclose
1200,06999.HK,领地控股,HK,29.99999337726196,2025-08-01,0.09000000357627869,2026-07-31,0.11699999868869781,Yahoo Finance chart adjclose
1201,600233.SH,圆通速递,A,29.946760721433186,2025-07-31,14.513636589050293,2026-07-31,18.860000610351562,Yahoo Finance yfinance auto_adjust=True
1202,002458.SZ,益生股份,A,29.945800527987252,2025-07-31,6.702794551849365,2026-07-31,8.710000038146973,Yahoo Finance yfinance auto_adjust=True
1203,300518.SZ,新迅达,A,29.824560180473103,2025-07-31,13.680000305175781,2026-07-31,17.760000228881836,Yahoo Finance yfinance auto_adjust=True
1204,002082.SZ,万邦德,A,29.761911294537846,2025-07-31,7.559999942779541,2026-07-31,9.8100004196167,Yahoo Finance yfinance auto_adjust=True
1205,01783.HK,晋景新能,HK,29.729733212835296,2025-08-01,3.700000047683716,2026-07-31,4.800000190734863,Yahoo Finance chart adjclose
1206,601001.SH,晋控煤业,A,29.715288641754036,2025-07-31,12.681620597839355,2026-07-31,16.450000762939453,Yahoo Finance yfinance auto_adjust=True
1207,601598.SH,中国外运,A,29.675852301199047,2025-07-31,5.043344497680664,2026-07-31,6.539999961853027,Yahoo Finance yfinance auto_adjust=True
1208,000571.SZ,新大洲A,A,29.646021200053553,2025-07-31,4.519999980926514,2026-07-31,5.860000133514404,Yahoo Finance yfinance auto_adjust=True
1209,600348.SH,华阳股份,A,29.573550422581896,2025-07-31,6.652592182159424,2026-07-31,8.619999885559082,Yahoo Finance yfinance auto_adjust=True
1210,600995.SH,南网储能,A,29.529271992435092,2025-07-31,9.935977935791016,2026-07-31,12.869999885559082,Yahoo Finance yfinance auto_adjust=True
1211,01288.HK,农业银行,HK,29.513196654293793,2025-08-01,4.8720903396606445,2026-07-31,6.309999942779541,Yahoo Finance chart adjclose
1212,688623.SH,双元科技,A,29.440898360279498,2025-07-31,46.206417083740234,2026-07-31,59.810001373291016,Yahoo Finance yfinance auto_adjust=True
1213,01875.HK,东曜药业-B,HK,29.43548441367392,2025-08-01,2.4800000190734863,2026-07-31,3.2100000381469727,Yahoo Finance chart adjclose
1214,300769.SZ,德方纳米,A,29.39752727225691,2025-07-31,33.029998779296875,2026-07-31,42.7400016784668,Yahoo Finance yfinance auto_adjust=True
1215,688607.SH,康众医疗,A,29.36455116609491,2025-07-31,29.899999618530273,2026-07-31,38.68000030517578,Yahoo Finance yfinance auto_adjust=True
1216,002772.SZ,众兴菌业,A,29.281094101462134,2025-07-31,7.920724868774414,2026-07-31,10.239999771118164,Yahoo Finance yfinance auto_adjust=True
1217,600875.SH,东方电气,A,29.24258859775204,2025-07-31,19.42084312438965,2026-07-31,25.100000381469727,Yahoo Finance yfinance auto_adjust=True
1218,02349.HK,中国城市基础设施,HK,29.23077222863608,2025-08-01,0.06499999761581421,2026-07-31,0.08399999886751175,Yahoo Finance chart adjclose
1219,300467.SZ,迅游科技,A,29.213476278909756,2025-07-31,24.030000686645508,2026-07-31,31.049999237060547,Yahoo Finance yfinance auto_adjust=True
1220,603379.SH,三美股份,A,29.13859230425544,2025-07-31,46.69401931762695,2026-07-31,60.29999923706055,Yahoo Finance yfinance auto_adjust=True
1221,600783.SH,鲁信创投,A,29.107427550778354,2025-07-31,12.446998596191406,2026-07-31,16.06999969482422,Yahoo Finance yfinance auto_adjust=True
1222,01104.HK,亚太资源,HK,29.002923143183136,2025-08-01,1.2325302362442017,2026-07-31,1.590000033378601,Yahoo Finance chart adjclose
1223,301566.SZ,达利凯普,A,28.98969588663014,2025-07-31,17.055625915527344,2026-07-31,22.0,Yahoo Finance yfinance auto_adjust=True
1224,002214.SZ,*ST大立,A,28.98406233534514,2025-07-31,10.039999961853027,2026-07-31,12.949999809265137,Yahoo Finance yfinance auto_adjust=True
1225,688035.SH,德邦科技,A,28.907839426996684,2025-07-31,42.05329895019531,2026-07-31,54.209999084472656,Yahoo Finance yfinance auto_adjust=True
1226,02139.HK,甘肃银行,HK,28.878178971092417,2025-08-01,0.1800149530172348,2026-07-31,0.23199999332427979,Yahoo Finance chart adjclose
1227,603726.SH,朗迪集团,A,28.865435817953333,2025-07-31,17.00223159790039,2026-07-31,21.90999984741211,Yahoo Finance yfinance auto_adjust=True
1228,000977.SZ,浪潮信息,A,28.832320729827355,2025-07-31,55.73911666870117,2026-07-31,71.80999755859375,Yahoo Finance yfinance auto_adjust=True
1229,600888.SH,新疆众和,A,28.801506717590296,2025-07-31,6.9874958992004395,2026-07-31,9.0,Yahoo Finance yfinance auto_adjust=True
1230,01490.HK,车市科技,HK,28.78787707746082,2025-08-01,0.1979999989271164,2026-07-31,0.2549999952316284,Yahoo Finance chart adjclose
1231,601225.SH,陕西煤业,A,28.726704415738503,2025-07-31,19.265621185302734,2026-07-31,24.799999237060547,Yahoo Finance yfinance auto_adjust=True
1232,300692.SZ,中环环保,A,28.685897876760215,2025-07-31,6.239999771118164,2026-07-31,8.029999732971191,Yahoo Finance yfinance auto_adjust=True
1233,600938.SH,中国海油,A,28.68221760757026,2025-07-31,25.069507598876953,2026-07-31,32.2599983215332,Yahoo Finance yfinance auto_adjust=True
1234,002266.SZ,浙富控股,A,28.65013363531299,2025-07-31,3.583362102508545,2026-07-31,4.610000133514404,Yahoo Finance yfinance auto_adjust=True
1235,002303.SZ,美盈森,A,28.636161163299434,2025-07-31,3.560429573059082,2026-07-31,4.579999923706055,Yahoo Finance yfinance auto_adjust=True
1236,600909.SH,华安证券,A,28.588846517932698,2025-07-31,5.941417217254639,2026-07-31,7.639999866485596,Yahoo Finance yfinance auto_adjust=True
1237,002979.SZ,雷赛智能,A,28.57986340912566,2025-07-31,44.61818313598633,2026-07-31,57.369998931884766,Yahoo Finance yfinance auto_adjust=True
1238,605020.SH,永和股份,A,28.516353605879385,2025-07-31,24.456031799316406,2026-07-31,31.43000030517578,Yahoo Finance yfinance auto_adjust=True
1239,002258.SZ,利尔化学,A,28.508049115967317,2025-07-31,12.37276554107666,2026-07-31,15.899999618530273,Yahoo Finance yfinance auto_adjust=True
1240,002396.SZ,星网锐捷,A,28.47054276977701,2025-07-31,20.284805297851562,2026-07-31,26.059999465942383,Yahoo Finance yfinance auto_adjust=True
1241,603306.SH,华懋科技,A,28.434849737888833,2025-07-31,45.065650939941406,2026-07-31,57.880001068115234,Yahoo Finance yfinance auto_adjust=True
1242,688689.SH,银河微电,A,28.41151971445266,2025-07-31,25.542879104614258,2026-07-31,32.79999923706055,Yahoo Finance yfinance auto_adjust=True
1243,688603.SH,天承科技,A,28.396533103994592,2025-07-31,65.21204376220703,2026-07-31,83.7300033569336,Yahoo Finance yfinance auto_adjust=True
1244,601975.SH,招商南油,A,28.372046914382466,2025-07-31,2.835508346557617,2026-07-31,3.640000104904175,Yahoo Finance yfinance auto_adjust=True
1245,688733.SH,壹石通,A,28.369913364358812,2025-07-31,19.69308853149414,2026-07-31,25.280000686645508,Yahoo Finance yfinance auto_adjust=True
1246,300442.SZ,润泽科技,A,28.36626243357405,2025-07-31,49.2730712890625,2026-07-31,63.25,Yahoo Finance yfinance auto_adjust=True
1247,603766.SH,隆鑫通用,A,28.23102071857675,2025-07-31,11.47148323059082,2026-07-31,14.710000038146973,Yahoo Finance yfinance auto_adjust=True
1248,600750.SH,江中药业,A,28.205719811501083,2025-07-31,20.584104537963867,2026-07-31,26.389999389648438,Yahoo Finance yfinance auto_adjust=True
1249,600312.SH,平高电气,A,28.196043637912883,2025-07-31,15.382689476013184,2026-07-31,19.719999313354492,Yahoo Finance yfinance auto_adjust=True
1250,600863.SH,内蒙华电,A,28.010376075150887,2025-07-31,3.851250171661377,2026-07-31,4.929999828338623,Yahoo Finance yfinance auto_adjust=True
1251,600191.SH,华资实业,A,27.995796264151984,2025-07-31,7.703377723693848,2026-07-31,9.859999656677246,Yahoo Finance yfinance auto_adjust=True
1252,600676.SH,交运股份,A,27.992284443131975,2025-07-31,5.179999828338623,2026-07-31,6.630000114440918,Yahoo Finance yfinance auto_adjust=True
1253,603660.SH,苏州科达,A,27.983538717803835,2025-07-31,7.289999961853027,2026-07-31,9.329999923706055,Yahoo Finance yfinance auto_adjust=True
1254,002990.SZ,盛视科技,A,27.92400975214264,2025-07-31,31.76885986328125,2026-07-31,40.63999938964844,Yahoo Finance yfinance auto_adjust=True
1255,300044.SZ,ST赛为,A,27.90122430583699,2025-07-31,4.050000190734863,2026-07-31,5.179999828338623,Yahoo Finance yfinance auto_adjust=True
1256,688800.SH,瑞可达,A,27.7990131942907,2025-07-31,38.02846145629883,2026-07-31,48.599998474121094,Yahoo Finance yfinance auto_adjust=True
1257,01285.HK,嘉士利集团,HK,27.67296406770543,2025-08-01,0.8615763187408447,2026-07-31,1.100000023841858,Yahoo Finance chart adjclose
1258,08320.HK,沛然环保,HK,27.65957598585849,2025-08-01,0.09399999678134918,2026-07-31,0.11999999731779099,Yahoo Finance chart adjclose
1259,000737.SZ,北方铜业,A,27.619788005478107,2025-07-31,10.515610694885254,2026-07-31,13.420000076293945,Yahoo Finance yfinance auto_adjust=True
1260,688248.SH,南网科技,A,27.518884318283774,2025-07-31,32.857879638671875,2026-07-31,41.900001525878906,Yahoo Finance yfinance auto_adjust=True
1261,01552.HK,BHCC HOLDING,HK,27.499995715916214,2025-08-01,0.20000000298023224,2026-07-31,0.2549999952316284,Yahoo Finance chart adjclose
1262,600707.SH,彩虹股份,A,27.488861335305458,2025-07-31,6.1181817054748535,2026-07-31,7.800000190734863,Yahoo Finance yfinance auto_adjust=True
1263,603696.SH,安记食品,A,27.484214027599197,2025-07-31,10.542481422424316,2026-07-31,13.4399995803833,Yahoo Finance yfinance auto_adjust=True
1264,300221.SZ,银禧科技,A,27.427936931427865,2025-07-31,8.59309196472168,2026-07-31,10.949999809265137,Yahoo Finance yfinance auto_adjust=True
1265,01378.HK,中国宏桥,HK,27.396834632218447,2025-08-01,19.262645721435547,2026-07-31,24.540000915527344,Yahoo Finance chart adjclose
1266,002173.SZ,创新医疗,A,27.37940496194131,2025-07-31,15.34000015258789,2026-07-31,19.540000915527344,Yahoo Finance yfinance auto_adjust=True
1267,01310.HK,香港宽频,HK,27.351268426771803,2025-08-01,4.750639915466309,2026-07-31,6.050000190734863,Yahoo Finance chart adjclose
1268,300534.SZ,陇神戎发,A,27.34585408449348,2025-07-31,10.781661987304688,2026-07-31,13.729999542236328,Yahoo Finance yfinance auto_adjust=True
1269,300084.SZ,海默科技,A,27.32696814534361,2025-07-31,8.380000114440918,2026-07-31,10.670000076293945,Yahoo Finance yfinance auto_adjust=True
1270,300257.SZ,开山股份,A,27.264552713871517,2025-07-31,13.530868530273438,2026-07-31,17.219999313354492,Yahoo Finance yfinance auto_adjust=True
1271,002956.SZ,西麦食品,A,27.25284202796969,2025-07-31,14.286518096923828,2026-07-31,18.18000030517578,Yahoo Finance yfinance auto_adjust=True
1272,300889.SZ,爱克股份,A,27.252581911221085,2025-07-31,13.539999961853027,2026-07-31,17.229999542236328,Yahoo Finance yfinance auto_adjust=True
1273,601609.SH,金田股份,A,27.24051407792509,2025-07-31,7.733386039733887,2026-07-31,9.84000015258789,Yahoo Finance yfinance auto_adjust=True
1274,688150.SH,莱特光电,A,27.222957777915124,2025-07-31,26.75617790222168,2026-07-31,34.040000915527344,Yahoo Finance yfinance auto_adjust=True
1275,002948.SZ,青岛银行,A,27.181204157512084,2025-07-31,4.599736213684082,2026-07-31,5.849999904632568,Yahoo Finance yfinance auto_adjust=True
1276,600382.SH,广东明珠,A,27.174154764078338,2025-07-31,5.079648494720459,2026-07-31,6.460000038146973,Yahoo Finance yfinance auto_adjust=True
1277,002955.SZ,鸿合科技,A,27.16297745022722,2025-07-31,24.850000381469727,2026-07-31,31.600000381469727,Yahoo Finance yfinance auto_adjust=True
1278,01463.HK,C-LINK SQ,HK,27.118648348509367,2025-08-01,0.23600000143051147,2026-07-31,0.30000001192092896,Yahoo Finance chart adjclose
1279,601619.SH,嘉泽新能,A,27.094517854242174,2025-07-31,3.642958164215088,2026-07-31,4.630000114440918,Yahoo Finance yfinance auto_adjust=True
1280,688503.SH,聚和材料,A,27.08640835992768,2025-07-31,47.98310089111328,2026-07-31,60.97999954223633,Yahoo Finance yfinance auto_adjust=True
1281,688322.SH,奥比中光,A,27.061049303527305,2025-07-31,73.87000274658203,2026-07-31,93.86000061035156,Yahoo Finance yfinance auto_adjust=True
1282,02670.HK,云迹,HK,27.053946973871888,2025-10-16,120.5,2026-07-31,153.10000610351562,Yahoo Finance chart adjclose
1283,688081.SH,兴图新科,A,26.94106854527727,2025-07-31,21.3799991607666,2026-07-31,27.139999389648438,Yahoo Finance yfinance auto_adjust=True
1284,600400.SH,红豆股份,A,26.940634646290263,2025-07-31,2.190000057220459,2026-07-31,2.7799999713897705,Yahoo Finance yfinance auto_adjust=True
1285,300477.SZ,ST合纵,A,26.886802001456612,2025-07-31,2.119999885559082,2026-07-31,2.690000057220459,Yahoo Finance yfinance auto_adjust=True
1286,603077.SH,和邦生物,A,26.737961471430218,2025-07-31,1.8700000047683716,2026-07-31,2.369999885559082,Yahoo Finance yfinance auto_adjust=True
1287,600884.SH,杉杉股份,A,26.666659707849227,2025-07-31,10.050000190734863,2026-07-31,12.729999542236328,Yahoo Finance yfinance auto_adjust=True
1288,603507.SH,振江股份,A,26.663406954570323,2025-07-31,18.497844696044922,2026-07-31,23.43000030517578,Yahoo Finance yfinance auto_adjust=True
1289,601198.SH,东兴证券,A,26.65921246297207,2025-07-31,10.919063568115234,2026-07-31,13.829999923706055,Yahoo Finance yfinance auto_adjust=True
1290,300745.SZ,欣锐科技,A,26.566552097337805,2025-07-31,19.309999465942383,2026-07-31,24.440000534057617,Yahoo Finance yfinance auto_adjust=True
1291,02700.HK,格林国际控股,HK,26.530610755402485,2025-08-01,0.49000000953674316,2026-07-31,0.6200000047683716,Yahoo Finance chart adjclose
1292,603318.SH,水发燃气,A,26.506020895090863,2025-07-31,6.639999866485596,2026-07-31,8.399999618530273,Yahoo Finance yfinance auto_adjust=True
1293,01117.HK,现代牧业,HK,26.49573276577484,2025-08-01,1.1699999570846558,2026-07-31,1.4800000190734863,Yahoo Finance chart adjclose
1294,600096.SH,云天化,A,26.47533245793998,2025-07-31,23.61725425720215,2026-07-31,29.8700008392334,Yahoo Finance yfinance auto_adjust=True
1295,600563.SH,法拉电子,A,26.45130333154828,2025-07-31,108.24720764160156,2026-07-31,136.8800048828125,Yahoo Finance yfinance auto_adjust=True
1296,601156.SH,东航物流,A,26.41968653847837,2025-07-31,13.502643585205078,2026-07-31,17.06999969482422,Yahoo Finance yfinance auto_adjust=True
1297,02180.HK,万宝盛华,HK,26.407622647815575,2025-08-01,4.13740873336792,2026-07-31,5.230000019073486,Yahoo Finance chart adjclose
1298,603838.SH,*ST四通,A,26.379304873390687,2025-07-31,5.800000190734863,2026-07-31,7.329999923706055,Yahoo Finance yfinance auto_adjust=True
1299,603345.SH,安井食品,A,26.340844401056195,2025-07-31,71.1488037109375,2026-07-31,89.88999938964844,Yahoo Finance yfinance auto_adjust=True
1300,603698.SH,航天工程,A,26.334494998089465,2025-07-31,16.986650466918945,2026-07-31,21.459999084472656,Yahoo Finance yfinance auto_adjust=True
1301,688126.SH,沪硅产业,A,26.30446126686936,2025-07-31,18.59000015258789,2026-07-31,23.479999542236328,Yahoo Finance yfinance auto_adjust=True
1302,688045.SH,必易微,A,26.25885127997187,2025-07-31,37.066707611083984,2026-07-31,46.79999923706055,Yahoo Finance yfinance auto_adjust=True
1303,002112.SZ,三变科技,A,26.226681861842604,2025-07-31,12.992498397827148,2026-07-31,16.399999618530273,Yahoo Finance yfinance auto_adjust=True
1304,301179.SZ,泽宇智能,A,26.19873070595098,2025-07-31,14.596026420593262,2026-07-31,18.420000076293945,Yahoo Finance yfinance auto_adjust=True
1305,002497.SZ,雅化集团,A,26.184852480763055,2025-07-31,13.892317771911621,2026-07-31,17.530000686645508,Yahoo Finance yfinance auto_adjust=True
1306,688371.SH,菲沃泰,A,26.170302667375054,2025-07-31,17.39712142944336,2026-07-31,21.950000762939453,Yahoo Finance yfinance auto_adjust=True
1307,01523.HK,珩湾科技,HK,26.053297663182295,2025-08-01,6.616249084472656,2026-07-31,8.34000015258789,Yahoo Finance chart adjclose
1308,002971.SZ,和远气体,A,26.04082032942261,2025-07-31,26.37240982055664,2026-07-31,33.2400016784668,Yahoo Finance yfinance auto_adjust=True
1309,002555.SZ,三七互娱,A,26.025404711205134,2025-07-31,15.798401832580566,2026-07-31,19.90999984741211,Yahoo Finance yfinance auto_adjust=True
1310,600552.SH,凯盛科技,A,26.000478415115612,2025-07-31,11.928525924682617,2026-07-31,15.029999732971191,Yahoo Finance yfinance auto_adjust=True
1311,300455.SZ,航天智装,A,25.920685770186246,2025-07-31,14.119999885559082,2026-07-31,17.780000686645508,Yahoo Finance yfinance auto_adjust=True
1312,600410.SH,华胜天成,A,25.89095290123289,2025-07-31,10.914207458496094,2026-07-31,13.739999771118164,Yahoo Finance yfinance auto_adjust=True
1313,08370.HK,智升集团控股,HK,25.818183205344457,2025-08-01,5.5,2026-07-31,6.920000076293945,Yahoo Finance chart adjclose
1314,002216.SZ,三全食品,A,25.766299496106782,2025-07-31,10.53541374206543,2026-07-31,13.25,Yahoo Finance yfinance auto_adjust=True
1315,601698.SH,中国卫通,A,25.733794205186243,2025-07-31,20.058250427246094,2026-07-31,25.219999313354492,Yahoo Finance yfinance auto_adjust=True
1316,01532.HK,中国派对文化,HK,25.714288958076015,2025-08-01,0.10499999672174454,2026-07-31,0.13199999928474426,Yahoo Finance chart adjclose
1317,000820.SZ,*ST节能,A,25.714287173991334,2025-07-31,2.799999952316284,2026-07-31,3.5199999809265137,Yahoo Finance yfinance auto_adjust=True
1318,06119.HK,天源集团,HK,25.714287173991334,2025-08-01,0.3499999940395355,2026-07-31,0.4399999976158142,Yahoo Finance chart adjclose
1319,688330.SH,宏力达,A,25.638219109950455,2025-07-31,26.043031692504883,2026-07-31,32.720001220703125,Yahoo Finance yfinance auto_adjust=True
1320,300440.SZ,运达科技,A,25.586970762757865,2025-07-31,11.649297714233398,2026-07-31,14.630000114440918,Yahoo Finance yfinance auto_adjust=True
1321,601088.SH,中国神华,A,25.553587509967613,2025-07-31,36.39083480834961,2026-07-31,45.689998626708984,Yahoo Finance yfinance auto_adjust=True
1322,002222.SZ,福晶科技,A,25.547791486023108,2025-07-31,39.0528564453125,2026-07-31,49.029998779296875,Yahoo Finance yfinance auto_adjust=True
1323,000428.SZ,华天酒店,A,25.297624094922956,2025-07-31,3.359999895095825,2026-07-31,4.210000038146973,Yahoo Finance yfinance auto_adjust=True
1324,688005.SH,容百科技,A,25.280149852118505,2025-07-31,22.309999465942383,2026-07-31,27.950000762939453,Yahoo Finance yfinance auto_adjust=True
1325,300432.SZ,富临精工,A,25.192423433825596,2025-07-31,12.47679328918457,2026-07-31,15.619999885559082,Yahoo Finance yfinance auto_adjust=True
1326,600769.SH,祥龙电业,A,25.141775676689626,2025-07-31,10.579999923706055,2026-07-31,13.239999771118164,Yahoo Finance yfinance auto_adjust=True
1327,601000.SH,唐山港,A,25.040186139382392,2025-07-31,3.8787529468536377,2026-07-31,4.849999904632568,Yahoo Finance yfinance auto_adjust=True
1328,688380.SH,中微半导,A,25.020066343333514,2025-07-31,28.211471557617188,2026-07-31,35.27000045776367,Yahoo Finance yfinance auto_adjust=True
1329,01420.HK,川控股,HK,25.000002450848967,2025-08-01,0.15199999511241913,2026-07-31,0.1899999976158142,Yahoo Finance chart adjclose
1330,01536.HK,煜荣集团,HK,25.000001724671385,2025-08-01,0.1080000028014183,2026-07-31,0.13500000536441803,Yahoo Finance chart adjclose
1331,02502.HK,金源氢化,HK,25.0,2025-08-01,0.5199999809265137,2026-07-31,0.6499999761581421,Yahoo Finance chart adjclose
1332,01732.HK,象兴国际,HK,24.999997782565273,2025-08-01,0.1679999977350235,2026-07-31,0.20999999344348907,Yahoo Finance chart adjclose
1333,01259.HK,未来发展控股,HK,24.99999611948931,2025-08-01,0.024000000208616257,2026-07-31,0.029999999329447746,Yahoo Finance chart adjclose
1334,300083.SZ,创世纪,A,24.969987308002928,2025-07-31,8.329999923706055,2026-07-31,10.40999984741211,Yahoo Finance yfinance auto_adjust=True
1335,688478.SH,晶升股份,A,24.930914976874053,2025-07-31,32.56999969482422,2026-07-31,40.689998626708984,Yahoo Finance yfinance auto_adjust=True
1336,01860.HK,汇量科技,HK,24.86001385764558,2025-08-01,8.930000305175781,2026-07-31,11.149999618530273,Yahoo Finance chart adjclose
1337,000899.SZ,赣能股份,A,24.78223361757239,2025-07-31,8.711175918579102,2026-07-31,10.869999885559082,Yahoo Finance yfinance auto_adjust=True
1338,600985.SH,淮北矿业,A,24.7717660185101,2025-07-31,12.110111236572266,2026-07-31,15.109999656677246,Yahoo Finance yfinance auto_adjust=True
1339,600337.SH,美克家居,A,24.747474990734197,2025-07-31,1.9800000190734863,2026-07-31,2.4700000286102295,Yahoo Finance yfinance auto_adjust=True
1340,300976.SZ,达瑞电子,A,24.704147695427704,2025-07-31,38.52317810058594,2026-07-31,48.040000915527344,Yahoo Finance yfinance auto_adjust=True
1341,002015.SZ,协鑫能科,A,24.67105423956577,2025-07-31,12.095830917358398,2026-07-31,15.079999923706055,Yahoo Finance yfinance auto_adjust=True
1342,688690.SH,纳微科技,A,24.66830266175237,2025-07-31,27.232263565063477,2026-07-31,33.95000076293945,Yahoo Finance yfinance auto_adjust=True
1343,002558.SZ,巨人网络,A,24.65889270452695,2025-07-31,23.488096237182617,2026-07-31,29.280000686645508,Yahoo Finance yfinance auto_adjust=True
1344,01977.HK,安乐工程,HK,24.65652941702343,2025-08-01,0.7540720105171204,2026-07-31,0.9399999976158142,Yahoo Finance chart adjclose
1345,300499.SZ,高澜股份,A,24.61375037007274,2025-07-31,20.094091415405273,2026-07-31,25.040000915527344,Yahoo Finance yfinance auto_adjust=True
1346,02457.HK,步阳国际,HK,24.528313557335846,2025-08-01,0.26499998569488525,2026-07-31,0.33000001311302185,Yahoo Finance chart adjclose
1347,06979.HK,珍酒李渡,HK,24.50205289863925,2025-08-01,6.401500701904297,2026-07-31,7.96999979019165,Yahoo Finance chart adjclose
1348,002346.SZ,柘中股份,A,24.41166622961457,2025-07-31,13.768804550170898,2026-07-31,17.1299991607666,Yahoo Finance yfinance auto_adjust=True
1349,01355.HK,朸浚国际,HK,24.390238140538667,2025-08-01,0.12300000339746475,2026-07-31,0.15299999713897705,Yahoo Finance chart adjclose
1350,000155.SZ,川能动力,A,24.32688846563975,2025-07-31,9.861101150512695,2026-07-31,12.260000228881836,Yahoo Finance yfinance auto_adjust=True
1351,600060.SH,海信视像,A,24.32194125402183,2025-07-31,21.854549407958984,2026-07-31,27.170000076293945,Yahoo Finance yfinance auto_adjust=True
1352,300739.SZ,明阳电路,A,24.310622840543505,2025-07-31,15.702600479125977,2026-07-31,19.520000457763672,Yahoo Finance yfinance auto_adjust=True
1353,300969.SZ,恒帅股份,A,24.281151737758666,2025-07-31,57.152671813964844,2026-07-31,71.02999877929688,Yahoo Finance yfinance auto_adjust=True
1354,02576.HK,太美医疗科技,HK,24.263043280812767,2025-08-01,4.409999847412109,2026-07-31,5.480000019073486,Yahoo Finance chart adjclose
1355,01579.HK,颐海国际,HK,24.242735959449526,2025-08-01,12.515822410583496,2026-07-31,15.550000190734863,Yahoo Finance chart adjclose
1356,300555.SZ,ST路通,A,24.236254464400165,2025-07-31,9.819999694824219,2026-07-31,12.199999809265137,Yahoo Finance yfinance auto_adjust=True
1357,01501.HK,瑛泰医疗,HK,24.229062178629324,2025-08-01,26.837520599365234,2026-07-31,33.34000015258789,Yahoo Finance chart adjclose
1358,600298.SH,安琪酵母,A,24.08612594818409,2025-07-31,33.78298568725586,2026-07-31,41.91999816894531,Yahoo Finance yfinance auto_adjust=True
1359,300931.SZ,通用电梯,A,24.00960406143906,2025-07-31,8.329999923706055,2026-07-31,10.329999923706055,Yahoo Finance yfinance auto_adjust=True
1360,600143.SH,金发科技,A,24.000806223987993,2025-07-31,12.467660903930664,2026-07-31,15.460000038146973,Yahoo Finance yfinance auto_adjust=True
1361,002196.SZ,方正电机,A,23.976609883077305,2025-07-31,8.550000190734863,2026-07-31,10.600000381469727,Yahoo Finance yfinance auto_adjust=True
1362,002164.SZ,宁波东力,A,23.959505423874973,2025-07-31,8.890000343322754,2026-07-31,11.020000457763672,Yahoo Finance yfinance auto_adjust=True
1363,01975.HK,新兴印刷,HK,23.893398797267484,2025-08-01,0.33496537804603577,2026-07-31,0.41499999165534973,Yahoo Finance chart adjclose
1364,000878.SZ,云南铜业,A,23.80913783659464,2025-07-31,12.777731895446777,2026-07-31,15.819999694824219,Yahoo Finance yfinance auto_adjust=True
1365,002487.SZ,大金重工,A,23.802305199055816,2025-07-31,31.833009719848633,2026-07-31,39.40999984741211,Yahoo Finance yfinance auto_adjust=True
1366,06663.HK,国际永胜集团,HK,23.78345833012161,2025-08-01,0.23024077713489532,2026-07-31,0.2849999964237213,Yahoo Finance chart adjclose
1367,300270.SZ,中威电子,A,23.74701365085756,2025-07-31,8.380000114440918,2026-07-31,10.369999885559082,Yahoo Finance yfinance auto_adjust=True
1368,002788.SZ,鹭燕医药,A,23.72545020702703,2025-07-31,8.244059562683105,2026-07-31,10.199999809265137,Yahoo Finance yfinance auto_adjust=True
1369,300319.SZ,麦捷科技,A,23.7161774419828,2025-07-31,11.397054672241211,2026-07-31,14.100000381469727,Yahoo Finance yfinance auto_adjust=True
1370,01334.HK,瑞昌国际控股,HK,23.623219597798073,2025-08-01,0.9302459359169006,2026-07-31,1.149999976158142,Yahoo Finance chart adjclose
1371,02269.HK,药明生物,HK,23.572571633412576,2025-08-01,31.350000381469727,2026-07-31,38.7400016784668,Yahoo Finance chart adjclose
1372,002029.SZ,七 匹 狼,A,23.44213616262383,2025-07-31,6.739999771118164,2026-07-31,8.319999694824219,Yahoo Finance yfinance auto_adjust=True
1373,688352.SH,颀中科技,A,23.41933437784207,2025-07-31,11.270519256591797,2026-07-31,13.90999984741211,Yahoo Finance yfinance auto_adjust=True
1374,301387.SZ,光大同创,A,23.410978934039317,2025-07-31,39.097007751464844,2026-07-31,48.25,Yahoo Finance yfinance auto_adjust=True
1375,300014.SZ,亿纬锂能,A,23.36776325489822,2025-07-31,43.98231506347656,2026-07-31,54.2599983215332,Yahoo Finance yfinance auto_adjust=True
1376,688112.SH,鼎阳科技,A,23.343950402062784,2025-07-31,37.050865173339844,2026-07-31,45.70000076293945,Yahoo Finance yfinance auto_adjust=True
1377,01986.HK,彩客新能源,HK,23.318681087414728,2025-08-01,0.7703617811203003,2026-07-31,0.949999988079071,Yahoo Finance chart adjclose
1378,600103.SH,青山纸业,A,23.15847313950279,2025-07-31,2.265373945236206,2026-07-31,2.7899999618530273,Yahoo Finance yfinance auto_adjust=True
1379,301313.SZ,凡拓数创,A,23.044155047500524,2025-07-31,25.81999969482422,2026-07-31,31.770000457763672,Yahoo Finance yfinance auto_adjust=True
1380,01163.HK,虎视传媒,HK,23.021586744269907,2025-08-01,0.13899999856948853,2026-07-31,0.17100000381469727,Yahoo Finance chart adjclose
1381,01223.HK,新沣集团,HK,23.010135365063,2025-08-01,1.0649528503417969,2026-07-31,1.309999942779541,Yahoo Finance chart adjclose
1382,000600.SZ,建投能源,A,22.94971485931341,2025-07-31,6.945929050445557,2026-07-31,8.539999961853027,Yahoo Finance yfinance auto_adjust=True
1383,002563.SZ,森马服饰,A,22.946065240181813,2025-07-31,5.050995349884033,2026-07-31,6.210000038146973,Yahoo Finance yfinance auto_adjust=True
1384,02571.HK,赛目科技,HK,22.861591077345732,2025-08-01,12.859999656677246,2026-07-31,15.800000190734863,Yahoo Finance chart adjclose
1385,000859.SZ,国风新材,A,22.848664898360106,2025-07-31,6.739999771118164,2026-07-31,8.279999732971191,Yahoo Finance yfinance auto_adjust=True
1386,688419.SH,耐科装备,A,22.846556862514554,2025-07-31,27.51399803161621,2026-07-31,33.79999923706055,Yahoo Finance yfinance auto_adjust=True
1387,688332.SH,中科蓝讯,A,22.83650339319514,2025-07-31,66.1041259765625,2026-07-31,81.19999694824219,Yahoo Finance yfinance auto_adjust=True
1388,000601.SZ,韶能股份,A,22.79693687835893,2025-07-31,5.21999979019165,2026-07-31,6.409999847412109,Yahoo Finance yfinance auto_adjust=True
1389,02378.HK,保诚,HK,22.740107942425958,2025-08-01,96.6269302368164,2026-07-31,118.5999984741211,Yahoo Finance chart adjclose
1390,300762.SZ,上海瀚讯,A,22.71959075773613,2025-07-31,23.68000030517578,2026-07-31,29.059999465942383,Yahoo Finance yfinance auto_adjust=True
1391,01972.HK,太古地产,HK,22.709896098200954,2025-08-01,19.476831436157227,2026-07-31,23.899999618530273,Yahoo Finance chart adjclose
1392,002828.SZ,贝肯能源,A,22.704838743842416,2025-07-31,10.130000114440918,2026-07-31,12.430000305175781,Yahoo Finance yfinance auto_adjust=True
1393,002119.SZ,康强电子,A,22.668217451327987,2025-07-31,16.630224227905273,2026-07-31,20.399999618530273,Yahoo Finance yfinance auto_adjust=True
1394,000048.SZ,京基智农,A,22.621319247716865,2025-07-31,15.339909553527832,2026-07-31,18.809999465942383,Yahoo Finance yfinance auto_adjust=True
1395,603285.SH,键邦股份,A,22.51549541788569,2025-07-31,23.278688430786133,2026-07-31,28.520000457763672,Yahoo Finance yfinance auto_adjust=True
1396,002925.SZ,盈趣科技,A,22.496664405723642,2025-07-31,17.853548049926758,2026-07-31,21.8700008392334,Yahoo Finance yfinance auto_adjust=True
1397,603861.SH,白云电器,A,22.440216873157027,2025-07-31,9.612854957580566,2026-07-31,11.770000457763672,Yahoo Finance yfinance auto_adjust=True
1398,002131.SZ,利欧股份,A,22.409220289933685,2025-07-31,3.8069026470184326,2026-07-31,4.659999847412109,Yahoo Finance yfinance auto_adjust=True
1399,000767.SZ,晋控电力,A,22.40802923601837,2025-07-31,2.990000009536743,2026-07-31,3.6600000858306885,Yahoo Finance yfinance auto_adjust=True
1400,300929.SZ,华骐环保,A,22.393475311204348,2025-07-31,11.029999732971191,2026-07-31,13.5,Yahoo Finance yfinance auto_adjust=True
1401,603338.SH,浙江鼎力,A,22.385918711641885,2025-07-31,48.208160400390625,2026-07-31,59.0,Yahoo Finance yfinance auto_adjust=True
1402,01072.HK,东方电气,HK,22.34014545479781,2025-08-01,17.590301513671875,2026-07-31,21.520000457763672,Yahoo Finance chart adjclose
1403,000685.SZ,中山公用,A,22.33650467129511,2025-07-31,9.056985855102539,2026-07-31,11.079999923706055,Yahoo Finance yfinance auto_adjust=True
1404,600459.SH,贵研铂业,A,22.31271722703174,2025-07-31,14.96982479095459,2026-07-31,18.309999465942383,Yahoo Finance yfinance auto_adjust=True
1405,605167.SH,利柏特,A,22.30052430446994,2025-07-31,10.703143119812012,2026-07-31,13.09000015258789,Yahoo Finance yfinance auto_adjust=True
1406,300919.SZ,中伟股份,A,22.24501155392764,2025-07-31,33.293792724609375,2026-07-31,40.70000076293945,Yahoo Finance yfinance auto_adjust=True
1407,000791.SZ,甘肃能源,A,22.21417810599764,2025-07-31,6.382238388061523,2026-07-31,7.800000190734863,Yahoo Finance yfinance auto_adjust=True
1408,300491.SZ,通合科技,A,22.213918793741684,2025-07-31,19.989540100097656,2026-07-31,24.43000030517578,Yahoo Finance yfinance auto_adjust=True
1409,600268.SH,国电南自,A,22.176560167809,2025-07-31,9.14250659942627,2026-07-31,11.170000076293945,Yahoo Finance yfinance auto_adjust=True
1410,002273.SZ,水晶光电,A,22.130092359931087,2025-07-31,20.707427978515625,2026-07-31,25.290000915527344,Yahoo Finance yfinance auto_adjust=True
1411,600409.SH,三友化工,A,22.067449212165545,2025-07-31,5.455999851226807,2026-07-31,6.659999847412109,Yahoo Finance yfinance auto_adjust=True
1412,600350.SH,山东高速,A,21.97728156939851,2025-07-31,9.305011749267578,2026-07-31,11.350000381469727,Yahoo Finance yfinance auto_adjust=True
1413,301305.SZ,朗坤科技,A,21.950811018388073,2025-07-31,17.925260543823242,2026-07-31,21.860000610351562,Yahoo Finance yfinance auto_adjust=True
1414,002170.SZ,芭田股份,A,21.935835553662585,2025-07-31,9.52960205078125,2026-07-31,11.619999885559082,Yahoo Finance yfinance auto_adjust=True
1415,600984.SH,建设机械,A,21.921922996954546,2025-07-31,3.3299999237060547,2026-07-31,4.059999942779541,Yahoo Finance yfinance auto_adjust=True
1416,02232.HK,晶苑国际,HK,21.9174005729861,2025-08-01,5.3150739669799805,2026-07-31,6.480000019073486,Yahoo Finance chart adjclose
1417,300115.SZ,长盈精密,A,21.888016052281188,2025-07-31,22.62732696533203,2026-07-31,27.579999923706055,Yahoo Finance yfinance auto_adjust=True
1418,02631.HK,天岳先进,HK,21.87088029037938,2025-08-20,45.540000915527344,2026-07-31,55.5,Yahoo Finance chart adjclose
1419,600730.SH,中国高科,A,21.837707621894765,2025-07-31,8.380000114440918,2026-07-31,10.210000038146973,Yahoo Finance yfinance auto_adjust=True
1420,300953.SZ,震裕科技,A,21.81488989870899,2025-07-31,73.93184661865234,2026-07-31,90.05999755859375,Yahoo Finance yfinance auto_adjust=True
1421,02827.HK,标智沪深300,HK,21.793536176575536,2025-08-01,38.36000061035156,2026-07-30,46.720001220703125,Yahoo Finance chart adjclose
1422,300628.SZ,亿联网络,A,21.67294963299995,2025-07-31,31.9709529876709,2026-07-31,38.900001525878906,Yahoo Finance yfinance auto_adjust=True
1423,002538.SZ,司尔特,A,21.655803379764514,2025-07-31,5.351162910461426,2026-07-31,6.510000228881836,Yahoo Finance yfinance auto_adjust=True
1424,603019.SH,中科曙光,A,21.6489967290469,2025-07-31,68.60722351074219,2026-07-31,83.45999908447266,Yahoo Finance yfinance auto_adjust=True
1425,01235.HK,专业旅运,HK,21.646333261017283,2025-08-01,0.15619048476219177,2026-07-31,0.1899999976158142,Yahoo Finance chart adjclose
1426,002856.SZ,美芝股份,A,21.645021287579212,2025-07-31,11.550000190734863,2026-07-31,14.050000190734863,Yahoo Finance yfinance auto_adjust=True
1427,600309.SH,万华化学,A,21.537787606379432,2025-07-31,61.30603790283203,2026-07-31,74.51000213623047,Yahoo Finance yfinance auto_adjust=True
1428,08220.HK,比高集团,HK,21.51299865978322,2025-08-01,4.230000019073486,2026-07-31,5.139999866485596,Yahoo Finance chart adjclose
1429,08529.HK,优博控股,HK,21.4858256883365,2025-08-01,0.1662745475769043,2026-07-31,0.20200000703334808,Yahoo Finance chart adjclose
1430,08331.HK,倍搏集团,HK,21.463414705062036,2025-08-01,0.20499999821186066,2026-07-31,0.24899999797344208,Yahoo Finance chart adjclose
1431,000783.SZ,长江证券,A,21.419932962735256,2025-07-31,7.082857131958008,2026-07-31,8.600000381469727,Yahoo Finance yfinance auto_adjust=True
1432,02319.HK,蒙牛乳业,HK,21.38114954885275,2025-08-01,15.570786476135254,2026-07-31,18.899999618530273,Yahoo Finance chart adjclose
1433,000708.SZ,中信特钢,A,21.242865986288486,2025-07-31,12.355365753173828,2026-07-31,14.979999542236328,Yahoo Finance yfinance auto_adjust=True
1434,603355.SH,莱克电气,A,21.198953361101182,2025-07-31,23.020000457763672,2026-07-31,27.899999618530273,Yahoo Finance yfinance auto_adjust=True
1435,300836.SZ,佰奥智能,A,21.188339167213055,2025-07-31,40.68048095703125,2026-07-31,49.29999923706055,Yahoo Finance yfinance auto_adjust=True
1436,300490.SZ,华自科技,A,21.17022133564326,2025-07-31,9.399999618530273,2026-07-31,11.390000343322754,Yahoo Finance yfinance auto_adjust=True
1437,603871.SH,嘉友国际,A,21.13903230134675,2025-07-31,10.739726066589355,2026-07-31,13.010000228881836,Yahoo Finance yfinance auto_adjust=True
1438,688767.SH,博拓生物,A,21.131675201701782,2025-07-31,31.51116180419922,2026-07-31,38.16999816894531,Yahoo Finance yfinance auto_adjust=True
1439,301363.SZ,美好医疗,A,21.11343796290086,2025-07-31,12.99608039855957,2026-07-31,15.739999771118164,Yahoo Finance yfinance auto_adjust=True
1440,06968.HK,港龙中国地产,HK,21.111103384583394,2025-08-01,0.09000000357627869,2026-07-31,0.10899999737739563,Yahoo Finance chart adjclose
1441,300400.SZ,劲拓股份,A,21.102187585168487,2025-07-31,17.25815200805664,2026-07-31,20.899999618530273,Yahoo Finance yfinance auto_adjust=True
1442,603211.SH,晋拓股份,A,21.070171758838473,2025-07-31,17.923490524291992,2026-07-31,21.700000762939453,Yahoo Finance yfinance auto_adjust=True
1443,06899.HK,联众,HK,21.052635293918343,2025-08-01,0.1899999976158142,2026-07-31,0.23000000417232513,Yahoo Finance chart adjclose
1444,601898.SH,中煤能源,A,21.020665515645987,2025-07-31,11.403011322021484,2026-07-31,13.800000190734863,Yahoo Finance yfinance auto_adjust=True
1445,603087.SH,甘李药业,A,20.98525466108445,2025-07-31,56.80857849121094,2026-07-31,68.7300033569336,Yahoo Finance yfinance auto_adjust=True
1446,688786.SH,悦安新材,A,20.97853484590926,2025-07-31,20.21019744873047,2026-07-31,24.450000762939453,Yahoo Finance yfinance auto_adjust=True
1447,01577.HK,汇鑫小贷,HK,20.907993878381646,2025-08-01,0.8518874049186707,2026-07-31,1.0299999713897705,Yahoo Finance chart adjclose
1448,300062.SZ,中能电气,A,20.887248545514424,2025-07-31,5.409999847412109,2026-07-31,6.539999961853027,Yahoo Finance yfinance auto_adjust=True
1449,605090.SH,九丰能源,A,20.882481186492917,2025-07-31,26.37272071838379,2026-07-31,31.8799991607666,Yahoo Finance yfinance auto_adjust=True
1450,301246.SZ,宏源药业,A,20.85638383493338,2025-07-31,15.52255630493164,2026-07-31,18.760000228881836,Yahoo Finance yfinance auto_adjust=True
1451,08051.HK,讯智海,HK,20.833332505491086,2025-08-01,2.4000000953674316,2026-07-31,2.9000000953674316,Yahoo Finance chart adjclose
1452,600857.SH,宁波中百,A,20.783131237421703,2025-07-31,12.443790435791016,2026-07-31,15.029999732971191,Yahoo Finance yfinance auto_adjust=True
1453,08627.HK,旅橙文化,HK,20.754724142601578,2025-08-01,0.05299999937415123,2026-07-31,0.06400000303983688,Yahoo Finance chart adjclose
1454,003035.SZ,南网能源,A,20.744038109623265,2025-07-31,4.596500396728516,2026-07-31,5.550000190734863,Yahoo Finance yfinance auto_adjust=True
1455,300596.SZ,利安隆,A,20.70435851011405,2025-07-31,31.19191551208496,2026-07-31,37.650001525878906,Yahoo Finance yfinance auto_adjust=True
1456,688163.SH,赛伦生物,A,20.66293630569689,2025-07-31,23.884716033935547,2026-07-31,28.81999969482422,Yahoo Finance yfinance auto_adjust=True
1457,688699.SH,明微电子,A,20.63991269715897,2025-07-31,38.130001068115234,2026-07-31,46.0,Yahoo Finance yfinance auto_adjust=True
1458,300265.SZ,通光线缆,A,20.61896494141613,2025-07-31,10.810903549194336,2026-07-31,13.039999961853027,Yahoo Finance yfinance auto_adjust=True
1459,605068.SH,明新旭腾,A,20.618727722360084,2025-07-31,17.982282638549805,2026-07-31,21.690000534057617,Yahoo Finance yfinance auto_adjust=True
1460,601929.SH,吉视传媒,A,20.61854871911466,2025-07-31,1.940000057220459,2026-07-31,2.3399999141693115,Yahoo Finance yfinance auto_adjust=True
1461,301630.SZ,同宇新材,A,20.596155028885722,2025-07-31,124.29914855957031,2026-07-31,149.89999389648438,Yahoo Finance yfinance auto_adjust=True
1462,301105.SZ,鸿铭股份,A,20.54696808265275,2025-07-31,37.29666519165039,2026-07-31,44.959999084472656,Yahoo Finance yfinance auto_adjust=True
1463,600058.SH,五矿发展,A,20.546351006786235,2025-07-31,7.955446243286133,2026-07-31,9.59000015258789,Yahoo Finance yfinance auto_adjust=True
1464,01109.HK,华润置地,HK,20.485067250394962,2025-08-01,27.555282592773438,2026-07-31,33.20000076293945,Yahoo Finance chart adjclose
1465,603125.SH,常青科技,A,20.482287390307576,2025-07-31,16.48375129699707,2026-07-31,19.860000610351562,Yahoo Finance yfinance auto_adjust=True
1466,002745.SZ,木林森,A,20.473379111958767,2025-07-31,8.449999809265137,2026-07-31,10.180000305175781,Yahoo Finance yfinance auto_adjust=True
1467,301176.SZ,逸豪新材,A,20.473178888238408,2025-07-31,31.700000762939453,2026-07-31,38.189998626708984,Yahoo Finance yfinance auto_adjust=True
1468,688148.SH,芳源股份,A,20.433989054819968,2025-07-31,5.53000020980835,2026-07-31,6.659999847412109,Yahoo Finance yfinance auto_adjust=True
1469,300740.SZ,水羊股份,A,20.39835671070933,2025-07-31,16.794248580932617,2026-07-31,20.219999313354492,Yahoo Finance yfinance auto_adjust=True
1470,301489.SZ,思泉新材,A,20.396245308879358,2025-07-31,73.97240447998047,2026-07-31,89.05999755859375,Yahoo Finance yfinance auto_adjust=True
1471,688261.SH,东微半导,A,20.380648258142052,2025-07-31,53.928932189941406,2026-07-31,64.91999816894531,Yahoo Finance yfinance auto_adjust=True
1472,688758.SH,赛分科技,A,20.365412765597558,2025-07-31,18.40229606628418,2026-07-31,22.149999618530273,Yahoo Finance yfinance auto_adjust=True
1473,300418.SZ,昆仑万维,A,20.33425884898157,2025-07-31,35.900001525878906,2026-07-31,43.20000076293945,Yahoo Finance yfinance auto_adjust=True
1474,300632.SZ,光莆股份,A,20.305606874642002,2025-07-31,13.208029747009277,2026-07-31,15.890000343322754,Yahoo Finance yfinance auto_adjust=True
1475,000967.SZ,盈峰环境,A,20.302448507162808,2025-07-31,6.5252203941345215,2026-07-31,7.849999904632568,Yahoo Finance yfinance auto_adjust=True
1476,002656.SZ,*ST摩登,A,20.264319031369382,2025-07-31,2.2699999809265137,2026-07-31,2.7300000190734863,Yahoo Finance yfinance auto_adjust=True
1477,603688.SH,石英股份,A,20.21517641630297,2025-07-31,34.92071533203125,2026-07-31,41.97999954223633,Yahoo Finance yfinance auto_adjust=True
1478,301120.SZ,新特电气,A,20.209669560254163,2025-07-31,11.762781143188477,2026-07-31,14.140000343322754,Yahoo Finance yfinance auto_adjust=True
1479,000539.SZ,粤电力Ａ,A,20.153974737300363,2025-07-31,4.644041061401367,2026-07-31,5.579999923706055,Yahoo Finance yfinance auto_adjust=True
1480,601939.SH,建设银行,A,20.111916745292802,2025-07-31,9.033242225646973,2026-07-31,10.850000381469727,Yahoo Finance yfinance auto_adjust=True
1481,603090.SH,宏盛股份,A,20.018045803572605,2025-07-31,29.66220474243164,2026-07-31,35.599998474121094,Yahoo Finance yfinance auto_adjust=True
1482,02228.HK,晶泰控股,HK,20.000006692451567,2025-08-01,5.699999809265137,2026-07-31,6.840000152587891,Yahoo Finance chart adjclose
1483,300243.SZ,瑞丰高材,A,19.985232765117765,2025-07-31,10.659645080566406,2026-07-31,12.789999961853027,Yahoo Finance yfinance auto_adjust=True
1484,01038.HK,长江基建集团,HK,19.971192667713655,2025-08-01,52.17919158935547,2026-07-31,62.599998474121094,Yahoo Finance chart adjclose
1485,600107.SH,ST尔雅,A,19.953048332480392,2025-07-31,4.260000228881836,2026-07-31,5.110000133514404,Yahoo Finance yfinance auto_adjust=True
1486,600323.SH,瀚蓝环境,A,19.850375644671914,2025-07-31,25.83220863342285,2026-07-31,30.959999084472656,Yahoo Finance yfinance auto_adjust=True
1487,002108.SZ,沧州明珠,A,19.846105825189596,2025-07-31,3.6213109493255615,2026-07-31,4.340000152587891,Yahoo Finance yfinance auto_adjust=True
1488,01009.HK,国际娱乐,HK,19.834710906644748,2025-08-01,1.2100000381469727,2026-07-31,1.4500000476837158,Yahoo Finance chart adjclose
1489,01854.HK,中国万天控股,HK,19.811325422934335,2025-08-01,1.059999942779541,2026-07-31,1.2699999809265137,Yahoo Finance chart adjclose
1490,600483.SH,福能股份,A,19.777563868814486,2025-07-31,9.075155258178711,2026-07-31,10.869999885559082,Yahoo Finance yfinance auto_adjust=True
1491,603444.SH,吉比特,A,19.750390744819878,2025-07-31,325.1346435546875,2026-07-31,389.3500061035156,Yahoo Finance yfinance auto_adjust=True
1492,688449.SH,联芸科技,A,19.70089604255707,2025-07-31,43.81755065917969,2026-07-31,52.45000076293945,Yahoo Finance yfinance auto_adjust=True
1493,000969.SZ,安泰科技,A,19.678754575314716,2025-07-31,13.202009201049805,2026-07-31,15.800000190734863,Yahoo Finance yfinance auto_adjust=True
1494,08451.HK,日光控股,HK,19.67212804396674,2025-08-01,0.061000000685453415,2026-07-31,0.0729999989271164,Yahoo Finance chart adjclose
1495,300012.SZ,华测检测,A,19.67031408518678,2025-07-31,12.01634693145752,2026-07-31,14.380000114440918,Yahoo Finance yfinance auto_adjust=True
1496,003013.SZ,地铁设计,A,19.667187289176113,2025-07-31,14.440049171447754,2026-07-31,17.280000686645508,Yahoo Finance yfinance auto_adjust=True
1497,688057.SH,金达莱,A,19.65319016938598,2025-07-31,12.552946090698242,2026-07-31,15.020000457763672,Yahoo Finance yfinance auto_adjust=True
1498,01919.HK,中远海控,HK,19.615994328816512,2025-08-01,13.183856010437012,2026-07-31,15.770000457763672,Yahoo Finance chart adjclose
1499,601388.SH,怡球资源,A,19.6092022518908,2025-07-31,2.591773748397827,2026-07-31,3.0999999046325684,Yahoo Finance yfinance auto_adjust=True
1500,08023.HK,邝文记,HK,19.606030303462376,2025-08-01,0.2800862193107605,2026-07-31,0.33500000834465027,Yahoo Finance chart adjclose
1501,08422.HK,WT集团,HK,19.565216511037264,2025-08-01,0.09200000017881393,2026-07-31,0.10999999940395355,Yahoo Finance chart adjclose
1502,600426.SH,华鲁恒升,A,19.564938106361772,2025-07-31,18.023677825927734,2026-07-31,21.549999237060547,Yahoo Finance yfinance auto_adjust=True
1503,600251.SH,冠农股份,A,19.560042251788868,2025-07-31,7.7617902755737305,2026-07-31,9.279999732971191,Yahoo Finance yfinance auto_adjust=True
1504,001218.SZ,丽臣实业,A,19.51491210918743,2025-07-31,18.173463821411133,2026-07-31,21.719999313354492,Yahoo Finance yfinance auto_adjust=True
1505,01991.HK,大洋集团,HK,19.444441684970258,2025-08-01,0.7200000286102295,2026-07-31,0.8600000143051147,Yahoo Finance chart adjclose
1506,300343.SZ,ST联创,A,19.427409244185778,2025-07-31,4.889999866485596,2026-07-31,5.840000152587891,Yahoo Finance yfinance auto_adjust=True
1507,601016.SH,节能风电,A,19.404114774934666,2025-07-31,2.964721918106079,2026-07-31,3.5399999618530273,Yahoo Finance yfinance auto_adjust=True
1508,688381.SH,帝奥微,A,19.401464979856485,2025-07-31,23.065044403076172,2026-07-31,27.540000915527344,Yahoo Finance yfinance auto_adjust=True
1509,06990.HK,科伦博泰生物-B,HK,19.397821623405576,2025-08-01,405.20001220703125,2026-07-31,483.79998779296875,Yahoo Finance chart adjclose
1510,01957.HK,大人国际,HK,19.369361387252447,2025-08-01,0.22200000286102295,2026-07-31,0.26499998569488525,Yahoo Finance chart adjclose
1511,08420.HK,NEXION TECH,HK,19.354842198502944,2025-08-01,0.03099999949336052,2026-07-31,0.03700000047683716,Yahoo Finance chart adjclose
1512,01815.HK,珠峰黄金,HK,19.33333079020183,2025-08-01,1.5,2026-07-31,1.7899999618530273,Yahoo Finance chart adjclose
1513,301035.SZ,润丰股份,A,19.320534357740506,2025-07-31,47.418495178222656,2026-07-31,56.58000183105469,Yahoo Finance yfinance auto_adjust=True
1514,08095.HK,北大青鸟环宇,HK,19.298248365865444,2025-08-01,0.5699999928474426,2026-07-31,0.6800000071525574,Yahoo Finance chart adjclose
1515,002270.SZ,华明装备,A,19.259210764233114,2025-07-31,17.130752563476562,2026-07-31,20.43000030517578,Yahoo Finance yfinance auto_adjust=True
1516,01164.HK,中广核矿业,HK,19.225718848245332,2025-08-01,2.0297634601593018,2026-07-31,2.4200000762939453,Yahoo Finance chart adjclose
1517,300184.SZ,力源信息,A,19.21487188055899,2025-07-31,9.680000305175781,2026-07-31,11.539999961853027,Yahoo Finance yfinance auto_adjust=True
1518,600971.SH,恒源煤电,A,19.20896483020953,2025-07-31,6.627018451690674,2026-07-31,7.900000095367432,Yahoo Finance yfinance auto_adjust=True
1519,01655.HK,OKURA HOLDINGS,HK,19.178080514037,2025-08-01,0.1459999978542328,2026-07-31,0.17399999499320984,Yahoo Finance chart adjclose
1520,002298.SZ,中电鑫龙,A,19.1432378648291,2025-07-31,7.46999979019165,2026-07-31,8.899999618530273,Yahoo Finance yfinance auto_adjust=True
1521,06655.HK,华新建材,HK,19.140581872806916,2025-08-01,12.455873489379883,2026-07-31,14.84000015258789,Yahoo Finance chart adjclose
1522,300759.SZ,康龙化成,A,19.10135622888589,2025-07-31,30.898052215576172,2026-07-31,36.79999923706055,Yahoo Finance yfinance auto_adjust=True
1523,08512.HK,凯富善集团控股,HK,19.04761994867188,2025-08-01,0.3149999976158142,2026-07-31,0.375,Yahoo Finance chart adjclose
1524,01963.HK,重庆银行,HK,18.99563501138477,2025-08-01,7.193541526794434,2026-07-31,8.5600004196167,Yahoo Finance chart adjclose
1525,600509.SH,天富能源,A,18.96382758253892,2025-07-31,6.396902561187744,2026-07-31,7.610000133514404,Yahoo Finance yfinance auto_adjust=True
1526,688098.SH,申联生物,A,18.953318857357914,2025-07-31,7.070000171661377,2026-07-31,8.40999984741211,Yahoo Finance yfinance auto_adjust=True
1527,600821.SH,金开新能,A,18.914609564846586,2025-07-31,5.415650844573975,2026-07-31,6.440000057220459,Yahoo Finance yfinance auto_adjust=True
1528,002142.SZ,宁波银行,A,18.910954913753407,2025-07-31,26.80997657775879,2026-07-31,31.8799991607666,Yahoo Finance yfinance auto_adjust=True
1529,301002.SZ,崧盛股份,A,18.902721440840487,2025-07-31,21.690000534057617,2026-07-31,25.790000915527344,Yahoo Finance yfinance auto_adjust=True
1530,600736.SH,苏州高新,A,18.879926583683094,2025-07-31,5.425642490386963,2026-07-31,6.449999809265137,Yahoo Finance yfinance auto_adjust=True
1531,300706.SZ,阿石创,A,18.860247084732663,2025-07-31,36.849998474121094,2026-07-31,43.79999923706055,Yahoo Finance yfinance auto_adjust=True
1532,300462.SZ,ST华铭,A,18.827159191688423,2025-07-31,9.720000267028809,2026-07-31,11.550000190734863,Yahoo Finance yfinance auto_adjust=True
1533,300842.SZ,帝科股份,A,18.770381069080045,2025-07-31,42.939998626708984,2026-07-31,51.0,Yahoo Finance yfinance auto_adjust=True
1534,02162.HK,康诺亚-B,HK,18.765230512149287,2025-08-01,61.54999923706055,2026-07-31,73.0999984741211,Yahoo Finance chart adjclose
1535,08299.HK,大唐黄金,HK,18.75000116415324,2025-08-01,0.23999999463558197,2026-07-31,0.2849999964237213,Yahoo Finance chart adjclose
1536,08049.HK,吉林长龙药业,HK,18.748524522733522,2025-08-01,1.9284449815750122,2026-07-31,2.2899999618530273,Yahoo Finance chart adjclose
1537,688472.SH,阿特斯,A,18.727685052560684,2025-07-31,8.835344314575195,2026-07-31,10.489999771118164,Yahoo Finance yfinance auto_adjust=True
1538,301171.SZ,易点天下,A,18.71687773815649,2025-07-31,25.682952880859375,2026-07-31,30.489999771118164,Yahoo Finance yfinance auto_adjust=True
1539,603995.SH,甬金股份,A,18.683643790419026,2025-07-31,17.079017639160156,2026-07-31,20.270000457763672,Yahoo Finance yfinance auto_adjust=True
1540,600901.SH,江苏金租,A,18.666075674100547,2025-07-31,5.511263370513916,2026-07-31,6.539999961853027,Yahoo Finance yfinance auto_adjust=True
1541,002181.SZ,粤 传 媒,A,18.65802527264837,2025-07-31,7.230863571166992,2026-07-31,8.579999923706055,Yahoo Finance yfinance auto_adjust=True
1542,002466.SZ,天齐锂业,A,18.624114614541455,2025-07-31,38.22999954223633,2026-07-31,45.349998474121094,Yahoo Finance yfinance auto_adjust=True
1543,002310.SZ,东方园林,A,18.571434410251175,2025-07-31,2.0999999046325684,2026-07-31,2.490000009536743,Yahoo Finance yfinance auto_adjust=True
1544,08227.HK,海天天线,HK,18.57143130837664,2025-08-01,0.20999999344348907,2026-07-31,0.24899999797344208,Yahoo Finance chart adjclose
1545,300376.SZ,ST易事特,A,18.534280230349488,2025-07-31,3.9482247829437256,2026-07-31,4.679999828338623,Yahoo Finance yfinance auto_adjust=True
1546,002025.SZ,航天电器,A,18.50594548916129,2025-07-31,51.78643035888672,2026-07-31,61.369998931884766,Yahoo Finance yfinance auto_adjust=True
1547,002195.SZ,岩山科技,A,18.49764955487665,2025-07-31,5.738510608673096,2026-07-31,6.800000190734863,Yahoo Finance yfinance auto_adjust=True
1548,600482.SH,中国动力,A,18.48925877721157,2025-07-31,22.584325790405273,2026-07-31,26.760000228881836,Yahoo Finance yfinance auto_adjust=True
1549,300613.SZ,富瀚微,A,18.48918691779229,2025-07-31,47.455806732177734,2026-07-31,56.22999954223633,Yahoo Finance yfinance auto_adjust=True
1550,002703.SZ,浙江世宝,A,18.455280234867487,2025-07-31,12.300000190734863,2026-07-31,14.569999694824219,Yahoo Finance yfinance auto_adjust=True
1551,002627.SZ,三峡旅游,A,18.45390162236651,2025-07-31,5.436714172363281,2026-07-31,6.440000057220459,Yahoo Finance yfinance auto_adjust=True
1552,600593.SH,大连圣亚,A,18.440830302167853,2025-07-31,31.940000534057617,2026-07-31,37.83000183105469,Yahoo Finance yfinance auto_adjust=True
1553,02499.HK,佛朗斯股份,HK,18.383845642700415,2025-08-01,4.949999809265137,2026-07-31,5.860000133514404,Yahoo Finance chart adjclose
1554,02676.HK,纳芯微,HK,18.37837287971564,2025-12-08,111.0,2026-07-31,131.39999389648438,Yahoo Finance chart adjclose
1555,001286.SZ,陕西能源,A,18.372586393427383,2025-07-31,8.844953536987305,2026-07-31,10.470000267028809,Yahoo Finance yfinance auto_adjust=True
1556,688222.SH,成都先导,A,18.372113504687704,2025-07-31,23.324750900268555,2026-07-31,27.610000610351562,Yahoo Finance yfinance auto_adjust=True
1557,001288.SZ,运机集团,A,18.31115062837152,2025-07-31,21.468812942504883,2026-07-31,25.399999618530273,Yahoo Finance yfinance auto_adjust=True
1558,003022.SZ,联泓新科,A,18.300354869111967,2025-07-31,15.86639404296875,2026-07-31,18.770000457763672,Yahoo Finance yfinance auto_adjust=True
1559,08436.HK,德宝集团控股,HK,18.257261564723358,2025-08-01,0.2409999966621399,2026-07-31,0.2849999964237213,Yahoo Finance chart adjclose
1560,603936.SH,博敏电子,A,18.23233181818431,2025-07-31,10.445535659790039,2026-07-31,12.350000381469727,Yahoo Finance yfinance auto_adjust=True
1561,08219.HK,恒伟集团控股,HK,18.22916464556734,2025-08-01,0.19200000166893005,2026-07-31,0.22699999809265137,Yahoo Finance chart adjclose
1562,605222.SH,起帆电缆,A,18.223098165495834,2025-07-31,15.47075080871582,2026-07-31,18.290000915527344,Yahoo Finance yfinance auto_adjust=True
1563,000035.SZ,中国天楹,A,18.20593297991109,2025-07-31,4.255285739898682,2026-07-31,5.03000020980835,Yahoo Finance yfinance auto_adjust=True
1564,002620.SZ,ST瑞和,A,18.205806442359453,2025-07-31,3.7899999618530273,2026-07-31,4.480000019073486,Yahoo Finance yfinance auto_adjust=True
1565,02236.HK,惠生工程,HK,18.181824515251677,2025-08-01,0.38499999046325684,2026-07-31,0.45500001311302185,Yahoo Finance chart adjclose
1566,300617.SZ,安靠智电,A,18.110233066983138,2025-07-31,34.290000915527344,2026-07-31,40.5,Yahoo Finance yfinance auto_adjust=True
1567,600259.SH,广晟有色,A,18.08736903147605,2025-07-31,61.24279022216797,2026-07-31,72.31999969482422,Yahoo Finance yfinance auto_adjust=True
1568,600141.SH,兴发集团,A,18.079837199209802,2025-07-31,24.449560165405273,2026-07-31,28.8700008392334,Yahoo Finance yfinance auto_adjust=True
1569,02660.HK,禅游科技,HK,17.984459162030596,2025-08-01,2.0511176586151123,2026-07-31,2.4200000762939453,Yahoo Finance chart adjclose
1570,300033.SZ,同花顺,A,17.973075946541094,2025-07-31,199.16409301757812,2026-07-31,234.9600067138672,Yahoo Finance yfinance auto_adjust=True
1571,601963.SH,重庆银行,A,17.95859685794765,2025-07-31,9.681363105773926,2026-07-31,11.420000076293945,Yahoo Finance yfinance auto_adjust=True
1572,01205.HK,中信资源,HK,17.948724414705296,2025-08-01,0.38999998569488525,2026-07-31,0.46000000834465027,Yahoo Finance chart adjclose
1573,605055.SH,迎丰股份,A,17.941707540926455,2025-07-31,7.003459930419922,2026-07-31,8.260000228881836,Yahoo Finance yfinance auto_adjust=True
1574,000407.SZ,胜利股份,A,17.934835339346566,2025-07-31,3.3493072986602783,2026-07-31,3.950000047683716,Yahoo Finance yfinance auto_adjust=True
1575,000429.SZ,粤高速Ａ,A,17.89473659825076,2025-07-31,12.350000381469727,2026-07-31,14.5600004196167,Yahoo Finance yfinance auto_adjust=True
1576,02788.HK,创新实业,HK,17.835507722480614,2025-11-24,14.163812637329102,2026-07-31,16.690000534057617,Yahoo Finance chart adjclose
1577,301360.SZ,荣旗科技,A,17.79209289227348,2025-07-31,38.82263946533203,2026-07-31,45.72999954223633,Yahoo Finance yfinance auto_adjust=True
1578,002496.SZ,*ST辉丰,A,17.791408754686366,2025-07-31,1.6299999952316284,2026-07-31,1.9199999570846558,Yahoo Finance yfinance auto_adjust=True
1579,300655.SZ,晶瑞电材,A,17.790149102579058,2025-07-31,9.983857154846191,2026-07-31,11.760000228881836,Yahoo Finance yfinance auto_adjust=True
1580,688516.SH,奥特维,A,17.777253019749306,2025-07-31,32.17938995361328,2026-07-31,37.900001525878906,Yahoo Finance yfinance auto_adjust=True
1581,000682.SZ,东方电子,A,17.759738238781363,2025-07-31,10.173255920410156,2026-07-31,11.979999542236328,Yahoo Finance yfinance auto_adjust=True
1582,000543.SZ,皖能电力,A,17.749163825711012,2025-07-31,6.77711820602417,2026-07-31,7.980000019073486,Yahoo Finance yfinance auto_adjust=True
1583,605599.SH,菜百股份,A,17.719368564424865,2025-07-31,14.390155792236328,2026-07-31,16.940000534057617,Yahoo Finance yfinance auto_adjust=True
1584,002565.SZ,顺灏股份,A,17.71268466632705,2025-07-31,7.170000076293945,2026-07-31,8.4399995803833,Yahoo Finance yfinance auto_adjust=True
1585,601187.SH,厦门银行,A,17.674938028533017,2025-07-31,6.619931221008301,2026-07-31,7.789999961853027,Yahoo Finance yfinance auto_adjust=True
1586,301571.SZ,国科天成,A,17.627281974923605,2025-07-31,47.693016052246094,2026-07-31,56.099998474121094,Yahoo Finance yfinance auto_adjust=True
1587,603155.SH,新亚强,A,17.594493414210753,2025-07-31,10.33211612701416,2026-07-31,12.149999618530273,Yahoo Finance yfinance auto_adjust=True
1588,002472.SZ,双环传动,A,17.572871545245405,2025-07-31,32.67760467529297,2026-07-31,38.41999816894531,Yahoo Finance yfinance auto_adjust=True
1589,603869.SH,ST智知,A,17.546150977303565,2025-07-31,6.856881618499756,2026-07-31,8.0600004196167,Yahoo Finance yfinance auto_adjust=True
1590,300196.SZ,长海股份,A,17.47049590595069,2025-07-31,13.526801109313965,2026-07-31,15.890000343322754,Yahoo Finance yfinance auto_adjust=True
1591,600510.SH,黑牡丹,A,17.468958706090266,2025-07-31,5.363119125366211,2026-07-31,6.300000190734863,Yahoo Finance yfinance auto_adjust=True
1592,002490.SZ,山东墨龙,A,17.452824424138534,2025-07-31,6.360000133514404,2026-07-31,7.46999979019165,Yahoo Finance yfinance auto_adjust=True
1593,002824.SZ,和胜股份,A,17.420705968704464,2025-07-31,16.30887794494629,2026-07-31,19.149999618530273,Yahoo Finance yfinance auto_adjust=True
1594,002533.SZ,金杯电工,A,17.400025196214287,2025-07-31,9.727425575256348,2026-07-31,11.420000076293945,Yahoo Finance yfinance auto_adjust=True
1595,02187.HK,智欣集团控股,HK,17.391306882995238,2025-08-01,0.46000000834465027,2026-07-31,0.5400000214576721,Yahoo Finance chart adjclose
1596,08162.HK,港银控股,HK,17.307699361496674,2025-08-01,0.5199999809265137,2026-07-31,0.6100000143051147,Yahoo Finance chart adjclose
1597,603257.SH,中国瑞林,A,17.24946513728771,2025-07-31,53.14310073852539,2026-07-31,62.310001373291016,Yahoo Finance yfinance auto_adjust=True
1598,300329.SZ,海伦钢琴,A,17.230097170780077,2025-07-31,9.170000076293945,2026-07-31,10.75,Yahoo Finance yfinance auto_adjust=True
1599,01767.HK,TS WONDERS,HK,17.18034703327107,2025-08-01,0.27308332920074463,2026-07-31,0.3199999928474426,Yahoo Finance chart adjclose
1600,301237.SZ,和顺科技,A,17.1717255398423,2025-07-31,39.599998474121094,2026-07-31,46.400001525878906,Yahoo Finance yfinance auto_adjust=True
1601,600343.SH,航天动力,A,17.158173276486167,2025-07-31,14.920000076293945,2026-07-31,17.479999542236328,Yahoo Finance yfinance auto_adjust=True
1602,01883.HK,中信国际电讯,HK,17.147993095399006,2025-08-01,2.3730666637420654,2026-07-31,2.7799999713897705,Yahoo Finance chart adjclose
1603,603271.SH,永杰新材,A,17.146810018547278,2025-07-31,35.41709899902344,2026-07-31,41.4900016784668,Yahoo Finance yfinance auto_adjust=True
1604,600166.SH,福田汽车,A,17.1003728015636,2025-07-31,2.690000057220459,2026-07-31,3.1500000953674316,Yahoo Finance yfinance auto_adjust=True
1605,600265.SH,ST景谷,A,17.077169423709293,2025-07-31,18.270000457763672,2026-07-31,21.389999389648438,Yahoo Finance yfinance auto_adjust=True
1606,600333.SH,长春燃气,A,17.03854324211944,2025-07-31,4.929999828338623,2026-07-31,5.769999980926514,Yahoo Finance yfinance auto_adjust=True
1607,600617.SH,国新能源,A,17.028986602689855,2025-07-31,2.759999990463257,2026-07-31,3.2300000190734863,Yahoo Finance yfinance auto_adjust=True
1608,02680.HK,创陞控股,HK,17.021281344688965,2025-08-01,4.699999809265137,2026-07-31,5.5,Yahoo Finance chart adjclose
1609,300437.SZ,清水源,A,17.018917971064738,2025-07-31,8.989999771118164,2026-07-31,10.520000457763672,Yahoo Finance yfinance auto_adjust=True
1610,002422.SZ,科伦药业,A,17.007921167882923,2025-07-31,37.12569046020508,2026-07-31,43.439998626708984,Yahoo Finance yfinance auto_adjust=True
1611,002789.SZ,*ST建艺,A,16.992656941209837,2025-07-31,8.180000305175781,2026-07-31,9.569999694824219,Yahoo Finance yfinance auto_adjust=True
1612,002167.SZ,东方锆业,A,16.842104125170245,2025-07-31,12.350000381469727,2026-07-31,14.430000305175781,Yahoo Finance yfinance auto_adjust=True
1613,02318.HK,中国平安,HK,16.826873466693183,2025-08-01,50.202491760253906,2026-07-31,58.650001525878906,Yahoo Finance chart adjclose
1614,002246.SZ,北化股份,A,16.817795604768083,2025-07-31,16.88098907470703,2026-07-31,19.719999313354492,Yahoo Finance yfinance auto_adjust=True
1615,300592.SZ,华凯易佰,A,16.79303217129977,2025-07-31,11.079427719116211,2026-07-31,12.9399995803833,Yahoo Finance yfinance auto_adjust=True
1616,06198.HK,青岛港,HK,16.73515802098857,2025-08-01,6.090710163116455,2026-07-31,7.110000133514404,Yahoo Finance chart adjclose
1617,002237.SZ,恒邦股份,A,16.728737297989582,2025-07-31,11.488173484802246,2026-07-31,13.40999984741211,Yahoo Finance yfinance auto_adjust=True
1618,603893.SH,瑞芯微,A,16.70896313486501,2025-07-31,161.08445739746094,2026-07-31,188.0,Yahoo Finance yfinance auto_adjust=True
1619,688158.SH,优刻得,A,16.685625629499157,2025-07-31,26.3700008392334,2026-07-31,30.770000457763672,Yahoo Finance yfinance auto_adjust=True
1620,01330.HK,绿色动力环保,HK,16.672284969088345,2025-08-01,4.7740559577941895,2026-07-31,5.570000171661377,Yahoo Finance chart adjclose
1621,300997.SZ,欢乐家,A,16.66953008238712,2025-07-31,15.642473220825195,2026-07-31,18.25,Yahoo Finance yfinance auto_adjust=True
1622,01432.HK,中国圣牧,HK,16.666660043928626,2025-08-01,0.30000001192092896,2026-07-31,0.3499999940395355,Yahoo Finance chart adjclose
1623,300165.SZ,ST天瑞,A,16.62591205304387,2025-07-31,4.090000152587891,2026-07-31,4.769999980926514,Yahoo Finance yfinance auto_adjust=True
1624,02321.HK,双财庄,HK,16.621643217645232,2025-08-01,0.4458863437175751,2026-07-31,0.5199999809265137,Yahoo Finance chart adjclose
1625,603097.SH,江苏华辰,A,16.591256036362225,2025-07-31,15.524320602416992,2026-07-31,18.100000381469727,Yahoo Finance yfinance auto_adjust=True
1626,02420.HK,子不语,HK,16.578948853292165,2025-08-01,3.4225733280181885,2026-07-31,3.990000009536743,Yahoo Finance chart adjclose
1627,688396.SH,华润微,A,16.574976657436657,2025-07-31,46.579463958740234,2026-07-31,54.29999923706055,Yahoo Finance yfinance auto_adjust=True
1628,01898.HK,中煤能源,HK,16.48877023364037,2025-08-01,9.194019317626953,2026-07-31,10.710000038146973,Yahoo Finance chart adjclose
1629,002702.SZ,海欣食品,A,16.473318969213025,2025-07-31,4.309999942779541,2026-07-31,5.019999980926514,Yahoo Finance yfinance auto_adjust=True
1630,600795.SH,国电电力,A,16.467709565267974,2025-07-31,4.361723899841309,2026-07-31,5.079999923706055,Yahoo Finance yfinance auto_adjust=True
1631,002539.SZ,云图控股,A,16.433990388125675,2025-07-31,10.357800483703613,2026-07-31,12.0600004196167,Yahoo Finance yfinance auto_adjust=True
1632,002136.SZ,安 纳 达,A,16.409274317338074,2025-07-31,10.359999656677246,2026-07-31,12.0600004196167,Yahoo Finance yfinance auto_adjust=True
1633,601969.SH,海南矿业,A,16.366267164928907,2025-07-31,7.83732271194458,2026-07-31,9.119999885559082,Yahoo Finance yfinance auto_adjust=True
1634,02017.HK,沧海控股,HK,16.363631240592635,2025-08-01,0.2750000059604645,2026-07-31,0.3199999928474426,Yahoo Finance chart adjclose
1635,601886.SH,江河集团,A,16.357331187286462,2025-07-31,7.425402641296387,2026-07-31,8.640000343322754,Yahoo Finance yfinance auto_adjust=True
1636,688375.SH,国博电子,A,16.356162256120022,2025-07-31,62.29150390625,2026-07-31,72.4800033569336,Yahoo Finance yfinance auto_adjust=True
1637,02265.HK,鸿承环保科技,HK,16.346161781683776,2025-08-01,1.0399999618530273,2026-07-31,1.2100000381469727,Yahoo Finance chart adjclose
1638,01118.HK,高力集团,HK,16.33537851615843,2025-08-01,0.9799254536628723,2026-07-31,1.1399999856948853,Yahoo Finance chart adjclose
1639,600635.SH,大众公用,A,16.307538475351755,2025-07-31,4.084000110626221,2026-07-31,4.75,Yahoo Finance yfinance auto_adjust=True
1640,301280.SZ,珠城科技,A,16.281133773773494,2025-07-31,31.088449478149414,2026-07-31,36.150001525878906,Yahoo Finance yfinance auto_adjust=True
1641,301548.SZ,崇德科技,A,16.272727902100172,2025-07-31,49.03987503051758,2026-07-31,57.02000045776367,Yahoo Finance yfinance auto_adjust=True
1642,02778.HK,冠君产业信托,HK,16.256800373440615,2025-08-01,2.004183769226074,2026-07-31,2.3299999237060547,Yahoo Finance chart adjclose
1643,002443.SZ,金洲管道,A,16.225175576810024,2025-07-31,6.87458610534668,2026-07-31,7.989999771118164,Yahoo Finance yfinance auto_adjust=True
1644,000990.SZ,诚志股份,A,16.216208785591157,2025-07-31,5.550000190734863,2026-07-31,6.449999809265137,Yahoo Finance yfinance auto_adjust=True
1645,605188.SH,国光连锁,A,16.154722762151707,2025-07-31,10.718461990356445,2026-07-31,12.449999809265137,Yahoo Finance yfinance auto_adjust=True
1646,600282.SH,南钢股份,A,16.137780710273386,2025-07-31,4.3310627937316895,2026-07-31,5.03000020980835,Yahoo Finance yfinance auto_adjust=True
1647,002249.SZ,大洋电机,A,16.100620724992364,2025-07-31,6.373781681060791,2026-07-31,7.400000095367432,Yahoo Finance yfinance auto_adjust=True
1648,603565.SH,中谷物流,A,16.081695954482722,2025-07-31,9.2865629196167,2026-07-31,10.779999732971191,Yahoo Finance yfinance auto_adjust=True
1649,002478.SZ,常宝股份,A,16.044512368830844,2025-07-31,5.342777252197266,2026-07-31,6.199999809265137,Yahoo Finance yfinance auto_adjust=True
1650,02630.HK,旺山旺水-B,HK,16.036587226681597,2025-11-06,82.0,2026-07-31,95.1500015258789,Yahoo Finance chart adjclose
1651,603130.SH,云中马,A,15.9514355679784,2025-07-31,32.711971282958984,2026-07-31,37.93000030517578,Yahoo Finance yfinance auto_adjust=True
1652,301317.SZ,鑫磊股份,A,15.91335307282089,2025-07-31,34.0858039855957,2026-07-31,39.5099983215332,Yahoo Finance yfinance auto_adjust=True
1653,002833.SZ,弘亚数控,A,15.863824968307693,2025-07-31,15.336970329284668,2026-07-31,17.770000457763672,Yahoo Finance yfinance auto_adjust=True
1654,603158.SH,腾龙股份,A,15.8588023084957,2025-07-31,7.966593265533447,2026-07-31,9.229999542236328,Yahoo Finance yfinance auto_adjust=True
1655,01298.HK,云能国际,HK,15.78947764684624,2025-08-01,0.949999988079071,2026-07-31,1.100000023841858,Yahoo Finance chart adjclose
1656,01046.HK,寰宇娱乐文化,HK,15.789474509759627,2025-08-01,0.3799999952316284,2026-07-31,0.4399999976158142,Yahoo Finance chart adjclose
1657,600475.SH,华光环能,A,15.788473325479856,2025-07-31,13.8183012008667,2026-07-31,16.0,Yahoo Finance yfinance auto_adjust=True
1658,600152.SH,维科技术,A,15.765069768206285,2025-07-31,6.46999979019165,2026-07-31,7.489999771118164,Yahoo Finance yfinance auto_adjust=True
1659,08060.HK,国联通信,HK,15.7303351974295,2025-08-01,0.08900000154972076,2026-07-31,0.10300000011920929,Yahoo Finance chart adjclose
1660,002445.SZ,中南文化,A,15.72580094702165,2025-07-31,2.4800000190734863,2026-07-31,2.869999885559082,Yahoo Finance yfinance auto_adjust=True
1661,01715.HK,智慧健康科技,HK,15.714288025486267,2025-08-01,0.3499999940395355,2026-07-31,0.4050000011920929,Yahoo Finance chart adjclose
1662,89888.HK,百度集团-SWR,HK,15.678780790613423,2025-08-11,78.44999694824219,2026-07-31,90.75,Yahoo Finance chart adjclose
1663,01180.HK,汇彩控股,HK,15.65208094204118,2025-08-01,0.8646623492240906,2026-07-31,1.0,Yahoo Finance chart adjclose
1664,300566.SZ,激智科技,A,15.64798596727015,2025-07-31,18.789777755737305,2026-07-31,21.729999542236328,Yahoo Finance yfinance auto_adjust=True
1665,001317.SZ,三羊马,A,15.58158898691644,2025-07-31,46.08000183105469,2026-07-31,53.2599983215332,Yahoo Finance yfinance auto_adjust=True
1666,300767.SZ,震安科技,A,15.57496636805693,2025-07-31,13.739999771118164,2026-07-31,15.880000114440918,Yahoo Finance yfinance auto_adjust=True
1667,688578.SH,艾力斯,A,15.574285065198445,2025-07-31,96.21517181396484,2026-07-31,111.19999694824219,Yahoo Finance yfinance auto_adjust=True
1668,01097.HK,有线宽频,HK,15.51724758074502,2025-08-01,0.057999998331069946,2026-07-31,0.06700000166893005,Yahoo Finance chart adjclose
1669,002831.SZ,裕同科技,A,15.496408839663278,2025-07-31,22.76261329650879,2026-07-31,26.290000915527344,Yahoo Finance yfinance auto_adjust=True
1670,002541.SZ,鸿路钢构,A,15.49133516941441,2025-07-31,17.672321319580078,2026-07-31,20.40999984741211,Yahoo Finance yfinance auto_adjust=True
1671,688202.SH,美迪西,A,15.488958136406117,2025-07-31,63.400001525878906,2026-07-31,73.22000122070312,Yahoo Finance yfinance auto_adjust=True
1672,300244.SZ,迪安诊断,A,15.464344489177773,2025-07-31,15.805745124816895,2026-07-31,18.25,Yahoo Finance yfinance auto_adjust=True
1673,000815.SZ,美利云,A,15.437268026874618,2025-07-31,13.149999618530273,2026-07-31,15.180000305175781,Yahoo Finance yfinance auto_adjust=True
1674,002911.SZ,佛燃能源,A,15.43451758926846,2025-07-31,9.849740028381348,2026-07-31,11.369999885559082,Yahoo Finance yfinance auto_adjust=True
1675,002100.SZ,天康生物,A,15.377198321524265,2025-07-31,6.309739112854004,2026-07-31,7.28000020980835,Yahoo Finance yfinance auto_adjust=True
1676,002730.SZ,电光科技,A,15.372052031306715,2025-07-31,17.21387481689453,2026-07-31,19.860000610351562,Yahoo Finance yfinance auto_adjust=True
1677,603790.SH,雅运股份,A,15.357095184799995,2025-07-31,18.204341888427734,2026-07-31,21.0,Yahoo Finance yfinance auto_adjust=True
1678,01997.HK,九龙仓置业,HK,15.352641694133018,2025-08-01,23.04238510131836,2026-07-31,26.579999923706055,Yahoo Finance chart adjclose
1679,600329.SH,达仁堂,A,15.352280040452326,2025-07-31,33.1939697265625,2026-07-31,38.290000915527344,Yahoo Finance yfinance auto_adjust=True
1680,600063.SH,皖维高新,A,15.324570282270145,2025-07-31,4.994599342346191,2026-07-31,5.760000228881836,Yahoo Finance yfinance auto_adjust=True
1681,000680.SZ,山推股份,A,15.303406033385137,2025-07-31,9.826249122619629,2026-07-31,11.329999923706055,Yahoo Finance yfinance auto_adjust=True
1682,600130.SH,*ST波导,A,15.243902571991331,2025-07-31,3.2799999713897705,2026-07-31,3.7799999713897705,Yahoo Finance yfinance auto_adjust=True
1683,688379.SH,华光新材,A,15.219383847430802,2025-07-31,37.92764663696289,2026-07-31,43.70000076293945,Yahoo Finance yfinance auto_adjust=True
1684,688160.SH,步科股份,A,15.208700961221645,2025-07-31,94.9581069946289,2026-07-31,109.4000015258789,Yahoo Finance yfinance auto_adjust=True
1685,002091.SZ,江苏国泰,A,15.186366184463074,2025-07-31,6.901858329772949,2026-07-31,7.949999809265137,Yahoo Finance yfinance auto_adjust=True
1686,301196.SZ,唯科科技,A,15.173975385367267,2025-07-31,55.012428283691406,2026-07-31,63.36000061035156,Yahoo Finance yfinance auto_adjust=True
1687,002946.SZ,新乳业,A,15.111343561693968,2025-07-31,15.845527648925781,2026-07-31,18.239999771118164,Yahoo Finance yfinance auto_adjust=True
1688,301282.SZ,金禄电子,A,15.102594732623785,2025-07-31,18.331472396850586,2026-07-31,21.100000381469727,Yahoo Finance yfinance auto_adjust=True
1689,02263.HK,富石金融,HK,15.094348534692825,2025-08-01,0.26499998569488525,2026-07-31,0.3050000071525574,Yahoo Finance chart adjclose
1690,301197.SZ,工大科雅,A,15.084452491718125,2025-07-31,19.77678108215332,2026-07-31,22.760000228881836,Yahoo Finance yfinance auto_adjust=True
1691,601611.SH,中国核建,A,15.066138853939925,2025-07-31,9.16864013671875,2026-07-31,10.550000190734863,Yahoo Finance yfinance auto_adjust=True
1692,08113.HK,时腾科技,HK,15.000000372529021,2025-08-01,0.4000000059604645,2026-07-31,0.46000000834465027,Yahoo Finance chart adjclose
1693,01945.HK,清科控股,HK,14.925367424816983,2025-08-01,1.340000033378601,2026-07-31,1.5399999618530273,Yahoo Finance chart adjclose
1694,02057.HK,中通快递-W,HK,14.924042198340604,2025-08-01,162.54214477539062,2026-07-31,186.8000030517578,Yahoo Finance chart adjclose
1695,08316.HK,中国红包,HK,14.893623935577516,2025-08-01,0.18799999356269836,2026-07-31,0.2160000056028366,Yahoo Finance chart adjclose
1696,08149.HK,浩德控股,HK,14.887787701368582,2025-08-01,0.10444974154233932,2026-07-31,0.11999999731779099,Yahoo Finance chart adjclose
1697,300125.SZ,*ST聆达,A,14.887646582222725,2025-07-31,7.119999885559082,2026-07-31,8.180000305175781,Yahoo Finance yfinance auto_adjust=True
1698,300619.SZ,金银河,A,14.805810677792785,2025-07-31,19.929304122924805,2026-07-31,22.8799991607666,Yahoo Finance yfinance auto_adjust=True
1699,002763.SZ,汇洁股份,A,14.778271837126766,2025-07-31,6.281676769256592,2026-07-31,7.210000038146973,Yahoo Finance yfinance auto_adjust=True
1700,003816.SZ,中国广核,A,14.745641895197226,2025-07-31,3.5992653369903564,2026-07-31,4.130000114440918,Yahoo Finance yfinance auto_adjust=True
1701,300986.SZ,志特新材,A,14.744697373865701,2025-07-31,9.926384925842285,2026-07-31,11.390000343322754,Yahoo Finance yfinance auto_adjust=True
1702,600973.SH,宝胜股份,A,14.728687041783495,2025-07-31,5.159999847412109,2026-07-31,5.920000076293945,Yahoo Finance yfinance auto_adjust=True
1703,600408.SH,安泰集团,A,14.655179412555096,2025-07-31,2.319999933242798,2026-07-31,2.6600000858306885,Yahoo Finance yfinance auto_adjust=True
1704,600784.SH,鲁银投资,A,14.63976694052831,2025-07-31,6.367773056030273,2026-07-31,7.300000190734863,Yahoo Finance yfinance auto_adjust=True
1705,002586.SZ,ST围海,A,14.617942146662276,2025-07-31,3.009999990463257,2026-07-31,3.450000047683716,Yahoo Finance yfinance auto_adjust=True
1706,002471.SZ,中超控股,A,14.601766597282651,2025-07-31,4.519999980926514,2026-07-31,5.179999828338623,Yahoo Finance yfinance auto_adjust=True
1707,600039.SH,四川路桥,A,14.595318200142637,2025-07-31,7.8799028396606445,2026-07-31,9.029999732971191,Yahoo Finance yfinance auto_adjust=True
1708,300568.SZ,星源材质,A,14.588012867288857,2025-07-31,11.632979393005371,2026-07-31,13.329999923706055,Yahoo Finance yfinance auto_adjust=True
1709,02986.HK,飞天云动(旧),HK,14.58333837799739,2026-07-10,0.47999998927116394,2026-07-31,0.550000011920929,Yahoo Finance chart adjclose
1710,301419.SZ,阿莱德,A,14.58333434701775,2025-07-31,23.520000457763672,2026-07-31,26.950000762939453,Yahoo Finance yfinance auto_adjust=True
1711,002870.SZ,香山股份,A,14.558827466110769,2025-07-31,33.345314025878906,2026-07-31,38.20000076293945,Yahoo Finance yfinance auto_adjust=True
1712,301381.SZ,赛维时代,A,14.55663192730916,2025-07-31,20.121051788330078,2026-07-31,23.049999237060547,Yahoo Finance yfinance auto_adjust=True
1713,600892.SH,*ST大晟,A,14.527029095120959,2025-07-31,2.9600000381469727,2026-07-31,3.390000104904175,Yahoo Finance yfinance auto_adjust=True
1714,300174.SZ,元力股份,A,14.498804271384325,2025-07-31,14.890984535217285,2026-07-31,17.049999237060547,Yahoo Finance yfinance auto_adjust=True
1715,688108.SH,赛诺医疗,A,14.493814939110706,2025-07-31,13.729999542236328,2026-07-31,15.720000267028809,Yahoo Finance yfinance auto_adjust=True
1716,300453.SZ,三鑫医疗,A,14.485178040513546,2025-07-31,8.507651329040527,2026-07-31,9.739999771118164,Yahoo Finance yfinance auto_adjust=True
1717,603233.SH,大参林,A,14.458317191570735,2025-07-31,16.4688777923584,2026-07-31,18.850000381469727,Yahoo Finance yfinance auto_adjust=True
1718,301389.SZ,隆扬电子,A,14.445378370024242,2025-07-31,38.24531936645508,2026-07-31,43.77000045776367,Yahoo Finance yfinance auto_adjust=True
1719,603281.SH,江瀚新材,A,14.428851322694314,2025-07-31,17.399457931518555,2026-07-31,19.90999984741211,Yahoo Finance yfinance auto_adjust=True
1720,688337.SH,普源精电,A,14.419168472732391,2025-07-31,33.866703033447266,2026-07-31,38.75,Yahoo Finance yfinance auto_adjust=True
1721,02530.HK,纽曼思,HK,14.389149561144787,2025-08-01,0.62943035364151,2026-07-31,0.7200000286102295,Yahoo Finance chart adjclose
1722,603335.SH,迪生力,A,14.368927328444414,2025-07-31,5.150000095367432,2026-07-31,5.889999866485596,Yahoo Finance yfinance auto_adjust=True
1723,301072.SZ,中捷精工,A,14.363771574088924,2025-07-31,25.6200008392334,2026-07-31,29.299999237060547,Yahoo Finance yfinance auto_adjust=True
1724,001332.SZ,锡装股份,A,14.350599792780706,2025-07-31,26.27882957458496,2026-07-31,30.049999237060547,Yahoo Finance yfinance auto_adjust=True
1725,688188.SH,柏楚电子,A,14.342979893469664,2025-07-31,91.57536315917969,2026-07-31,104.70999908447266,Yahoo Finance yfinance auto_adjust=True
1726,603997.SH,继峰股份,A,14.338028514450606,2025-07-31,11.50973129272461,2026-07-31,13.15999984741211,Yahoo Finance yfinance auto_adjust=True
1727,600406.SH,国电南瑞,A,14.33546207505434,2025-07-31,21.296979904174805,2026-07-31,24.350000381469727,Yahoo Finance yfinance auto_adjust=True
1728,08050.HK,城市酷选(新),HK,14.2857240170853,2025-08-01,1.0499999523162842,2026-07-31,1.2000000476837158,Yahoo Finance chart adjclose
1729,01862.HK,景瑞控股,HK,14.285716186372532,2025-08-01,0.014000000432133675,2026-07-31,0.01600000075995922,Yahoo Finance chart adjclose
1730,01209.HK,华润万象生活,HK,14.276984411167849,2025-08-01,34.93266677856445,2026-07-31,39.91999816894531,Yahoo Finance chart adjclose
1731,603049.SH,中策橡胶,A,14.248919989953146,2025-07-31,43.52776336669922,2026-07-31,49.72999954223633,Yahoo Finance yfinance auto_adjust=True
1732,001872.SZ,招商港口,A,14.246334004903405,2025-07-31,19.37917709350586,2026-07-31,22.139999389648438,Yahoo Finance yfinance auto_adjust=True
1733,300905.SZ,宝丽迪,A,14.214107349862237,2025-07-31,31.090728759765625,2026-07-31,35.5099983215332,Yahoo Finance yfinance auto_adjust=True
1734,000922.SZ,佳电股份,A,14.202664131111842,2025-07-31,9.544435501098633,2026-07-31,10.899999618530273,Yahoo Finance yfinance auto_adjust=True
1735,001230.SZ,劲旅环境,A,14.194349675420925,2025-07-31,15.219666481018066,2026-07-31,17.3799991607666,Yahoo Finance yfinance auto_adjust=True
1736,02588.HK,中银航空租赁,HK,14.176505530119154,2025-08-01,67.78977966308594,2026-07-31,77.4000015258789,Yahoo Finance chart adjclose
1737,600776.SH,东方通信,A,14.159741004066317,2025-07-31,10.870732307434082,2026-07-31,12.40999984741211,Yahoo Finance yfinance auto_adjust=True
1738,000629.SZ,钒钛股份,A,14.074069233751851,2025-07-31,2.700000047683716,2026-07-31,3.0799999237060547,Yahoo Finance yfinance auto_adjust=True
1739,300981.SZ,中红医疗,A,14.058546091829239,2025-07-31,12.967024803161621,2026-07-31,14.789999961853027,Yahoo Finance yfinance auto_adjust=True
1740,02510.HK,德翔海运,HK,14.031690879547721,2025-08-01,7.796078681945801,2026-07-31,8.890000343322754,Yahoo Finance chart adjclose
1741,601778.SH,晶科科技,A,13.957542223250297,2025-07-31,3.159071207046509,2026-07-31,3.5999999046325684,Yahoo Finance yfinance auto_adjust=True
1742,02691.HK,南华期货股份,HK,13.952035452270263,2025-12-22,6.221916198730469,2026-07-31,7.090000152587891,Yahoo Finance chart adjclose
1743,301288.SZ,*ST清研,A,13.944816605795562,2025-07-31,13.40999984741211,2026-07-31,15.279999732971191,Yahoo Finance yfinance auto_adjust=True
1744,605189.SH,富春染织,A,13.822116160723263,2025-07-31,14.030665397644043,2026-07-31,15.970000267028809,Yahoo Finance yfinance auto_adjust=True
1745,01299.HK,友邦保险,HK,13.77203284841142,2025-08-01,69.6568374633789,2026-07-31,79.25,Yahoo Finance chart adjclose
1746,300855.SZ,图南股份,A,13.715046885225469,2025-07-31,24.429485321044922,2026-07-31,27.780000686645508,Yahoo Finance yfinance auto_adjust=True
1747,300487.SZ,蓝晓科技,A,13.714172546503223,2025-07-31,51.50633239746094,2026-07-31,58.56999969482422,Yahoo Finance yfinance auto_adjust=True
1748,301043.SZ,绿岛风,A,13.71314239899264,2025-07-31,33.85712432861328,2026-07-31,38.5,Yahoo Finance yfinance auto_adjust=True
1749,300990.SZ,同飞股份,A,13.657313716760422,2025-07-31,57.3038330078125,2026-07-31,65.12999725341797,Yahoo Finance yfinance auto_adjust=True
1750,000404.SZ,长虹华意,A,13.64335066560647,2025-07-31,6.872377395629883,2026-07-31,7.809999942779541,Yahoo Finance yfinance auto_adjust=True
1751,603931.SH,格林达,A,13.630255917729839,2025-07-31,26.295812606811523,2026-07-31,29.8799991607666,Yahoo Finance yfinance auto_adjust=True
1752,001208.SZ,华菱线缆,A,13.629535267790182,2025-07-31,11.731104850769043,2026-07-31,13.329999923706055,Yahoo Finance yfinance auto_adjust=True
1753,300469.SZ,信息发展,A,13.62581545088377,2025-07-31,47.40999984741211,2026-07-31,53.869998931884766,Yahoo Finance yfinance auto_adjust=True
1754,601988.SH,中国银行,A,13.584455817123597,2025-07-31,5.3352370262146,2026-07-31,6.059999942779541,Yahoo Finance yfinance auto_adjust=True
1755,002611.SZ,东方精工,A,13.520271856017407,2025-07-31,14.067972183227539,2026-07-31,15.970000267028809,Yahoo Finance yfinance auto_adjust=True
1756,300557.SZ,理工光科,A,13.454388405480856,2025-07-31,20.97759246826172,2026-07-31,23.799999237060547,Yahoo Finance yfinance auto_adjust=True
1757,601288.SH,农业银行,A,13.420539893830895,2025-07-31,6.083554267883301,2026-07-31,6.900000095367432,Yahoo Finance yfinance auto_adjust=True
1758,300303.SZ,聚飞光电,A,13.417721518987346,2025-07-31,6.171875,2026-07-31,7.0,Yahoo Finance yfinance auto_adjust=True
1759,603990.SH,麦迪科技,A,13.374996185302734,2025-07-31,16.0,2026-07-31,18.139999389648438,Yahoo Finance yfinance auto_adjust=True
1760,603980.SH,吉华集团,A,13.35409782443746,2025-07-31,5.822462558746338,2026-07-31,6.599999904632568,Yahoo Finance yfinance auto_adjust=True
1761,01036.HK,万科海外,HK,13.349376716381212,2025-08-01,1.4468539953231812,2026-07-31,1.6399999856948853,Yahoo Finance chart adjclose
1762,600177.SH,雅戈尔,A,13.348373794593126,2025-07-31,6.925551414489746,2026-07-31,7.849999904632568,Yahoo Finance yfinance auto_adjust=True
1763,01215.HK,开源控股,HK,13.333342025677553,2025-08-01,0.014999999664723873,2026-07-31,0.017000000923871994,Yahoo Finance chart adjclose
1764,01044.HK,恒安国际,HK,13.332926495382647,2025-08-01,21.847137451171875,2026-07-31,24.760000228881836,Yahoo Finance chart adjclose
1765,000551.SZ,创元科技,A,13.300234772044895,2025-07-31,10.92672061920166,2026-07-31,12.380000114440918,Yahoo Finance yfinance auto_adjust=True
1766,600846.SH,同济科技,A,13.294511587355707,2025-07-31,10.194668769836426,2026-07-31,11.550000190734863,Yahoo Finance yfinance auto_adjust=True
1767,688605.SH,先锋精科,A,13.288916766680558,2025-07-31,59.32619094848633,2026-07-31,67.20999908447266,Yahoo Finance yfinance auto_adjust=True
1768,601877.SH,正泰电器,A,13.277608955400089,2025-07-31,22.263887405395508,2026-07-31,25.219999313354492,Yahoo Finance yfinance auto_adjust=True
1769,300464.SZ,星徽股份,A,13.221602481897499,2025-07-31,5.369999885559082,2026-07-31,6.079999923706055,Yahoo Finance yfinance auto_adjust=True
1770,601107.SH,四川成渝,A,13.172018921558792,2025-07-31,5.310500144958496,2026-07-31,6.010000228881836,Yahoo Finance yfinance auto_adjust=True
1771,600699.SH,均胜电子,A,13.162415855074428,2025-07-31,18.20392417907715,2026-07-31,20.600000381469727,Yahoo Finance yfinance auto_adjust=True
1772,01899.HK,兴达国际,HK,13.076037457016131,2025-08-01,1.034701943397522,2026-07-31,1.1699999570846558,Yahoo Finance chart adjclose
1773,300328.SZ,宜安科技,A,13.039643105674337,2025-07-31,11.350000381469727,2026-07-31,12.829999923706055,Yahoo Finance yfinance auto_adjust=True
1774,603619.SH,中曼石油,A,13.012629767717732,2025-07-31,19.236787796020508,2026-07-31,21.739999771118164,Yahoo Finance yfinance auto_adjust=True
1775,688079.SH,美迪凯,A,13.0017431601954,2025-07-31,11.460000038146973,2026-07-31,12.949999809265137,Yahoo Finance yfinance auto_adjust=True
1776,603050.SH,科林电气,A,12.9943837271294,2025-07-31,16.14239501953125,2026-07-31,18.239999771118164,Yahoo Finance yfinance auto_adjust=True
1777,601326.SH,秦港股份,A,12.993231213659495,2025-07-31,3.1329309940338135,2026-07-31,3.5399999618530273,Yahoo Finance yfinance auto_adjust=True
1778,603595.SH,ST东尼,A,12.965886192257138,2025-07-31,19.049999237060547,2026-07-31,21.520000457763672,Yahoo Finance yfinance auto_adjust=True
1779,000831.SZ,中国稀土,A,12.951085506543446,2025-07-31,42.336910247802734,2026-07-31,47.81999969482422,Yahoo Finance yfinance auto_adjust=True
1780,601369.SH,陕鼓动力,A,12.931373945860681,2025-07-31,8.500738143920898,2026-07-31,9.600000381469727,Yahoo Finance yfinance auto_adjust=True
1781,600660.SH,福耀玻璃,A,12.916886157173547,2025-07-31,52.87074661254883,2026-07-31,59.70000076293945,Yahoo Finance yfinance auto_adjust=True
1782,300599.SZ,雄塑科技,A,12.913023104607667,2025-07-31,8.38698673248291,2026-07-31,9.470000267028809,Yahoo Finance yfinance auto_adjust=True
1783,600488.SH,津药药业,A,12.897743141427863,2025-07-31,4.570507526397705,2026-07-31,5.159999847412109,Yahoo Finance yfinance auto_adjust=True
1784,002582.SZ,好想你,A,12.863349500373666,2025-07-31,9.037477493286133,2026-07-31,10.199999809265137,Yahoo Finance yfinance auto_adjust=True
1785,002328.SZ,新朋股份,A,12.85035596715105,2025-07-31,5.777562618255615,2026-07-31,6.519999980926514,Yahoo Finance yfinance auto_adjust=True
1786,600500.SH,中化国际,A,12.807881484119266,2025-07-31,4.059999942779541,2026-07-31,4.579999923706055,Yahoo Finance yfinance auto_adjust=True
1787,02483.HK,K CASH集团,HK,12.791147496603639,2025-08-01,1.5870039463043213,2026-07-31,1.7899999618530273,Yahoo Finance chart adjclose
1788,603161.SH,科华控股,A,12.658786512729868,2025-07-31,12.347017288208008,2026-07-31,13.90999984741211,Yahoo Finance yfinance auto_adjust=True
1789,688291.SH,金橙子,A,12.613293016667138,2025-07-31,33.219879150390625,2026-07-31,37.40999984741211,Yahoo Finance yfinance auto_adjust=True
1790,601058.SH,赛轮轮胎,A,12.579639904949214,2025-07-31,12.577762603759766,2026-07-31,14.15999984741211,Yahoo Finance yfinance auto_adjust=True
1791,301092.SZ,争光股份,A,12.578334282118607,2025-07-31,32.05767822265625,2026-07-31,36.09000015258789,Yahoo Finance yfinance auto_adjust=True
1792,002386.SZ,天原股份,A,12.572535508227233,2025-07-31,5.170000076293945,2026-07-31,5.820000171661377,Yahoo Finance yfinance auto_adjust=True
1793,300317.SZ,珈伟新能,A,12.561582169202733,2025-07-31,4.059999942779541,2026-07-31,4.570000171661377,Yahoo Finance yfinance auto_adjust=True
1794,603789.SH,*ST星农,A,12.547525070211085,2025-07-31,5.260000228881836,2026-07-31,5.920000076293945,Yahoo Finance yfinance auto_adjust=True
1795,688181.SH,八亿时空,A,12.517840137147896,2025-07-31,30.821779251098633,2026-07-31,34.68000030517578,Yahoo Finance yfinance auto_adjust=True
1796,08169.HK,环康集团,HK,12.499989813659829,2025-08-01,0.03200000151991844,2026-07-31,0.035999998450279236,Yahoo Finance chart adjclose
1797,300852.SZ,四会富仕,A,12.476165634552427,2025-07-31,32.540225982666016,2026-07-31,36.599998474121094,Yahoo Finance yfinance auto_adjust=True
1798,300175.SZ,ST朗源,A,12.450595287849907,2025-07-31,5.059999942779541,2026-07-31,5.690000057220459,Yahoo Finance yfinance auto_adjust=True
1799,688418.SH,震有科技,A,12.43673374199048,2025-07-31,27.65999984741211,2026-07-31,31.100000381469727,Yahoo Finance yfinance auto_adjust=True
1800,002653.SZ,海思科,A,12.385352122433279,2025-07-31,55.505455017089844,2026-07-31,62.380001068115234,Yahoo Finance yfinance auto_adjust=True
1801,001228.SZ,永泰运,A,12.37950132434622,2025-07-31,24.025733947753906,2026-07-31,27.0,Yahoo Finance yfinance auto_adjust=True
1802,600982.SH,宁波能源,A,12.306954060284525,2025-07-31,4.523317337036133,2026-07-31,5.079999923706055,Yahoo Finance yfinance auto_adjust=True
1803,600012.SH,皖通高速,A,12.221007833968889,2025-07-31,15.14867877960205,2026-07-31,17.0,Yahoo Finance yfinance auto_adjust=True
1804,688583.SH,思看科技,A,12.203562583633087,2025-07-31,63.99974822998047,2026-07-31,71.80999755859375,Yahoo Finance yfinance auto_adjust=True
1805,01335.HK,顺泰控股,HK,12.173905099948247,2025-08-01,0.11500000208616257,2026-07-31,0.1289999932050705,Yahoo Finance chart adjclose
1806,688209.SH,英集芯,A,12.139889525522163,2025-07-31,18.557178497314453,2026-07-31,20.809999465942383,Yahoo Finance yfinance auto_adjust=True
1807,08432.HK,太平洋酒吧,HK,12.121214173713678,2025-08-01,0.032999999821186066,2026-07-31,0.03700000047683716,Yahoo Finance chart adjclose
1808,301057.SZ,汇隆新材,A,12.095567052076216,2025-07-31,17.48508071899414,2026-07-31,19.600000381469727,Yahoo Finance yfinance auto_adjust=True
1809,600714.SH,金瑞矿业,A,12.091791853658984,2025-07-31,11.767141342163086,2026-07-31,13.1899995803833,Yahoo Finance yfinance auto_adjust=True
1810,08079.HK,仍志集团控股,HK,12.068964631322142,2025-08-01,0.5799999833106995,2026-07-31,0.6499999761581421,Yahoo Finance chart adjclose
1811,000921.SZ,海信家电,A,12.04081710674567,2025-07-31,24.446447372436523,2026-07-31,27.389999389648438,Yahoo Finance yfinance auto_adjust=True
1812,600222.SH,太龙药业,A,12.005469695411985,2025-07-31,6.187197685241699,2026-07-31,6.929999828338623,Yahoo Finance yfinance auto_adjust=True
1813,003030.SZ,祖名股份,A,12.004327016051054,2025-07-31,18.936767578125,2026-07-31,21.209999084472656,Yahoo Finance yfinance auto_adjust=True
1814,603678.SH,火炬电子,A,11.975277354224723,2025-07-31,36.27586364746094,2026-07-31,40.619998931884766,Yahoo Finance yfinance auto_adjust=True
1815,02218.HK,安德利果汁,HK,11.969061574016425,2025-08-01,17.75490379333496,2026-07-31,19.8799991607666,Yahoo Finance chart adjclose
1816,002903.SZ,宇环数控,A,11.839614298132606,2025-07-31,21.200000762939453,2026-07-31,23.709999084472656,Yahoo Finance yfinance auto_adjust=True
1817,605299.SH,舒华体育,A,11.822021344122401,2025-07-31,10.284199714660645,2026-07-31,11.5,Yahoo Finance yfinance auto_adjust=True
1818,000776.SZ,广发证券,A,11.796591313625871,2025-07-31,19.106128692626953,2026-07-31,21.360000610351562,Yahoo Finance yfinance auto_adjust=True
1819,000423.SZ,东阿阿胶,A,11.76376369375507,2025-07-31,48.87093734741211,2026-07-31,54.619998931884766,Yahoo Finance yfinance auto_adjust=True
1820,000595.SZ,*ST宝实,A,11.752581090093027,2025-07-31,4.849999904632568,2026-07-31,5.420000076293945,Yahoo Finance yfinance auto_adjust=True
1821,02520.HK,山西安装,HK,11.744067428131855,2025-08-01,2.0672237873077393,2026-07-31,2.309999942779541,Yahoo Finance chart adjclose
1822,06823.HK,香港电讯-SS,HK,11.742194306535026,2025-08-01,11.875550270080566,2026-07-31,13.270000457763672,Yahoo Finance chart adjclose
1823,601218.SH,吉鑫科技,A,11.710551031431704,2025-07-31,4.081977844238281,2026-07-31,4.559999942779541,Yahoo Finance yfinance auto_adjust=True
1824,301322.SZ,绿通科技,A,11.699103093048024,2025-07-31,28.693157196044922,2026-07-31,32.04999923706055,Yahoo Finance yfinance auto_adjust=True
1825,01225.HK,隆成金融,HK,11.62790262486375,2025-08-01,0.2150000035762787,2026-07-31,0.23999999463558197,Yahoo Finance chart adjclose
1826,603933.SH,睿能科技,A,11.601375490217158,2025-07-31,16.048189163208008,2026-07-31,17.90999984741211,Yahoo Finance yfinance auto_adjust=True
1827,600829.SH,人民同泰,A,11.594203733174346,2025-07-31,8.279999732971191,2026-07-31,9.239999771118164,Yahoo Finance yfinance auto_adjust=True
1828,02189.HK,嘉涛(香港)控股,HK,11.5512380042611,2025-08-01,0.43477779626846313,2026-07-31,0.48500001430511475,Yahoo Finance chart adjclose
1829,01553.HK,迈科管业,HK,11.510789084030982,2025-08-01,1.3899999856948853,2026-07-31,1.5499999523162842,Yahoo Finance chart adjclose
1830,600871.SH,石化油服,A,11.500000953674316,2025-07-31,2.0,2026-07-31,2.2300000190734863,Yahoo Finance yfinance auto_adjust=True
1831,688187.SH,时代电气,A,11.49058936469396,2025-07-31,42.40716552734375,2026-07-31,47.279998779296875,Yahoo Finance yfinance auto_adjust=True
1832,603713.SH,密尔克卫,A,11.481750978663774,2025-07-31,52.519805908203125,2026-07-31,58.54999923706055,Yahoo Finance yfinance auto_adjust=True
1833,603120.SH,肯特催化,A,11.475224840880415,2025-07-31,40.12550735473633,2026-07-31,44.72999954223633,Yahoo Finance yfinance auto_adjust=True
1834,600025.SH,华能水电,A,11.470568245645607,2025-07-31,9.078629493713379,2026-07-31,10.119999885559082,Yahoo Finance yfinance auto_adjust=True
1835,601699.SH,潞安环能,A,11.455235936548602,2025-07-31,13.548040390014648,2026-07-31,15.100000381469727,Yahoo Finance yfinance auto_adjust=True
1836,02101.HK,福禄控股,HK,11.432157260650966,2025-08-01,1.3102142810821533,2026-07-31,1.4600000381469727,Yahoo Finance chart adjclose
1837,02638.HK,港灯-SS,HK,11.431938361555272,2025-08-01,5.797260761260986,2026-07-31,6.460000038146973,Yahoo Finance chart adjclose
1838,002004.SZ,华邦健康,A,11.423074863444892,2025-07-31,3.975836992263794,2026-07-31,4.429999828338623,Yahoo Finance yfinance auto_adjust=True
1839,301012.SZ,扬电科技,A,11.401743725268387,2025-07-31,21.66931915283203,2026-07-31,24.139999389648438,Yahoo Finance yfinance auto_adjust=True
1840,300069.SZ,金利华电,A,11.361588922862275,2025-07-31,22.18000030517578,2026-07-31,24.700000762939453,Yahoo Finance yfinance auto_adjust=True
1841,000690.SZ,宝新能源,A,11.308958013358229,2025-07-31,4.4380974769592285,2026-07-31,4.940000057220459,Yahoo Finance yfinance auto_adjust=True
1842,002145.SZ,钛能化学,A,11.254922890437257,2025-07-31,4.170601844787598,2026-07-31,4.639999866485596,Yahoo Finance yfinance auto_adjust=True
1843,300088.SZ,长信科技,A,11.199480984441056,2025-07-31,5.998229503631592,2026-07-31,6.670000076293945,Yahoo Finance yfinance auto_adjust=True
1844,605305.SH,中际联合,A,11.19670238366881,2025-07-31,35.09096908569336,2026-07-31,39.02000045776367,Yahoo Finance yfinance auto_adjust=True
1845,02613.HK,汇舸环保,HK,11.186438091730677,2025-08-01,29.5,2026-07-31,32.79999923706055,Yahoo Finance chart adjclose
1846,600114.SH,东睦股份,A,11.179499706436612,2025-07-31,23.79935073852539,2026-07-31,26.459999084472656,Yahoo Finance yfinance auto_adjust=True
1847,002021.SZ,中捷资源,A,11.158798239345247,2025-07-31,2.3299999237060547,2026-07-31,2.5899999141693115,Yahoo Finance yfinance auto_adjust=True
1848,688729.SH,屹唐股份,A,11.139759550233652,2025-07-31,20.9645938873291,2026-07-31,23.299999237060547,Yahoo Finance yfinance auto_adjust=True
1849,000895.SZ,双汇发展,A,11.122958613109946,2025-07-31,23.388505935668945,2026-07-31,25.989999771118164,Yahoo Finance yfinance auto_adjust=True
1850,01790.HK,达力环保,HK,11.11111405455043,2025-08-01,0.44999998807907104,2026-07-31,0.5,Yahoo Finance chart adjclose
1851,300192.SZ,科德教育,A,11.079689433467333,2025-07-31,11.262185096740723,2026-07-31,12.510000228881836,Yahoo Finance yfinance auto_adjust=True
1852,605198.SH,安德利,A,11.0668597455025,2025-07-31,51.284423828125,2026-07-31,56.959999084472656,Yahoo Finance yfinance auto_adjust=True
1853,01913.HK,普拉达,HK,11.044167878339284,2025-08-01,38.95746994018555,2026-07-31,43.2599983215332,Yahoo Finance chart adjclose
1854,300861.SZ,美畅股份,A,11.006199529201076,2025-07-31,14.233439445495605,2026-07-31,15.800000190734863,Yahoo Finance yfinance auto_adjust=True
1855,603365.SH,水星家纺,A,10.986248541987331,2025-07-31,16.65972137451172,2026-07-31,18.489999771118164,Yahoo Finance yfinance auto_adjust=True
1856,02031.HK,澳至尊,HK,10.982344077179128,2025-08-01,0.373933345079422,2026-07-31,0.41499999165534973,Yahoo Finance chart adjclose
1857,02768.HK,佳源国际控股,HK,10.982316599233876,2026-02-04,26.851123809814453,2026-07-31,29.799999237060547,Yahoo Finance chart adjclose
1858,688508.SH,芯朋微,A,10.977719516244267,2025-07-31,58.65140914916992,2026-07-31,65.08999633789062,Yahoo Finance yfinance auto_adjust=True
1859,300454.SZ,深信服,A,10.96629023091662,2025-07-31,107.87960815429688,2026-07-31,119.70999908447266,Yahoo Finance yfinance auto_adjust=True
1860,603011.SH,合锻智能,A,10.958005914532997,2025-07-31,15.239999771118164,2026-07-31,16.90999984741211,Yahoo Finance yfinance auto_adjust=True
1861,06821.HK,凯莱英,HK,10.954776177819525,2025-08-01,100.31114196777344,2026-07-31,111.30000305175781,Yahoo Finance chart adjclose
1862,300588.SZ,熙菱信息,A,10.946298621538109,2025-07-31,19.549999237060547,2026-07-31,21.690000534057617,Yahoo Finance yfinance auto_adjust=True
1863,600719.SH,大连热电,A,10.937496856786355,2025-07-31,6.400000095367432,2026-07-31,7.099999904632568,Yahoo Finance yfinance auto_adjust=True
1864,301606.SZ,绿联科技,A,10.823082664689565,2025-07-31,48.07662582397461,2026-07-31,53.279998779296875,Yahoo Finance yfinance auto_adjust=True
1865,01451.HK,万成集团股份,HK,10.774410910520228,2025-08-01,0.8846808671951294,2026-07-31,0.9800000190734863,Yahoo Finance chart adjclose
1866,000923.SZ,河钢资源,A,10.746450952057863,2025-07-31,13.264533042907715,2026-07-31,14.6899995803833,Yahoo Finance yfinance auto_adjust=True
1867,600872.SH,中炬高新,A,10.74464286810024,2025-07-31,18.339487075805664,2026-07-31,20.309999465942383,Yahoo Finance yfinance auto_adjust=True
1868,600710.SH,苏美达,A,10.73657598571458,2025-07-31,10.09603214263916,2026-07-31,11.180000305175781,Yahoo Finance yfinance auto_adjust=True
1869,01508.HK,中国再保险,HK,10.724738579276384,2025-08-01,1.237302541732788,2026-07-31,1.3700000047683716,Yahoo Finance chart adjclose
1870,08277.HK,骏东控股,HK,10.714289832378787,2025-08-01,0.08399999886751175,2026-07-31,0.09300000220537186,Yahoo Finance chart adjclose
1871,600460.SH,士兰微,A,10.700594455055224,2025-07-31,25.528318405151367,2026-07-31,28.260000228881836,Yahoo Finance yfinance auto_adjust=True
1872,600969.SH,郴电国际,A,10.674577900525616,2025-07-31,7.372966766357422,2026-07-31,8.15999984741211,Yahoo Finance yfinance auto_adjust=True
1873,605016.SH,百龙创园,A,10.6726204340575,2025-07-31,19.833271026611328,2026-07-31,21.950000762939453,Yahoo Finance yfinance auto_adjust=True
1874,02886.HK,滨海投资,HK,10.629081072031642,2025-08-01,0.9762352108955383,2026-07-31,1.0800000429153442,Yahoo Finance chart adjclose
1875,603881.SH,数据港,A,10.572661166110109,2025-07-31,21.958412170410156,2026-07-31,24.280000686645508,Yahoo Finance yfinance auto_adjust=True
1876,08489.HK,裕程物流,HK,10.559009200495307,2025-08-01,0.16099999845027924,2026-07-31,0.17800000309944153,Yahoo Finance chart adjclose
1877,600346.SH,恒力石化,A,10.553821856289037,2025-07-31,15.123854637145996,2026-07-31,16.719999313354492,Yahoo Finance yfinance auto_adjust=True
1878,002470.SZ,金正大,A,10.526312487277378,2025-07-31,1.7100000381469727,2026-07-31,1.8899999856948853,Yahoo Finance yfinance auto_adjust=True
1879,301379.SZ,天山电子,A,10.518037459901898,2025-07-31,17.32748794555664,2026-07-31,19.149999618530273,Yahoo Finance yfinance auto_adjust=True
1880,001215.SZ,千味央厨,A,10.504051653446655,2025-07-31,28.3700008392334,2026-07-31,31.350000381469727,Yahoo Finance yfinance auto_adjust=True
1881,600157.SH,永泰能源,A,10.489517543314864,2025-07-31,1.4299999475479126,2026-07-31,1.5800000429153442,Yahoo Finance yfinance auto_adjust=True
1882,688179.SH,阿拉丁,A,10.489484737810372,2025-07-31,14.761585235595703,2026-07-31,16.309999465942383,Yahoo Finance yfinance auto_adjust=True
1883,688170.SH,德龙激光,A,10.485087213729049,2025-07-31,39.58000183105469,2026-07-31,43.72999954223633,Yahoo Finance yfinance auto_adjust=True
1884,000830.SZ,鲁西化工,A,10.480289139248256,2025-07-31,11.44095516204834,2026-07-31,12.640000343322754,Yahoo Finance yfinance auto_adjust=True
1885,06613.HK,蓝思科技,HK,10.479786932428725,2025-08-01,18.68214988708496,2026-07-31,20.639999389648438,Yahoo Finance chart adjclose
1886,688772.SH,珠海冠宇,A,10.473806584011447,2025-07-31,13.261061668395996,2026-07-31,14.649999618530273,Yahoo Finance yfinance auto_adjust=True
1887,002534.SZ,西子洁能,A,10.420726659018275,2025-07-31,12.542935371398926,2026-07-31,13.850000381469727,Yahoo Finance yfinance auto_adjust=True
1888,01982.HK,南旋控股,HK,10.377361633151772,2025-08-01,0.7157264947891235,2026-07-31,0.7900000214576721,Yahoo Finance chart adjclose
1889,600642.SH,申能股份,A,10.354902780424236,2025-07-31,7.747730255126953,2026-07-31,8.550000190734863,Yahoo Finance yfinance auto_adjust=True
1890,603859.SH,能科科技,A,10.336113918266875,2025-07-31,36.43412780761719,2026-07-31,40.20000076293945,Yahoo Finance yfinance auto_adjust=True
1891,600919.SH,江苏银行,A,10.326501734099924,2025-07-31,10.722718238830566,2026-07-31,11.829999923706055,Yahoo Finance yfinance auto_adjust=True
1892,002058.SZ,*ST威尔,A,10.315183212380873,2025-07-31,13.960000038146973,2026-07-31,15.399999618530273,Yahoo Finance yfinance auto_adjust=True
1893,605366.SH,宏柏新材,A,10.220127071102048,2025-07-31,6.360000133514404,2026-07-31,7.010000228881836,Yahoo Finance yfinance auto_adjust=True
1894,688336.SH,三生国健,A,10.200814161870642,2025-07-31,37.023319244384766,2026-07-31,40.79999923706055,Yahoo Finance yfinance auto_adjust=True
1895,600851.SH,海欣股份,A,10.165584929851024,2025-07-31,7.143791675567627,2026-07-31,7.869999885559082,Yahoo Finance yfinance auto_adjust=True
1896,601665.SH,齐鲁银行,A,10.138723996464716,2025-07-31,5.7836151123046875,2026-07-31,6.369999885559082,Yahoo Finance yfinance auto_adjust=True
1897,300686.SZ,智动力,A,10.126581455669093,2025-07-31,10.270000457763672,2026-07-31,11.3100004196167,Yahoo Finance yfinance auto_adjust=True
1898,01897.HK,美亨实业,HK,10.099705550892724,2025-08-01,0.43596845865249634,2026-07-31,0.47999998927116394,Yahoo Finance chart adjclose
1899,688683.SH,莱尔科技,A,10.094953222159319,2025-07-31,26.61338996887207,2026-07-31,29.299999237060547,Yahoo Finance yfinance auto_adjust=True
1900,601398.SH,工商银行,A,10.082448950631795,2025-07-31,7.258195877075195,2026-07-31,7.989999771118164,Yahoo Finance yfinance auto_adjust=True
1901,603228.SH,景旺电子,A,10.072303530435622,2025-07-31,66.04749298095703,2026-07-31,72.69999694824219,Yahoo Finance yfinance auto_adjust=True
1902,605598.SH,上海港湾,A,10.035446756434286,2025-07-31,22.429136276245117,2026-07-31,24.68000030517578,Yahoo Finance yfinance auto_adjust=True
1903,000987.SZ,越秀资本,A,10.007822323473658,2025-07-31,7.144946575164795,2026-07-31,7.860000133514404,Yahoo Finance yfinance auto_adjust=True
1904,01571.HK,信邦控股,HK,9.991764294207805,2025-08-01,3.545720100402832,2026-07-31,3.9000000953674316,Yahoo Finance chart adjclose
1905,688155.SH,先惠技术,A,9.983223709133782,2025-07-31,52.462547302246094,2026-07-31,57.70000076293945,Yahoo Finance yfinance auto_adjust=True
1906,600724.SH,宁波富达,A,9.947544614654191,2025-07-31,4.547623157501221,2026-07-31,5.0,Yahoo Finance yfinance auto_adjust=True
1907,301162.SZ,国能日新,A,9.946577617578356,2025-07-31,35.60820388793945,2026-07-31,39.150001525878906,Yahoo Finance yfinance auto_adjust=True
1908,002218.SZ,拓日新能,A,9.944755383847337,2025-07-31,3.619999885559082,2026-07-31,3.9800000190734863,Yahoo Finance yfinance auto_adjust=True
1909,08371.HK,尝高美集团,HK,9.886940427056334,2025-08-01,1.7017490863800049,2026-07-31,1.8700000047683716,Yahoo Finance chart adjclose
1910,603213.SH,镇洋发展,A,9.847013610564348,2025-07-31,12.617547988891602,2026-07-31,13.859999656677246,Yahoo Finance yfinance auto_adjust=True
1911,688290.SH,景业智能,A,9.831971004451766,2025-07-31,50.25859069824219,2026-07-31,55.20000076293945,Yahoo Finance yfinance auto_adjust=True
1912,02285.HK,泉峰控股,HK,9.81687090113368,2025-08-01,17.383485794067383,2026-07-31,19.09000015258789,Yahoo Finance chart adjclose
1913,06133.HK,维太创科,HK,9.756098890644926,2025-08-01,0.2460000067949295,2026-07-31,0.27000001072883606,Yahoo Finance chart adjclose
1914,06966.HK,中国万桐园,HK,9.677416460405762,2025-08-01,0.4650000035762787,2026-07-31,0.5099999904632568,Yahoo Finance chart adjclose
1915,300818.SZ,耐普矿机,A,9.661197006931665,2025-07-31,17.30785369873047,2026-07-31,18.979999542236328,Yahoo Finance yfinance auto_adjust=True
1916,603170.SH,宝立食品,A,9.660742003513278,2025-07-31,12.128314971923828,2026-07-31,13.300000190734863,Yahoo Finance yfinance auto_adjust=True
1917,002929.SZ,润建股份,A,9.650497458210893,2025-07-31,43.74809265136719,2026-07-31,47.970001220703125,Yahoo Finance yfinance auto_adjust=True
1918,000100.SZ,TCL科技,A,9.612451858566251,2025-07-31,4.3152031898498535,2026-07-31,4.730000019073486,Yahoo Finance yfinance auto_adjust=True
1919,06160.HK,百济神州,HK,9.604519774011289,2025-08-01,177.0,2026-07-31,194.0,Yahoo Finance chart adjclose
1920,600156.SH,华升股份,A,9.602851601125305,2025-07-31,6.724277496337891,2026-07-31,7.369999885559082,Yahoo Finance yfinance auto_adjust=True
1921,601333.SH,广深铁路,A,9.581540191458092,2025-07-31,2.810692310333252,2026-07-31,3.0799999237060547,Yahoo Finance yfinance auto_adjust=True
1922,605338.SH,巴比食品,A,9.573703471128226,2025-07-31,17.732357025146484,2026-07-31,19.43000030517578,Yahoo Finance yfinance auto_adjust=True
1923,605155.SH,西大门,A,9.547523033403383,2025-07-31,12.01305103302002,2026-07-31,13.15999984741211,Yahoo Finance yfinance auto_adjust=True
1924,000425.SZ,徐工机械,A,9.529076688322057,2025-07-31,8.180476188659668,2026-07-31,8.960000038146973,Yahoo Finance yfinance auto_adjust=True
1925,605580.SH,恒盛能源,A,9.516943828059453,2025-07-31,15.230520248413086,2026-07-31,16.68000030517578,Yahoo Finance yfinance auto_adjust=True
1926,002549.SZ,凯美特气,A,9.479487887562144,2025-07-31,11.755626678466797,2026-07-31,12.869999885559082,Yahoo Finance yfinance auto_adjust=True
1927,301222.SZ,浙江恒威,A,9.463045431160433,2025-07-31,20.37217140197754,2026-07-31,22.299999237060547,Yahoo Finance yfinance auto_adjust=True
1928,01818.HK,招金矿业,HK,9.401329992832498,2025-08-01,19.378192901611328,2026-07-31,21.200000762939453,Yahoo Finance chart adjclose
1929,301528.SZ,多浦乐,A,9.379388961258584,2025-07-31,41.21434783935547,2026-07-31,45.08000183105469,Yahoo Finance yfinance auto_adjust=True
1930,002603.SZ,以岭药业,A,9.320345260842178,2025-07-31,15.450005531311035,2026-07-31,16.889999389648438,Yahoo Finance yfinance auto_adjust=True
1931,002748.SZ,世龙实业,A,9.31775018055685,2025-07-31,9.476960182189941,2026-07-31,10.359999656677246,Yahoo Finance yfinance auto_adjust=True
1932,02618.HK,京东物流,HK,9.315871237029437,2025-08-01,13.739999771118164,2026-07-31,15.020000457763672,Yahoo Finance chart adjclose
1933,01447.HK,新福港,HK,9.311738692480741,2025-08-01,0.5488889217376709,2026-07-31,0.6000000238418579,Yahoo Finance chart adjclose
1934,300304.SZ,云意电气,A,9.311229961961764,2025-07-31,9.514118194580078,2026-07-31,10.399999618530273,Yahoo Finance yfinance auto_adjust=True
1935,603331.SH,百达精工,A,9.300089021791692,2025-07-31,10.430000305175781,2026-07-31,11.399999618530273,Yahoo Finance yfinance auto_adjust=True
1936,08372.HK,君百延集团,HK,9.282580204703205,2025-08-01,0.12078777700662613,2026-07-31,0.13199999928474426,Yahoo Finance chart adjclose
1937,000848.SZ,承德露露,A,9.21420310135903,2025-07-31,8.240686416625977,2026-07-31,9.0,Yahoo Finance yfinance auto_adjust=True
1938,600637.SH,东方明珠,A,9.193391359207869,2025-07-31,7.527928352355957,2026-07-31,8.220000267028809,Yahoo Finance yfinance auto_adjust=True
1939,688266.SH,泽璟制药,A,9.18357907083076,2025-07-31,111.83000183105469,2026-07-31,122.0999984741211,Yahoo Finance yfinance auto_adjust=True
1940,01045.HK,亚太卫星,HK,9.172356413036997,2025-08-01,1.9693630933761597,2026-07-31,2.1500000953674316,Yahoo Finance chart adjclose
1941,688296.SH,和达科技,A,9.170307495422158,2025-07-31,13.739999771118164,2026-07-31,15.0,Yahoo Finance yfinance auto_adjust=True
1942,06898.HK,中国铝罐,HK,9.165932187348425,2025-08-01,0.8061122894287109,2026-07-31,0.8799999952316284,Yahoo Finance chart adjclose
1943,600338.SH,西藏珠峰,A,9.109088334332416,2025-07-31,11.731378555297852,2026-07-31,12.800000190734863,Yahoo Finance yfinance auto_adjust=True
1944,300259.SZ,新天科技,A,9.094883031512534,2025-07-31,3.547370672225952,2026-07-31,3.869999885559082,Yahoo Finance yfinance auto_adjust=True
1945,02358.HK,久融控股,HK,9.090910630285265,2025-08-01,0.010999999940395355,2026-07-31,0.012000000104308128,Yahoo Finance chart adjclose
1946,600064.SH,南京高科,A,9.059339991496662,2025-07-31,7.252932071685791,2026-07-31,7.909999847412109,Yahoo Finance yfinance auto_adjust=True
1947,000683.SZ,博源化工,A,9.037407113436835,2025-07-31,5.48435640335083,2026-07-31,5.980000019073486,Yahoo Finance yfinance auto_adjust=True
1948,301518.SZ,长华化学,A,9.025250956827957,2025-07-31,21.490434646606445,2026-07-31,23.43000030517578,Yahoo Finance yfinance auto_adjust=True
1949,02553.HK,首钢朗泽,HK,9.021840772612077,2026-06-03,21.059999465942383,2026-07-31,22.959999084472656,Yahoo Finance chart adjclose
1950,300827.SZ,上能电气,A,8.99590195395259,2025-07-31,22.734800338745117,2026-07-31,24.780000686645508,Yahoo Finance yfinance auto_adjust=True
1951,06829.HK,龙升集团控股,HK,8.974366028163349,2025-08-01,1.559999942779541,2026-07-31,1.7000000476837158,Yahoo Finance chart adjclose
1952,600452.SH,涪陵电力,A,8.947404970030082,2025-07-31,9.02270221710205,2026-07-31,9.829999923706055,Yahoo Finance yfinance auto_adjust=True
1953,02377.HK,博奇环保,HK,8.937121935859516,2025-08-01,0.7802666425704956,2026-07-31,0.8500000238418579,Yahoo Finance chart adjclose
1954,688184.SH,ST帕瓦,A,8.935746384679089,2025-07-31,9.960000038146973,2026-07-31,10.850000381469727,Yahoo Finance yfinance auto_adjust=True
1955,000809.SZ,和展能源,A,8.934707312527014,2025-07-31,2.9100000858306885,2026-07-31,3.1700000762939453,Yahoo Finance yfinance auto_adjust=True
1956,603057.SH,紫燕食品,A,8.931298078109261,2025-07-31,20.563419342041016,2026-07-31,22.399999618530273,Yahoo Finance yfinance auto_adjust=True
1957,603638.SH,艾迪精密,A,8.870008018863684,2025-07-31,17.99393653869629,2026-07-31,19.59000015258789,Yahoo Finance yfinance auto_adjust=True
1958,600756.SH,浪潮软件,A,8.86666615804037,2025-07-31,15.0,2026-07-31,16.329999923706055,Yahoo Finance yfinance auto_adjust=True
1959,000157.SZ,中联重科,A,8.796883309716153,2025-07-31,6.985494136810303,2026-07-31,7.599999904632568,Yahoo Finance yfinance auto_adjust=True
1960,01548.HK,金斯瑞生物科技,HK,8.795175005552558,2025-08-01,16.600000381469727,2026-07-31,18.059999465942383,Yahoo Finance chart adjclose
1961,002872.SZ,ST天圣,A,8.791200038733837,2025-07-31,4.550000190734863,2026-07-31,4.949999809265137,Yahoo Finance yfinance auto_adjust=True
1962,300802.SZ,矩子科技,A,8.791063167610048,2025-07-31,18.797500610351562,2026-07-31,20.450000762939453,Yahoo Finance yfinance auto_adjust=True
1963,002272.SZ,川润股份,A,8.745878132224117,2025-07-31,12.119999885559082,2026-07-31,13.180000305175781,Yahoo Finance yfinance auto_adjust=True
1964,002176.SZ,江特电机,A,8.597884924433608,2025-07-31,7.559999942779541,2026-07-31,8.210000038146973,Yahoo Finance yfinance auto_adjust=True
1965,01143.HK,中国储能科技发展,HK,8.536584568052042,2025-08-01,0.4099999964237213,2026-07-31,0.4449999928474426,Yahoo Finance chart adjclose
1966,02800.HK,盈富基金,HK,8.513946085020741,2025-08-01,24.29180908203125,2026-07-30,26.360000610351562,Yahoo Finance chart adjclose
1967,603681.SH,永冠新材,A,8.512983593399316,2025-07-31,15.260846138000488,2026-07-31,16.559999465942383,Yahoo Finance yfinance auto_adjust=True
1968,300907.SZ,康平科技,A,8.44116153649981,2025-07-31,33.32682800292969,2026-07-31,36.13999938964844,Yahoo Finance yfinance auto_adjust=True
1969,300795.SZ,米奥会展,A,8.43996105403708,2025-07-31,15.160463333129883,2026-07-31,16.440000534057617,Yahoo Finance yfinance auto_adjust=True
1970,000935.SZ,四川双马,A,8.439905832584538,2025-07-31,19.549999237060547,2026-07-31,21.200000762939453,Yahoo Finance yfinance auto_adjust=True
1971,300932.SZ,三友联众,A,8.420480256284502,2025-07-31,8.051983833312988,2026-07-31,8.729999542236328,Yahoo Finance yfinance auto_adjust=True
1972,002300.SZ,太阳电缆,A,8.409123272309781,2025-07-31,6.429347991943359,2026-07-31,6.96999979019165,Yahoo Finance yfinance auto_adjust=True
1973,300421.SZ,力星股份,A,8.405864697425969,2025-07-31,15.2943754196167,2026-07-31,16.579999923706055,Yahoo Finance yfinance auto_adjust=True
1974,301029.SZ,怡合达,A,8.400365725476489,2025-07-31,22.813575744628906,2026-07-31,24.729999542236328,Yahoo Finance yfinance auto_adjust=True
1975,300129.SZ,泰胜风能,A,8.378020577799816,2025-07-31,7.086307525634766,2026-07-31,7.679999828338623,Yahoo Finance yfinance auto_adjust=True
1976,600900.SH,长江电力,A,8.356436977264003,2025-07-31,26.846582412719727,2026-07-31,29.09000015258789,Yahoo Finance yfinance auto_adjust=True
1977,002129.SZ,TCL中环,A,8.343562417226336,2025-07-31,8.149999618530273,2026-07-31,8.829999923706055,Yahoo Finance yfinance auto_adjust=True
1978,300774.SZ,倍杰特,A,8.310559105219117,2025-07-31,8.974194526672363,2026-07-31,9.720000267028809,Yahoo Finance yfinance auto_adjust=True
1979,301502.SZ,华阳智能,A,8.309858008648607,2025-07-31,42.18452453613281,2026-07-31,45.689998626708984,Yahoo Finance yfinance auto_adjust=True
1980,000929.SZ,*ST兰黄,A,8.290811299483414,2025-07-31,7.840000152587891,2026-07-31,8.489999771118164,Yahoo Finance yfinance auto_adjust=True
1981,600033.SH,福建高速,A,8.275535072121176,2025-07-31,3.3710293769836426,2026-07-31,3.6500000953674316,Yahoo Finance yfinance auto_adjust=True
1982,601518.SH,吉林高速,A,8.25915898559102,2025-07-31,2.586386203765869,2026-07-31,2.799999952316284,Yahoo Finance yfinance auto_adjust=True
1983,600516.SH,方大炭素,A,8.259008897007991,2025-07-31,4.784821033477783,2026-07-31,5.179999828338623,Yahoo Finance yfinance auto_adjust=True
1984,300649.SZ,杭州园林,A,8.221341431449346,2025-07-31,16.2999267578125,2026-07-31,17.639999389648438,Yahoo Finance yfinance auto_adjust=True
1985,301019.SZ,宁波色母,A,8.197072230051482,2025-07-31,13.392229080200195,2026-07-31,14.489999771118164,Yahoo Finance yfinance auto_adjust=True
1986,002380.SZ,科远智慧,A,8.172807085755384,2025-07-31,25.68113136291504,2026-07-31,27.780000686645508,Yahoo Finance yfinance auto_adjust=True
1987,001299.SZ,美能能源,A,8.129292723349035,2025-07-31,8.906004905700684,2026-07-31,9.630000114440918,Yahoo Finance yfinance auto_adjust=True
1988,601121.SH,宝地矿业,A,8.123915112700896,2025-07-31,6.289080619812012,2026-07-31,6.800000190734863,Yahoo Finance yfinance auto_adjust=True
1989,300057.SZ,万顺新材,A,8.115612888521229,2025-07-31,5.62360954284668,2026-07-31,6.079999923706055,Yahoo Finance yfinance auto_adjust=True
1990,02988.HK,九方智投(五百),HK,8.108104298461406,2026-07-14,0.22200000286102295,2026-07-31,0.23999999463558197,Yahoo Finance chart adjclose
1991,605186.SH,健麾信息,A,8.101960592977964,2025-07-31,21.969999313354492,2026-07-31,23.75,Yahoo Finance yfinance auto_adjust=True
1992,001223.SZ,欧克科技,A,8.093165871368635,2025-07-31,30.41820526123047,2026-07-31,32.880001068115234,Yahoo Finance yfinance auto_adjust=True
1993,003026.SZ,中晶科技,A,8.086664035266633,2025-07-31,23.397891998291016,2026-07-31,25.290000915527344,Yahoo Finance yfinance auto_adjust=True
1994,601298.SH,青岛港,A,8.074908281785898,2025-07-31,8.364568710327148,2026-07-31,9.039999961853027,Yahoo Finance yfinance auto_adjust=True
1995,002051.SZ,中工国际,A,8.063822380188634,2025-07-31,8.420949935913086,2026-07-31,9.100000381469727,Yahoo Finance yfinance auto_adjust=True
1996,06668.HK,星盛商业,HK,8.059794836293843,2025-08-01,1.2122917175292969,2026-07-31,1.309999942779541,Yahoo Finance chart adjclose
1997,000049.SZ,德赛电池,A,8.054305269872497,2025-07-31,22.58123779296875,2026-07-31,24.399999618530273,Yahoo Finance yfinance auto_adjust=True
1998,01682.HK,杭品生活科技,HK,8.053687382247077,2025-08-01,0.14900000393390656,2026-07-31,0.16099999845027924,Yahoo Finance chart adjclose
1999,301293.SZ,三博脑科,A,8.047121868909102,2025-07-31,50.08000183105469,2026-07-31,54.11000061035156,Yahoo Finance yfinance auto_adjust=True
2000,688052.SH,纳芯微,A,7.971228103721173,2025-07-31,172.3699951171875,2026-07-31,186.11000061035156,Yahoo Finance yfinance auto_adjust=True
2001,002639.SZ,雪人集团,A,7.9710155568987195,2025-07-31,11.039999961853027,2026-07-31,11.920000076293945,Yahoo Finance yfinance auto_adjust=True
2002,600360.SH,*ST华微,A,7.968944116534127,2025-07-31,8.632111549377441,2026-07-31,9.319999694824219,Yahoo Finance yfinance auto_adjust=True
2003,688101.SH,三达膜,A,7.955601924803557,2025-07-31,14.135440826416016,2026-07-31,15.260000228881836,Yahoo Finance yfinance auto_adjust=True
2004,002358.SZ,森源电气,A,7.944136953730396,2025-07-31,5.16007661819458,2026-07-31,5.570000171661377,Yahoo Finance yfinance auto_adjust=True
2005,002299.SZ,圣农发展,A,7.943401870986366,2025-07-31,15.489598274230957,2026-07-31,16.719999313354492,Yahoo Finance yfinance auto_adjust=True
2006,688700.SH,东威科技,A,7.906119989542004,2025-07-31,47.550594329833984,2026-07-31,51.310001373291016,Yahoo Finance yfinance auto_adjust=True
2007,300657.SZ,弘信电子,A,7.902735914736292,2025-07-31,29.610000610351562,2026-07-31,31.950000762939453,Yahoo Finance yfinance auto_adjust=True
2008,688235.SH,百济神州,A,7.895391985433964,2025-07-31,238.24000549316406,2026-07-31,257.04998779296875,Yahoo Finance yfinance auto_adjust=True
2009,300899.SZ,*ST凯鑫,A,7.892481636294146,2025-07-31,24.13513946533203,2026-07-31,26.040000915527344,Yahoo Finance yfinance auto_adjust=True
2010,300141.SZ,和顺电气,A,7.841025878991137,2025-07-31,9.3100004196167,2026-07-31,10.039999961853027,Yahoo Finance yfinance auto_adjust=True
2011,001316.SZ,润贝航科,A,7.785114643075697,2025-07-31,23.435518264770508,2026-07-31,25.260000228881836,Yahoo Finance yfinance auto_adjust=True
2012,002154.SZ,报 喜 鸟,A,7.782339050591847,2025-07-31,3.6369595527648926,2026-07-31,3.9200000762939453,Yahoo Finance yfinance auto_adjust=True
2013,600310.SH,广西能源,A,7.743332929945135,2025-07-31,4.046654224395752,2026-07-31,4.360000133514404,Yahoo Finance yfinance auto_adjust=True
2014,688719.SH,爱科赛博,A,7.721617978163886,2025-07-31,39.369998931884766,2026-07-31,42.40999984741211,Yahoo Finance yfinance auto_adjust=True
2015,601330.SH,绿色动力,A,7.711043141373941,2025-07-31,6.758824348449707,2026-07-31,7.28000020980835,Yahoo Finance yfinance auto_adjust=True
2016,688239.SH,航宇科技,A,7.704097437995605,2025-07-31,37.77943420410156,2026-07-31,40.689998626708984,Yahoo Finance yfinance auto_adjust=True
2017,603223.SH,恒通股份,A,7.67098882794468,2025-07-31,9.631192207336426,2026-07-31,10.369999885559082,Yahoo Finance yfinance auto_adjust=True
2018,300428.SZ,立中集团,A,7.660141846304258,2025-07-31,17.62955093383789,2026-07-31,18.979999542236328,Yahoo Finance yfinance auto_adjust=True
2019,000901.SZ,航天科技,A,7.601568700638794,2025-07-31,13.122485160827637,2026-07-31,14.119999885559082,Yahoo Finance yfinance auto_adjust=True
2020,300780.SZ,德恩精工,A,7.597279194950457,2025-07-31,16.190000534057617,2026-07-31,17.420000076293945,Yahoo Finance yfinance auto_adjust=True
2021,301216.SZ,万凯新材,A,7.591372230738114,2025-07-31,14.657309532165527,2026-07-31,15.770000457763672,Yahoo Finance yfinance auto_adjust=True
2022,300715.SZ,凯伦股份,A,7.587555514654354,2025-07-31,10.279999732971191,2026-07-31,11.0600004196167,Yahoo Finance yfinance auto_adjust=True
2023,600583.SH,海油工程,A,7.583396419186861,2025-07-31,5.316805362701416,2026-07-31,5.71999979019165,Yahoo Finance yfinance auto_adjust=True
2024,301397.SZ,溯联股份,A,7.571315538788714,2025-07-31,23.166027069091797,2026-07-31,24.920000076293945,Yahoo Finance yfinance auto_adjust=True
2025,300409.SZ,道氏技术,A,7.545283675285885,2025-07-31,16.885910034179688,2026-07-31,18.15999984741211,Yahoo Finance yfinance auto_adjust=True
2026,002839.SZ,张家港行,A,7.538163067340586,2025-07-31,4.258953094482422,2026-07-31,4.579999923706055,Yahoo Finance yfinance auto_adjust=True
2027,600748.SH,上实发展,A,7.536231503469604,2025-07-31,3.450000047683716,2026-07-31,3.7100000381469727,Yahoo Finance yfinance auto_adjust=True
2028,000029.SZ,深深房Ａ,A,7.522510231094204,2025-07-31,18.823965072631836,2026-07-31,20.239999771118164,Yahoo Finance yfinance auto_adjust=True
2029,688622.SH,禾信仪器,A,7.510002136230476,2025-07-31,100.0,2026-07-31,107.51000213623047,Yahoo Finance yfinance auto_adjust=True
2030,01983.HK,泸州银行,HK,7.500560012605884,2025-08-01,2.0744078159332275,2026-07-31,2.2300000190734863,Yahoo Finance chart adjclose
2031,02825.HK,标智香港100,HK,7.494647919921316,2025-08-01,28.020000457763672,2026-07-30,30.1200008392334,Yahoo Finance chart adjclose
2032,002254.SZ,泰和新材,A,7.492898037024709,2025-07-31,10.605351448059082,2026-07-31,11.399999618530273,Yahoo Finance yfinance auto_adjust=True
2033,300407.SZ,凯发电气,A,7.489336594087503,2025-07-31,10.596400260925293,2026-07-31,11.390000343322754,Yahoo Finance yfinance auto_adjust=True
2034,002374.SZ,中锐股份,A,7.473311118264614,2025-07-31,2.809999942779541,2026-07-31,3.0199999809265137,Yahoo Finance yfinance auto_adjust=True
2035,01925.HK,旷世芳香,HK,7.45636262613647,2025-08-01,1.1911811828613281,2026-07-31,1.2799999713897705,Yahoo Finance chart adjclose
2036,605319.SH,无锡振华,A,7.450326444616251,2025-07-31,21.181880950927734,2026-07-31,22.760000228881836,Yahoo Finance yfinance auto_adjust=True
2037,603187.SH,海容冷链,A,7.439133394882047,2025-07-31,11.550725936889648,2026-07-31,12.40999984741211,Yahoo Finance yfinance auto_adjust=True
2038,01065.HK,天津创业环保股份,HK,7.429079830715546,2025-08-01,3.5651426315307617,2026-07-31,3.8299999237060547,Yahoo Finance chart adjclose
2039,002785.SZ,万里石,A,7.423433669350077,2025-07-31,30.040000915527344,2026-07-31,32.27000045776367,Yahoo Finance yfinance auto_adjust=True
2040,000036.SZ,华联控股,A,7.417581679812102,2025-07-31,3.640000104904175,2026-07-31,3.9100000858306885,Yahoo Finance yfinance auto_adjust=True
2041,002414.SZ,高德红外,A,7.410561350259881,2025-07-31,11.739999771118164,2026-07-31,12.609999656677246,Yahoo Finance yfinance auto_adjust=True
2042,06918.HK,奇士达,HK,7.407400048809576,2025-08-01,0.13500000536441803,2026-07-31,0.14499999582767487,Yahoo Finance chart adjclose
2043,000695.SZ,滨海能源,A,7.404254345183681,2025-07-31,11.75,2026-07-31,12.619999885559082,Yahoo Finance yfinance auto_adjust=True
2044,300747.SZ,锐科激光,A,7.384098266233319,2025-07-31,29.641260147094727,2026-07-31,31.829999923706055,Yahoo Finance yfinance auto_adjust=True
2045,002887.SZ,绿茵生态,A,7.366636891488754,2025-07-31,8.801616668701172,2026-07-31,9.449999809265137,Yahoo Finance yfinance auto_adjust=True
2046,603337.SH,杰克科技,A,7.332865164003954,2025-07-31,40.164772033691406,2026-07-31,43.11000061035156,Yahoo Finance yfinance auto_adjust=True
2047,600237.SH,铜峰电子,A,7.332314788972205,2025-07-31,7.4814372062683105,2026-07-31,8.029999732971191,Yahoo Finance yfinance auto_adjust=True
2048,603898.SH,好莱客,A,7.298608546763319,2025-07-31,9.69257640838623,2026-07-31,10.399999618530273,Yahoo Finance yfinance auto_adjust=True
2049,601106.SH,中国一重,A,7.291659423046926,2025-07-31,2.880000114440918,2026-07-31,3.0899999141693115,Yahoo Finance yfinance auto_adjust=True
2050,301168.SZ,通灵股份,A,7.248032719366582,2025-07-31,36.13119888305664,2026-07-31,38.75,Yahoo Finance yfinance auto_adjust=True
2051,688577.SH,浙海德曼,A,7.225371864528074,2025-07-31,36.27872848510742,2026-07-31,38.900001525878906,Yahoo Finance yfinance auto_adjust=True
2052,02302.HK,中核国际,HK,7.219257183331829,2025-08-01,3.740000009536743,2026-07-31,4.010000228881836,Yahoo Finance chart adjclose
2053,601919.SH,中远海控,A,7.211724676732567,2025-07-31,14.578629493713379,2026-07-31,15.630000114440918,Yahoo Finance yfinance auto_adjust=True
2054,000598.SZ,兴蓉环境,A,7.202436722246031,2025-07-31,6.86551570892334,2026-07-31,7.360000133514404,Yahoo Finance yfinance auto_adjust=True
2055,601717.SH,中创智领,A,7.1982293762677285,2025-07-31,15.065546989440918,2026-07-31,16.149999618530273,Yahoo Finance yfinance auto_adjust=True
2056,02159.HK,麦迪卫康,HK,7.1895435530757945,2025-08-01,1.5299999713897705,2026-07-31,1.6399999856948853,Yahoo Finance chart adjclose
2057,603068.SH,博通集成,A,7.182066403840426,2025-07-31,34.371421813964844,2026-07-31,36.84000015258789,Yahoo Finance yfinance auto_adjust=True
2058,02347.HK,友和集团,HK,7.180546477745842,2025-08-01,0.6624336242675781,2026-07-31,0.7099999785423279,Yahoo Finance chart adjclose
2059,002560.SZ,通达股份,A,7.176552003434167,2025-07-31,5.672882556915283,2026-07-31,6.079999923706055,Yahoo Finance yfinance auto_adjust=True
2060,603533.SH,掌阅科技,A,7.173807117376407,2025-07-31,20.770000457763672,2026-07-31,22.260000228881836,Yahoo Finance yfinance auto_adjust=True
2061,01130.HK,中国环境资源,HK,7.142860944173757,2025-08-01,0.5600000023841858,2026-07-31,0.6000000238418579,Yahoo Finance chart adjclose
2062,002867.SZ,周大生,A,7.120386119136901,2025-07-31,12.061196327209473,2026-07-31,12.920000076293945,Yahoo Finance yfinance auto_adjust=True
2063,02175.HK,中国通才教育,HK,7.109009612563,2025-08-01,2.109999895095825,2026-07-31,2.259999990463257,Yahoo Finance chart adjclose
2064,688558.SH,国盛智科,A,7.0618524536156135,2025-07-31,25.798171997070312,2026-07-31,27.6200008392334,Yahoo Finance yfinance auto_adjust=True
2065,603400.SH,华之杰,A,7.038261587785932,2025-07-31,40.12583923339844,2026-07-31,42.95000076293945,Yahoo Finance yfinance auto_adjust=True
2066,603867.SH,新化股份,A,7.035268768777447,2025-07-31,25.39349937438965,2026-07-31,27.18000030517578,Yahoo Finance yfinance auto_adjust=True
2067,600566.SH,济川药业,A,7.018952815315571,2025-07-31,25.079669952392578,2026-07-31,26.84000015258789,Yahoo Finance yfinance auto_adjust=True
2068,688021.SH,奥福科技,A,7.014433779778773,2025-07-31,16.913606643676758,2026-07-31,18.100000381469727,Yahoo Finance yfinance auto_adjust=True
2069,02877.HK,神威药业,HK,6.9896486860307805,2025-08-01,7.626905918121338,2026-07-31,8.15999984741211,Yahoo Finance chart adjclose
2070,01364.HK,古茗,HK,6.977246509845103,2025-08-01,21.855113983154297,2026-07-31,23.3799991607666,Yahoo Finance chart adjclose
2071,002602.SZ,世纪华通,A,6.964226169551679,2025-07-31,12.658437728881836,2026-07-31,13.539999961853027,Yahoo Finance yfinance auto_adjust=True
2072,300738.SZ,奥飞数据,A,6.953011336686377,2025-07-31,20.9063777923584,2026-07-31,22.360000610351562,Yahoo Finance yfinance auto_adjust=True
2073,002078.SZ,太阳纸业,A,6.936174922024874,2025-07-31,13.615598678588867,2026-07-31,14.5600004196167,Yahoo Finance yfinance auto_adjust=True
2074,002388.SZ,ST新亚,A,6.8965562600444175,2025-07-31,4.349999904632568,2026-07-31,4.650000095367432,Yahoo Finance yfinance auto_adjust=True
2075,600926.SH,杭州银行,A,6.821192676367827,2025-07-31,15.399566650390625,2026-07-31,16.450000762939453,Yahoo Finance yfinance auto_adjust=True
2076,603217.SH,元利科技,A,6.82087591877254,2025-07-31,18.114437103271484,2026-07-31,19.350000381469727,Yahoo Finance yfinance auto_adjust=True
2077,002668.SZ,TCL智家,A,6.7822223725202635,2025-07-31,9.926746368408203,2026-07-31,10.600000381469727,Yahoo Finance yfinance auto_adjust=True
2078,603099.SH,长白山,A,6.771666891906558,2025-07-31,36.72322463989258,2026-07-31,39.209999084472656,Yahoo Finance yfinance auto_adjust=True
2079,605168.SH,三人行,A,6.770093198599936,2025-07-31,32.38734817504883,2026-07-31,34.58000183105469,Yahoo Finance yfinance auto_adjust=True
2080,002879.SZ,长缆科技,A,6.768693917308166,2025-07-31,15.219817161560059,2026-07-31,16.25,Yahoo Finance yfinance auto_adjust=True
2081,01681.HK,康臣药业,HK,6.734875346274816,2025-08-01,12.826172828674316,2026-07-31,13.6899995803833,Yahoo Finance chart adjclose
2082,600496.SH,精工钢构,A,6.726141580437495,2025-07-31,3.082656145095825,2026-07-31,3.2899999618530273,Yahoo Finance yfinance auto_adjust=True
2083,000729.SZ,燕京啤酒,A,6.709976793757777,2025-07-31,12.107583999633789,2026-07-31,12.920000076293945,Yahoo Finance yfinance auto_adjust=True
2084,002752.SZ,昇兴股份,A,6.660237740310371,2025-07-31,5.5034565925598145,2026-07-31,5.869999885559082,Yahoo Finance yfinance auto_adjust=True
2085,001358.SZ,兴欣新材,A,6.657286998913192,2025-07-31,22.783252716064453,2026-07-31,24.299999237060547,Yahoo Finance yfinance auto_adjust=True
2086,601038.SH,一拖股份,A,6.656854827532044,2025-07-31,12.9011869430542,2026-07-31,13.760000228881836,Yahoo Finance yfinance auto_adjust=True
2087,000875.SZ,吉电股份,A,6.651245231151237,2025-07-31,5.110113620758057,2026-07-31,5.449999809265137,Yahoo Finance yfinance auto_adjust=True
2088,688686.SH,奥普特,A,6.636841864994714,2025-07-31,97.4334945678711,2026-07-31,103.9000015258789,Yahoo Finance yfinance auto_adjust=True
2089,002430.SZ,杭氧股份,A,6.635418719891684,2025-07-31,21.55944061279297,2026-07-31,22.989999771118164,Yahoo Finance yfinance auto_adjust=True
2090,000883.SZ,湖北能源,A,6.628348833682063,2025-07-31,4.4265899658203125,2026-07-31,4.71999979019165,Yahoo Finance yfinance auto_adjust=True
2091,603803.SH,瑞斯康达,A,6.612525549787174,2025-07-31,8.619999885559082,2026-07-31,9.1899995803833,Yahoo Finance yfinance auto_adjust=True
2092,002884.SZ,凌霄泵业,A,6.5536788382761335,2025-07-31,15.250529289245605,2026-07-31,16.25,Yahoo Finance yfinance auto_adjust=True
2093,300693.SZ,盛弘股份,A,6.551647852291209,2025-07-31,31.9000244140625,2026-07-31,33.9900016784668,Yahoo Finance yfinance auto_adjust=True
2094,000863.SZ,三湘印象,A,6.515581329677311,2025-07-31,3.5299999713897705,2026-07-31,3.759999990463257,Yahoo Finance yfinance auto_adjust=True
2095,01336.HK,新华保险,HK,6.491179540845726,2025-08-01,45.41221237182617,2026-07-31,48.36000061035156,Yahoo Finance chart adjclose
2096,600210.SH,紫江企业,A,6.484949527154704,2025-07-31,5.953893184661865,2026-07-31,6.340000152587891,Yahoo Finance yfinance auto_adjust=True
2097,002271.SZ,东方雨虹,A,6.44546630955507,2025-07-31,11.16064453125,2026-07-31,11.880000114440918,Yahoo Finance yfinance auto_adjust=True
2098,600098.SH,广州发展,A,6.432039075540197,2025-07-31,6.0132269859313965,2026-07-31,6.400000095367432,Yahoo Finance yfinance auto_adjust=True
2099,600433.SH,冠豪高新,A,6.410258173707506,2025-07-31,3.119999885559082,2026-07-31,3.319999933242798,Yahoo Finance yfinance auto_adjust=True
2100,002733.SZ,雄韬股份,A,6.4034620792273955,2025-07-31,16.14609146118164,2026-07-31,17.18000030517578,Yahoo Finance yfinance auto_adjust=True
2101,688228.SH,开普云,A,6.39909922971893,2025-07-31,62.040000915527344,2026-07-31,66.01000213623047,Yahoo Finance yfinance auto_adjust=True
2102,603088.SH,宁波精达,A,6.392671251923732,2025-07-31,8.628414154052734,2026-07-31,9.180000305175781,Yahoo Finance yfinance auto_adjust=True
2103,01241.HK,双桦控股,HK,6.349207287803038,2025-08-01,0.12600000202655792,2026-07-31,0.1340000033378601,Yahoo Finance chart adjclose
2104,08043.HK,ATLINKS,HK,6.341461783573066,2025-08-01,0.20499999821186066,2026-07-31,0.21799999475479126,Yahoo Finance chart adjclose
2105,02883.HK,中海油田服务,HK,6.333220109547066,2025-08-01,6.658314228057861,2026-07-31,7.079999923706055,Yahoo Finance chart adjclose
2106,601512.SH,中新集团,A,6.32666028738289,2025-07-31,7.505173206329346,2026-07-31,7.980000019073486,Yahoo Finance yfinance auto_adjust=True
2107,02328.HK,中国财险,HK,6.309519828026877,2025-08-01,15.426651954650879,2026-07-31,16.399999618530273,Yahoo Finance chart adjclose
2108,06661.HK,湖州燃气,HK,6.262278905927032,2025-08-01,4.686517238616943,2026-07-31,4.980000019073486,Yahoo Finance chart adjclose
2109,01001.HK,沪港联合,HK,6.230652878515608,2025-08-01,0.36712566018104553,2026-07-31,0.38999998569488525,Yahoo Finance chart adjclose
2110,301109.SZ,军信股份,A,6.21400556706011,2025-07-31,13.303330421447754,2026-07-31,14.130000114440918,Yahoo Finance yfinance auto_adjust=True
2111,600285.SH,羚锐制药,A,6.186519676951852,2025-07-31,21.65999984741211,2026-07-31,23.0,Yahoo Finance yfinance auto_adjust=True
2112,600111.SH,北方稀土,A,6.159616283255609,2025-07-31,37.39651870727539,2026-07-31,39.70000076293945,Yahoo Finance yfinance auto_adjust=True
2113,08373.HK,靛蓝星,HK,6.153849680748347,2025-08-01,0.6499999761581421,2026-07-31,0.6899999976158142,Yahoo Finance chart adjclose
2114,600761.SH,安徽合力,A,6.12668113837076,2025-07-31,17.205852508544922,2026-07-31,18.260000228881836,Yahoo Finance yfinance auto_adjust=True
2115,08537.HK,创辉珠宝,HK,6.116428404966201,2025-08-01,0.15831667184829712,2026-07-31,0.1679999977350235,Yahoo Finance chart adjclose
2116,02455.HK,润华服务,HK,6.108605251107435,2025-08-01,0.6314285397529602,2026-07-31,0.6700000166893005,Yahoo Finance chart adjclose
2117,688220.SH,翱捷科技,A,6.0801661742948765,2025-07-31,88.31999969482422,2026-07-31,93.69000244140625,Yahoo Finance yfinance auto_adjust=True
2118,601009.SH,南京银行,A,6.074428871803428,2025-07-31,10.96399974822998,2026-07-31,11.630000114440918,Yahoo Finance yfinance auto_adjust=True
2119,603387.SH,基蛋生物,A,6.072386532823715,2025-07-31,8.390496253967285,2026-07-31,8.899999618530273,Yahoo Finance yfinance auto_adjust=True
2120,301231.SZ,荣信文化,A,6.06425804022146,2025-07-31,24.899999618530273,2026-07-31,26.40999984741211,Yahoo Finance yfinance auto_adjust=True
2121,08072.HK,罗马元宇宙集团,HK,6.060600039935116,2025-08-01,0.33000001311302185,2026-07-31,0.3499999940395355,Yahoo Finance chart adjclose
2122,603119.SH,浙江荣泰,A,6.033558366941061,2025-07-31,43.15614700317383,2026-07-31,45.7599983215332,Yahoo Finance yfinance auto_adjust=True
2123,300334.SZ,津膜科技,A,6.030853035580086,2025-07-31,7.130000114440918,2026-07-31,7.559999942779541,Yahoo Finance yfinance auto_adjust=True
2124,300415.SZ,伊之密,A,6.00398366249284,2025-07-31,20.131319046020508,2026-07-31,21.34000015258789,Yahoo Finance yfinance auto_adjust=True
2125,002236.SZ,大华股份,A,5.987016670708956,2025-07-31,15.775516510009766,2026-07-31,16.719999313354492,Yahoo Finance yfinance auto_adjust=True
2126,002970.SZ,锐明技术,A,5.963824358804493,2025-07-31,44.883243560791016,2026-07-31,47.560001373291016,Yahoo Finance yfinance auto_adjust=True
2127,605589.SH,圣泉集团,A,5.919799707689943,2025-07-31,32.213050842285156,2026-07-31,34.119998931884766,Yahoo Finance yfinance auto_adjust=True
2128,08495.HK,1957 & CO.,HK,5.909089369714748,2025-08-01,0.2199999988079071,2026-07-31,0.2329999953508377,Yahoo Finance chart adjclose
2129,600618.SH,氯碱化工,A,5.903330308251653,2025-07-31,9.858046531677246,2026-07-31,10.4399995803833,Yahoo Finance yfinance auto_adjust=True
2130,600461.SH,洪城环境,A,5.88453156400468,2025-07-31,8.811485290527344,2026-07-31,9.329999923706055,Yahoo Finance yfinance auto_adjust=True
2131,603091.SH,众鑫股份,A,5.863180816266489,2025-07-31,44.05686569213867,2026-07-31,46.63999938964844,Yahoo Finance yfinance auto_adjust=True
2132,02698.HK,乐舒适,HK,5.8602900919935585,2025-11-10,32.15559005737305,2026-07-31,34.040000915527344,Yahoo Finance chart adjclose
2133,601827.SH,三峰环境,A,5.844690283951159,2025-07-31,7.9644999504089355,2026-07-31,8.430000305175781,Yahoo Finance yfinance auto_adjust=True
2134,000006.SZ,深振业Ａ,A,5.844158156361723,2025-07-31,6.159999847412109,2026-07-31,6.519999980926514,Yahoo Finance yfinance auto_adjust=True
2135,002741.SZ,光华科技,A,5.816433878177629,2025-07-31,19.7133846282959,2026-07-31,20.860000610351562,Yahoo Finance yfinance auto_adjust=True
2136,000719.SZ,中原传媒,A,5.797513282849409,2025-07-31,12.098583221435547,2026-07-31,12.800000190734863,Yahoo Finance yfinance auto_adjust=True
2137,300067.SZ,安诺其,A,5.783580877940819,2025-07-31,5.360000133514404,2026-07-31,5.670000076293945,Yahoo Finance yfinance auto_adjust=True
2138,600292.SH,远达环保,A,5.7811979908251265,2025-07-31,11.930286407470703,2026-07-31,12.619999885559082,Yahoo Finance yfinance auto_adjust=True
2139,01245.HK,NIRAKU,HK,5.746133527537611,2025-08-01,0.17400163412094116,2026-07-31,0.18400000035762787,Yahoo Finance chart adjclose
2140,002803.SZ,吉宏股份,A,5.704674983447355,2025-07-31,16.555559158325195,2026-07-31,17.5,Yahoo Finance yfinance auto_adjust=True
2141,001266.SZ,宏英智能,A,5.7006221342044805,2025-07-31,28.438810348510742,2026-07-31,30.059999465942383,Yahoo Finance yfinance auto_adjust=True
2142,002516.SZ,旷达科技,A,5.692107361107501,2025-07-31,5.005104064941406,2026-07-31,5.289999961853027,Yahoo Finance yfinance auto_adjust=True
2143,301366.SZ,一博科技,A,5.659555025824403,2025-07-31,38.4063720703125,2026-07-31,40.58000183105469,Yahoo Finance yfinance auto_adjust=True
2144,002746.SZ,仙坛股份,A,5.641547470512442,2025-07-31,5.812107086181641,2026-07-31,6.139999866485596,Yahoo Finance yfinance auto_adjust=True
2145,603897.SH,长城科技,A,5.625249825856837,2025-07-31,23.19521141052246,2026-07-31,24.5,Yahoo Finance yfinance auto_adjust=True
2146,000039.SZ,中集集团,A,5.602923702918727,2025-07-31,8.210000038146973,2026-07-31,8.670000076293945,Yahoo Finance yfinance auto_adjust=True
2147,300785.SZ,值得买,A,5.579222259111938,2025-07-31,36.18136215209961,2026-07-31,38.20000076293945,Yahoo Finance yfinance auto_adjust=True
2148,300005.SZ,探路者,A,5.567689288974154,2025-07-31,8.724260330200195,2026-07-31,9.210000038146973,Yahoo Finance yfinance auto_adjust=True
2149,01776.HK,广发证券,HK,5.563764253427372,2025-08-01,16.179794311523438,2026-07-31,17.079999923706055,Yahoo Finance chart adjclose
2150,301181.SZ,标榜股份,A,5.533192914363916,2025-07-31,19.216703414916992,2026-07-31,20.280000686645508,Yahoo Finance yfinance auto_adjust=True
2151,300132.SZ,青松股份,A,5.490847107129837,2025-07-31,6.010000228881836,2026-07-31,6.340000152587891,Yahoo Finance yfinance auto_adjust=True
2152,603816.SH,顾家家居,A,5.47866321789463,2025-07-31,23.891088485717773,2026-07-31,25.200000762939453,Yahoo Finance yfinance auto_adjust=True
2153,600031.SH,三一重工,A,5.466520277267994,2025-07-31,19.48485565185547,2026-07-31,20.549999237060547,Yahoo Finance yfinance auto_adjust=True
2154,300724.SZ,捷佳伟创,A,5.422538519816156,2025-07-31,54.23887634277344,2026-07-31,57.18000030517578,Yahoo Finance yfinance auto_adjust=True
2155,603978.SH,深圳新星,A,5.416666004392812,2025-07-31,16.799999237060547,2026-07-31,17.709999084472656,Yahoo Finance yfinance auto_adjust=True
2156,300043.SZ,星辉娱乐,A,5.406438207511366,2025-07-31,4.515853404998779,2026-07-31,4.760000228881836,Yahoo Finance yfinance auto_adjust=True
2157,603606.SH,东方电缆,A,5.398277843659138,2025-07-31,39.04238510131836,2026-07-31,41.150001525878906,Yahoo Finance yfinance auto_adjust=True
2158,601700.SH,风范股份,A,5.3879311895186355,2025-07-31,4.639999866485596,2026-07-31,4.889999866485596,Yahoo Finance yfinance auto_adjust=True
2159,000803.SZ,山高环能,A,5.354333192034333,2025-07-31,6.349999904632568,2026-07-31,6.690000057220459,Yahoo Finance yfinance auto_adjust=True
2160,002340.SZ,格林美,A,5.328249222289783,2025-07-31,6.3610663414001465,2026-07-31,6.699999809265137,Yahoo Finance yfinance auto_adjust=True
2161,688621.SH,阳光诺和,A,5.309480899071173,2025-07-31,54.268619537353516,2026-07-31,57.150001525878906,Yahoo Finance yfinance auto_adjust=True
2162,002588.SZ,史丹利,A,5.304982081239329,2025-07-31,8.50861930847168,2026-07-31,8.960000038146973,Yahoo Finance yfinance auto_adjust=True
2163,688006.SH,杭可科技,A,5.2975751260477155,2025-07-31,19.867504119873047,2026-07-31,20.920000076293945,Yahoo Finance yfinance auto_adjust=True
2164,002479.SZ,富春环保,A,5.284781864477184,2025-07-31,5.090954303741455,2026-07-31,5.360000133514404,Yahoo Finance yfinance auto_adjust=True
2165,002171.SZ,楚江新材,A,5.284487003500082,2025-07-31,8.814213752746582,2026-07-31,9.279999732971191,Yahoo Finance yfinance auto_adjust=True
2166,08033.HK,爱达利网络,HK,5.282428715046916,2025-08-01,0.12252756208181381,2026-07-31,0.1289999932050705,Yahoo Finance chart adjclose
2167,601838.SH,成都银行,A,5.265015439757703,2025-07-31,17.574689865112305,2026-07-31,18.5,Yahoo Finance yfinance auto_adjust=True
2168,01022.HK,飞鱼科技,HK,5.263160784158716,2025-08-01,0.3799999952316284,2026-07-31,0.4000000059604645,Yahoo Finance chart adjclose
2169,08036.HK,电子交易集团,HK,5.263158926673239,2025-08-01,0.03799999877810478,2026-07-31,0.03999999910593033,Yahoo Finance chart adjclose
2170,605123.SH,派克新材,A,5.26088422616402,2025-07-31,72.51506805419922,2026-07-31,76.33000183105469,Yahoo Finance yfinance auto_adjust=True
2171,002081.SZ,金 螳 螂,A,5.252735672283904,2025-07-31,3.543850898742676,2026-07-31,3.7300000190734863,Yahoo Finance yfinance auto_adjust=True
2172,300427.SZ,红相股份,A,5.246421712359384,2025-07-31,6.289999961853027,2026-07-31,6.619999885559082,Yahoo Finance yfinance auto_adjust=True
2173,002795.SZ,永和智控,A,5.226484367549422,2025-07-31,5.739999771118164,2026-07-31,6.039999961853027,Yahoo Finance yfinance auto_adjust=True
2174,01221.HK,SINO HOTELS,HK,5.190703496305593,2025-08-01,1.473514199256897,2026-07-31,1.5499999523162842,Yahoo Finance chart adjclose
2175,01560.HK,星星集团,HK,5.172418001219836,2025-08-01,0.11599999666213989,2026-07-31,0.12200000137090683,Yahoo Finance chart adjclose
2176,01345.HK,上海先锋控股,HK,5.16299321495548,2025-08-01,2.0919907093048096,2026-07-31,2.200000047683716,Yahoo Finance chart adjclose
2177,002838.SZ,道恩股份,A,5.157659495479638,2025-07-31,24.496551513671875,2026-07-31,25.760000228881836,Yahoo Finance yfinance auto_adjust=True
2178,06893.HK,衍生集团,HK,5.142859137788136,2025-08-01,0.17499999701976776,2026-07-31,0.18400000035762787,Yahoo Finance chart adjclose
2179,600780.SH,通宝能源,A,5.118676541714096,2025-07-31,5.774425983428955,2026-07-31,6.070000171661377,Yahoo Finance yfinance auto_adjust=True
2180,300763.SZ,锦浪科技,A,5.081204644519466,2025-07-31,56.77513885498047,2026-07-31,59.65999984741211,Yahoo Finance yfinance auto_adjust=True
2181,300063.SZ,天龙集团,A,5.080837665246651,2025-07-31,8.65999984741211,2026-07-31,9.100000381469727,Yahoo Finance yfinance auto_adjust=True
2182,01989.HK,松龄护老集团,HK,5.040606602658726,2026-03-20,95.58208465576172,2026-07-31,100.4000015258789,Yahoo Finance chart adjclose
2183,01071.HK,华电国际电力股份,HK,5.032876077872994,2025-08-01,3.9606645107269287,2026-07-31,4.159999847412109,Yahoo Finance chart adjclose
2184,300435.SZ,中泰股份,A,5.029838372217599,2025-07-31,15.328977584838867,2026-07-31,16.100000381469727,Yahoo Finance yfinance auto_adjust=True
2185,603358.SH,华达科技,A,5.02176550879212,2025-07-31,35.744972229003906,2026-07-31,37.540000915527344,Yahoo Finance yfinance auto_adjust=True
2186,603637.SH,镇海股份,A,5.020422837223126,2025-07-31,11.1121244430542,2026-07-31,11.670000076293945,Yahoo Finance yfinance auto_adjust=True
2187,301095.SZ,广立微,A,4.958156274811643,2025-07-31,62.8822021484375,2026-07-31,66.0,Yahoo Finance yfinance auto_adjust=True
2188,01052.HK,越秀交通基建,HK,4.944447979329136,2025-08-01,3.5447325706481934,2026-07-31,3.7200000286102295,Yahoo Finance chart adjclose
2189,603610.SH,麒盛科技,A,4.9234940637606694,2025-07-31,12.56153392791748,2026-07-31,13.180000305175781,Yahoo Finance yfinance auto_adjust=True
2190,601077.SH,渝农商行,A,4.8680903593318,2025-07-31,6.446193695068359,2026-07-31,6.760000228881836,Yahoo Finance yfinance auto_adjust=True
2191,02260.HK,环龙控股,HK,4.859246290166763,2025-08-01,1.192074179649353,2026-07-31,1.25,Yahoo Finance chart adjclose
2192,301158.SZ,德石股份,A,4.848242077110099,2025-07-31,14.106101989746094,2026-07-31,14.789999961853027,Yahoo Finance yfinance auto_adjust=True
2193,301169.SZ,零点有数,A,4.8317360816271915,2025-07-31,41.599998474121094,2026-07-31,43.61000061035156,Yahoo Finance yfinance auto_adjust=True
2194,300389.SZ,艾比森,A,4.831079860490739,2025-07-31,11.561456680297852,2026-07-31,12.119999885559082,Yahoo Finance yfinance auto_adjust=True
2195,06030.HK,中信证券,HK,4.8050198535098065,2025-08-01,26.067453384399414,2026-07-31,27.31999969482422,Yahoo Finance chart adjclose
2196,601108.SH,财通证券,A,4.769272683590753,2025-07-31,7.998528480529785,2026-07-31,8.380000114440918,Yahoo Finance yfinance auto_adjust=True
2197,600867.SH,通化东宝,A,4.760691797342775,2025-07-31,7.989637851715088,2026-07-31,8.369999885559082,Yahoo Finance yfinance auto_adjust=True
2198,600897.SH,厦门空港,A,4.7359227220365785,2025-07-31,14.207159996032715,2026-07-31,14.880000114440918,Yahoo Finance yfinance auto_adjust=True
2199,000778.SZ,新兴铸管,A,4.730499537189559,2025-07-31,3.6951985359191895,2026-07-31,3.869999885559082,Yahoo Finance yfinance auto_adjust=True
2200,600243.SH,*ST海华,A,4.7169765345890236,2025-07-31,3.180000066757202,2026-07-31,3.3299999237060547,Yahoo Finance yfinance auto_adjust=True
2201,301081.SZ,严牌股份,A,4.673693287899305,2025-07-31,10.231797218322754,2026-07-31,10.710000038146973,Yahoo Finance yfinance auto_adjust=True
2202,002529.SZ,*ST海源,A,4.66238663138685,2025-07-31,6.21999979019165,2026-07-31,6.510000228881836,Yahoo Finance yfinance auto_adjust=True
2203,601199.SH,江南水务,A,4.660131014375279,2025-07-31,5.369761943817139,2026-07-31,5.619999885559082,Yahoo Finance yfinance auto_adjust=True
2204,600674.SH,川投能源,A,4.6224042068109705,2025-07-31,15.111486434936523,2026-07-31,15.8100004196167,Yahoo Finance yfinance auto_adjust=True
2205,301175.SZ,中科环保,A,4.620579515896361,2025-07-31,5.247533321380615,2026-07-31,5.489999771118164,Yahoo Finance yfinance auto_adjust=True
2206,02529.HK,泓盈城市服务,HK,4.593008214582972,2025-08-01,2.6292388439178467,2026-07-31,2.75,Yahoo Finance chart adjclose
2207,603556.SH,海兴电力,A,4.587029095237272,2025-07-31,25.806259155273438,2026-07-31,26.989999771118164,Yahoo Finance yfinance auto_adjust=True
2208,688115.SH,思林杰,A,4.544563978576677,2025-07-31,43.32123947143555,2026-07-31,45.290000915527344,Yahoo Finance yfinance auto_adjust=True
2209,603976.SH,正川股份,A,4.531555543726129,2025-07-31,23.504863739013672,2026-07-31,24.56999969482422,Yahoo Finance yfinance auto_adjust=True
2210,000950.SZ,重药控股,A,4.504649197572941,2025-07-31,5.234216690063477,2026-07-31,5.46999979019165,Yahoo Finance yfinance auto_adjust=True
2211,600539.SH,狮头股份,A,4.4428305221356545,2025-07-31,13.729999542236328,2026-07-31,14.34000015258789,Yahoo Finance yfinance auto_adjust=True
2212,603967.SH,中创物流,A,4.440861602966817,2025-07-31,11.00144100189209,2026-07-31,11.489999771118164,Yahoo Finance yfinance auto_adjust=True
2213,000552.SZ,甘肃能化,A,4.435479606847759,2025-07-31,2.4800000190734863,2026-07-31,2.5899999141693115,Yahoo Finance yfinance auto_adjust=True
2214,002519.SZ,银河电子,A,4.408823188773625,2025-07-31,4.989999771118164,2026-07-31,5.210000038146973,Yahoo Finance yfinance auto_adjust=True
2215,002132.SZ,恒星科技,A,4.362284470190314,2025-07-31,3.679490089416504,2026-07-31,3.8399999141693115,Yahoo Finance yfinance auto_adjust=True
2216,01140.HK,华科智能投资,HK,4.347826791170184,2025-08-01,0.09200000017881393,2026-07-31,0.09600000083446503,Yahoo Finance chart adjclose
2217,01222.HK,WANG ON GROUP,HK,4.347826791170184,2025-08-01,0.023000000044703484,2026-07-31,0.024000000208616257,Yahoo Finance chart adjclose
2218,01165.HK,顺风清洁能源,HK,4.347826791170184,2025-08-01,0.023000000044703484,2026-07-31,0.024000000208616257,Yahoo Finance chart adjclose
2219,002076.SZ,*ST星光,A,4.324320144597649,2025-07-31,1.850000023841858,2026-07-31,1.9299999475479126,Yahoo Finance yfinance auto_adjust=True
2220,002003.SZ,伟星股份,A,4.3194420038980885,2025-07-31,10.170682907104492,2026-07-31,10.609999656677246,Yahoo Finance yfinance auto_adjust=True
2221,01635.HK,大众公用,HK,4.317784502788857,2025-08-01,2.2527318000793457,2026-07-31,2.3499999046325684,Yahoo Finance chart adjclose
2222,000905.SZ,厦门港务,A,4.271207895992624,2025-07-31,8.1997709274292,2026-07-31,8.550000190734863,Yahoo Finance yfinance auto_adjust=True
2223,601139.SH,深圳燃气,A,4.240467655762581,2025-07-31,6.283548355102539,2026-07-31,6.550000190734863,Yahoo Finance yfinance auto_adjust=True
2224,000517.SZ,荣安地产,A,4.232806535494826,2025-07-31,1.8899999856948853,2026-07-31,1.9700000286102295,Yahoo Finance yfinance auto_adjust=True
2225,300311.SZ,ST任子行,A,4.222644694449884,2025-07-31,5.210000038146973,2026-07-31,5.429999828338623,Yahoo Finance yfinance auto_adjust=True
2226,301201.SZ,诚达药业,A,4.221001926229984,2025-07-31,26.61651611328125,2026-07-31,27.739999771118164,Yahoo Finance yfinance auto_adjust=True
2227,002009.SZ,天奇股份,A,4.19667508064776,2025-07-31,15.873827934265137,2026-07-31,16.540000915527344,Yahoo Finance yfinance auto_adjust=True
2228,600123.SH,兰花科创,A,4.1728723007357305,2025-07-31,6.710000038146973,2026-07-31,6.989999771118164,Yahoo Finance yfinance auto_adjust=True
2229,301309.SZ,万得凯,A,4.172696523853325,2025-07-31,27.876787185668945,2026-07-31,29.040000915527344,Yahoo Finance yfinance auto_adjust=True
2230,08317.HK,财华社集团,HK,4.166675290024213,2025-08-01,0.07199999690055847,2026-07-31,0.07500000298023224,Yahoo Finance chart adjclose
2231,600575.SH,淮河能源,A,4.157847572177342,2025-07-31,3.3506836891174316,2026-07-31,3.490000009536743,Yahoo Finance yfinance auto_adjust=True
2232,000839.SZ,国安股份,A,4.135334268663127,2025-07-31,2.6600000858306885,2026-07-31,2.7699999809265137,Yahoo Finance yfinance auto_adjust=True
2233,02022.HK,游莱互动,HK,4.081633428840159,2025-08-01,0.04899999871850014,2026-07-31,0.050999999046325684,Yahoo Finance chart adjclose
2234,01836.HK,九兴控股,HK,4.071555424342699,2025-08-01,13.990374565124512,2026-07-31,14.5600004196167,Yahoo Finance chart adjclose
2235,600887.SH,伊利股份,A,4.062144301086823,2025-07-31,26.042131423950195,2026-07-31,27.100000381469727,Yahoo Finance yfinance auto_adjust=True
2236,603288.SH,海天味业,A,4.04878745881907,2025-07-31,36.94420623779297,2026-07-31,38.439998626708984,Yahoo Finance yfinance auto_adjust=True
2237,002918.SZ,蒙娜丽莎,A,4.046492090124909,2025-07-31,8.81336784362793,2026-07-31,9.170000076293945,Yahoo Finance yfinance auto_adjust=True
2238,688206.SH,概伦电子,A,4.017943708234939,2025-07-31,30.57164764404297,2026-07-31,31.799999237060547,Yahoo Finance yfinance auto_adjust=True
2239,000722.SZ,湖南发展,A,4.009529497551467,2025-07-31,12.287335395812988,2026-07-31,12.779999732971191,Yahoo Finance yfinance auto_adjust=True
2240,600023.SH,浙能电力,A,4.0017633981037415,2025-07-31,4.874917507171631,2026-07-31,5.070000171661377,Yahoo Finance yfinance auto_adjust=True
2241,01173.HK,威高国际,HK,4.000000596046438,2025-08-01,0.02500000037252903,2026-07-31,0.026000000536441803,Yahoo Finance chart adjclose
2242,08205.HK,交大慧谷,HK,3.9999961853027344,2025-08-01,0.375,2026-07-31,0.38999998569488525,Yahoo Finance chart adjclose
2243,600929.SH,雪天盐业,A,3.9916682562342043,2025-07-31,5.1446428298950195,2026-07-31,5.349999904632568,Yahoo Finance yfinance auto_adjust=True
2244,002966.SZ,苏州银行,A,3.973151822774934,2025-07-31,8.165569305419922,2026-07-31,8.489999771118164,Yahoo Finance yfinance auto_adjust=True
2245,688580.SH,伟思医疗,A,3.9600177288841465,2025-07-31,45.305877685546875,2026-07-31,47.099998474121094,Yahoo Finance yfinance auto_adjust=True
2246,688216.SH,气派科技,A,3.930495490031949,2025-07-31,24.170000076293945,2026-07-31,25.1200008392334,Yahoo Finance yfinance auto_adjust=True
2247,600502.SH,安徽建工,A,3.9242000509233765,2025-07-31,4.599506378173828,2026-07-31,4.78000020980835,Yahoo Finance yfinance auto_adjust=True
2248,301015.SZ,百洋医药,A,3.920089146549488,2025-07-31,21.50691032409668,2026-07-31,22.350000381469727,Yahoo Finance yfinance auto_adjust=True
2249,01905.HK,海通恒信,HK,3.900570331624098,2025-08-01,0.7507176995277405,2026-07-31,0.7799999713897705,Yahoo Finance chart adjclose
2250,06883.HK,颖通控股,HK,3.883498817736153,2025-08-01,1.9541120529174805,2026-07-31,2.0299999713897705,Yahoo Finance chart adjclose
2251,300041.SZ,回天新材,A,3.8384207868295883,2025-07-31,9.938517570495605,2026-07-31,10.319999694824219,Yahoo Finance yfinance auto_adjust=True
2252,300559.SZ,佳发教育,A,3.818483238600612,2025-07-31,11.741646766662598,2026-07-31,12.1899995803833,Yahoo Finance yfinance auto_adjust=True
2253,600267.SH,海正药业,A,3.8160411190697463,2025-07-31,11.154345512390137,2026-07-31,11.579999923706055,Yahoo Finance yfinance auto_adjust=True
2254,688620.SH,安凯微,A,3.7450219911214777,2025-07-31,12.550000190734863,2026-07-31,13.020000457763672,Yahoo Finance yfinance auto_adjust=True
2255,688175.SH,高凌信息,A,3.7344679243110024,2025-07-31,16.031314849853516,2026-07-31,16.6299991607666,Yahoo Finance yfinance auto_adjust=True
2256,02601.HK,中国太保,HK,3.655405756417851,2025-08-01,29.482301712036133,2026-07-31,30.559999465942383,Yahoo Finance chart adjclose
2257,300105.SZ,龙源技术,A,3.654559008549585,2025-07-31,7.254866600036621,2026-07-31,7.519999980926514,Yahoo Finance yfinance auto_adjust=True
2258,600150.SH,中国船舶,A,3.645741199487418,2025-07-31,33.942543029785156,2026-07-31,35.18000030517578,Yahoo Finance yfinance auto_adjust=True
2259,601083.SH,锦江航运,A,3.5853717816591635,2025-07-31,11.072992324829102,2026-07-31,11.470000267028809,Yahoo Finance yfinance auto_adjust=True
2260,688207.SH,格灵深瞳,A,3.57815244133437,2025-07-31,15.930000305175781,2026-07-31,16.5,Yahoo Finance yfinance auto_adjust=True
2261,603819.SH,神力股份,A,3.566057106950171,2025-07-31,12.426851272583008,2026-07-31,12.869999885559082,Yahoo Finance yfinance auto_adjust=True
2262,02596.HK,宜宾银行,HK,3.5407703032684923,2025-08-01,2.5593783855438232,2026-07-31,2.6500000953674316,Yahoo Finance chart adjclose
2263,002157.SZ,正邦科技,A,3.5335740546661,2025-07-31,2.8299999237060547,2026-07-31,2.930000066757202,Yahoo Finance yfinance auto_adjust=True
2264,600011.SH,华能国际,A,3.531931331556537,2025-07-31,6.9447174072265625,2026-07-31,7.190000057220459,Yahoo Finance yfinance auto_adjust=True
2265,002693.SZ,*ST双成,A,3.4939753637204696,2025-07-31,8.300000190734863,2026-07-31,8.59000015258789,Yahoo Finance yfinance auto_adjust=True
2266,600803.SH,新奥股份,A,3.4741576442245403,2025-07-31,17.202362060546875,2026-07-31,17.799999237060547,Yahoo Finance yfinance auto_adjust=True
2267,603222.SH,济民健康,A,3.4682047467071264,2025-07-31,6.920000076293945,2026-07-31,7.159999847412109,Yahoo Finance yfinance auto_adjust=True
2268,600075.SH,新疆天业,A,3.401362824433085,2025-07-31,4.409999847412109,2026-07-31,4.559999942779541,Yahoo Finance yfinance auto_adjust=True
2269,301376.SZ,致欧科技,A,3.4005392448283045,2025-07-31,17.495073318481445,2026-07-31,18.09000015258789,Yahoo Finance yfinance auto_adjust=True
2270,000697.SZ,ST炼石,A,3.3919535527063838,2025-07-31,7.960000038146973,2026-07-31,8.229999542236328,Yahoo Finance yfinance auto_adjust=True
2271,600508.SH,上海能源,A,3.3737903502261357,2025-07-31,8.290302276611328,2026-07-31,8.569999694824219,Yahoo Finance yfinance auto_adjust=True
2272,600163.SH,中闽能源,A,3.331433932082284,2025-07-31,5.158159255981445,2026-07-31,5.329999923706055,Yahoo Finance yfinance auto_adjust=True
2273,603181.SH,皇马科技,A,3.310438618701528,2025-07-31,12.602792739868164,2026-07-31,13.020000457763672,Yahoo Finance yfinance auto_adjust=True
2274,300496.SZ,中科创达,A,3.282554866994536,2025-07-31,58.46098709106445,2026-07-31,60.380001068115234,Yahoo Finance yfinance auto_adjust=True
2275,01480.HK,恩达集团控股,HK,3.2820438125431117,2025-08-01,1.0263158082962036,2026-07-31,1.059999942779541,Yahoo Finance chart adjclose
2276,300199.SZ,翰宇药业,A,3.2794912691421096,2025-07-31,20.43000030517578,2026-07-31,21.100000381469727,Yahoo Finance yfinance auto_adjust=True
2277,02235.HK,微泰医疗-B,HK,3.278685379149504,2025-08-01,6.710000038146973,2026-07-31,6.929999828338623,Yahoo Finance chart adjclose
2278,01100.HK,飞达控股,HK,3.273529945165232,2025-08-01,1.404038429260254,2026-07-31,1.4500000476837158,Yahoo Finance chart adjclose
2279,688398.SH,赛特新材,A,3.2692799209512735,2025-07-31,18.156415939331055,2026-07-31,18.75,Yahoo Finance yfinance auto_adjust=True
2280,688103.SH,国力电子,A,3.2624428060191946,2025-07-31,59.23741149902344,2026-07-31,61.16999816894531,Yahoo Finance yfinance auto_adjust=True
2281,603016.SH,新宏泰,A,3.2572423530020878,2025-07-31,26.525983810424805,2026-07-31,27.389999389648438,Yahoo Finance yfinance auto_adjust=True
2282,600527.SH,江南高纤,A,3.251525252465992,2025-07-31,2.072608709335327,2026-07-31,2.140000104904175,Yahoo Finance yfinance auto_adjust=True
2283,300790.SZ,宇瞳光学,A,3.2463148859283253,2025-07-31,16.08774185180664,2026-07-31,16.610000610351562,Yahoo Finance yfinance auto_adjust=True
2284,000088.SZ,盐 田 港,A,3.239596308919235,2025-07-31,4.339420318603516,2026-07-31,4.480000019073486,Yahoo Finance yfinance auto_adjust=True
2285,001287.SZ,中电港,A,3.231684556370995,2025-07-31,20.16822624206543,2026-07-31,20.81999969482422,Yahoo Finance yfinance auto_adjust=True
2286,600815.SH,厦工股份,A,3.1914948481717387,2025-07-31,2.819999933242798,2026-07-31,2.9100000858306885,Yahoo Finance yfinance auto_adjust=True
2287,001256.SZ,炜冈科技,A,3.1902365394037124,2025-07-31,21.610570907592773,2026-07-31,22.299999237060547,Yahoo Finance yfinance auto_adjust=True
2288,01529.HK,乐氏国际控股,HK,3.174600171093722,2025-08-01,0.3149999976158142,2026-07-31,0.32499998807907104,Yahoo Finance chart adjclose
2289,01908.HK,建发国际集团,HK,3.1622547533260548,2025-08-01,14.898859977722168,2026-07-31,15.369999885559082,Yahoo Finance chart adjclose
2290,002446.SZ,盛路通信,A,3.142076689614126,2025-07-31,7.320000171661377,2026-07-31,7.550000190734863,Yahoo Finance yfinance auto_adjust=True
2291,002392.SZ,北京利尔,A,3.1311702127368113,2025-07-31,6.962007522583008,2026-07-31,7.179999828338623,Yahoo Finance yfinance auto_adjust=True
2292,002807.SZ,江阴银行,A,3.0979929419086893,2025-07-31,4.025296688079834,2026-07-31,4.150000095367432,Yahoo Finance yfinance auto_adjust=True
2293,01731.HK,其利工业集团,HK,3.0789829388681245,2025-08-01,0.746999979019165,2026-07-31,0.7699999809265137,Yahoo Finance chart adjclose
2294,603020.SH,爱普股份,A,3.0461500436348876,2025-07-31,9.0056734085083,2026-07-31,9.279999732971191,Yahoo Finance yfinance auto_adjust=True
2295,002998.SZ,优彩资源,A,3.0372332724181605,2025-07-31,7.12363862991333,2026-07-31,7.340000152587891,Yahoo Finance yfinance auto_adjust=True
2296,300051.SZ,琏升科技,A,3.005461544158927,2025-07-31,7.320000171661377,2026-07-31,7.539999961853027,Yahoo Finance yfinance auto_adjust=True
2297,01237.HK,中科生物,HK,2.98507170572031,2025-08-01,0.6700000166893005,2026-07-31,0.6899999976158142,Yahoo Finance chart adjclose
2298,603777.SH,来伊份,A,2.9571918247923046,2025-07-31,12.850000381469727,2026-07-31,13.229999542236328,Yahoo Finance yfinance auto_adjust=True
2299,300072.SZ,海新能科,A,2.949849602892418,2025-07-31,3.390000104904175,2026-07-31,3.490000009536743,Yahoo Finance yfinance auto_adjust=True
2300,300268.SZ,*ST佳沃,A,2.9440647996923586,2025-07-31,10.1899995803833,2026-07-31,10.489999771118164,Yahoo Finance yfinance auto_adjust=True
2301,002806.SZ,华锋股份,A,2.9045595207917163,2025-07-31,12.050000190734863,2026-07-31,12.399999618530273,Yahoo Finance yfinance auto_adjust=True
2302,002183.SZ,怡 亚 通,A,2.9017882564162045,2025-07-31,4.480000019073486,2026-07-31,4.610000133514404,Yahoo Finance yfinance auto_adjust=True
2303,01199.HK,中远海运港口,HK,2.8756025447810085,2025-08-01,5.181014537811279,2026-07-31,5.329999923706055,Yahoo Finance chart adjclose
2304,002342.SZ,巨力索具,A,2.868141978369221,2025-07-31,7.106184482574463,2026-07-31,7.309999942779541,Yahoo Finance yfinance auto_adjust=True
2305,002033.SZ,丽江股份,A,2.851989883899897,2025-07-31,8.439311981201172,2026-07-31,8.680000305175781,Yahoo Finance yfinance auto_adjust=True
2306,002067.SZ,景兴纸业,A,2.7735669716764777,2025-07-31,4.329906940460205,2026-07-31,4.449999809265137,Yahoo Finance yfinance auto_adjust=True
2307,01816.HK,中广核电力,HK,2.748957001630381,2025-08-01,2.812680721282959,2026-07-31,2.890000104904175,Yahoo Finance chart adjclose
2308,301226.SZ,祥明智能,A,2.7411672027806366,2025-07-31,26.824689865112305,2026-07-31,27.559999465942383,Yahoo Finance yfinance auto_adjust=True
2309,688178.SH,万德斯,A,2.726088897134904,2025-07-31,23.110000610351562,2026-07-31,23.739999771118164,Yahoo Finance yfinance auto_adjust=True
2310,300895.SZ,铜牛信息,A,2.718904908276576,2025-07-31,46.709999084472656,2026-07-31,47.97999954223633,Yahoo Finance yfinance auto_adjust=True
2311,01234.HK,中国利郎,HK,2.71798088251205,2025-08-01,3.3781816959381104,2026-07-31,3.4700000286102295,Yahoo Finance chart adjclose
2312,01148.HK,新晨动力,HK,2.7149308758059654,2025-08-01,0.22100000083446503,2026-07-31,0.22699999809265137,Yahoo Finance chart adjclose
2313,603005.SH,晶方科技,A,2.6997209055352744,2025-07-31,28.276611328125,2026-07-31,29.040000915527344,Yahoo Finance yfinance auto_adjust=True
2314,603709.SH,中源家居,A,2.664175012096326,2025-07-31,10.227520942687988,2026-07-31,10.5,Yahoo Finance yfinance auto_adjust=True
2315,603505.SH,金石资源,A,2.631951495743179,2025-07-31,15.628662109375,2026-07-31,16.040000915527344,Yahoo Finance yfinance auto_adjust=True
2316,01058.HK,南粤控股,HK,2.6315764707210976,2025-08-01,0.3799999952316284,2026-07-31,0.38999998569488525,Yahoo Finance chart adjclose
2317,01882.HK,海天国际,HK,2.6199029669746077,2025-08-01,20.288461685180664,2026-07-31,20.81999969482422,Yahoo Finance chart adjclose
2318,600847.SH,万里股份,A,2.617328193591062,2025-07-31,11.079999923706055,2026-07-31,11.369999885559082,Yahoo Finance yfinance auto_adjust=True
2319,02516.HK,泛远国际,HK,2.5974079255291826,2025-08-01,0.7699999809265137,2026-07-31,0.7900000214576721,Yahoo Finance chart adjclose
2320,300900.SZ,广联航空,A,2.5790788628823336,2025-07-31,20.549999237060547,2026-07-31,21.079999923706055,Yahoo Finance yfinance auto_adjust=True
2321,06963.HK,阳光保险,HK,2.5710776552769765,2025-08-01,3.5780067443847656,2026-07-31,3.6700000762939453,Yahoo Finance chart adjclose
2322,600596.SH,新安股份,A,2.560706046436323,2025-07-31,10.072083473205566,2026-07-31,10.329999923706055,Yahoo Finance yfinance auto_adjust=True
2323,688282.SH,理工导航,A,2.5005075108919694,2025-07-31,49.59000015258789,2026-07-31,50.83000183105469,Yahoo Finance yfinance auto_adjust=True
2324,002687.SZ,乔治白,A,2.471378169496252,2025-07-31,4.645199775695801,2026-07-31,4.760000228881836,Yahoo Finance yfinance auto_adjust=True
2325,603380.SH,易德龙,A,2.4625260592196607,2025-07-31,28.869091033935547,2026-07-31,29.579999923706055,Yahoo Finance yfinance auto_adjust=True
2326,603196.SH,日播时尚,A,2.458583721701202,2025-07-31,18.709999084472656,2026-07-31,19.170000076293945,Yahoo Finance yfinance auto_adjust=True
2327,08629.HK,集信国控,HK,2.4531403857138923,2025-08-01,8.764982223510742,2026-07-31,8.979999542236328,Yahoo Finance chart adjclose
2328,600577.SH,精达股份,A,2.435102351416929,2025-07-31,7.565765857696533,2026-07-31,7.75,Yahoo Finance yfinance auto_adjust=True
2329,01115.HK,5100藏冰川,HK,2.4096434859411042,2025-08-01,0.41499999165534973,2026-07-31,0.42500001192092896,Yahoo Finance chart adjclose
2330,603937.SH,丽岛新材,A,2.397600056248672,2025-07-31,10.010000228881836,2026-07-31,10.25,Yahoo Finance yfinance auto_adjust=True
2331,08196.HK,福田股份,HK,2.352938866532872,2025-08-01,0.8500000238418579,2026-07-31,0.8700000047683716,Yahoo Finance chart adjclose
2332,08319.HK,思博系统,HK,2.3273522602362817,2025-08-01,0.10456637293100357,2026-07-31,0.10700000077486038,Yahoo Finance chart adjclose
2333,001289.SZ,龙源电力,A,2.3250698156545457,2025-07-31,16.14462661743164,2026-07-31,16.520000457763672,Yahoo Finance yfinance auto_adjust=True
2334,000400.SZ,许继电气,A,2.3135257979096213,2025-07-31,22.284442901611328,2026-07-31,22.799999237060547,Yahoo Finance yfinance auto_adjust=True
2335,000758.SZ,中色股份,A,2.2967934146184588,2025-07-31,5.845735549926758,2026-07-31,5.980000019073486,Yahoo Finance yfinance auto_adjust=True
2336,605377.SH,华旺科技,A,2.272025993751603,2025-07-31,8.604503631591797,2026-07-31,8.800000190734863,Yahoo Finance yfinance auto_adjust=True
2337,002972.SZ,科安达,A,2.2402998238428617,2025-07-31,12.030481338500977,2026-07-31,12.300000190734863,Yahoo Finance yfinance auto_adjust=True
2338,601615.SH,明阳智能,A,2.2093923082760147,2025-07-31,10.908977508544922,2026-07-31,11.149999618530273,Yahoo Finance yfinance auto_adjust=True
2339,000692.SZ,惠天热电,A,2.2038545780700636,2025-07-31,3.630000114440918,2026-07-31,3.7100000381469727,Yahoo Finance yfinance auto_adjust=True
2340,000762.SZ,西藏矿业,A,2.1589311137881984,2025-07-31,21.770000457763672,2026-07-31,22.239999771118164,Yahoo Finance yfinance auto_adjust=True
2341,002262.SZ,恩华药业,A,2.1527720532841466,2025-07-31,21.63426399230957,2026-07-31,22.100000381469727,Yahoo Finance yfinance auto_adjust=True
2342,01289.HK,盛力达科技,HK,2.1508249337494068,2025-08-01,2.006836414337158,2026-07-31,2.049999952316284,Yahoo Finance chart adjclose
2343,603297.SH,永新光学,A,2.146958161588919,2025-07-31,86.1601791381836,2026-07-31,88.01000213623047,Yahoo Finance yfinance auto_adjust=True
2344,301133.SZ,金钟股份,A,2.1340161907277055,2025-07-31,23.43000030517578,2026-07-31,23.93000030517578,Yahoo Finance yfinance auto_adjust=True
2345,601059.SH,信达证券,A,2.1165723388391733,2025-07-31,16.226552963256836,2026-07-31,16.56999969482422,Yahoo Finance yfinance auto_adjust=True
2346,000027.SZ,深圳能源,A,2.017967823658462,2025-07-31,6.361624240875244,2026-07-31,6.489999771118164,Yahoo Finance yfinance auto_adjust=True
2347,601689.SH,拓普集团,A,2.0133615701408925,2025-07-31,45.729305267333984,2026-07-31,46.650001525878906,Yahoo Finance yfinance auto_adjust=True
2348,601066.SH,中信建投,A,2.012355733126925,2025-07-31,25.261646270751953,2026-07-31,25.770000457763672,Yahoo Finance yfinance auto_adjust=True
2349,301391.SZ,卡莱特,A,1.9928333916015673,2025-07-31,44.65999984741211,2026-07-31,45.54999923706055,Yahoo Finance yfinance auto_adjust=True
2350,601858.SH,中国科传,A,1.9889403981716347,2025-07-31,19.39426040649414,2026-07-31,19.780000686645508,Yahoo Finance yfinance auto_adjust=True
2351,000591.SZ,太阳能,A,1.9348973274128767,2025-07-31,4.4440131187438965,2026-07-31,4.53000020980835,Yahoo Finance yfinance auto_adjust=True
2352,01407.HK,交运燃气,HK,1.9332240051694871,2025-08-01,0.5788102746009827,2026-07-31,0.5899999737739563,Yahoo Finance chart adjclose
2353,01766.HK,中国中车,HK,1.9284502570013462,2025-08-01,5.160482883453369,2026-07-31,5.260000228881836,Yahoo Finance chart adjclose
2354,02295.HK,丰城控股,HK,1.9202380326022839,2025-08-01,6.769999980926514,2026-07-31,6.900000095367432,Yahoo Finance chart adjclose
2355,002012.SZ,凯恩股份,A,1.9093717787619369,2025-07-31,5.406764984130859,2026-07-31,5.510000228881836,Yahoo Finance yfinance auto_adjust=True
2356,600743.SH,华远控股,A,1.8957441829536181,2025-07-31,2.109999895095825,2026-07-31,2.1500000953674316,Yahoo Finance yfinance auto_adjust=True
2357,000972.SZ,*ST中基,A,1.8691570737231933,2025-07-31,3.2100000381469727,2026-07-31,3.2699999809265137,Yahoo Finance yfinance auto_adjust=True
2358,600741.SH,华域汽车,A,1.8575427218232798,2025-07-31,16.55253028869629,2026-07-31,16.860000610351562,Yahoo Finance yfinance auto_adjust=True
2359,01962.HK,训修实业,HK,1.850916402053704,2025-08-01,0.4467313885688782,2026-07-31,0.45500001311302185,Yahoo Finance chart adjclose
2360,603826.SH,坤彩科技,A,1.83621359104027,2025-07-31,14.749174118041992,2026-07-31,15.020000457763672,Yahoo Finance yfinance auto_adjust=True
2361,002608.SZ,江苏国信,A,1.835248600247441,2025-07-31,7.276458740234375,2026-07-31,7.409999847412109,Yahoo Finance yfinance auto_adjust=True
2362,002643.SZ,万润股份,A,1.8178103504382426,2025-07-31,12.551831245422363,2026-07-31,12.779999732971191,Yahoo Finance yfinance auto_adjust=True
2363,02252.HK,微创机器人-B,HK,1.8092856629878362,2025-08-01,20.450000762939453,2026-07-31,20.81999969482422,Yahoo Finance chart adjclose
2364,002084.SZ,海鸥住工,A,1.749269434745715,2025-07-31,3.430000066757202,2026-07-31,3.490000009536743,Yahoo Finance yfinance auto_adjust=True
2365,06667.HK,美因基因,HK,1.741625382676859,2025-08-01,7.0276055335998535,2026-07-31,7.150000095367432,Yahoo Finance chart adjclose
2366,301157.SZ,华塑科技,A,1.738817626834388,2025-07-31,50.14801788330078,2026-07-31,51.02000045776367,Yahoo Finance yfinance auto_adjust=True
2367,600256.SH,广汇能源,A,1.7382547700997675,2025-07-31,5.356883525848389,2026-07-31,5.449999809265137,Yahoo Finance yfinance auto_adjust=True
2368,300124.SZ,汇川技术,A,1.727439822018484,2025-07-31,62.972190856933594,2026-07-31,64.05999755859375,Yahoo Finance yfinance auto_adjust=True
2369,06866.HK,佐力小贷,HK,1.7241363363798445,2025-08-01,0.28999999165534973,2026-07-31,0.29499998688697815,Yahoo Finance chart adjclose
2370,301235.SZ,华康洁净,A,1.7079713225749416,2025-07-31,35.100494384765625,2026-07-31,35.70000076293945,Yahoo Finance yfinance auto_adjust=True
2371,300185.SZ,通裕重工,A,1.7062194871117597,2025-07-31,2.7726917266845703,2026-07-31,2.819999933242798,Yahoo Finance yfinance auto_adjust=True
2372,688063.SH,派能科技,A,1.6892288690441681,2025-07-31,42.80689239501953,2026-07-31,43.529998779296875,Yahoo Finance yfinance auto_adjust=True
2373,02050.HK,三花智控,HK,1.6435905124078554,2025-08-01,25.75666618347168,2026-07-31,26.18000030517578,Yahoo Finance chart adjclose
2374,601222.SH,林洋能源,A,1.5850129334328722,2025-07-31,5.679971694946289,2026-07-31,5.769999980926514,Yahoo Finance yfinance auto_adjust=True
2375,300049.SZ,福瑞医科,A,1.581624188051567,2025-07-31,44.67343521118164,2026-07-31,45.380001068115234,Yahoo Finance yfinance auto_adjust=True
2376,002241.SZ,歌尔股份,A,1.5756868909395871,2025-07-31,22.741662979125977,2026-07-31,23.100000381469727,Yahoo Finance yfinance auto_adjust=True
2377,601117.SH,中国化学,A,1.5660899135423234,2025-07-31,7.719111919403076,2026-07-31,7.840000152587891,Yahoo Finance yfinance auto_adjust=True
2378,601666.SH,平煤股份,A,1.5637473858595818,2025-07-31,7.866980075836182,2026-07-31,7.989999771118164,Yahoo Finance yfinance auto_adjust=True
2379,600844.SH,金煤科技,A,1.5384600712702756,2025-07-31,3.25,2026-07-31,3.299999952316284,Yahoo Finance yfinance auto_adjust=True
2380,600113.SH,浙江东日,A,1.5277906656737006,2025-07-31,28.859092712402344,2026-07-31,29.299999237060547,Yahoo Finance yfinance auto_adjust=True
2381,301039.SZ,中集车辆,A,1.5090007493242297,2025-07-31,8.235722541809082,2026-07-31,8.359999656677246,Yahoo Finance yfinance auto_adjust=True
2382,603356.SH,华菱精工,A,1.4914775517391954,2025-07-31,14.079999923706055,2026-07-31,14.289999961853027,Yahoo Finance yfinance auto_adjust=True
2383,02821.HK,沛富基金,HK,1.4886688244172719,2025-08-01,107.35188293457031,2026-07-30,108.94999694824219,Yahoo Finance chart adjclose
2384,600030.SH,中信证券,A,1.4850560262843038,2025-07-31,28.01397705078125,2026-07-31,28.43000030517578,Yahoo Finance yfinance auto_adjust=True
2385,300458.SZ,全志科技,A,1.4833803162194625,2025-07-31,33.049747467041016,2026-07-31,33.540000915527344,Yahoo Finance yfinance auto_adjust=True
2386,300801.SZ,泰和科技,A,1.470757656714028,2025-07-31,22.035905838012695,2026-07-31,22.360000610351562,Yahoo Finance yfinance auto_adjust=True
2387,001330.SZ,博纳影业,A,1.4583269175558522,2025-07-31,4.800000190734863,2026-07-31,4.869999885559082,Yahoo Finance yfinance auto_adjust=True
2388,601868.SH,中国能建,A,1.4492901929409996,2025-07-31,2.562856674194336,2026-07-31,2.5999999046325684,Yahoo Finance yfinance auto_adjust=True
2389,002976.SZ,瑞玛精密,A,1.4456964450394238,2025-07-31,19.261537551879883,2026-07-31,19.540000915527344,Yahoo Finance yfinance auto_adjust=True
2390,601702.SH,华峰铝业,A,1.4204700718519314,2025-07-31,15.460390090942383,2026-07-31,15.680000305175781,Yahoo Finance yfinance auto_adjust=True
2391,000037.SZ,深南电A,A,1.4167044055385825,2025-07-31,9.032042503356934,2026-07-31,9.15999984741211,Yahoo Finance yfinance auto_adjust=True
2392,002201.SZ,九鼎新材,A,1.3924959690806649,2025-07-31,7.564662456512451,2026-07-31,7.670000076293945,Yahoo Finance yfinance auto_adjust=True
2393,000686.SZ,东北证券,A,1.3907144813755767,2025-07-31,7.998759746551514,2026-07-31,8.109999656677246,Yahoo Finance yfinance auto_adjust=True
2394,601608.SH,中信重工,A,1.3808398973989444,2025-07-31,4.6162567138671875,2026-07-31,4.679999828338623,Yahoo Finance yfinance auto_adjust=True
2395,01735.HK,中环新能源,HK,1.3580203888494902,2025-08-01,8.100000381469727,2026-07-31,8.210000038146973,Yahoo Finance chart adjclose
2396,601777.SH,千里科技,A,1.3381952932345342,2025-07-31,8.220000267028809,2026-07-31,8.329999923706055,Yahoo Finance yfinance auto_adjust=True
2397,300443.SZ,金雷股份,A,1.3310812693797969,2025-07-31,21.148496627807617,2026-07-31,21.43000030517578,Yahoo Finance yfinance auto_adjust=True
2398,001314.SZ,亿道信息,A,1.3178505822362574,2025-07-31,46.25048828125,2026-07-31,46.86000061035156,Yahoo Finance yfinance auto_adjust=True
2399,01872.HK,冠轈控股,HK,1.298706285023532,2025-08-01,3.8499999046325684,2026-07-31,3.9000000953674316,Yahoo Finance chart adjclose
2400,600966.SH,博汇纸业,A,1.297807260227879,2025-07-31,4.856966018676758,2026-07-31,4.920000076293945,Yahoo Finance yfinance auto_adjust=True
2401,02828.HK,恒生中国企业,HK,1.2933264444767056,2025-08-01,88.85086822509766,2026-07-30,90.0,Yahoo Finance chart adjclose
2402,300073.SZ,当升科技,A,1.2933079745721,2025-07-31,41.049110412597656,2026-07-31,41.58000183105469,Yahoo Finance yfinance auto_adjust=True
2403,01475.HK,日清食品,HK,1.2831046166652538,2025-08-01,6.615120887756348,2026-07-31,6.699999809265137,Yahoo Finance chart adjclose
2404,600999.SH,招商证券,A,1.2278876764598046,2025-07-31,17.37663459777832,2026-07-31,17.59000015258789,Yahoo Finance yfinance auto_adjust=True
2405,300227.SZ,光韵达,A,1.2263060580006258,2025-07-31,8.970000267028809,2026-07-31,9.079999923706055,Yahoo Finance yfinance auto_adjust=True
2406,601118.SH,海南橡胶,A,1.2219947992700098,2025-07-31,4.909999847412109,2026-07-31,4.96999979019165,Yahoo Finance yfinance auto_adjust=True
2407,300082.SZ,奥克股份,A,1.2032105930266823,2025-07-31,7.480000019073486,2026-07-31,7.570000171661377,Yahoo Finance yfinance auto_adjust=True
2408,01811.HK,中广核新能源,HK,1.1797663410181292,2025-08-01,2.3028318881988525,2026-07-31,2.3299999237060547,Yahoo Finance chart adjclose
2409,688334.SH,西高院,A,1.1775522036444608,2025-07-31,18.096899032592773,2026-07-31,18.309999465942383,Yahoo Finance yfinance auto_adjust=True
2410,600686.SH,金龙汽车,A,1.1676409113773323,2025-07-31,12.078961372375488,2026-07-31,12.220000267028809,Yahoo Finance yfinance auto_adjust=True
2411,301017.SZ,漱玉平民,A,1.1538177991650134,2025-07-31,13.039546966552734,2026-07-31,13.1899995803833,Yahoo Finance yfinance auto_adjust=True
2412,002168.SZ,*ST惠程,A,1.1494241848790887,2025-07-31,3.4800000190734863,2026-07-31,3.5199999809265137,Yahoo Finance yfinance auto_adjust=True
2413,300321.SZ,同大股份,A,1.1454486194832914,2025-07-31,28.493619918823242,2026-07-31,28.81999969482422,Yahoo Finance yfinance auto_adjust=True
2414,01920.HK,中国网成,HK,1.136362558800319,2025-08-01,0.4399999976158142,2026-07-31,0.4449999928474426,Yahoo Finance chart adjclose
2415,601577.SH,长沙银行,A,1.1297507057526301,2025-07-31,9.423537254333496,2026-07-31,9.529999732971191,Yahoo Finance yfinance auto_adjust=True
2416,603080.SH,新疆火炬,A,1.1112303013982139,2025-07-31,17.940637588500977,2026-07-31,18.139999389648438,Yahoo Finance yfinance auto_adjust=True
2417,600108.SH,亚盛集团,A,1.1058120685404127,2025-07-31,2.9869697093963623,2026-07-31,3.0199999809265137,Yahoo Finance yfinance auto_adjust=True
2418,603701.SH,德宏股份,A,1.1034899812370158,2025-07-31,17.902448654174805,2026-07-31,18.100000381469727,Yahoo Finance yfinance auto_adjust=True
2419,300457.SZ,赢合科技,A,1.10271220821605,2025-07-31,20.5039005279541,2026-07-31,20.729999542236328,Yahoo Finance yfinance auto_adjust=True
2420,01023.HK,时代集团控股,HK,1.0989066411759563,2025-08-01,0.45499998331069946,2026-07-31,0.46000000834465027,Yahoo Finance chart adjclose
2421,603806.SH,福斯特,A,1.0721887135187513,2025-07-31,14.514378547668457,2026-07-31,14.670000076293945,Yahoo Finance yfinance auto_adjust=True
2422,02727.HK,上海电气,HK,1.0583332915551136,2025-08-01,3.1862785816192627,2026-07-31,3.2200000286102295,Yahoo Finance chart adjclose
2423,002950.SZ,奥美医疗,A,1.04777319844509,2025-07-31,9.124397277832031,2026-07-31,9.220000267028809,Yahoo Finance yfinance auto_adjust=True
2424,688618.SH,三旺通信,A,1.0296029343746849,2025-07-31,25.64594841003418,2026-07-31,25.90999984741211,Yahoo Finance yfinance auto_adjust=True
2425,000488.SZ,ST晨鸣,A,1.0152274434545472,2025-07-31,1.9700000286102295,2026-07-31,1.9900000095367432,Yahoo Finance yfinance auto_adjust=True
2426,002309.SZ,中利集团,A,0.9463713144399533,2025-07-31,3.1700000762939453,2026-07-31,3.200000047683716,Yahoo Finance yfinance auto_adjust=True
2427,601882.SH,海天精工,A,0.9408681014353437,2025-07-31,18.951688766479492,2026-07-31,19.1299991607666,Yahoo Finance yfinance auto_adjust=True
2428,600956.SH,新天绿能,A,0.9368076614854726,2025-07-31,7.390762805938721,2026-07-31,7.460000038146973,Yahoo Finance yfinance auto_adjust=True
2429,08112.HK,基石金融,HK,0.9174330739619929,2025-08-01,0.10899999737739563,2026-07-31,0.10999999940395355,Yahoo Finance chart adjclose
2430,600339.SH,中油工程,A,0.9014357084069724,2025-07-31,3.3696250915527344,2026-07-31,3.4000000953674316,Yahoo Finance yfinance auto_adjust=True
2431,002861.SZ,瀛通通讯,A,0.900277826998841,2025-07-31,14.4399995803833,2026-07-31,14.569999694824219,Yahoo Finance yfinance auto_adjust=True
2432,02096.HK,先声药业,HK,0.900230825420012,2025-08-01,12.239813804626465,2026-07-31,12.350000381469727,Yahoo Finance chart adjclose
2433,301631.SZ,壹连科技,A,0.8985454113181746,2025-07-31,58.0186767578125,2026-07-31,58.540000915527344,Yahoo Finance yfinance auto_adjust=True
2434,601020.SH,华钰矿业,A,0.8959478761387807,2025-07-31,19.346664428710938,2026-07-31,19.520000457763672,Yahoo Finance yfinance auto_adjust=True
2435,002967.SZ,广电计量,A,0.887683102478265,2025-07-31,16.84050941467285,2026-07-31,16.989999771118164,Yahoo Finance yfinance auto_adjust=True
2436,002412.SZ,汉森制药,A,0.883586295778449,2025-07-31,6.690880298614502,2026-07-31,6.75,Yahoo Finance yfinance auto_adjust=True
2437,08623.HK,中国蜀塔,HK,0.8547025963808963,2025-08-01,0.11699999868869781,2026-07-31,0.11800000071525574,Yahoo Finance chart adjclose
2438,02289.HK,创美药业,HK,0.8428595883545276,2025-08-01,6.445672035217285,2026-07-31,6.5,Yahoo Finance chart adjclose
2439,688517.SH,金冠电气,A,0.8318815672961,2025-07-31,14.697731971740723,2026-07-31,14.819999694824219,Yahoo Finance yfinance auto_adjust=True
2440,08017.HK,捷利交易宝,HK,0.7812492724042164,2025-08-01,1.2799999713897705,2026-07-31,1.2899999618530273,Yahoo Finance chart adjclose
2441,600713.SH,南京医药,A,0.7757006892136875,2025-07-31,5.030974864959717,2026-07-31,5.070000171661377,Yahoo Finance yfinance auto_adjust=True
2442,600895.SH,张江高科,A,0.7704616223425775,2025-07-31,31.904191970825195,2026-07-31,32.150001525878906,Yahoo Finance yfinance auto_adjust=True
2443,300553.SZ,集智股份,A,0.7633858011180772,2025-07-31,36.5311279296875,2026-07-31,36.810001373291016,Yahoo Finance yfinance auto_adjust=True
2444,600744.SH,华银电力,A,0.7267400154944426,2025-07-31,6.880000114440918,2026-07-31,6.929999828338623,Yahoo Finance yfinance auto_adjust=True
2445,600777.SH,*ST新潮,A,0.721158916075737,2025-07-31,4.159999847412109,2026-07-31,4.190000057220459,Yahoo Finance yfinance auto_adjust=True
2446,02607.HK,上海医药,HK,0.6862207753437488,2025-08-01,11.938078880310059,2026-07-31,12.020000457763672,Yahoo Finance chart adjclose
2447,601880.SH,辽港股份,A,0.6786118481548087,2025-07-31,1.4998220205307007,2026-07-31,1.5099999904632568,Yahoo Finance yfinance auto_adjust=True
2448,601866.SH,中远海发,A,0.6748662162051833,2025-07-31,2.4534425735473633,2026-07-31,2.4700000286102295,Yahoo Finance yfinance auto_adjust=True
2449,688717.SH,艾罗能源,A,0.669157233408435,2025-07-31,54.93241500854492,2026-07-31,55.29999923706055,Yahoo Finance yfinance auto_adjust=True
2450,603025.SH,大豪科技,A,0.6529461930527836,2025-07-31,13.412424087524414,2026-07-31,13.5,Yahoo Finance yfinance auto_adjust=True
2451,08341.HK,艾硕控股,HK,0.6451625928174165,2025-08-01,0.1550000011920929,2026-07-31,0.15600000321865082,Yahoo Finance chart adjclose
2452,000417.SZ,合百集团,A,0.61919717588379,2025-07-31,5.684799671173096,2026-07-31,5.71999979019165,Yahoo Finance yfinance auto_adjust=True
2453,601985.SH,中国核电,A,0.6141956042433838,2025-07-31,9.004693984985352,2026-07-31,9.0600004196167,Yahoo Finance yfinance auto_adjust=True
2454,688229.SH,博睿数据,A,0.5782136617903388,2025-07-31,63.9900016784668,2026-07-31,64.36000061035156,Yahoo Finance yfinance auto_adjust=True
2455,688061.SH,灿瑞科技,A,0.57095067566868,2025-07-31,33.160667419433594,2026-07-31,33.349998474121094,Yahoo Finance yfinance auto_adjust=True
2456,605507.SH,国邦医药,A,0.5594854887732703,2025-07-31,16.14964485168457,2026-07-31,16.239999771118164,Yahoo Finance yfinance auto_adjust=True
2457,302132.SZ,中航成飞,A,0.5376516057126635,2025-07-31,71.79399871826172,2026-07-31,72.18000030517578,Yahoo Finance yfinance auto_adjust=True
2458,002963.SZ,豪尔赛,A,0.5323243386250232,2025-07-31,13.149999618530273,2026-07-31,13.220000267028809,Yahoo Finance yfinance auto_adjust=True
2459,603725.SH,天安新材,A,0.47288845538562274,2025-07-31,9.315945625305176,2026-07-31,9.359999656677246,Yahoo Finance yfinance auto_adjust=True
2460,300761.SZ,立华股份,A,0.4688734736992828,2025-07-31,18.981002807617188,2026-07-31,19.06999969482422,Yahoo Finance yfinance auto_adjust=True
2461,300570.SZ,太辰光,A,0.4566944358576519,2025-07-31,113.48173522949219,2026-07-31,114.0,Yahoo Finance yfinance auto_adjust=True
2462,301207.SZ,华兰疫苗,A,0.4395559837313545,2025-07-31,17.592670440673828,2026-07-31,17.670000076293945,Yahoo Finance yfinance auto_adjust=True
2463,01455.HK,科利实业控股,HK,0.41666128569199934,2025-08-01,0.24000000953674316,2026-07-31,0.2409999966621399,Yahoo Finance chart adjclose
2464,301371.SZ,敷尔佳,A,0.4132322532266475,2025-07-31,25.51456642150879,2026-07-31,25.6200008392334,Yahoo Finance yfinance auto_adjust=True
2465,002408.SZ,齐翔腾达,A,0.39682502138671527,2025-07-31,5.039999961853027,2026-07-31,5.059999942779541,Yahoo Finance yfinance auto_adjust=True
2466,600535.SH,天士力,A,0.3738936663135073,2025-07-31,16.059953689575195,2026-07-31,16.1200008392334,Yahoo Finance yfinance auto_adjust=True
2467,688692.SH,达梦数据,A,0.3732310224395574,2025-07-31,238.0614776611328,2026-07-31,238.9499969482422,Yahoo Finance yfinance auto_adjust=True
2468,000920.SZ,沃顿科技,A,0.3334606458990752,2025-07-31,10.674405097961426,2026-07-31,10.710000038146973,Yahoo Finance yfinance auto_adjust=True
2469,002197.SZ,证通电子,A,0.29850718650552555,2025-07-31,6.699999809265137,2026-07-31,6.71999979019165,Yahoo Finance yfinance auto_adjust=True
2470,01346.HK,利华控股集团,HK,0.28967479941919283,2025-08-01,1.3859851360321045,2026-07-31,1.3899999856948853,Yahoo Finance chart adjclose
2471,600189.SH,泉阳泉,A,0.2747250048093175,2025-07-31,7.28000020980835,2026-07-31,7.300000190734863,Yahoo Finance yfinance auto_adjust=True
2472,000001.SZ,平安银行,A,0.2685104653879833,2025-07-31,11.598855972290039,2026-07-31,11.630000114440918,Yahoo Finance yfinance auto_adjust=True
2473,601998.SH,中信银行,A,0.26644413669745237,2025-07-31,7.799219608306885,2026-07-31,7.820000171661377,Yahoo Finance yfinance auto_adjust=True
2474,300151.SZ,昌红科技,A,0.25611725373502203,2025-07-31,13.59518051147461,2026-07-31,13.630000114440918,Yahoo Finance yfinance auto_adjust=True
2475,002919.SZ,名臣健康,A,0.240731184776255,2025-07-31,16.071311950683594,2026-07-31,16.110000610351562,Yahoo Finance yfinance auto_adjust=True
2476,300219.SZ,鸿利智汇,A,0.22907405278997928,2025-07-31,6.604869842529297,2026-07-31,6.619999885559082,Yahoo Finance yfinance auto_adjust=True
2477,601688.SH,华泰证券,A,0.22478774214542696,2025-07-31,19.57599639892578,2026-07-31,19.6200008392334,Yahoo Finance yfinance auto_adjust=True
2478,300866.SZ,安克创新,A,0.22314432705088372,2025-07-31,121.73834991455078,2026-07-31,122.01000213623047,Yahoo Finance yfinance auto_adjust=True
2479,603339.SH,四方科技,A,0.21271129759135032,2025-07-31,12.732915878295898,2026-07-31,12.760000228881836,Yahoo Finance yfinance auto_adjust=True
2480,300520.SZ,科大国创,A,0.20047809137881956,2025-07-31,24.940000534057617,2026-07-31,24.989999771118164,Yahoo Finance yfinance auto_adjust=True
2481,000862.SZ,银星能源,A,0.18050954784647466,2025-07-31,5.539999961853027,2026-07-31,5.550000190734863,Yahoo Finance yfinance auto_adjust=True
2482,600968.SH,海油发展,A,0.17134312557050002,2025-07-31,3.89332914352417,2026-07-31,3.9000000953674316,Yahoo Finance yfinance auto_adjust=True
2483,601033.SH,永兴股份,A,0.17080953117838416,2025-07-31,14.575104713439941,2026-07-31,14.600000381469727,Yahoo Finance yfinance auto_adjust=True
2484,603568.SH,伟明环保,A,0.15728536718553343,2025-07-31,15.275973320007324,2026-07-31,15.300000190734863,Yahoo Finance yfinance auto_adjust=True
2485,89618.HK,京东集团-SWR,HK,0.12254898528627489,2025-08-01,108.96646118164062,2026-07-31,109.0999984741211,Yahoo Finance chart adjclose
2486,600998.SH,九州通,A,0.1106930588629984,2025-07-31,5.14430570602417,2026-07-31,5.150000095367432,Yahoo Finance yfinance auto_adjust=True
2487,01496.HK,亚积邦租赁,HK,0.10868621194233263,2025-08-01,0.16282303631305695,2026-07-31,0.16300000250339508,Yahoo Finance chart adjclose
2488,600167.SH,联美控股,A,0.03906699757687537,2025-07-31,5.847715377807617,2026-07-31,5.849999904632568,Yahoo Finance yfinance auto_adjust=True
2489,002206.SZ,海 利 得,A,0.025743376708797783,2025-07-31,5.358620643615723,2026-07-31,5.360000133514404,Yahoo Finance yfinance auto_adjust=True
2490,08426.HK,雅居投资控股,HK,0.002076630663760959,2025-08-01,0.2489948272705078,2026-07-31,0.24899999797344208,Yahoo Finance chart adjclose
2491,000626.SZ,远大控股,A,0.0,2025-07-31,6.940000057220459,2026-07-31,6.940000057220459,Yahoo Finance yfinance auto_adjust=True
2492,002235.SZ,安妮股份,A,0.0,2025-07-31,8.029999732971191,2026-07-31,8.029999732971191,Yahoo Finance yfinance auto_adjust=True
2493,002554.SZ,惠博普,A,0.0,2025-07-31,2.809999942779541,2026-07-31,2.809999942779541,Yahoo Finance yfinance auto_adjust=True
2494,600691.SH,潞化科技,A,0.0,2025-07-31,2.450000047683716,2026-07-31,2.450000047683716,Yahoo Finance yfinance auto_adjust=True
2495,601399.SH,国机重装,A,0.0,2025-07-31,3.3299999237060547,2026-07-31,3.3299999237060547,Yahoo Finance yfinance auto_adjust=True
2496,603330.SH,天洋新材,A,0.0,2025-07-31,6.929999828338623,2026-07-31,6.929999828338623,Yahoo Finance yfinance auto_adjust=True
2497,08612.HK,维亮控股,HK,0.0,2025-08-01,0.09200000017881393,2026-07-31,0.09200000017881393,Yahoo Finance chart adjclose
2498,01224.HK,中渝置地,HK,0.0,2025-08-01,1.2000000476837158,2026-07-31,1.2000000476837158,Yahoo Finance chart adjclose
2499,01402.HK,超智能控股,HK,0.0,2025-08-01,0.27000001072883606,2026-07-31,0.27000001072883606,Yahoo Finance chart adjclose
2500,02326.HK,新源万恒控股,HK,0.0,2025-08-01,0.009999999776482582,2026-07-31,0.009999999776482582,Yahoo Finance chart adjclose
2501,08285.HK,森浩集团,HK,0.0,2025-08-01,0.03700000047683716,2026-07-31,0.03700000047683716,Yahoo Finance chart adjclose
2502,08210.HK,衍汇亚洲,HK,0.0,2025-08-01,0.04800000041723251,2026-07-31,0.04800000041723251,Yahoo Finance chart adjclose
2503,02979.HK,万国黄金集团-旧,HK,0.0,2026-07-07,2.2200000286102295,2026-07-31,2.2200000286102295,Yahoo Finance chart adjclose
2504,08475.HK,易站绿色科技,HK,0.0,2025-08-01,0.0689999982714653,2026-07-31,0.0689999982714653,Yahoo Finance chart adjclose
2505,08428.HK,汉诺佳池,HK,0.0,2025-08-01,0.6800000071525574,2026-07-31,0.6800000071525574,Yahoo Finance chart adjclose
2506,08297.HK,海纳星空科技,HK,0.0,2025-08-01,0.039000000804662704,2026-07-31,0.039000000804662704,Yahoo Finance chart adjclose
2507,08525.HK,百应控股,HK,0.0,2025-08-01,0.8500000238418579,2026-07-31,0.8500000238418579,Yahoo Finance chart adjclose
2508,08130.HK,大地国际集团,HK,0.0,2025-08-01,0.009999999776482582,2026-07-31,0.009999999776482582,Yahoo Finance chart adjclose
2509,08047.HK,中国海洋发展,HK,0.0,2025-08-01,0.02500000037252903,2026-07-31,0.02500000037252903,Yahoo Finance chart adjclose
2510,08039.HK,中国来骑哦,HK,0.0,2025-08-01,0.1509999930858612,2026-07-31,0.1509999930858612,Yahoo Finance chart adjclose
2511,06878.HK,鼎丰集团汽车,HK,0.0,2025-08-01,0.03700000047683716,2026-07-31,0.03700000047683716,Yahoo Finance chart adjclose
2512,06623.HK,陆控,HK,0.0,2025-08-01,10.899999618530273,2026-07-31,10.899999618530273,Yahoo Finance chart adjclose
2513,06189.HK,爱得威建设集团,HK,0.0,2025-08-01,0.07199999690055847,2026-07-31,0.07199999690055847,Yahoo Finance chart adjclose
2514,06611.HK,三巽集团,HK,0.0,2025-08-01,0.04600000008940697,2026-07-31,0.04600000008940697,Yahoo Finance chart adjclose
2515,02362.HK,金川国际,HK,0.0,2025-08-01,0.6359999775886536,2026-07-31,0.6359999775886536,Yahoo Finance chart adjclose
2516,02088.HK,西王置业,HK,0.0,2025-08-01,0.03799999877810478,2026-07-31,0.03799999877810478,Yahoo Finance chart adjclose
2517,02323.HK,融科控股,HK,0.0,2025-08-01,0.01899999938905239,2026-07-31,0.01899999938905239,Yahoo Finance chart adjclose
2518,02163.HK,远大住工,HK,0.0,2025-08-01,0.6000000238418579,2026-07-31,0.6000000238418579,Yahoo Finance chart adjclose
2519,01728.HK,正通汽车,HK,0.0,2025-08-01,0.14300000667572021,2026-07-31,0.14300000667572021,Yahoo Finance chart adjclose
2520,01849.HK,秀商时代控股,HK,0.0,2025-08-01,0.05000000074505806,2026-07-31,0.05000000074505806,Yahoo Finance chart adjclose
2521,02127.HK,汇森股份,HK,0.0,2025-08-01,0.019999999552965164,2026-07-31,0.019999999552965164,Yahoo Finance chart adjclose
2522,01915.HK,泰和小贷,HK,0.0,2025-08-01,0.26499998569488525,2026-07-31,0.26499998569488525,Yahoo Finance chart adjclose
2523,01748.HK,信源企业集团,HK,0.0,2025-08-01,1.7599999904632568,2026-07-31,1.7599999904632568,Yahoo Finance chart adjclose
2524,02479.HK,天聚地合,HK,0.0,2025-08-01,65.0,2026-07-31,65.0,Yahoo Finance chart adjclose
2525,01755.HK,新城悦服务,HK,0.0,2025-08-01,2.799999952316284,2026-07-31,2.799999952316284,Yahoo Finance chart adjclose
2526,01360.HK,诺发集团,HK,0.0,2025-08-01,0.012000000104308128,2025-08-06,0.012000000104308128,Yahoo Finance chart adjclose
2527,01220.HK,志道国际,HK,0.0,2025-08-01,0.0560000017285347,2026-07-31,0.0560000017285347,Yahoo Finance chart adjclose
2528,01598.HK,21世纪教育,HK,0.0,2025-08-01,0.11100000143051147,2026-07-31,0.11100000143051147,Yahoo Finance chart adjclose
2529,02131.HK,云想科技,HK,0.0,2025-08-01,0.45500001311302185,2026-07-31,0.45500001311302185,Yahoo Finance chart adjclose
2530,01188.HK,正道集团,HK,0.0,2025-08-01,0.012000000104308128,2026-07-31,0.012000000104308128,Yahoo Finance chart adjclose
2531,01101.HK,华荣能源,HK,0.0,2025-08-01,0.019999999552965164,2026-07-31,0.019999999552965164,Yahoo Finance chart adjclose
2532,01406.HK,清晰医疗,HK,0.0,2025-08-01,0.35499998927116394,2026-07-31,0.35499998927116394,Yahoo Finance chart adjclose
2533,01246.HK,保集健康,HK,0.0,2025-08-01,0.020999999716877937,2026-07-31,0.020999999716877937,Yahoo Finance chart adjclose
2534,01293.HK,广汇宝信,HK,0.0,2025-08-01,0.0860000029206276,2026-07-31,0.0860000029206276,Yahoo Finance chart adjclose
2535,01007.HK,龙辉国际控股,HK,0.0,2025-08-01,0.6700000166893005,2026-07-31,0.6700000166893005,Yahoo Finance chart adjclose
2536,603333.SH,尚纬股份,A,-0.00015027572706216574,2025-07-31,8.250012397766113,2026-07-31,8.25,Yahoo Finance yfinance auto_adjust=True
2537,600116.SH,三峡水利,A,-0.033181154480532715,2025-07-31,6.652207374572754,2026-07-31,6.650000095367432,Yahoo Finance yfinance auto_adjust=True
2538,002511.SZ,中顺洁柔,A,-0.03631452320581596,2025-07-31,7.472713470458984,2026-07-31,7.46999979019165,Yahoo Finance yfinance auto_adjust=True
2539,000968.SZ,蓝焰控股,A,-0.049953870562158276,2025-07-31,6.9634785652160645,2026-07-31,6.960000038146973,Yahoo Finance yfinance auto_adjust=True
2540,600125.SH,铁龙物流,A,-0.0787482849724741,2025-07-31,5.594405651092529,2026-07-31,5.590000152587891,Yahoo Finance yfinance auto_adjust=True
2541,002913.SZ,奥士康,A,-0.0867612549245278,2025-07-31,39.474246978759766,2026-07-31,39.439998626708984,Yahoo Finance yfinance auto_adjust=True
2542,000755.SZ,山西高速,A,-0.10604696244120859,2025-07-31,4.715000152587891,2026-07-31,4.710000038146973,Yahoo Finance yfinance auto_adjust=True
2543,000902.SZ,新洋丰,A,-0.12676633854007413,2025-07-31,14.017769813537598,2026-07-31,14.0,Yahoo Finance yfinance auto_adjust=True
2544,603009.SH,北特科技,A,-0.19381309712530603,2025-07-31,39.16590881347656,2026-07-31,39.09000015258789,Yahoo Finance yfinance auto_adjust=True
2545,000063.SZ,中兴通讯,A,-0.19441792523136048,2025-07-31,33.87586212158203,2026-07-31,33.810001373291016,Yahoo Finance yfinance auto_adjust=True
2546,002014.SZ,永新股份,A,-0.1972642846550965,2025-07-31,11.061820983886719,2026-07-31,11.039999961853027,Yahoo Finance yfinance auto_adjust=True
2547,603499.SH,翔港科技,A,-0.2000876006278185,2025-07-31,11.002013206481934,2026-07-31,10.979999542236328,Yahoo Finance yfinance auto_adjust=True
2548,02327.HK,美瑞健康国际,HK,-0.21819739591489862,2025-08-01,0.24453356862068176,2026-07-31,0.24400000274181366,Yahoo Finance chart adjclose
2549,002255.SZ,海陆重工,A,-0.21870486045068027,2025-07-31,8.318192481994629,2026-07-31,8.300000190734863,Yahoo Finance yfinance auto_adjust=True
2550,01763.HK,中国同辐,HK,-0.22423454650152275,2025-08-01,16.28652000427246,2026-07-31,16.25,Yahoo Finance chart adjclose
2551,600395.SH,盘江股份,A,-0.2315875253599775,2025-07-31,4.951467037200928,2026-07-31,4.940000057220459,Yahoo Finance yfinance auto_adjust=True
2552,688009.SH,中国通号,A,-0.23245538577036928,2025-07-31,5.121906280517578,2026-07-31,5.110000133514404,Yahoo Finance yfinance auto_adjust=True
2553,300476.SZ,胜宏科技,A,-0.232611002333305,2025-07-31,190.8439178466797,2026-07-31,190.39999389648438,Yahoo Finance yfinance auto_adjust=True
2554,600886.SH,国投电力,A,-0.24807629830837508,2025-07-31,15.287925720214844,2026-07-31,15.25,Yahoo Finance yfinance auto_adjust=True
2555,002782.SZ,可立克,A,-0.2780932243389711,2025-07-31,13.5777587890625,2026-07-31,13.539999961853027,Yahoo Finance yfinance auto_adjust=True
2556,002515.SZ,金字火腿,A,-0.2968405246562167,2025-07-31,6.559471130371094,2026-07-31,6.539999961853027,Yahoo Finance yfinance auto_adjust=True
2557,002335.SZ,科华数据,A,-0.308309461738121,2025-07-31,28.788759231567383,2026-07-31,28.700000762939453,Yahoo Finance yfinance auto_adjust=True
2558,600681.SH,百川能源,A,-0.311075119163029,2025-07-31,3.470796823501587,2026-07-31,3.4600000381469727,Yahoo Finance yfinance auto_adjust=True
2559,002522.SZ,浙江众成,A,-0.3268602711947177,2025-07-31,4.936134338378906,2026-07-31,4.920000076293945,Yahoo Finance yfinance auto_adjust=True
2560,301111.SZ,粤万年青,A,-0.3305691251471843,2025-07-31,17.598175048828125,2026-07-31,17.540000915527344,Yahoo Finance yfinance auto_adjust=True
2561,000908.SZ,*ST景峰,A,-0.33333301544189453,2025-07-31,6.0,2026-07-31,5.980000019073486,Yahoo Finance yfinance auto_adjust=True
2562,01272.HK,大唐环境,HK,-0.33349452494463305,2025-08-01,1.0735803842544556,2026-07-31,1.0700000524520874,Yahoo Finance chart adjclose
2563,601566.SH,九牧王,A,-0.3389569693126093,2025-07-31,8.428568840026855,2026-07-31,8.399999618530273,Yahoo Finance yfinance auto_adjust=True
2564,300654.SZ,世纪天鸿,A,-0.38141407629191937,2025-07-31,11.313150405883789,2026-07-31,11.270000457763672,Yahoo Finance yfinance auto_adjust=True
2565,601825.SH,沪农商行,A,-0.39394476899646813,2025-07-31,8.623973846435547,2026-07-31,8.59000015258789,Yahoo Finance yfinance auto_adjust=True
2566,600007.SH,中国国贸,A,-0.4007289723158558,2025-07-31,19.277250289916992,2026-07-31,19.200000762939453,Yahoo Finance yfinance auto_adjust=True
2567,600008.SH,首创环保,A,-0.4019197097542615,2025-07-31,2.961904525756836,2026-07-31,2.950000047683716,Yahoo Finance yfinance auto_adjust=True
2568,600848.SH,上海临港,A,-0.4200797572834869,2025-07-31,8.997797966003418,2026-07-31,8.960000038146973,Yahoo Finance yfinance auto_adjust=True
2569,003009.SZ,中天火箭,A,-0.44094953673742276,2025-07-31,46.25395584106445,2026-07-31,46.04999923706055,Yahoo Finance yfinance auto_adjust=True
2570,002876.SZ,三利谱,A,-0.45061194187930864,2025-07-31,26.76058578491211,2026-07-31,26.639999389648438,Yahoo Finance yfinance auto_adjust=True
2571,603017.SH,中衡设计,A,-0.45257670502996117,2025-07-31,9.030871391296387,2026-07-31,8.989999771118164,Yahoo Finance yfinance auto_adjust=True
2572,601128.SH,常熟银行,A,-0.48888873801780086,2025-07-31,6.461589813232422,2026-07-31,6.429999828338623,Yahoo Finance yfinance auto_adjust=True
2573,600170.SH,上海建工,A,-0.49738793756675115,2025-07-31,2.3818469047546387,2026-07-31,2.369999885559082,Yahoo Finance yfinance auto_adjust=True
2574,000623.SZ,吉林敖东,A,-0.5087794200728579,2025-07-31,18.46394157409668,2026-07-31,18.3700008392334,Yahoo Finance yfinance auto_adjust=True
2575,688055.SH,龙腾光电,A,-0.5208328482694813,2025-07-31,3.8399999141693115,2026-07-31,3.819999933242798,Yahoo Finance yfinance auto_adjust=True
2576,002072.SZ,凯瑞德,A,-0.5788706618858774,2025-07-31,6.909999847412109,2026-07-31,6.869999885559082,Yahoo Finance yfinance auto_adjust=True
2577,300516.SZ,久之洋,A,-0.5856198749829677,2025-07-31,27.71228790283203,2026-07-31,27.549999237060547,Yahoo Finance yfinance auto_adjust=True
2578,002986.SZ,宇新股份,A,-0.5857715141547204,2025-07-31,11.949999809265137,2026-07-31,11.880000114440918,Yahoo Finance yfinance auto_adjust=True
2579,301252.SZ,同星科技,A,-0.6328946926393741,2025-07-31,28.04751205444336,2026-07-31,27.8700008392334,Yahoo Finance yfinance auto_adjust=True
2580,600173.SH,卧龙新能,A,-0.6472485916521498,2025-07-31,6.179999828338623,2026-07-31,6.139999866485596,Yahoo Finance yfinance auto_adjust=True
2581,603798.SH,康普顿,A,-0.6500798567813715,2025-07-31,11.384005546569824,2026-07-31,11.3100004196167,Yahoo Finance yfinance auto_adjust=True
2582,300142.SZ,沃森生物,A,-0.6608992862570662,2025-07-31,12.40196418762207,2026-07-31,12.319999694824219,Yahoo Finance yfinance auto_adjust=True
2583,02256.HK,和誉-B,HK,-0.6889733846014656,2025-08-01,10.15999984741211,2026-07-31,10.09000015258789,Yahoo Finance chart adjclose
2584,01930.HK,勋龙,HK,-0.6996607365938101,2025-08-01,0.3776422142982483,2026-07-31,0.375,Yahoo Finance chart adjclose
2585,02838.HK,恒生富时中国50,HK,-0.7010074028653834,2025-08-01,167.62506103515625,2026-07-30,166.4499969482422,Yahoo Finance chart adjclose
2586,300611.SZ,美力科技,A,-0.7142964155337439,2025-07-31,24.061872482299805,2026-07-31,23.889999389648438,Yahoo Finance yfinance auto_adjust=True
2587,02559.HK,嘀嗒出行,HK,-0.7194237817389371,2025-08-01,1.3899999856948853,2026-07-31,1.3799999952316284,Yahoo Finance chart adjclose
2588,000651.SZ,格力电器,A,-0.7496479060760675,2025-07-31,42.6194953918457,2026-07-31,42.29999923706055,Yahoo Finance yfinance auto_adjust=True
2589,001225.SZ,和泰机电,A,-0.7802687542817988,2025-07-31,42.763671875,2026-07-31,42.43000030517578,Yahoo Finance yfinance auto_adjust=True
2590,688171.SH,纬德信息,A,-0.7891961070125686,2025-07-31,25.964914321899414,2026-07-31,25.760000228881836,Yahoo Finance yfinance auto_adjust=True
2591,000589.SZ,贵州轮胎,A,-0.8031171309717977,2025-07-31,4.4053802490234375,2026-07-31,4.369999885559082,Yahoo Finance yfinance auto_adjust=True
2592,02259.HK,紫金黄金国际,HK,-0.8241930764350425,2025-09-30,119.18228912353516,2026-07-31,118.19999694824219,Yahoo Finance chart adjclose
2593,600759.SH,洲际油气,A,-0.8368292245700459,2025-07-31,2.390000104904175,2026-07-31,2.369999885559082,Yahoo Finance yfinance auto_adjust=True
2594,000026.SZ,飞亚达,A,-0.842205157141851,2025-07-31,16.50904083251953,2026-07-31,16.3700008392334,Yahoo Finance yfinance auto_adjust=True
2595,000042.SZ,中洲控股,A,-0.8546971722914631,2025-07-31,8.1899995803833,2026-07-31,8.119999885559082,Yahoo Finance yfinance auto_adjust=True
2596,688038.SH,中科通达,A,-0.8583653846266248,2025-07-31,16.309999465942383,2026-07-31,16.170000076293945,Yahoo Finance yfinance auto_adjust=True
2597,600874.SH,创业环保,A,-0.8665194245994989,2025-07-31,5.648949146270752,2026-07-31,5.599999904632568,Yahoo Finance yfinance auto_adjust=True
2598,02991.HK,CMON,HK,-0.8802766797323947,2026-07-24,5.679999828338623,2026-07-31,5.630000114440918,Yahoo Finance chart adjclose
2599,02191.HK,顺丰房托,HK,-0.9121928046174954,2025-08-01,2.694579839706421,2026-07-31,2.6700000762939453,Yahoo Finance chart adjclose
2600,601018.SH,宁波港,A,-0.9129528598239456,2025-07-31,3.512063503265381,2026-07-31,3.4800000190734863,Yahoo Finance yfinance auto_adjust=True
2601,002354.SZ,天娱数科,A,-0.91324111433575,2025-07-31,6.570000171661377,2026-07-31,6.510000228881836,Yahoo Finance yfinance auto_adjust=True
2602,600785.SH,新华百货,A,-0.9394105585322277,2025-07-31,8.449374198913574,2026-07-31,8.369999885559082,Yahoo Finance yfinance auto_adjust=True
2603,603939.SH,益丰药房,A,-0.9479009790369308,2025-07-31,22.947519302368164,2026-07-31,22.729999542236328,Yahoo Finance yfinance auto_adjust=True
2604,600987.SH,航民股份,A,-0.9601816070997193,2025-07-31,6.75485897064209,2026-07-31,6.690000057220459,Yahoo Finance yfinance auto_adjust=True
2605,301085.SZ,亚康股份,A,-0.9610572179320487,2025-07-31,60.349998474121094,2026-07-31,59.77000045776367,Yahoo Finance yfinance auto_adjust=True
2606,08347.HK,F8企业,HK,-0.9615403903129871,2025-08-01,0.10400000214576721,2026-07-31,0.10300000011920929,Yahoo Finance chart adjclose
2607,600623.SH,华谊集团,A,-0.9627060570480794,2025-07-31,8.3100004196167,2026-07-31,8.229999542236328,Yahoo Finance yfinance auto_adjust=True
2608,300358.SZ,楚天科技,A,-0.9864063610676044,2025-07-31,8.513982772827148,2026-07-31,8.430000305175781,Yahoo Finance yfinance auto_adjust=True
2609,688691.SH,灿芯股份,A,-0.9917330150761905,2025-07-31,60.5,2026-07-31,59.900001525878906,Yahoo Finance yfinance auto_adjust=True
2610,300640.SZ,德艺文创,A,-1.0057918180228165,2025-07-31,6.374110221862793,2026-07-31,6.309999942779541,Yahoo Finance yfinance auto_adjust=True
2611,601096.SH,宏盛华源,A,-1.0086811707409993,2025-07-31,4.384222984313965,2026-07-31,4.340000152587891,Yahoo Finance yfinance auto_adjust=True
2612,603198.SH,迎驾贡酒,A,-1.0123140836442168,2025-07-31,39.26750946044922,2026-07-31,38.869998931884766,Yahoo Finance yfinance auto_adjust=True
2613,002635.SZ,安洁科技,A,-1.0319877905308084,2025-07-31,13.367955207824707,2026-07-31,13.229999542236328,Yahoo Finance yfinance auto_adjust=True
2614,000887.SZ,中鼎股份,A,-1.032963887190308,2025-07-31,17.43004608154297,2026-07-31,17.25,Yahoo Finance yfinance auto_adjust=True
2615,600688.SH,上海石化,A,-1.0452952120563075,2025-07-31,2.869999885559082,2026-07-31,2.8399999141693115,Yahoo Finance yfinance auto_adjust=True
2616,301382.SZ,蜂助手,A,-1.0623003419852006,2025-07-31,33.85969161987305,2026-07-31,33.5,Yahoo Finance yfinance auto_adjust=True
2617,688277.SH,天智航,A,-1.0722270545789114,2025-07-31,17.719999313354492,2026-07-31,17.530000686645508,Yahoo Finance yfinance auto_adjust=True
2618,600511.SH,国药股份,A,-1.072356493292792,2025-07-31,28.606765747070312,2026-07-31,28.299999237060547,Yahoo Finance yfinance auto_adjust=True
2619,301172.SZ,君逸数码,A,-1.0884976401862922,2025-07-31,21.1299991607666,2026-07-31,20.899999618530273,Yahoo Finance yfinance auto_adjust=True
2620,600519.SH,贵州茅台,A,-1.0947934512632762,2025-07-31,1365.5499267578125,2026-07-31,1350.5999755859375,Yahoo Finance yfinance auto_adjust=True
2621,002901.SZ,大博医疗,A,-1.10980776413101,2025-07-31,43.684818267822266,2026-07-31,43.20000076293945,Yahoo Finance yfinance auto_adjust=True
2622,688004.SH,博汇科技,A,-1.1187617531948302,2025-07-31,23.239999771118164,2026-07-31,22.979999542236328,Yahoo Finance yfinance auto_adjust=True
2623,06886.HK,华泰证券,HK,-1.119393943657454,2025-08-01,17.081205368041992,2026-07-31,16.889999389648438,Yahoo Finance chart adjclose
2624,688757.SH,胜科纳米,A,-1.1533272737020428,2025-07-31,27.820865631103516,2026-07-31,27.5,Yahoo Finance yfinance auto_adjust=True
2625,002506.SZ,协鑫集成,A,-1.167314092180416,2025-07-31,2.569999933242798,2026-07-31,2.5399999618530273,Yahoo Finance yfinance auto_adjust=True
2626,000669.SZ,ST金鸿,A,-1.1834378377890364,2025-07-31,3.380000114440918,2026-07-31,3.3399999141693115,Yahoo Finance yfinance auto_adjust=True
2627,002634.SZ,棒杰股份,A,-1.1848274024543137,2025-07-31,4.21999979019165,2026-07-31,4.170000076293945,Yahoo Finance yfinance auto_adjust=True
2628,000538.SZ,云南白药,A,-1.1909201589909157,2025-07-31,53.497108459472656,2026-07-31,52.86000061035156,Yahoo Finance yfinance auto_adjust=True
2629,601163.SH,三角轮胎,A,-1.2013835383887006,2025-07-31,13.42124080657959,2026-07-31,13.260000228881836,Yahoo Finance yfinance auto_adjust=True
2630,02798.HK,久泰邦达能源,HK,-1.2048181523292234,2025-08-01,0.8299999833106995,2026-07-31,0.8199999928474426,Yahoo Finance chart adjclose
2631,600032.SH,浙江新能,A,-1.2187818034489983,2025-07-31,7.430562496185303,2026-07-31,7.340000152587891,Yahoo Finance yfinance auto_adjust=True
2632,000993.SZ,闽东电力,A,-1.2408286143960612,2025-07-31,10.206646919250488,2026-07-31,10.079999923706055,Yahoo Finance yfinance auto_adjust=True
2633,02682.HK,润利海事,HK,-1.253571129815223,2025-08-01,0.12861225008964539,2026-07-31,0.12700000405311584,Yahoo Finance chart adjclose
2634,601628.SH,中国人寿,A,-1.2543544641526183,2025-07-31,40.02201843261719,2026-07-31,39.52000045776367,Yahoo Finance yfinance auto_adjust=True
2635,603559.SH,ST通脉,A,-1.2790768078171144,2025-07-31,8.600000381469727,2026-07-31,8.489999771118164,Yahoo Finance yfinance auto_adjust=True
2636,02245.HK,力勤资源,HK,-1.2807905872796121,2025-08-01,13.411776542663574,2026-07-31,13.239999771118164,Yahoo Finance chart adjclose
2637,002451.SZ,摩恩电气,A,-1.2889545424024762,2025-07-31,7.101535797119141,2026-07-31,7.010000228881836,Yahoo Finance yfinance auto_adjust=True
2638,605128.SH,上海沿浦,A,-1.2891907597776808,2025-07-31,23.300386428833008,2026-07-31,23.0,Yahoo Finance yfinance auto_adjust=True
2639,300831.SZ,派瑞股份,A,-1.2951505115837536,2025-07-31,14.963804244995117,2026-07-31,14.770000457763672,Yahoo Finance yfinance auto_adjust=True
2640,300242.SZ,佳云科技,A,-1.3100424405900424,2025-07-31,4.579999923706055,2026-07-31,4.519999980926514,Yahoo Finance yfinance auto_adjust=True
2641,600115.SH,中国东航,A,-1.319259968853348,2025-07-31,3.7899999618530273,2026-07-31,3.740000009536743,Yahoo Finance yfinance auto_adjust=True
2642,01980.HK,天鸽互动,HK,-1.333909727483673,2025-08-01,0.6587876081466675,2026-07-31,0.6499999761581421,Yahoo Finance chart adjclose
2643,600517.SH,国网英大,A,-1.3365867455155445,2025-07-31,5.179224967956543,2026-07-31,5.110000133514404,Yahoo Finance yfinance auto_adjust=True
2644,603808.SH,歌力思,A,-1.341398513874914,2025-07-31,7.946595668792725,2026-07-31,7.840000152587891,Yahoo Finance yfinance auto_adjust=True
2645,301213.SZ,观想科技,A,-1.3428842631737825,2025-07-31,42.977134704589844,2026-07-31,42.400001525878906,Yahoo Finance yfinance auto_adjust=True
2646,600513.SH,联环药业,A,-1.3506042537140939,2025-07-31,17.557126998901367,2026-07-31,17.31999969482422,Yahoo Finance yfinance auto_adjust=True
2647,300573.SZ,兴齐眼药,A,-1.355980488181674,2025-07-31,43.06393814086914,2026-07-31,42.47999954223633,Yahoo Finance yfinance auto_adjust=True
2648,600054.SH,黄山旅游,A,-1.3691718900730177,2025-07-31,11.456864356994629,2026-07-31,11.300000190734863,Yahoo Finance yfinance auto_adjust=True
2649,000089.SZ,深圳机场,A,-1.47333519916375,2025-07-31,6.871236324310303,2026-07-31,6.769999980926514,Yahoo Finance yfinance auto_adjust=True
2650,688122.SH,西部超导,A,-1.4789925932768178,2025-07-31,53.52157974243164,2026-07-31,52.72999954223633,Yahoo Finance yfinance auto_adjust=True
2651,688512.SH,慧智微,A,-1.479548126025776,2025-07-31,11.489999771118164,2026-07-31,11.319999694824219,Yahoo Finance yfinance auto_adjust=True
2652,600398.SH,海澜之家,A,-1.5159411984470461,2025-07-31,6.396974563598633,2026-07-31,6.300000190734863,Yahoo Finance yfinance auto_adjust=True
2653,603515.SH,欧普照明,A,-1.5207328047500468,2025-07-31,17.628076553344727,2026-07-31,17.360000610351562,Yahoo Finance yfinance auto_adjust=True
2654,601336.SH,新华保险,A,-1.5355595851920145,2025-07-31,64.12467193603516,2026-07-31,63.13999938964844,Yahoo Finance yfinance auto_adjust=True
2655,02182.HK,天长集团,HK,-1.5384601277006582,2025-08-01,0.32499998807907104,2026-07-31,0.3199999928474426,Yahoo Finance chart adjclose
2656,01526.HK,瑞慈医疗,HK,-1.5505650470372112,2025-08-01,1.0462223291397095,2026-07-31,1.0299999713897705,Yahoo Finance chart adjclose
2657,603053.SH,成都燃气,A,-1.57360774790406,2025-07-31,9.072770118713379,2026-07-31,8.930000305175781,Yahoo Finance yfinance auto_adjust=True
2658,06066.HK,中信建投证券,HK,-1.591343828896974,2025-08-01,11.970491409301758,2026-07-31,11.779999732971191,Yahoo Finance chart adjclose
2659,600928.SH,西安银行,A,-1.5994763767021913,2025-07-31,3.7296550273895264,2026-07-31,3.6700000762939453,Yahoo Finance yfinance auto_adjust=True
2660,603661.SH,恒林股份,A,-1.6176125151501797,2025-07-31,28.460378646850586,2026-07-31,28.0,Yahoo Finance yfinance auto_adjust=True
2661,603010.SH,万盛股份,A,-1.6236572750502165,2025-07-31,10.043065071105957,2026-07-31,9.880000114440918,Yahoo Finance yfinance auto_adjust=True
2662,601328.SH,XD交通银,A,-1.6274485503335545,2025-07-31,7.298783779144287,2026-07-31,7.179999828338623,Yahoo Finance yfinance auto_adjust=True
2663,02380.HK,中国电力,HK,-1.634508303138671,2025-08-01,2.8871912956237793,2026-07-31,2.8399999141693115,Yahoo Finance chart adjclose
2664,08067.HK,东方大学城控股,HK,-1.639342660450327,2025-08-01,0.3050000071525574,2026-07-31,0.30000001192092896,Yahoo Finance chart adjclose
2665,688319.SH,欧林生物,A,-1.642338545157651,2025-07-31,21.920000076293945,2026-07-31,21.559999465942383,Yahoo Finance yfinance auto_adjust=True
2666,002444.SZ,巨星科技,A,-1.644935904223821,2025-07-31,30.440731048583984,2026-07-31,29.940000534057617,Yahoo Finance yfinance auto_adjust=True
2667,000422.SZ,湖北宜化,A,-1.6546864341099088,2025-07-31,13.350915908813477,2026-07-31,13.130000114440918,Yahoo Finance yfinance auto_adjust=True
2668,600881.SH,亚泰集团,A,-1.675976091011433,2025-07-31,1.7899999618530273,2026-07-31,1.7599999904632568,Yahoo Finance yfinance auto_adjust=True
2669,02080.HK,奥克斯国际,HK,-1.6949137131806236,2025-08-01,0.29499998688697815,2026-07-31,0.28999999165534973,Yahoo Finance chart adjclose
2670,688612.SH,威迈斯,A,-1.7089632893785622,2025-07-31,30.379169464111328,2026-07-31,29.860000610351562,Yahoo Finance yfinance auto_adjust=True
2671,002279.SZ,久其软件,A,-1.7094000838336787,2025-07-31,7.019999980926514,2026-07-31,6.900000095367432,Yahoo Finance yfinance auto_adjust=True
2672,002264.SZ,新 华 都,A,-1.7108369393209477,2025-07-31,6.653836250305176,2026-07-31,6.539999961853027,Yahoo Finance yfinance auto_adjust=True
2673,002418.SZ,康盛股份,A,-1.71919606348383,2025-07-31,3.490000009536743,2026-07-31,3.430000066757202,Yahoo Finance yfinance auto_adjust=True
2674,600429.SH,三元股份,A,-1.7241363363798556,2025-07-31,4.639999866485596,2026-07-31,4.559999942779541,Yahoo Finance yfinance auto_adjust=True
2675,601318.SH,中国平安,A,-1.7314316784268868,2025-07-31,55.867305755615234,2026-07-31,54.900001525878906,Yahoo Finance yfinance auto_adjust=True
2676,603779.SH,威龙股份,A,-1.7426288709940674,2025-07-31,7.460000038146973,2026-07-31,7.329999923706055,Yahoo Finance yfinance auto_adjust=True
2677,601996.SH,丰林集团,A,-1.7621128717675627,2025-07-31,2.2699999809265137,2026-07-31,2.2300000190734863,Yahoo Finance yfinance auto_adjust=True
2678,002811.SZ,郑中设计,A,-1.773425990271027,2025-07-31,10.292530059814453,2026-07-31,10.109999656677246,Yahoo Finance yfinance auto_adjust=True
2679,301047.SZ,义翘神州,A,-1.7789313223201875,2025-07-31,68.72252655029297,2026-07-31,67.5,Yahoo Finance yfinance auto_adjust=True
2680,000017.SZ,深中华A,A,-1.7828222391283455,2025-07-31,6.170000076293945,2026-07-31,6.059999942779541,Yahoo Finance yfinance auto_adjust=True
2681,600717.SH,天津港,A,-1.788288593523557,2025-07-31,4.5106635093688965,2026-07-31,4.429999828338623,Yahoo Finance yfinance auto_adjust=True
2682,688281.SH,华秦科技,A,-1.811064501310733,2025-07-31,49.11958694458008,2026-07-31,48.22999954223633,Yahoo Finance yfinance auto_adjust=True
2683,600868.SH,梅雁吉祥,A,-1.8115924814873563,2025-07-31,2.759999990463257,2026-07-31,2.7100000381469727,Yahoo Finance yfinance auto_adjust=True
2684,603880.SH,南卫股份,A,-1.8376777724447013,2025-07-31,6.53000020980835,2026-07-31,6.409999847412109,Yahoo Finance yfinance auto_adjust=True
2685,002902.SZ,铭普光磁,A,-1.84049687195732,2025-07-31,21.190000534057617,2026-07-31,20.799999237060547,Yahoo Finance yfinance auto_adjust=True
2686,002531.SZ,天顺风能,A,-1.846152085524344,2025-07-31,6.5,2026-07-31,6.380000114440918,Yahoo Finance yfinance auto_adjust=True
2687,002054.SZ,德美化工,A,-1.8592857801642326,2025-07-31,6.989963531494141,2026-07-31,6.860000133514404,Yahoo Finance yfinance auto_adjust=True
2688,02156.HK,建发物业,HK,-1.8607171809237433,2025-08-01,2.6492958068847656,2026-07-31,2.5999999046325684,Yahoo Finance chart adjclose
2689,603098.SH,森特股份,A,-1.8769099562501945,2025-07-31,10.211664199829102,2026-07-31,10.020000457763672,Yahoo Finance yfinance auto_adjust=True
2690,000823.SZ,超声电子,A,-1.882238260397251,2025-07-31,12.84171199798584,2026-07-31,12.600000381469727,Yahoo Finance yfinance auto_adjust=True
2691,600685.SH,中船防务,A,-1.917550566606363,2025-07-31,27.221996307373047,2026-07-31,26.700000762939453,Yahoo Finance yfinance auto_adjust=True
2692,01421.HK,恒昌集团国际,HK,-1.923075159625831,2025-08-01,0.5199999809265137,2026-07-31,0.5099999904632568,Yahoo Finance chart adjclose
2693,002074.SZ,国轩高科,A,-1.9528633731888623,2025-07-31,29.1186466217041,2026-07-31,28.549999237060547,Yahoo Finance yfinance auto_adjust=True
2694,02340.HK,昇柏控股,HK,-1.9607785847130077,2025-08-01,0.15299999713897705,2026-07-31,0.15000000596046448,Yahoo Finance chart adjclose
2695,301356.SZ,天振股份,A,-1.9626158560709928,2025-07-31,17.523927688598633,2026-07-31,17.18000030517578,Yahoo Finance yfinance auto_adjust=True
2696,603536.SH,惠发食品,A,-1.9650688665309834,2025-07-31,9.15999984741211,2026-07-31,8.979999542236328,Yahoo Finance yfinance auto_adjust=True
2697,002090.SZ,金智科技,A,-1.9662090688520206,2025-07-31,9.700736999511719,2026-07-31,9.510000228881836,Yahoo Finance yfinance auto_adjust=True
2698,601995.SH,中金公司,A,-1.9788904099568017,2025-07-31,36.03305435180664,2026-07-31,35.31999969482422,Yahoo Finance yfinance auto_adjust=True
2699,688338.SH,赛科希德,A,-2.000307025348824,2025-07-31,26.377634048461914,2026-07-31,25.850000381469727,Yahoo Finance yfinance auto_adjust=True
2700,688681.SH,科汇股份,A,-2.03899756009317,2025-07-31,15.557210922241211,2026-07-31,15.239999771118164,Yahoo Finance yfinance auto_adjust=True
2701,600908.SH,无锡银行,A,-2.047090175236943,2025-07-31,5.768077850341797,2026-07-31,5.650000095367432,Yahoo Finance yfinance auto_adjust=True
2702,600703.SH,三安光电,A,-2.0800018310546897,2025-07-31,12.5,2026-07-31,12.239999771118164,Yahoo Finance yfinance auto_adjust=True
2703,603408.SH,建霖家居,A,-2.093300477325466,2025-07-31,10.775565147399902,2026-07-31,10.550000190734863,Yahoo Finance yfinance auto_adjust=True
2704,688565.SH,力源科技,A,-2.1170960151515206,2025-07-31,9.971097946166992,2026-07-31,9.760000228881836,Yahoo Finance yfinance auto_adjust=True
2705,601606.SH,长城军工,A,-2.118823120030744,2025-07-31,34.6746940612793,2026-07-31,33.939998626708984,Yahoo Finance yfinance auto_adjust=True
2706,600877.SH,电科芯片,A,-2.1774154225446485,2025-07-31,12.399999618530273,2026-07-31,12.130000114440918,Yahoo Finance yfinance auto_adjust=True
2707,688213.SH,思特威,A,-2.2526635164551445,2025-07-31,94.1509017944336,2026-07-31,92.02999877929688,Yahoo Finance yfinance auto_adjust=True
2708,02331.HK,李宁,HK,-2.255691466677845,2025-08-01,15.49962329864502,2026-07-31,15.149999618530273,Yahoo Finance chart adjclose
2709,002233.SZ,塔牌集团,A,-2.2659240471594955,2025-07-31,7.673884391784668,2026-07-31,7.5,Yahoo Finance yfinance auto_adjust=True
2710,08631.HK,裕丰昌控股,HK,-2.272725117600638,2025-08-01,0.4399999976158142,2026-07-31,0.4300000071525574,Yahoo Finance chart adjclose
2711,603048.SH,浙江黎明,A,-2.282149955667634,2025-07-31,18.246410369873047,2026-07-31,17.829999923706055,Yahoo Finance yfinance auto_adjust=True
2712,01785.HK,成都高速,HK,-2.315424267483923,2025-08-01,1.9757468700408936,2026-07-31,1.9299999475479126,Yahoo Finance chart adjclose
2713,002333.SZ,罗普斯金,A,-2.34897049185796,2025-07-31,5.488933563232422,2026-07-31,5.360000133514404,Yahoo Finance yfinance auto_adjust=True
2714,601229.SH,上海银行,A,-2.371950318977012,2025-07-31,9.679594993591309,2026-07-31,9.449999809265137,Yahoo Finance yfinance auto_adjust=True
2715,01929.HK,周大福,HK,-2.3808859011266392,2025-08-01,12.671698570251465,2026-07-31,12.369999885559082,Yahoo Finance chart adjclose
2716,01260.HK,皓天财经集团,HK,-2.3809501846360326,2025-08-01,0.41999998688697815,2026-07-31,0.4099999964237213,Yahoo Finance chart adjclose
2717,301291.SZ,明阳电气,A,-2.4202707043051497,2025-07-31,39.22945785522461,2026-07-31,38.279998779296875,Yahoo Finance yfinance auto_adjust=True
2718,688053.SH,ST思科瑞,A,-2.4251982921690507,2025-07-31,31.75,2026-07-31,30.979999542236328,Yahoo Finance yfinance auto_adjust=True
2719,688728.SH,格科微,A,-2.4836608477366684,2025-07-31,15.300000190734863,2026-07-31,14.920000076293945,Yahoo Finance yfinance auto_adjust=True
2720,600018.SH,上港集团,A,-2.4837434581136852,2025-07-31,5.424736499786377,2026-07-31,5.289999961853027,Yahoo Finance yfinance auto_adjust=True
2721,300445.SZ,康斯特,A,-2.4879649966829342,2025-07-31,18.613086700439453,2026-07-31,18.149999618530273,Yahoo Finance yfinance auto_adjust=True
2722,600704.SH,物产中大,A,-2.5063442178145823,2025-07-31,5.169567108154297,2026-07-31,5.039999961853027,Yahoo Finance yfinance auto_adjust=True
2723,002690.SZ,美亚光电,A,-2.5161915500898524,2025-07-31,16.23859405517578,2026-07-31,15.829999923706055,Yahoo Finance yfinance auto_adjust=True
2724,002267.SZ,陕天然气,A,-2.5174794166586745,2025-07-31,7.570588111877441,2026-07-31,7.380000114440918,Yahoo Finance yfinance auto_adjust=True
2725,603201.SH,常润股份,A,-2.548926220127823,2025-07-31,15.792540550231934,2026-07-31,15.390000343322754,Yahoo Finance yfinance auto_adjust=True
2726,603856.SH,东宏股份,A,-2.5522307321868,2025-07-31,11.565170288085938,2026-07-31,11.270000457763672,Yahoo Finance yfinance auto_adjust=True
2727,01658.HK,邮储银行,HK,-2.5581306436952,2025-08-01,5.213364601135254,2026-07-31,5.079999923706055,Yahoo Finance chart adjclose
2728,605179.SH,一鸣食品,A,-2.5854317366251656,2025-07-31,19.884090423583984,2026-07-31,19.3700008392334,Yahoo Finance yfinance auto_adjust=True
2729,300688.SZ,创业黑马,A,-2.6029073441925954,2025-07-31,33.040000915527344,2026-07-31,32.18000030517578,Yahoo Finance yfinance auto_adjust=True
2730,02120.HK,康宁医院,HK,-2.6033005193995207,2025-08-01,8.337038040161133,2026-07-31,8.119999885559082,Yahoo Finance chart adjclose
2731,000581.SZ,威孚高科,A,-2.615020604342899,2025-07-31,18.390926361083984,2026-07-31,17.90999984741211,Yahoo Finance yfinance auto_adjust=True
2732,02018.HK,瑞声科技,HK,-2.621763638671626,2025-08-01,39.577632904052734,2026-07-31,38.540000915527344,Yahoo Finance chart adjclose
2733,300388.SZ,节能国祯,A,-2.630434401337056,2025-07-31,7.014512062072754,2026-07-31,6.829999923706055,Yahoo Finance yfinance auto_adjust=True
2734,06031.HK,三一重工,HK,-2.6370646349535787,2025-10-28,21.671491622924805,2026-07-31,21.100000381469727,Yahoo Finance chart adjclose
2735,301203.SZ,国泰环保,A,-2.6493845521748605,2025-07-31,31.627946853637695,2026-07-31,30.790000915527344,Yahoo Finance yfinance auto_adjust=True
2736,08337.HK,直通电讯,HK,-2.654866089657648,2025-08-01,0.11299999803304672,2026-07-31,0.10999999940395355,Yahoo Finance chart adjclose
2737,002890.SZ,弘宇股份,A,-2.666312763836376,2025-07-31,13.376664161682129,2026-07-31,13.020000457763672,Yahoo Finance yfinance auto_adjust=True
2738,01668.HK,华南城,HK,-2.727271495771799,2025-08-01,0.10999999940395355,2026-07-31,0.10700000077486038,Yahoo Finance chart adjclose
2739,603817.SH,海峡环保,A,-2.775141704519435,2025-07-31,5.780414581298828,2026-07-31,5.619999885559082,Yahoo Finance yfinance auto_adjust=True
2740,603956.SH,威派格,A,-2.8023606392459044,2025-07-31,6.78000020980835,2026-07-31,6.590000152587891,Yahoo Finance yfinance auto_adjust=True
2741,002394.SZ,联发股份,A,-2.805549540053065,2025-07-31,9.177478790283203,2026-07-31,8.920000076293945,Yahoo Finance yfinance auto_adjust=True
2742,002945.SZ,华林证券,A,-2.8101520878388464,2025-07-31,15.063302040100098,2026-07-31,14.640000343322754,Yahoo Finance yfinance auto_adjust=True
2743,600547.SH,山东黄金,A,-2.818591226940659,2025-07-31,29.01789665222168,2026-07-31,28.200000762939453,Yahoo Finance yfinance auto_adjust=True
2744,605162.SH,新中港,A,-2.830042413657907,2025-07-31,8.56231689453125,2026-07-31,8.319999694824219,Yahoo Finance yfinance auto_adjust=True
2745,688343.SH,云天励飞,A,-2.835183380090256,2025-07-31,58.54999923706055,2026-07-31,56.88999938964844,Yahoo Finance yfinance auto_adjust=True
2746,603373.SH,安邦护卫,A,-2.846216790523215,2025-07-31,33.07128143310547,2026-07-31,32.130001068115234,Yahoo Finance yfinance auto_adjust=True
2747,300792.SZ,壹网壹创,A,-2.8489324664418447,2025-07-31,25.269922256469727,2026-07-31,24.549999237060547,Yahoo Finance yfinance auto_adjust=True
2748,002728.SZ,特一药业,A,-2.848964555170297,2025-07-31,9.088940620422363,2026-07-31,8.829999923706055,Yahoo Finance yfinance auto_adjust=True
2749,02219.HK,朝聚眼科,HK,-2.8590315171868053,2025-08-01,2.7177000045776367,2026-07-31,2.640000104904175,Yahoo Finance chart adjclose
2750,603032.SH,德新科技,A,-2.8698808358288974,2025-07-31,17.759681701660156,2026-07-31,17.25,Yahoo Finance yfinance auto_adjust=True
2751,600755.SH,厦门国贸,A,-2.889411927953933,2025-07-31,6.075547695159912,2026-07-31,5.900000095367432,Yahoo Finance yfinance auto_adjust=True
2752,08527.HK,聚利宝控股,HK,-2.9239824685663884,2025-08-01,0.17100000381469727,2026-07-31,0.16599999368190765,Yahoo Finance chart adjclose
2753,300571.SZ,平治信息,A,-2.9533195043994653,2025-07-31,31.489999771118164,2026-07-31,30.559999465942383,Yahoo Finance yfinance auto_adjust=True
2754,600651.SH,飞乐音响,A,-2.9824492130764435,2025-07-31,5.699999809265137,2026-07-31,5.53000020980835,Yahoo Finance yfinance auto_adjust=True
2755,603966.SH,法兰泰克,A,-2.991754162846416,2025-07-31,8.06117057800293,2026-07-31,7.820000171661377,Yahoo Finance yfinance auto_adjust=True
2756,600100.SH,同方股份,A,-3.0223819052911383,2025-07-31,7.3315887451171875,2026-07-31,7.110000133514404,Yahoo Finance yfinance auto_adjust=True
2757,01062.HK,国开国际投资,HK,-3.0303016619686596,2025-08-01,0.0989999994635582,2026-07-31,0.09600000083446503,Yahoo Finance chart adjclose
2758,01099.HK,国药控股,HK,-3.0537335822920175,2025-08-01,17.92745590209961,2026-07-31,17.3799991607666,Yahoo Finance chart adjclose
2759,688506.SH,百利天恒,A,-3.05790308494599,2025-07-31,307.3999938964844,2026-07-31,298.0,Yahoo Finance yfinance auto_adjust=True
2760,301458.SZ,钧崴电子,A,-3.0593168386043534,2025-07-31,34.42311096191406,2026-07-31,33.369998931884766,Yahoo Finance yfinance auto_adjust=True
2761,301137.SZ,哈焊华通,A,-3.0752833319206085,2025-07-31,32.4478645324707,2026-07-31,31.450000762939453,Yahoo Finance yfinance auto_adjust=True
2762,300020.SZ,ST银江,A,-3.092786609233189,2025-07-31,3.880000114440918,2026-07-31,3.759999990463257,Yahoo Finance yfinance auto_adjust=True
2763,002397.SZ,梦洁股份,A,-3.0985886358689374,2025-07-31,3.549999952316284,2026-07-31,3.440000057220459,Yahoo Finance yfinance auto_adjust=True
2764,600057.SH,厦门象屿,A,-3.10061230205283,2025-07-31,6.914388179779053,2026-07-31,6.699999809265137,Yahoo Finance yfinance auto_adjust=True
2765,600449.SH,宁夏建材,A,-3.1194543757343984,2025-07-31,13.5011625289917,2026-07-31,13.079999923706055,Yahoo Finance yfinance auto_adjust=True
2766,08456.HK,民信国际控股,HK,-3.1249970896168877,2025-08-01,0.3199999928474426,2026-07-31,0.3100000023841858,Yahoo Finance chart adjclose
2767,08037.HK,中国生物科技服务,HK,-3.1249970896168877,2025-08-01,0.6399999856948853,2026-07-31,0.6200000047683716,Yahoo Finance chart adjclose
2768,02481.HK,慧居科技,HK,-3.1361311876924147,2025-08-01,2.653208017349243,2026-07-31,2.569999933242798,Yahoo Finance chart adjclose
2769,01970.HK,IMAX CHINA,HK,-3.1468473949907816,2025-08-01,8.579999923706055,2026-07-31,8.3100004196167,Yahoo Finance chart adjclose
2770,600639.SH,浦东金桥,A,-3.1479651174669,2025-07-31,10.035927772521973,2026-07-31,9.720000267028809,Yahoo Finance yfinance auto_adjust=True
2771,01760.HK,英恒科技,HK,-3.159528283830104,2025-08-01,1.4250240325927734,2026-07-31,1.3799999952316284,Yahoo Finance chart adjclose
2772,002301.SZ,齐心集团,A,-3.163533121866602,2025-07-31,6.836267471313477,2026-07-31,6.619999885559082,Yahoo Finance yfinance auto_adjust=True
2773,603327.SH,福蓉科技,A,-3.1887597260242373,2025-07-31,9.348088264465332,2026-07-31,9.050000190734863,Yahoo Finance yfinance auto_adjust=True
2774,300050.SZ,世纪鼎利,A,-3.1914863936120086,2025-07-31,5.639999866485596,2026-07-31,5.460000038146973,Yahoo Finance yfinance auto_adjust=True
2775,002650.SZ,ST加加,A,-3.1999969482421897,2025-07-31,6.25,2026-07-31,6.050000190734863,Yahoo Finance yfinance auto_adjust=True
2776,600572.SH,康恩贝,A,-3.201321244683275,2025-07-31,4.483532428741455,2026-07-31,4.340000152587891,Yahoo Finance yfinance auto_adjust=True
2777,000631.SZ,顺发恒能,A,-3.2083029559424103,2025-07-31,3.0167877674102783,2026-07-31,2.9200000762939453,Yahoo Finance yfinance auto_adjust=True
2778,688056.SH,莱伯泰科,A,-3.2102910437831866,2025-07-31,35.551300048828125,2026-07-31,34.40999984741211,Yahoo Finance yfinance auto_adjust=True
2779,02569.HK,舒宝国际,HK,-3.2258033504347416,2025-08-01,1.2400000095367432,2026-07-31,1.2000000476837158,Yahoo Finance chart adjclose
2780,002818.SZ,富森美,A,-3.256576710084025,2025-07-31,11.287589073181152,2026-07-31,10.920000076293945,Yahoo Finance yfinance auto_adjust=True
2781,688678.SH,福立旺,A,-3.2863444644994133,2025-07-31,15.726838111877441,2026-07-31,15.210000038146973,Yahoo Finance yfinance auto_adjust=True
2782,02869.HK,绿城服务,HK,-3.289347423649469,2025-08-01,4.477272987365723,2026-07-31,4.329999923706055,Yahoo Finance chart adjclose
2783,688600.SH,皖仪科技,A,-3.3048657281905203,2025-07-31,23.351743698120117,2026-07-31,22.579999923706055,Yahoo Finance yfinance auto_adjust=True
2784,08362.HK,运兴泰集团,HK,-3.3333339542150675,2025-08-01,0.05999999865889549,2026-07-31,0.057999998331069946,Yahoo Finance chart adjclose
2785,600654.SH,中安科,A,-3.3444784051375964,2025-07-31,2.990000009536743,2026-07-31,2.890000104904175,Yahoo Finance yfinance auto_adjust=True
2786,002327.SZ,富安娜,A,-3.3648804642938845,2025-07-31,6.819467067718506,2026-07-31,6.590000152587891,Yahoo Finance yfinance auto_adjust=True
2787,600320.SH,振华重工,A,-3.370596409630433,2025-07-31,4.481037616729736,2026-07-31,4.329999923706055,Yahoo Finance yfinance auto_adjust=True
2788,603888.SH,新华网,A,-3.3721888676825906,2025-07-31,17.20001792907715,2026-07-31,16.6200008392334,Yahoo Finance yfinance auto_adjust=True
2789,600392.SH,盛和资源,A,-3.383193612913049,2025-07-31,21.42484474182129,2026-07-31,20.700000762939453,Yahoo Finance yfinance auto_adjust=True
2790,002601.SZ,龙佰集团,A,-3.3843785055187703,2025-07-31,16.953779220581055,2026-07-31,16.3799991607666,Yahoo Finance yfinance auto_adjust=True
2791,01909.HK,火岩控股,HK,-3.389827312208993,2025-08-01,1.7699999809265137,2026-07-31,1.7100000381469727,Yahoo Finance chart adjclose
2792,688251.SH,井松智能,A,-3.3949436019933166,2025-07-31,19.998952865600586,2026-07-31,19.31999969482422,Yahoo Finance yfinance auto_adjust=True
2793,01880.HK,中国中免,HK,-3.4052611201122795,2025-08-01,55.48956298828125,2026-07-31,53.599998474121094,Yahoo Finance chart adjclose
2794,600300.SH,维维股份,A,-3.4328190127604796,2025-07-31,3.3344662189483643,2026-07-31,3.2200000286102295,Yahoo Finance yfinance auto_adjust=True
2795,601377.SH,兴业证券,A,-3.476979688846027,2025-07-31,6.257574558258057,2026-07-31,6.039999961853027,Yahoo Finance yfinance auto_adjust=True
2796,300103.SZ,达刚控股,A,-3.5139059121385263,2025-07-31,6.829999923706055,2026-07-31,6.590000152587891,Yahoo Finance yfinance auto_adjust=True
2797,002939.SZ,长城证券,A,-3.549918073030811,2025-07-31,8.62622356414795,2026-07-31,8.319999694824219,Yahoo Finance yfinance auto_adjust=True
2798,600916.SH,中国黄金,A,-3.556736483916434,2025-07-31,7.994337558746338,2026-07-31,7.710000038146973,Yahoo Finance yfinance auto_adjust=True
2799,600257.SH,大湖股份,A,-3.5580534043314627,2025-07-31,5.340000152587891,2026-07-31,5.150000095367432,Yahoo Finance yfinance auto_adjust=True
2800,000885.SZ,城发环境,A,-3.56254125853529,2025-07-31,13.418022155761719,2026-07-31,12.9399995803833,Yahoo Finance yfinance auto_adjust=True
2801,601216.SH,君正集团,A,-3.569972423757417,2025-07-31,4.915481090545654,2026-07-31,4.739999771118164,Yahoo Finance yfinance auto_adjust=True
2802,08313.HK,杰地集团,HK,-3.571429046593133,2025-08-01,0.02800000086426735,2026-07-31,0.027000000700354576,Yahoo Finance chart adjclose
2803,01314.HK,翠华控股,HK,-3.589743354616781,2025-08-01,0.19499999284744263,2026-07-31,0.18799999356269836,Yahoo Finance chart adjclose
2804,688455.SH,科捷智能,A,-3.5986125325478513,2025-07-31,14.449999809265137,2026-07-31,13.930000305175781,Yahoo Finance yfinance auto_adjust=True
2805,301469.SZ,恒达新材,A,-3.6111799692441826,2025-07-31,26.953332901000977,2026-07-31,25.979999542236328,Yahoo Finance yfinance auto_adjust=True
2806,601228.SH,广州港,A,-3.614467178982561,2025-07-31,3.2266252040863037,2026-07-31,3.109999895095825,Yahoo Finance yfinance auto_adjust=True
2807,688065.SH,凯赛生物,A,-3.61654093910867,2025-07-31,47.21764373779297,2026-07-31,45.5099983215332,Yahoo Finance yfinance auto_adjust=True
2808,06127.HK,昭衍新药,HK,-3.63480510853601,2025-08-01,23.01660919189453,2026-07-31,22.18000030517578,Yahoo Finance chart adjclose
2809,001378.SZ,德冠新材,A,-3.6356501059525814,2025-07-31,17.122514724731445,2026-07-31,16.5,Yahoo Finance yfinance auto_adjust=True
2810,301110.SZ,青木科技,A,-3.6461623345047767,2025-07-31,37.98499298095703,2026-07-31,36.599998474121094,Yahoo Finance yfinance auto_adjust=True
2811,603232.SH,格尔软件,A,-3.6668747482453967,2025-07-31,16.09000015258789,2026-07-31,15.5,Yahoo Finance yfinance auto_adjust=True
2812,002507.SZ,涪陵榨菜,A,-3.6770659673697748,2025-07-31,12.65534496307373,2026-07-31,12.1899995803833,Yahoo Finance yfinance auto_adjust=True
2813,688807.SH,C优迅,A,-3.6840076372288477,2025-12-19,230.49131774902344,2026-07-31,222.0,Yahoo Finance yfinance auto_adjust=True
2814,000828.SZ,东莞控股,A,-3.6841403677000173,2025-07-31,10.538243293762207,2026-07-31,10.149999618530273,Yahoo Finance yfinance auto_adjust=True
2815,01525.HK,建桥教育,HK,-3.6857131381917707,2025-08-01,2.689112901687622,2026-07-31,2.5899999141693115,Yahoo Finance chart adjclose
2816,301326.SZ,捷邦科技,A,-3.699189687734139,2025-07-31,81.91000366210938,2026-07-31,78.87999725341797,Yahoo Finance yfinance auto_adjust=True
2817,600067.SH,冠城新材,A,-3.72889946545627,2025-07-31,2.7838053703308105,2026-07-31,2.680000066757202,Yahoo Finance yfinance auto_adjust=True
2818,301059.SZ,金三江,A,-3.734655993546332,2025-07-31,11.613733291625977,2026-07-31,11.180000305175781,Yahoo Finance yfinance auto_adjust=True
2819,600389.SH,江山股份,A,-3.7435079648311054,2025-07-31,21.962154388427734,2026-07-31,21.139999389648438,Yahoo Finance yfinance auto_adjust=True
2820,300263.SZ,隆华科技,A,-3.7593295685973582,2025-07-31,8.790462493896484,2026-07-31,8.460000038146973,Yahoo Finance yfinance auto_adjust=True
2821,600725.SH,云维股份,A,-3.7617593048641096,2025-07-31,3.190000057220459,2026-07-31,3.069999933242798,Yahoo Finance yfinance auto_adjust=True
2822,01820.HK,济丰包装,HK,-3.7665601945025773,2025-08-01,3.117419481277466,2026-07-31,3.0,Yahoo Finance chart adjclose
2823,002935.SZ,天奥电子,A,-3.8093811953489043,2025-07-31,15.864333152770996,2026-07-31,15.260000228881836,Yahoo Finance yfinance auto_adjust=True
2824,688385.SH,复旦微电,A,-3.829555040818866,2025-07-31,50.5872688293457,2026-07-31,48.650001525878906,Yahoo Finance yfinance auto_adjust=True
2825,08098.HK,昌利控股,HK,-3.846154397232282,2025-08-01,0.052000001072883606,2026-07-31,0.05000000074505806,Yahoo Finance chart adjclose
2826,300326.SZ,ST凯利,A,-3.857887658871084,2025-07-31,5.970328330993652,2026-07-31,5.739999771118164,Yahoo Finance yfinance auto_adjust=True
2827,01084.HK,绿新生物科技,HK,-3.858946240426564,2025-08-01,0.7072941064834595,2026-07-31,0.6800000071525574,Yahoo Finance chart adjclose
2828,300052.SZ,ST中青宝,A,-3.891046973934731,2025-07-31,10.279999732971191,2026-07-31,9.880000114440918,Yahoo Finance yfinance auto_adjust=True
2829,301097.SZ,天益医疗,A,-3.895862737120559,2025-07-31,31.944515228271484,2026-07-31,30.700000762939453,Yahoo Finance yfinance auto_adjust=True
2830,300211.SZ,*ST亿通,A,-3.8961037173826707,2025-07-31,6.929999828338623,2026-07-31,6.659999847412109,Yahoo Finance yfinance auto_adjust=True
2831,300222.SZ,科大智能,A,-3.919019868877438,2025-07-31,10.293400764465332,2026-07-31,9.890000343322754,Yahoo Finance yfinance auto_adjust=True
2832,000927.SZ,中国铁物,A,-3.924851264871243,2025-07-31,2.6229467391967773,2026-07-31,2.5199999809265137,Yahoo Finance yfinance auto_adjust=True
2833,300935.SZ,盈建科,A,-3.949863316339608,2025-07-31,26.329999923706055,2026-07-31,25.290000915527344,Yahoo Finance yfinance auto_adjust=True
2834,002654.SZ,万润科技,A,-3.953045781885167,2025-07-31,11.588082313537598,2026-07-31,11.130000114440918,Yahoo Finance yfinance auto_adjust=True
2835,300393.SZ,中来股份,A,-3.953875472290691,2025-07-31,6.070000171661377,2026-07-31,5.829999923706055,Yahoo Finance yfinance auto_adjust=True
2836,01039.HK,畅由国际集团,HK,-4.000000596046438,2025-08-01,0.05000000074505806,2026-07-31,0.04800000041723251,Yahoo Finance chart adjclose
2837,001336.SZ,楚环科技,A,-4.0056111848576155,2025-07-31,17.084331512451172,2026-07-31,16.399999618530273,Yahoo Finance yfinance auto_adjust=True
2838,603212.SH,赛伍技术,A,-4.017855508290968,2025-07-31,11.199999809265137,2026-07-31,10.75,Yahoo Finance yfinance auto_adjust=True
2839,301283.SZ,聚胶股份,A,-4.051846610000176,2025-07-31,25.899404525756836,2026-07-31,24.850000381469727,Yahoo Finance yfinance auto_adjust=True
2840,603082.SH,北自科技,A,-4.057092124342665,2025-07-31,38.06430435180664,2026-07-31,36.52000045776367,Yahoo Finance yfinance auto_adjust=True
2841,603377.SH,ST东时,A,-4.067800747050255,2025-07-31,2.950000047683716,2026-07-31,2.8299999237060547,Yahoo Finance yfinance auto_adjust=True
2842,300585.SZ,奥联电子,A,-4.073315997566674,2025-07-31,14.729999542236328,2026-07-31,14.130000114440918,Yahoo Finance yfinance auto_adjust=True
2843,000554.SZ,泰山石油,A,-4.083981061435349,2025-07-31,6.6516523361206055,2026-07-31,6.380000114440918,Yahoo Finance yfinance auto_adjust=True
2844,002686.SZ,亿利达,A,-4.115513978156605,2025-07-31,6.455684661865234,2026-07-31,6.190000057220459,Yahoo Finance yfinance auto_adjust=True
2845,603577.SH,汇金通,A,-4.1264731452047005,2025-07-31,9.35607624053955,2026-07-31,8.970000267028809,Yahoo Finance yfinance auto_adjust=True
2846,603466.SH,风语筑,A,-4.14313400088372,2025-07-31,10.651297569274902,2026-07-31,10.210000038146973,Yahoo Finance yfinance auto_adjust=True
2847,605208.SH,永茂泰,A,-4.148307339455847,2025-07-31,12.477609634399414,2026-07-31,11.960000038146973,Yahoo Finance yfinance auto_adjust=True
2848,02386.HK,中石化炼化工程,HK,-4.151882804296136,2025-08-01,5.65477991104126,2026-07-31,5.420000076293945,Yahoo Finance chart adjclose
2849,08379.HK,盈证国际,HK,-4.16666278615585,2025-08-01,0.11999999731779099,2026-07-31,0.11500000208616257,Yahoo Finance chart adjclose
2850,01094.HK,承辉国际,HK,-4.16666278615585,2025-08-01,0.47999998927116394,2026-07-31,0.46000000834465027,Yahoo Finance chart adjclose
2851,01995.HK,永升服务,HK,-4.176435497791542,2025-08-01,1.8784523010253906,2026-07-31,1.7999999523162842,Yahoo Finance chart adjclose
2852,688135.SH,利扬芯片,A,-4.195166728186561,2025-07-31,21.93000030517578,2026-07-31,21.010000228881836,Yahoo Finance yfinance auto_adjust=True
2853,000957.SZ,中通客车,A,-4.1959571181358735,2025-07-31,10.824177742004395,2026-07-31,10.369999885559082,Yahoo Finance yfinance auto_adjust=True
2854,300215.SZ,电科院,A,-4.196276495450313,2025-07-31,6.388060569763184,2026-07-31,6.119999885559082,Yahoo Finance yfinance auto_adjust=True
2855,301117.SZ,佳缘科技,A,-4.216663176748381,2025-07-31,17.14285659790039,2026-07-31,16.420000076293945,Yahoo Finance yfinance auto_adjust=True
2856,300689.SZ,澄天伟业,A,-4.226456752495055,2025-07-31,44.908016204833984,2026-07-31,43.0099983215332,Yahoo Finance yfinance auto_adjust=True
2857,603190.SH,亚通精工,A,-4.244903703462,2025-07-31,16.249788284301758,2026-07-31,15.5600004196167,Yahoo Finance yfinance auto_adjust=True
2858,600470.SH,六国化工,A,-4.247791927509947,2025-07-31,5.650000095367432,2026-07-31,5.409999847412109,Yahoo Finance yfinance auto_adjust=True
2859,002548.SZ,金新农,A,-4.250001907348633,2025-07-31,4.0,2026-07-31,3.8299999237060547,Yahoo Finance yfinance auto_adjust=True
2860,600230.SH,沧州大化,A,-4.266224777618799,2025-07-31,14.404529571533203,2026-07-31,13.789999961853027,Yahoo Finance yfinance auto_adjust=True
2861,000159.SZ,国际实业,A,-4.290927944645206,2025-07-31,5.5898566246032715,2026-07-31,5.349999904632568,Yahoo Finance yfinance auto_adjust=True
2862,000090.SZ,天健集团,A,-4.291963393029718,2025-07-31,3.510676860809326,2026-07-31,3.359999895095825,Yahoo Finance yfinance auto_adjust=True
2863,601816.SH,京沪高铁,A,-4.2968345177186285,2025-07-31,5.360324382781982,2026-07-31,5.130000114440918,Yahoo Finance yfinance auto_adjust=True
2864,601002.SH,晋亿实业,A,-4.360105236024259,2025-07-31,5.08156156539917,2026-07-31,4.860000133514404,Yahoo Finance yfinance auto_adjust=True
2865,01339.HK,中国人民保险集团,HK,-4.3854539333025855,2025-08-01,5.710428237915039,2026-07-31,5.460000038146973,Yahoo Finance chart adjclose
2866,301408.SZ,华人健康,A,-4.4034146867015345,2025-07-31,14.7913236618042,2026-07-31,14.140000343322754,Yahoo Finance yfinance auto_adjust=True
2867,000889.SZ,中嘉博创,A,-4.415580313932255,2025-07-31,3.8499999046325684,2026-07-31,3.680000066757202,Yahoo Finance yfinance auto_adjust=True
2868,600153.SH,建发股份,A,-4.415933188485177,2025-07-31,9.39487075805664,2026-07-31,8.979999542236328,Yahoo Finance yfinance auto_adjust=True
2869,603489.SH,八方股份,A,-4.430609313622513,2025-07-31,26.765892028808594,2026-07-31,25.579999923706055,Yahoo Finance yfinance auto_adjust=True
2870,688502.SH,茂莱光学,A,-4.4328446693852825,2025-07-31,332.22711181640625,2026-07-31,317.5,Yahoo Finance yfinance auto_adjust=True
2871,000599.SZ,青岛双星,A,-4.453446649403359,2025-07-31,4.940000057220459,2026-07-31,4.71999979019165,Yahoo Finance yfinance auto_adjust=True
2872,01431.HK,原生态牧业,HK,-4.477616454795886,2025-08-01,0.33500000834465027,2026-07-31,0.3199999928474426,Yahoo Finance chart adjclose
2873,301028.SZ,东亚机械,A,-4.488765033725183,2025-07-31,12.36503791809082,2026-07-31,11.8100004196167,Yahoo Finance yfinance auto_adjust=True
2874,601375.SH,中原证券,A,-4.490979085186176,2025-07-31,4.366079807281494,2026-07-31,4.170000076293945,Yahoo Finance yfinance auto_adjust=True
2875,603706.SH,东方环宇,A,-4.49108093870284,2025-07-31,19.841079711914062,2026-07-31,18.950000762939453,Yahoo Finance yfinance auto_adjust=True
2876,300162.SZ,雷曼光电,A,-4.497356549752629,2025-07-31,7.559999942779541,2026-07-31,7.21999979019165,Yahoo Finance yfinance auto_adjust=True
2877,600369.SH,西南证券,A,-4.509944485432804,2025-07-31,4.3774189949035645,2026-07-31,4.179999828338623,Yahoo Finance yfinance auto_adjust=True
2878,601588.SH,北辰实业,A,-4.519769749612001,2025-07-31,1.7699999809265137,2026-07-31,1.690000057220459,Yahoo Finance yfinance auto_adjust=True
2879,001226.SZ,拓山重工,A,-4.525003433227537,2025-07-31,40.0,2026-07-31,38.189998626708984,Yahoo Finance yfinance auto_adjust=True
2880,301595.SZ,太力科技,A,-4.547654377947429,2025-07-31,38.16564178466797,2026-07-31,36.43000030517578,Yahoo Finance yfinance auto_adjust=True
2881,000798.SZ,中水渔业,A,-4.561826145513992,2025-07-31,8.329999923706055,2026-07-31,7.949999809265137,Yahoo Finance yfinance auto_adjust=True
2882,688598.SH,金博股份,A,-4.566034281028896,2025-07-31,26.5,2026-07-31,25.290000915527344,Yahoo Finance yfinance auto_adjust=True
2883,603877.SH,太平鸟,A,-4.577799233022473,2025-07-31,14.063813209533691,2026-07-31,13.420000076293945,Yahoo Finance yfinance auto_adjust=True
2884,301016.SZ,雷尔伟,A,-4.600384252807288,2025-07-31,12.23275375366211,2026-07-31,11.670000076293945,Yahoo Finance yfinance auto_adjust=True
2885,002253.SZ,*ST智胜,A,-4.620121353590911,2025-07-31,9.739999771118164,2026-07-31,9.289999961853027,Yahoo Finance yfinance auto_adjust=True
2886,688272.SH,富吉瑞,A,-4.624713237932642,2025-07-31,26.3799991607666,2026-07-31,25.15999984741211,Yahoo Finance yfinance auto_adjust=True
2887,01519.HK,极兔速递-W,HK,-4.631377832245986,2025-08-01,10.579999923706055,2026-07-31,10.09000015258789,Yahoo Finance chart adjclose
2888,603111.SH,康尼机电,A,-4.632198995690128,2025-07-31,6.050260066986084,2026-07-31,5.769999980926514,Yahoo Finance yfinance auto_adjust=True
2889,600356.SH,恒丰纸业,A,-4.64042008523643,2025-07-31,8.578058242797852,2026-07-31,8.180000305175781,Yahoo Finance yfinance auto_adjust=True
2890,600361.SH,创新新材,A,-4.647205778489727,2025-07-31,3.922276258468628,2026-07-31,3.740000009536743,Yahoo Finance yfinance auto_adjust=True
2891,02078.HK,荣阳实业,HK,-4.651155134611207,2025-08-01,0.1289999932050705,2026-07-31,0.12300000339746475,Yahoo Finance chart adjclose
2892,301223.SZ,中荣股份,A,-4.6612328127470075,2025-07-31,16.698348999023438,2026-07-31,15.920000076293945,Yahoo Finance yfinance auto_adjust=True
2893,688410.SH,山外山,A,-4.677567155178519,2025-07-31,11.109662055969238,2026-07-31,10.59000015258789,Yahoo Finance yfinance auto_adjust=True
2894,300190.SZ,维尔利,A,-4.687495634425332,2025-07-31,3.8399999141693115,2026-07-31,3.6600000858306885,Yahoo Finance yfinance auto_adjust=True
2895,601616.SH,广电电气,A,-4.687495634425332,2025-07-31,3.8399999141693115,2026-07-31,3.6600000858306885,Yahoo Finance yfinance auto_adjust=True
2896,301069.SZ,凯盛新材,A,-4.688532393140765,2025-07-31,16.766082763671875,2026-07-31,15.979999542236328,Yahoo Finance yfinance auto_adjust=True
2897,300833.SZ,浩洋股份,A,-4.725381073045554,2025-07-31,34.951595306396484,2026-07-31,33.29999923706055,Yahoo Finance yfinance auto_adjust=True
2898,301257.SZ,普蕊斯,A,-4.727774696677933,2025-07-31,40.78838348388672,2026-07-31,38.86000061035156,Yahoo Finance yfinance auto_adjust=True
2899,01425.HK,捷隆控股,HK,-4.729334084040815,2025-08-01,0.6297846436500549,2026-07-31,0.6000000238418579,Yahoo Finance chart adjclose
2900,601997.SH,贵阳银行,A,-4.751787327372748,2025-07-31,6.068355560302734,2026-07-31,5.78000020980835,Yahoo Finance yfinance auto_adjust=True
2901,603199.SH,九华旅游,A,-4.754757081223238,2025-07-31,34.87838363647461,2026-07-31,33.220001220703125,Yahoo Finance yfinance auto_adjust=True
2902,06609.HK,心玮医疗-B,HK,-4.800003051757818,2025-08-01,50.0,2026-07-31,47.599998474121094,Yahoo Finance chart adjclose
2903,603587.SH,地素时尚,A,-4.805742622721443,2025-07-31,12.227628707885742,2026-07-31,11.640000343322754,Yahoo Finance yfinance auto_adjust=True
2904,688107.SH,安路科技,A,-4.821731882876234,2025-07-31,29.450000762939453,2026-07-31,28.030000686645508,Yahoo Finance yfinance auto_adjust=True
2905,02130.HK,嘉泓物流,HK,-4.821958339402599,2025-08-01,3.309587001800537,2026-07-31,3.1500000953674316,Yahoo Finance chart adjclose
2906,002182.SZ,宝武镁业,A,-4.824196410441484,2025-07-31,12.229999542236328,2026-07-31,11.640000343322754,Yahoo Finance yfinance auto_adjust=True
2907,002706.SZ,良信股份,A,-4.825205991465397,2025-07-31,9.477299690246582,2026-07-31,9.020000457763672,Yahoo Finance yfinance auto_adjust=True
2908,02281.HK,兴泸水务,HK,-4.8296046208440195,2025-08-01,0.6619705557823181,2026-07-31,0.6299999952316284,Yahoo Finance chart adjclose
2909,600027.SH,华电国际,A,-4.862739335645405,2025-07-31,5.055852890014648,2026-07-31,4.809999942779541,Yahoo Finance yfinance auto_adjust=True
2910,002106.SZ,莱宝高科,A,-4.874365903226973,2025-07-31,10.323189735412598,2026-07-31,9.819999694824219,Yahoo Finance yfinance auto_adjust=True
2911,603323.SH,苏农银行,A,-4.913784408638245,2025-07-31,4.6378960609436035,2026-07-31,4.409999847412109,Yahoo Finance yfinance auto_adjust=True
2912,01708.HK,三宝科技,HK,-4.918037752603988,2025-08-01,0.3050000071525574,2026-07-31,0.28999999165534973,Yahoo Finance chart adjclose
2913,08106.HK,升华兰德,HK,-4.918037752603988,2025-08-01,0.3050000071525574,2026-07-31,0.28999999165534973,Yahoo Finance chart adjclose
2914,601226.SH,华电科工,A,-4.94286254245192,2025-07-31,6.396152973175049,2026-07-31,6.079999923706055,Yahoo Finance yfinance auto_adjust=True
2915,600773.SH,西藏城投,A,-4.963234891296464,2025-07-31,10.880000114440918,2026-07-31,10.34000015258789,Yahoo Finance yfinance auto_adjust=True
2916,603178.SH,圣龙股份,A,-4.96689560814051,2025-07-31,18.1200008392334,2026-07-31,17.219999313354492,Yahoo Finance yfinance auto_adjust=True
2917,02385.HK,读书郎,HK,-4.969878468999367,2025-08-01,6.639999866485596,2026-07-31,6.309999942779541,Yahoo Finance chart adjclose
2918,688659.SH,元琛科技,A,-4.972973385372681,2025-07-31,9.25,2026-07-31,8.789999961853027,Yahoo Finance yfinance auto_adjust=True
2919,300143.SZ,盈康生命,A,-4.977755840849762,2025-07-31,7.798173904418945,2026-07-31,7.409999847412109,Yahoo Finance yfinance auto_adjust=True
2920,300988.SZ,津荣天宇,A,-4.991689803342492,2025-07-31,14.651350021362305,2026-07-31,13.920000076293945,Yahoo Finance yfinance auto_adjust=True
2921,688795.SH,摩尔线程,A,-4.999170613030812,2025-12-05,600.5,2026-07-31,570.47998046875,Yahoo Finance yfinance auto_adjust=True
2922,08516.HK,广骏集团控股,HK,-5.000002607703169,2025-08-01,1.600000023841858,2026-07-31,1.5199999809265137,Yahoo Finance chart adjclose
2923,000720.SZ,新能泰山,A,-5.042012092563841,2025-07-31,3.569999933242798,2026-07-31,3.390000104904175,Yahoo Finance yfinance auto_adjust=True
2924,600109.SH,国金证券,A,-5.051249955191128,2025-07-31,9.204965591430664,2026-07-31,8.739999771118164,Yahoo Finance yfinance auto_adjust=True
2925,002228.SZ,合兴包装,A,-5.0541226120857985,2025-07-31,3.254485607147217,2026-07-31,3.0899999141693115,Yahoo Finance yfinance auto_adjust=True
2926,08360.HK,简朴新生活,HK,-5.063293717874329,2025-08-01,0.39500001072883606,2026-07-31,0.375,Yahoo Finance chart adjclose
2927,300697.SZ,电工合金,A,-5.070048381848313,2025-07-31,13.789114952087402,2026-07-31,13.09000015258789,Yahoo Finance yfinance auto_adjust=True
2928,688180.SH,君实生物,A,-5.070204912528775,2025-07-31,38.459999084472656,2026-07-31,36.5099983215332,Yahoo Finance yfinance auto_adjust=True
2929,600865.SH,百大集团,A,-5.071665420335913,2025-07-31,9.069999694824219,2026-07-31,8.609999656677246,Yahoo Finance yfinance auto_adjust=True
2930,002248.SZ,华东数控,A,-5.097616631417612,2025-07-31,9.220000267028809,2026-07-31,8.75,Yahoo Finance yfinance auto_adjust=True
2931,603167.SH,渤海轮渡,A,-5.1025458852247745,2025-07-31,9.231017112731934,2026-07-31,8.760000228881836,Yahoo Finance yfinance auto_adjust=True
2932,000650.SZ,仁和药业,A,-5.107828840464979,2025-07-31,5.722284317016602,2026-07-31,5.429999828338623,Yahoo Finance yfinance auto_adjust=True
2933,603071.SH,物产环能,A,-5.1096617665692285,2025-07-31,12.719945907592773,2026-07-31,12.069999694824219,Yahoo Finance yfinance auto_adjust=True
2934,603172.SH,万丰股份,A,-5.12671672475088,2025-07-31,16.558929443359375,2026-07-31,15.710000038146973,Yahoo Finance yfinance auto_adjust=True
2935,001376.SZ,百通能源,A,-5.127682373252251,2025-07-31,11.9002046585083,2026-07-31,11.289999961853027,Yahoo Finance yfinance auto_adjust=True
2936,01809.HK,浦林成山,HK,-5.187070738416422,2025-08-01,7.055999755859375,2026-07-31,6.690000057220459,Yahoo Finance chart adjclose
2937,300768.SZ,迪普科技,A,-5.187247601607792,2025-07-31,17.170686721801758,2026-07-31,16.280000686645508,Yahoo Finance yfinance auto_adjust=True
2938,06098.HK,碧桂园服务,HK,-5.19722628824939,2025-08-01,5.9070000648498535,2026-07-31,5.599999904632568,Yahoo Finance chart adjclose
2939,601068.SH,中铝国际,A,-5.197505259335477,2025-07-31,4.809999942779541,2026-07-31,4.559999942779541,Yahoo Finance yfinance auto_adjust=True
2940,01539.HK,知行集团控股,HK,-5.263152941442195,2025-08-01,0.3799999952316284,2026-07-31,0.36000001430511475,Yahoo Finance chart adjclose
2941,01400.HK,满地科技股份,HK,-5.263158926673251,2025-08-01,0.01899999938905239,2026-07-31,0.017999999225139618,Yahoo Finance chart adjclose
2942,06099.HK,招商证券,HK,-5.2703713551008775,2025-08-01,15.380615234375,2026-07-31,14.569999694824219,Yahoo Finance chart adjclose
2943,08601.HK,宝燵控股,HK,-5.279550153747492,2025-08-01,0.25337716937065125,2026-07-31,0.23999999463558197,Yahoo Finance chart adjclose
2944,605003.SH,众望布艺,A,-5.2896335485076325,2025-07-31,20.37791633605957,2026-07-31,19.299999237060547,Yahoo Finance yfinance auto_adjust=True
2945,301607.SZ,富特科技,A,-5.323802470865169,2025-07-31,34.095157623291016,2026-07-31,32.279998779296875,Yahoo Finance yfinance auto_adjust=True
2946,688657.SH,浩辰软件,A,-5.33346897265965,2025-07-31,30.65497398376465,2026-07-31,29.020000457763672,Yahoo Finance yfinance auto_adjust=True
2947,600261.SH,阳光照明,A,-5.341314228597593,2025-07-31,3.211538314819336,2026-07-31,3.0399999618530273,Yahoo Finance yfinance auto_adjust=True
2948,300748.SZ,金力永磁,A,-5.404195636622489,2025-07-31,27.062511444091797,2026-07-31,25.600000381469727,Yahoo Finance yfinance auto_adjust=True
2949,600211.SH,西藏药业,A,-5.41392816061852,2025-07-31,40.89397048950195,2026-07-31,38.68000030517578,Yahoo Finance yfinance auto_adjust=True
2950,002048.SZ,宁波华翔,A,-5.444884220095303,2025-07-31,19.840280532836914,2026-07-31,18.760000228881836,Yahoo Finance yfinance auto_adjust=True
2951,600997.SH,开滦股份,A,-5.447080239193758,2025-07-31,6.017794132232666,2026-07-31,5.690000057220459,Yahoo Finance yfinance auto_adjust=True
2952,002244.SZ,滨江集团,A,-5.4481198374149775,2025-07-31,9.814717292785645,2026-07-31,9.279999732971191,Yahoo Finance yfinance auto_adjust=True
2953,301290.SZ,东星医疗,A,-5.461290792809637,2025-07-31,26.666324615478516,2026-07-31,25.209999084472656,Yahoo Finance yfinance auto_adjust=True
2954,688538.SH,和辉光电,A,-5.468744906829559,2025-07-31,2.559999942779541,2026-07-31,2.4200000762939453,Yahoo Finance yfinance auto_adjust=True
2955,688305.SH,科德数控,A,-5.472386429428533,2025-07-31,57.401214599609375,2026-07-31,54.2599983215332,Yahoo Finance yfinance auto_adjust=True
2956,02039.HK,中集集团,HK,-5.4809901111288255,2025-08-01,8.04071044921875,2026-07-31,7.599999904632568,Yahoo Finance chart adjclose
2957,688138.SH,清溢光电,A,-5.487435651199702,2025-07-31,29.20246696472168,2026-07-31,27.600000381469727,Yahoo Finance yfinance auto_adjust=True
2958,002958.SZ,青农商行,A,-5.490676476646872,2025-07-31,3.3541665077209473,2026-07-31,3.1700000762939453,Yahoo Finance yfinance auto_adjust=True
2959,89988.HK,阿里巴巴-WR,HK,-5.490909691781686,2025-08-01,106.65641021728516,2026-07-31,100.80000305175781,Yahoo Finance chart adjclose
2960,002597.SZ,金禾实业,A,-5.493429882009715,2025-07-31,22.241840362548828,2026-07-31,21.020000457763672,Yahoo Finance yfinance auto_adjust=True
2961,002438.SZ,江苏神通,A,-5.497548611911429,2025-07-31,13.438804626464844,2026-07-31,12.699999809265137,Yahoo Finance yfinance auto_adjust=True
2962,002642.SZ,荣联科技,A,-5.498725009419358,2025-07-31,7.820000171661377,2026-07-31,7.389999866485596,Yahoo Finance yfinance auto_adjust=True
2963,000567.SZ,海德股份,A,-5.513018712827423,2025-07-31,6.53000020980835,2026-07-31,6.170000076293945,Yahoo Finance yfinance auto_adjust=True
2964,601011.SH,宝泰隆,A,-5.514709330502232,2025-07-31,2.7200000286102295,2026-07-31,2.569999933242798,Yahoo Finance yfinance auto_adjust=True
2965,603733.SH,仙鹤股份,A,-5.523187108654937,2025-07-31,20.75641632080078,2026-07-31,19.610000610351562,Yahoo Finance yfinance auto_adjust=True
2966,688783.SH,西安奕材,A,-5.532708569107769,2025-10-29,26.75,2026-07-31,25.270000457763672,Yahoo Finance yfinance auto_adjust=True
2967,002191.SZ,劲嘉股份,A,-5.5415623935711755,2025-07-31,3.9700000286102295,2026-07-31,3.75,Yahoo Finance yfinance auto_adjust=True
2968,300873.SZ,海晨股份,A,-5.551842485718616,2025-07-31,15.246459007263184,2026-07-31,14.399999618530273,Yahoo Finance yfinance auto_adjust=True
2969,002306.SZ,*ST云网,A,-5.555550404536735,2025-07-31,1.7999999523162842,2026-07-31,1.7000000476837158,Yahoo Finance yfinance auto_adjust=True
2970,002404.SZ,嘉欣丝绸,A,-5.578218144953739,2025-07-31,6.153241157531738,2026-07-31,5.809999942779541,Yahoo Finance yfinance auto_adjust=True
2971,688778.SH,厦钨新能,A,-5.591999108601941,2025-07-31,48.82001495361328,2026-07-31,46.09000015258789,Yahoo Finance yfinance auto_adjust=True
2972,02011.HK,进腾集团,HK,-5.5944004643660445,2025-08-01,1.4299999475479126,2026-07-31,1.350000023841858,Yahoo Finance chart adjclose
2973,000507.SZ,珠海港,A,-5.620729165916238,2025-07-31,5.36134672164917,2026-07-31,5.059999942779541,Yahoo Finance yfinance auto_adjust=True
2974,600977.SH,中国电影,A,-5.633834048826314,2025-07-31,13.246273040771484,2026-07-31,12.5,Yahoo Finance yfinance auto_adjust=True
2975,300022.SZ,吉峰科技,A,-5.6626536894958335,2025-07-31,8.300000190734863,2026-07-31,7.829999923706055,Yahoo Finance yfinance auto_adjust=True
2976,002425.SZ,凯撒文化,A,-5.685621262599405,2025-07-31,2.990000009536743,2026-07-31,2.819999933242798,Yahoo Finance yfinance auto_adjust=True
2977,600690.SH,海尔智家,A,-5.700918168651348,2025-07-31,24.591968536376953,2026-07-31,23.190000534057617,Yahoo Finance yfinance auto_adjust=True
2978,603290.SH,斯达半导,A,-5.724075871226953,2025-07-31,85.37704467773438,2026-07-31,80.48999786376953,Yahoo Finance yfinance auto_adjust=True
2979,002517.SZ,恺英网络,A,-5.7308265626096695,2025-07-31,18.235017776489258,2026-07-31,17.190000534057617,Yahoo Finance yfinance auto_adjust=True
2980,002151.SZ,北斗星通,A,-5.737975337064571,2025-07-31,30.149999618530273,2026-07-31,28.420000076293945,Yahoo Finance yfinance auto_adjust=True
2981,300357.SZ,我武生物,A,-5.749766514271581,2025-07-31,25.10338592529297,2026-07-31,23.65999984741211,Yahoo Finance yfinance auto_adjust=True
2982,000531.SZ,穗恒运Ａ,A,-5.788714940455364,2025-07-31,6.220061779022217,2026-07-31,5.860000133514404,Yahoo Finance yfinance auto_adjust=True
2983,600368.SH,五洲交通,A,-5.816680423280052,2025-07-31,4.119625568389893,2026-07-31,3.880000114440918,Yahoo Finance yfinance auto_adjust=True
2984,000959.SZ,首钢股份,A,-5.819924068747728,2025-07-31,4.130385398864746,2026-07-31,3.890000104904175,Yahoo Finance yfinance auto_adjust=True
2985,605296.SH,神农集团,A,-5.827073479860278,2025-07-31,31.5908203125,2026-07-31,29.75,Yahoo Finance yfinance auto_adjust=True
2986,06690.HK,海尔智家,HK,-5.8372754856601645,2025-08-01,24.001005172729492,2026-07-31,22.600000381469727,Yahoo Finance chart adjclose
2987,002512.SZ,达华智能,A,-5.837563851096583,2025-07-31,3.940000057220459,2026-07-31,3.7100000381469727,Yahoo Finance yfinance auto_adjust=True
2988,601658.SH,邮储银行,A,-5.8808938226676215,2025-07-31,5.503664493560791,2026-07-31,5.179999828338623,Yahoo Finance yfinance auto_adjust=True
2989,300237.SZ,ST美晨,A,-5.882353284917219,2025-07-31,2.0399999618530273,2026-07-31,1.9199999570846558,Yahoo Finance yfinance auto_adjust=True
2990,01243.HK,宏安地产,HK,-5.882353585690325,2025-08-01,0.03400000184774399,2026-07-31,0.03200000151991844,Yahoo Finance chart adjclose
2991,000727.SZ,冠捷科技,A,-5.882357066065181,2025-07-31,2.380000114440918,2026-07-31,2.240000009536743,Yahoo Finance yfinance auto_adjust=True
2992,300867.SZ,圣元环保,A,-5.884320020490352,2025-07-31,17.276611328125,2026-07-31,16.260000228881836,Yahoo Finance yfinance auto_adjust=True
2993,603177.SH,德创环保,A,-5.907627990821373,2025-07-31,9.3100004196167,2026-07-31,8.760000228881836,Yahoo Finance yfinance auto_adjust=True
2994,603689.SH,皖天然气,A,-5.915387123052806,2025-07-31,8.056577682495117,2026-07-31,7.579999923706055,Yahoo Finance yfinance auto_adjust=True
2995,02165.HK,领悦服务集团,HK,-5.917160973729663,2025-08-01,1.690000057220459,2026-07-31,1.590000033378601,Yahoo Finance chart adjclose
2996,000800.SZ,一汽解放,A,-5.928610991224781,2025-07-31,6.909646034240723,2026-07-31,6.5,Yahoo Finance yfinance auto_adjust=True
2997,688671.SH,碧兴物联,A,-5.964752575157773,2025-07-31,22.1299991607666,2026-07-31,20.809999465942383,Yahoo Finance yfinance auto_adjust=True
2998,002455.SZ,百川股份,A,-5.967974588674152,2025-07-31,6.869999885559082,2026-07-31,6.460000038146973,Yahoo Finance yfinance auto_adjust=True
2999,002060.SZ,广东建工,A,-5.969224548513353,2025-07-31,3.530758857727051,2026-07-31,3.319999933242798,Yahoo Finance yfinance auto_adjust=True
3000,002092.SZ,中泰化学,A,-5.970153654417921,2025-07-31,4.690000057220459,2026-07-31,4.409999847412109,Yahoo Finance yfinance auto_adjust=True
3001,02016.HK,浙商银行,HK,-5.9967518367857515,2025-08-01,2.5424654483795166,2026-07-31,2.390000104904175,Yahoo Finance chart adjclose
3002,000011.SZ,深物业A,A,-6.007070389026059,2025-07-31,8.447443962097168,2026-07-31,7.940000057220459,Yahoo Finance yfinance auto_adjust=True
3003,300228.SZ,富瑞特装,A,-6.007682318232188,2025-07-31,7.649561405181885,2026-07-31,7.190000057220459,Yahoo Finance yfinance auto_adjust=True
3004,601319.SH,中国人保,A,-6.008758401799652,2025-07-31,7.841156005859375,2026-07-31,7.369999885559082,Yahoo Finance yfinance auto_adjust=True
3005,000983.SZ,山西焦煤,A,-6.014919450891954,2025-07-31,6.915991306304932,2026-07-31,6.5,Yahoo Finance yfinance auto_adjust=True
3006,300771.SZ,智莱科技,A,-6.021592490859273,2025-07-31,12.385824203491211,2026-07-31,11.640000343322754,Yahoo Finance yfinance auto_adjust=True
3007,02008.HK,凤凰卫视,HK,-6.040270657889668,2025-08-01,1.4900000095367432,2026-07-31,1.399999976158142,Yahoo Finance chart adjclose
3008,603051.SH,鹿山新材,A,-6.0490197106214065,2025-07-31,19.467599868774414,2026-07-31,18.290000915527344,Yahoo Finance yfinance auto_adjust=True
3009,002701.SZ,奥瑞金,A,-6.0527292544046425,2025-07-31,5.2582688331604,2026-07-31,4.940000057220459,Yahoo Finance yfinance auto_adjust=True
3010,000545.SZ,金浦钛业,A,-6.060609070941537,2025-07-31,2.640000104904175,2026-07-31,2.4800000190734863,Yahoo Finance yfinance auto_adjust=True
3011,002120.SZ,韵达股份,A,-6.061384982824114,2025-07-31,7.366512775421143,2026-07-31,6.920000076293945,Yahoo Finance yfinance auto_adjust=True
3012,300250.SZ,初灵信息,A,-6.086427154143026,2025-07-31,16.43000030517578,2026-07-31,15.430000305175781,Yahoo Finance yfinance auto_adjust=True
3013,01123.HK,中港照相,HK,-6.08695578935693,2025-08-01,0.11500000208616257,2026-07-31,0.1080000028014183,Yahoo Finance chart adjclose
3014,605566.SH,福莱蒽特,A,-6.09415054672533,2025-07-31,23.832380294799805,2026-07-31,22.3799991607666,Yahoo Finance yfinance auto_adjust=True
3015,300737.SZ,科顺股份,A,-6.102798519752984,2025-07-31,5.197173118591309,2026-07-31,4.880000114440918,Yahoo Finance yfinance auto_adjust=True
3016,603600.SH,永艺股份,A,-6.102850767875134,2025-07-31,10.128103256225586,2026-07-31,9.510000228881836,Yahoo Finance yfinance auto_adjust=True
3017,600941.SH,中国移动,A,-6.108761614125879,2025-07-31,103.7477035522461,2026-07-31,97.41000366210938,Yahoo Finance yfinance auto_adjust=True
3018,600036.SH,招商银行,A,-6.110480730046364,2025-07-31,42.19853210449219,2026-07-31,39.619998931884766,Yahoo Finance yfinance auto_adjust=True
3019,600506.SH,统一股份,A,-6.121215854977457,2025-07-31,15.061976432800293,2026-07-31,14.140000343322754,Yahoo Finance yfinance auto_adjust=True
3020,002960.SZ,青鸟消防,A,-6.138371944533294,2025-07-31,8.565800666809082,2026-07-31,8.039999961853027,Yahoo Finance yfinance auto_adjust=True
3021,000966.SZ,长源电力,A,-6.140345098349231,2025-07-31,4.559999942779541,2026-07-31,4.28000020980835,Yahoo Finance yfinance auto_adjust=True
3022,603191.SH,望变电气,A,-6.142646077028591,2025-07-31,14.564655303955078,2026-07-31,13.670000076293945,Yahoo Finance yfinance auto_adjust=True
3023,002049.SZ,紫光国微,A,-6.159019058339787,2025-07-31,69.28742218017578,2026-07-31,65.0199966430664,Yahoo Finance yfinance auto_adjust=True
3024,001202.SZ,炬申股份,A,-6.159691934902989,2025-07-31,13.149999618530273,2026-07-31,12.34000015258789,Yahoo Finance yfinance auto_adjust=True
3025,301279.SZ,金道科技,A,-6.168456502783782,2025-07-31,17.98968505859375,2026-07-31,16.8799991607666,Yahoo Finance yfinance auto_adjust=True
3026,01797.HK,东方甄选,HK,-6.170677566183114,2025-08-01,22.850000381469727,2026-07-31,21.440000534057617,Yahoo Finance chart adjclose
3027,002318.SZ,久立特材,A,-6.1972419468034445,2025-07-31,21.491905212402344,2026-07-31,20.15999984741211,Yahoo Finance yfinance auto_adjust=True
3028,301336.SZ,趣睡科技,A,-6.2063742033630405,2025-07-31,41.32476806640625,2026-07-31,38.7599983215332,Yahoo Finance yfinance auto_adjust=True
3029,01578.HK,天津银行,HK,-6.2207537186393935,2025-08-01,2.2606279850006104,2026-07-31,2.119999885559082,Yahoo Finance chart adjclose
3030,300501.SZ,海顺新材,A,-6.2428347973076725,2025-07-31,10.34587574005127,2026-07-31,9.699999809265137,Yahoo Finance yfinance auto_adjust=True
3031,002259.SZ,升达林业,A,-6.25,2025-07-31,4.0,2026-07-31,3.75,Yahoo Finance yfinance auto_adjust=True
3032,01312.HK,华控康泰,HK,-6.250006548361542,2025-08-01,0.03200000151991844,2026-07-31,0.029999999329447746,Yahoo Finance chart adjclose
3033,01606.HK,国银金租,HK,-6.266786379209677,2025-08-01,1.5149378776550293,2026-07-31,1.4199999570846558,Yahoo Finance chart adjclose
3034,002044.SZ,美年健康,A,-6.276133845304188,2025-07-31,5.100088596343994,2026-07-31,4.78000020980835,Yahoo Finance yfinance auto_adjust=True
3035,000759.SZ,中百集团,A,-6.283419638946297,2025-07-31,7.480000019073486,2026-07-31,7.010000228881836,Yahoo Finance yfinance auto_adjust=True
3036,301026.SZ,浩通科技,A,-6.2915528638822105,2025-07-31,18.600244522094727,2026-07-31,17.43000030517578,Yahoo Finance yfinance auto_adjust=True
3037,002219.SZ,新里程,A,-6.306310950447058,2025-07-31,2.2200000286102295,2026-07-31,2.0799999237060547,Yahoo Finance yfinance auto_adjust=True
3038,601921.SH,浙版传媒,A,-6.308772151378738,2025-07-31,7.82357120513916,2026-07-31,7.329999923706055,Yahoo Finance yfinance auto_adjust=True
3039,601137.SH,博威合金,A,-6.358745321349845,2025-07-31,17.81266212463379,2026-07-31,16.68000030517578,Yahoo Finance yfinance auto_adjust=True
3040,002836.SZ,新宏泽,A,-6.369607487417084,2025-07-31,9.43069839477539,2026-07-31,8.829999923706055,Yahoo Finance yfinance auto_adjust=True
3041,603100.SH,川仪股份,A,-6.375254580905154,2025-07-31,19.674285888671875,2026-07-31,18.420000076293945,Yahoo Finance yfinance auto_adjust=True
3042,605056.SH,咸亨国际,A,-6.378552328899212,2025-07-31,14.377047538757324,2026-07-31,13.460000038146973,Yahoo Finance yfinance auto_adjust=True
3043,603919.SH,金徽酒,A,-6.385440685017918,2025-07-31,17.76432991027832,2026-07-31,16.6299991607666,Yahoo Finance yfinance auto_adjust=True
3044,603101.SH,汇嘉时代,A,-6.3866531414219825,2025-07-31,7.605752944946289,2026-07-31,7.119999885559082,Yahoo Finance yfinance auto_adjust=True
3045,300118.SZ,东方日升,A,-6.41026183625939,2025-07-31,10.140000343322754,2026-07-31,9.489999771118164,Yahoo Finance yfinance auto_adjust=True
3046,603920.SH,世运电路,A,-6.410375485318731,2025-07-31,33.67894744873047,2026-07-31,31.520000457763672,Yahoo Finance yfinance auto_adjust=True
3047,300098.SZ,高新兴,A,-6.425706233650019,2025-07-31,4.980000019073486,2026-07-31,4.659999847412109,Yahoo Finance yfinance auto_adjust=True
3048,02611.HK,国泰海通,HK,-6.4286058817162095,2025-08-01,15.955731391906738,2026-07-31,14.930000305175781,Yahoo Finance chart adjclose
3049,01910.HK,新秀丽,HK,-6.4341722256793465,2025-08-01,15.101667404174805,2026-07-31,14.130000114440918,Yahoo Finance chart adjclose
3050,300772.SZ,运达股份,A,-6.442998934092725,2025-07-31,12.601943016052246,2026-07-31,11.789999961853027,Yahoo Finance yfinance auto_adjust=True
3051,01601.HK,中关村科技租赁,HK,-6.455715566281183,2025-08-01,0.8338296413421631,2026-07-31,0.7799999713897705,Yahoo Finance chart adjclose
3052,01128.HK,永利澳门,HK,-6.464350153929366,2025-08-01,6.0725507736206055,2026-07-31,5.679999828338623,Yahoo Finance chart adjclose
3053,688105.SH,诺唯赞,A,-6.467662251996775,2025-07-31,18.624574661254883,2026-07-31,17.420000076293945,Yahoo Finance yfinance auto_adjust=True
3054,000028.SZ,国药一致,A,-6.470390741322873,2025-07-31,22.474166870117188,2026-07-31,21.020000457763672,Yahoo Finance yfinance auto_adjust=True
3055,301256.SZ,华融化学,A,-6.478312985621926,2025-07-31,10.093914985656738,2026-07-31,9.4399995803833,Yahoo Finance yfinance auto_adjust=True
3056,601528.SH,瑞丰银行,A,-6.519112632547353,2025-07-31,5.4235687255859375,2026-07-31,5.070000171661377,Yahoo Finance yfinance auto_adjust=True
3057,600467.SH,好当家,A,-6.519940723667251,2025-07-31,2.353443145751953,2026-07-31,2.200000047683716,Yahoo Finance yfinance auto_adjust=True
3058,601916.SH,浙商银行,A,-6.524040044331558,2025-07-31,3.2414751052856445,2026-07-31,3.0299999713897705,Yahoo Finance yfinance auto_adjust=True
3059,06680.HK,金力永磁,HK,-6.5274271920559235,2025-08-01,17.566650390625,2026-07-31,16.420000076293945,Yahoo Finance chart adjclose
3060,600740.SH,山西焦化,A,-6.544600954571644,2025-07-31,3.8735053539276123,2026-07-31,3.619999885559082,Yahoo Finance yfinance auto_adjust=True
3061,001965.SZ,招商公路,A,-6.555202147666906,2025-07-31,10.819221496582031,2026-07-31,10.109999656677246,Yahoo Finance yfinance auto_adjust=True
3062,01059.HK,看通集团,HK,-6.578949019519264,2025-08-01,0.3799999952316284,2026-07-31,0.35499998927116394,Yahoo Finance chart adjclose
3063,06818.HK,中国光大银行,HK,-6.586816230195347,2025-08-01,3.41493558883667,2026-07-31,3.190000057220459,Yahoo Finance chart adjclose
3064,688450.SH,光格科技,A,-6.598142510564098,2025-07-31,30.15999984741211,2026-07-31,28.170000076293945,Yahoo Finance yfinance auto_adjust=True
3065,688626.SH,翔宇医疗,A,-6.614590022315592,2025-07-31,45.83156967163086,2026-07-31,42.79999923706055,Yahoo Finance yfinance auto_adjust=True
3066,01083.HK,港华智慧能源,HK,-6.62970711749481,2025-08-01,3.7485156059265137,2026-07-31,3.5,Yahoo Finance chart adjclose
3067,02268.HK,药明合联,HK,-6.666668041332347,2025-08-01,55.5,2026-07-31,51.79999923706055,Yahoo Finance chart adjclose
3068,06831.HK,绿茶集团,HK,-6.672268726003249,2025-08-01,7.0182785987854,2026-07-31,6.550000190734863,Yahoo Finance chart adjclose
3069,000420.SZ,吉林化纤,A,-6.683167907820298,2025-07-31,4.039999961853027,2026-07-31,3.7699999809265137,Yahoo Finance yfinance auto_adjust=True
3070,000544.SZ,中原环保,A,-6.706225268897759,2025-07-31,7.974808692932129,2026-07-31,7.440000057220459,Yahoo Finance yfinance auto_adjust=True
3071,603551.SH,奥普科技,A,-6.7186565667824,2025-07-31,10.173523902893066,2026-07-31,9.489999771118164,Yahoo Finance yfinance auto_adjust=True
3072,300804.SZ,广康生化,A,-6.731730511549705,2025-07-31,41.62187194824219,2026-07-31,38.81999969482422,Yahoo Finance yfinance auto_adjust=True
3073,300189.SZ,神农种业,A,-6.73684571918688,2025-07-31,4.75,2026-07-31,4.429999828338623,Yahoo Finance yfinance auto_adjust=True
3074,002658.SZ,雪迪龙,A,-6.745514432449006,2025-07-31,7.720808029174805,2026-07-31,7.199999809265137,Yahoo Finance yfinance auto_adjust=True
3075,02306.HK,乐华娱乐,HK,-6.763284551201199,2025-08-01,2.069999933242798,2026-07-31,1.9299999475479126,Yahoo Finance chart adjclose
3076,300369.SZ,绿盟科技,A,-6.7669167990268235,2025-07-31,7.980000019073486,2026-07-31,7.440000057220459,Yahoo Finance yfinance auto_adjust=True
3077,01801.HK,信达生物,HK,-6.774196829847112,2025-08-01,93.0,2026-07-31,86.69999694824219,Yahoo Finance chart adjclose
3078,300205.SZ,*ST天喻,A,-6.779663604402241,2025-07-31,5.309999942779541,2026-07-31,4.949999809265137,Yahoo Finance yfinance auto_adjust=True
3079,002557.SZ,洽洽食品,A,-6.785269585685771,2025-07-31,21.917137145996094,2026-07-31,20.43000030517578,Yahoo Finance yfinance auto_adjust=True
3080,002125.SZ,湘潭电化,A,-6.786555693100693,2025-07-31,13.238433837890625,2026-07-31,12.34000015258789,Yahoo Finance yfinance auto_adjust=True
3081,01283.HK,高陞集团控股,HK,-6.801177737570995,2025-08-01,1.5880029201507568,2026-07-31,1.4800000190734863,Yahoo Finance chart adjclose
3082,002865.SZ,钧达股份,A,-6.803977526038551,2025-07-31,43.209999084472656,2026-07-31,40.27000045776367,Yahoo Finance yfinance auto_adjust=True
3083,301031.SZ,中熔电气,A,-6.807251296672401,2025-07-31,83.80480194091797,2026-07-31,78.0999984741211,Yahoo Finance yfinance auto_adjust=True
3084,300727.SZ,润禾材料,A,-6.8203378767713545,2025-07-31,28.05333137512207,2026-07-31,26.139999389648438,Yahoo Finance yfinance auto_adjust=True
3085,01894.HK,恒益控股,HK,-6.82123948538128,2025-08-01,0.5366029739379883,2026-07-31,0.5,Yahoo Finance chart adjclose
3086,002667.SZ,威领股份,A,-6.8390301124063075,2025-07-31,11.989999771118164,2026-07-31,11.170000076293945,Yahoo Finance yfinance auto_adjust=True
3087,600770.SH,综艺股份,A,-6.864562054253454,2025-07-31,5.389999866485596,2026-07-31,5.019999980926514,Yahoo Finance yfinance auto_adjust=True
3088,002468.SZ,申通快递,A,-6.872927581020827,2025-07-31,15.140603065490723,2026-07-31,14.100000381469727,Yahoo Finance yfinance auto_adjust=True
3089,600258.SH,首旅酒店,A,-6.878584600112103,2025-07-31,13.434074401855469,2026-07-31,12.510000228881836,Yahoo Finance yfinance auto_adjust=True
3090,603500.SH,祥和实业,A,-6.898773513781875,2025-07-31,9.076142311096191,2026-07-31,8.449999809265137,Yahoo Finance yfinance auto_adjust=True
3091,002662.SZ,峰璟股份,A,-6.903161975007011,2025-07-31,3.4372811317443848,2026-07-31,3.200000047683716,Yahoo Finance yfinance auto_adjust=True
3092,300161.SZ,华中数控,A,-6.9074007234503405,2025-07-31,27.2309513092041,2026-07-31,25.350000381469727,Yahoo Finance yfinance auto_adjust=True
3093,300332.SZ,天壕能源,A,-6.930700361395337,2025-07-31,5.050000190734863,2026-07-31,4.699999809265137,Yahoo Finance yfinance auto_adjust=True
3094,600906.SH,财达证券,A,-6.9673551070982835,2025-07-31,6.900803565979004,2026-07-31,6.420000076293945,Yahoo Finance yfinance auto_adjust=True
3095,08545.HK,佰悦集团,HK,-6.976749424421014,2025-08-01,0.0430000014603138,2026-07-31,0.03999999910593033,Yahoo Finance chart adjclose
3096,300618.SZ,寒锐钴业,A,-6.977152435485856,2025-07-31,36.52865982055664,2026-07-31,33.97999954223633,Yahoo Finance yfinance auto_adjust=True
3097,002961.SZ,瑞达期货,A,-6.979018372872192,2025-07-31,21.17801856994629,2026-07-31,19.700000762939453,Yahoo Finance yfinance auto_adjust=True
3098,000670.SZ,盈方微,A,-6.979865694490616,2025-07-31,7.449999809265137,2026-07-31,6.929999828338623,Yahoo Finance yfinance auto_adjust=True
3099,002780.SZ,三夫户外,A,-7.01096341188121,2025-07-31,13.700539588928223,2026-07-31,12.739999771118164,Yahoo Finance yfinance auto_adjust=True
3100,300383.SZ,光环新网,A,-7.01343786948172,2025-07-31,14.539735794067383,2026-07-31,13.520000457763672,Yahoo Finance yfinance auto_adjust=True
3101,603227.SH,雪峰科技,A,-7.015339527557895,2025-07-31,8.302444458007812,2026-07-31,7.71999979019165,Yahoo Finance yfinance auto_adjust=True
3102,603700.SH,宁水集团,A,-7.0284922603716655,2025-07-31,11.8961181640625,2026-07-31,11.0600004196167,Yahoo Finance yfinance auto_adjust=True
3103,688176.SH,亚虹医药,A,-7.037648048764444,2025-07-31,12.220000267028809,2026-07-31,11.359999656677246,Yahoo Finance yfinance auto_adjust=True
3104,601211.SH,国泰海通,A,-7.039820977404498,2025-07-31,19.75039291381836,2026-07-31,18.360000610351562,Yahoo Finance yfinance auto_adjust=True
3105,603058.SH,永吉股份,A,-7.045216195254733,2025-07-31,9.510000228881836,2026-07-31,8.84000015258789,Yahoo Finance yfinance auto_adjust=True
3106,600305.SH,恒顺醋业,A,-7.0539632816844495,2025-07-31,7.628082275390625,2026-07-31,7.090000152587891,Yahoo Finance yfinance auto_adjust=True
3107,002652.SZ,扬子新材,A,-7.068062451438594,2025-07-31,3.819999933242798,2026-07-31,3.549999952316284,Yahoo Finance yfinance auto_adjust=True
3108,688726.SH,拉普拉斯,A,-7.07053345685612,2025-07-31,44.38850402832031,2026-07-31,41.25,Yahoo Finance yfinance auto_adjust=True
3109,603341.SH,龙旗科技,A,-7.07669050813593,2025-07-31,39.20437240600586,2026-07-31,36.43000030517578,Yahoo Finance yfinance auto_adjust=True
3110,603416.SH,信捷电气,A,-7.079490969500979,2025-07-31,53.62648391723633,2026-07-31,49.83000183105469,Yahoo Finance yfinance auto_adjust=True
3111,300803.SZ,指南针,A,-7.097464697249201,2025-07-31,88.70587158203125,2026-07-31,82.41000366210938,Yahoo Finance yfinance auto_adjust=True
3112,600663.SH,陆家嘴,A,-7.110032281772593,2025-07-31,8.644636154174805,2026-07-31,8.029999732971191,Yahoo Finance yfinance auto_adjust=True
3113,02658.HK,天域半导体,HK,-7.111113748432674,2025-12-05,40.5,2026-07-31,37.619998931884766,Yahoo Finance chart adjclose
3114,601311.SH,骆驼股份,A,-7.115989161971303,2025-07-31,8.699021339416504,2026-07-31,8.079999923706055,Yahoo Finance yfinance auto_adjust=True
3115,301439.SZ,泓淋电力,A,-7.124921541170048,2025-07-31,15.806178092956543,2026-07-31,14.680000305175781,Yahoo Finance yfinance auto_adjust=True
3116,600308.SH,华泰股份,A,-7.14285714285714,2025-07-31,3.5,2026-07-31,3.25,Yahoo Finance yfinance auto_adjust=True
3117,601808.SH,中海油服,A,-7.144947529785661,2025-07-31,13.601844787597656,2026-07-31,12.630000114440918,Yahoo Finance yfinance auto_adjust=True
3118,603042.SH,华脉科技,A,-7.15274341140637,2025-07-31,12.235148429870605,2026-07-31,11.359999656677246,Yahoo Finance yfinance auto_adjust=True
3119,688306.SH,均普智能,A,-7.162131504015412,2025-07-31,9.920520782470703,2026-07-31,9.210000038146973,Yahoo Finance yfinance auto_adjust=True
3120,600366.SH,宁波韵升,A,-7.171184633527727,2025-07-31,11.806678771972656,2026-07-31,10.960000038146973,Yahoo Finance yfinance auto_adjust=True
3121,603043.SH,广州酒家,A,-7.215241798721383,2025-07-31,15.271904945373535,2026-07-31,14.170000076293945,Yahoo Finance yfinance auto_adjust=True
3122,600232.SH,金鹰股份,A,-7.223110881018258,2025-07-31,6.230000019073486,2026-07-31,5.78000020980835,Yahoo Finance yfinance auto_adjust=True
3123,300335.SZ,迪森股份,A,-7.236444395296548,2025-07-31,5.691890716552734,2026-07-31,5.28000020980835,Yahoo Finance yfinance auto_adjust=True
3124,002375.SZ,亚厦股份,A,-7.238138800211358,2025-07-31,3.7946629524230957,2026-07-31,3.5199999809265137,Yahoo Finance yfinance auto_adjust=True
3125,688191.SH,智洋创新,A,-7.251127639878174,2025-07-31,18.932844161987305,2026-07-31,17.559999465942383,Yahoo Finance yfinance auto_adjust=True
3126,603708.SH,家家悦,A,-7.262801985027356,2025-07-31,10.341050148010254,2026-07-31,9.59000015258789,Yahoo Finance yfinance auto_adjust=True
3127,688156.SH,路德科技,A,-7.2653913028750345,2025-07-31,19.81999969482422,2026-07-31,18.3799991607666,Yahoo Finance yfinance auto_adjust=True
3128,301662.SZ,宏工科技,A,-7.280739012949855,2025-07-31,73.23181915283203,2026-07-31,67.9000015258789,Yahoo Finance yfinance auto_adjust=True
3129,300364.SZ,中文在线,A,-7.281556060272498,2025-07-31,26.780000686645508,2026-07-31,24.829999923706055,Yahoo Finance yfinance auto_adjust=True
3130,300140.SZ,节能环境,A,-7.282926634824238,2025-07-31,6.029094696044922,2026-07-31,5.590000152587891,Yahoo Finance yfinance auto_adjust=True
3131,603195.SH,公牛集团,A,-7.289789279508774,2025-07-31,45.01122283935547,2026-07-31,41.72999954223633,Yahoo Finance yfinance auto_adjust=True
3132,600970.SH,中材国际,A,-7.2911578745352585,2025-07-31,8.596806526184082,2026-07-31,7.96999979019165,Yahoo Finance yfinance auto_adjust=True
3133,001227.SZ,兰州银行,A,-7.306844008822311,2025-07-31,2.3842105865478516,2026-07-31,2.2100000381469727,Yahoo Finance yfinance auto_adjust=True
3134,600526.SH,菲达环保,A,-7.315094744460692,2025-07-31,4.758056163787842,2026-07-31,4.409999847412109,Yahoo Finance yfinance auto_adjust=True
3135,001313.SZ,粤海饲料,A,-7.332093628407654,2025-07-31,7.769680023193359,2026-07-31,7.199999809265137,Yahoo Finance yfinance auto_adjust=True
3136,603183.SH,建研院,A,-7.354710182927249,2025-07-31,4.414687633514404,2026-07-31,4.090000152587891,Yahoo Finance yfinance auto_adjust=True
3137,601928.SH,凤凰传媒,A,-7.370358393374721,2025-07-31,10.817272186279297,2026-07-31,10.020000457763672,Yahoo Finance yfinance auto_adjust=True
3138,01585.HK,雅迪控股,HK,-7.405307297925557,2025-08-01,11.588136672973633,2026-07-31,10.729999542236328,Yahoo Finance chart adjclose
3139,300505.SZ,川金诺,A,-7.419793438394917,2025-07-31,20.403928756713867,2026-07-31,18.889999389648438,Yahoo Finance yfinance auto_adjust=True
3140,000659.SZ,珠海中富,A,-7.420496247645303,2025-07-31,2.8299999237060547,2026-07-31,2.619999885559082,Yahoo Finance yfinance auto_adjust=True
3141,600221.SH,海航控股,A,-7.432433303208819,2025-07-31,1.4800000190734863,2026-07-31,1.3700000047683716,Yahoo Finance yfinance auto_adjust=True
3142,01127.HK,狮子山集团,HK,-7.447543758012221,2025-08-01,1.2965620756149292,2026-07-31,1.2000000476837158,Yahoo Finance chart adjclose
3143,002011.SZ,盾安环境,A,-7.449600693800162,2025-07-31,11.40999984741211,2026-07-31,10.5600004196167,Yahoo Finance yfinance auto_adjust=True
3144,301413.SZ,安培龙,A,-7.482573694751171,2025-07-31,61.123619079589844,2026-07-31,56.54999923706055,Yahoo Finance yfinance auto_adjust=True
3145,603882.SH,金域医学,A,-7.4846941256526245,2025-07-31,30.00584602355957,2026-07-31,27.760000228881836,Yahoo Finance yfinance auto_adjust=True
3146,603159.SH,上海亚虹,A,-7.490834435545701,2025-07-31,19.09000015258789,2026-07-31,17.65999984741211,Yahoo Finance yfinance auto_adjust=True
3147,603788.SH,宁波高发,A,-7.515585011599379,2025-07-31,15.05118465423584,2026-07-31,13.920000076293945,Yahoo Finance yfinance auto_adjust=True
3148,300113.SZ,顺网科技,A,-7.5195244457967885,2025-07-31,19.46356773376465,2026-07-31,18.0,Yahoo Finance yfinance auto_adjust=True
3149,300717.SZ,华信新材,A,-7.5197871082614665,2025-07-31,18.490442276000977,2026-07-31,17.100000381469727,Yahoo Finance yfinance auto_adjust=True
3150,600469.SH,风神股份,A,-7.531630244665244,2025-07-31,5.742504119873047,2026-07-31,5.309999942779541,Yahoo Finance yfinance auto_adjust=True
3151,600905.SH,三峡能源,A,-7.545448184361692,2025-07-31,4.218288898468018,2026-07-31,3.9000000953674316,Yahoo Finance yfinance auto_adjust=True
3152,600619.SH,海立股份,A,-7.5594154599434304,2025-07-31,15.48021411895752,2026-07-31,14.3100004196167,Yahoo Finance yfinance auto_adjust=True
3153,300146.SZ,汤臣倍健,A,-7.5625606489304715,2025-07-31,11.294124603271484,2026-07-31,10.4399995803833,Yahoo Finance yfinance auto_adjust=True
3154,301357.SZ,北方长龙,A,-7.565360614904682,2025-07-31,102.88350677490234,2026-07-31,95.0999984741211,Yahoo Finance yfinance auto_adjust=True
3155,300286.SZ,安科瑞,A,-7.5743553518996425,2025-07-31,21.747211456298828,2026-07-31,20.100000381469727,Yahoo Finance yfinance auto_adjust=True
3156,01900.HK,中国智能交通,HK,-7.575757917841164,2025-08-01,0.1979999989271164,2026-07-31,0.18299999833106995,Yahoo Finance chart adjclose
3157,601636.SH,旗滨集团,A,-7.589421957037601,2025-07-31,6.124839782714844,2026-07-31,5.659999847412109,Yahoo Finance yfinance auto_adjust=True
3158,000750.SZ,国海证券,A,-7.59270863681788,2025-07-31,4.155516147613525,2026-07-31,3.8399999141693115,Yahoo Finance yfinance auto_adjust=True
3159,601968.SH,宝钢包装,A,-7.592788032709863,2025-07-31,4.902215003967285,2026-07-31,4.53000020980835,Yahoo Finance yfinance auto_adjust=True
3160,300966.SZ,共同药业,A,-7.618454950314025,2025-07-31,24.57200813293457,2026-07-31,22.700000762939453,Yahoo Finance yfinance auto_adjust=True
3161,301418.SZ,协昌科技,A,-7.6221972838653285,2025-07-31,36.65382766723633,2026-07-31,33.86000061035156,Yahoo Finance yfinance auto_adjust=True
3162,002476.SZ,宝莫股份,A,-7.627111709312784,2025-07-31,4.71999979019165,2026-07-31,4.360000133514404,Yahoo Finance yfinance auto_adjust=True
3163,688119.SH,中钢洛耐,A,-7.63723549621279,2025-07-31,4.190000057220459,2026-07-31,3.869999885559082,Yahoo Finance yfinance auto_adjust=True
3164,600456.SH,宝钛股份,A,-7.646321878285689,2025-07-31,30.610584259033203,2026-07-31,28.270000457763672,Yahoo Finance yfinance auto_adjust=True
3165,600477.SH,杭萧钢构,A,-7.652376315721677,2025-07-31,2.6097044944763184,2026-07-31,2.4100000858306885,Yahoo Finance yfinance auto_adjust=True
3166,002061.SZ,浙江交科,A,-7.653983651061303,2025-07-31,3.909210205078125,2026-07-31,3.609999895095825,Yahoo Finance yfinance auto_adjust=True
3167,01090.HK,大明国际,HK,-7.692300638503314,2025-08-01,0.7799999713897705,2026-07-31,0.7200000286102295,Yahoo Finance chart adjclose
3168,000045.SZ,深纺织Ａ,A,-7.719748656112313,2025-07-31,10.424765586853027,2026-07-31,9.619999885559082,Yahoo Finance yfinance auto_adjust=True
3169,02880.HK,辽港股份,HK,-7.733772478233069,2025-08-01,0.7803505659103394,2026-07-31,0.7200000286102295,Yahoo Finance chart adjclose
3170,000061.SZ,农 产 品,A,-7.757430018546996,2025-07-31,6.428701877593994,2026-07-31,5.929999828338623,Yahoo Finance yfinance auto_adjust=True
3171,688768.SH,容知日新,A,-7.764667383275359,2025-07-31,47.28123092651367,2026-07-31,43.61000061035156,Yahoo Finance yfinance auto_adjust=True
3172,01502.HK,金融街物业,HK,-7.776155927475625,2025-08-01,2.1686365604400635,2026-07-31,2.0,Yahoo Finance chart adjclose
3173,301251.SZ,威尔高,A,-7.778864160817611,2025-07-31,30.53529930114746,2026-07-31,28.15999984741211,Yahoo Finance yfinance auto_adjust=True
3174,002591.SZ,恒大高新,A,-7.827479713093344,2025-07-31,6.260000228881836,2026-07-31,5.769999980926514,Yahoo Finance yfinance auto_adjust=True
3175,001280.SZ,中国铀业,A,-7.830989710862546,2025-12-03,67.7234115600586,2026-07-31,62.41999816894531,Yahoo Finance yfinance auto_adjust=True
3176,603458.SH,勘设股份,A,-7.834595715231385,2025-07-31,9.1899995803833,2026-07-31,8.470000267028809,Yahoo Finance yfinance auto_adjust=True
3177,603112.SH,华翔股份,A,-7.840479950433332,2025-07-31,15.776991844177246,2026-07-31,14.539999961853027,Yahoo Finance yfinance auto_adjust=True
3178,603885.SH,吉祥航空,A,-7.845921672491663,2025-07-31,12.012490272521973,2026-07-31,11.069999694824219,Yahoo Finance yfinance auto_adjust=True
3179,300882.SZ,万胜智能,A,-7.8469428073247744,2025-07-31,15.886613845825195,2026-07-31,14.640000343322754,Yahoo Finance yfinance auto_adjust=True
3180,000925.SZ,众合科技,A,-7.8567420625454965,2025-07-31,7.716245651245117,2026-07-31,7.110000133514404,Yahoo Finance yfinance auto_adjust=True
3181,01979.HK,天宝集团,HK,-7.864866702493356,2025-08-01,1.823408603668213,2026-07-31,1.6799999475479126,Yahoo Finance chart adjclose
3182,002677.SZ,浙江美大,A,-7.877434068102119,2025-07-31,6.88213586807251,2026-07-31,6.340000152587891,Yahoo Finance yfinance auto_adjust=True
3183,001360.SZ,南矿集团,A,-7.879118840135768,2025-07-31,15.989859580993652,2026-07-31,14.729999542236328,Yahoo Finance yfinance auto_adjust=True
3184,603299.SH,苏盐井神,A,-7.8815510845630765,2025-07-31,10.215108871459961,2026-07-31,9.40999984741211,Yahoo Finance yfinance auto_adjust=True
3185,603901.SH,永创智能,A,-7.891966180043064,2025-07-31,9.98827075958252,2026-07-31,9.199999809265137,Yahoo Finance yfinance auto_adjust=True
3186,002920.SZ,德赛西威,A,-7.899364585280189,2025-07-31,100.37932586669922,2026-07-31,92.44999694824219,Yahoo Finance yfinance auto_adjust=True
3187,000726.SZ,鲁  泰Ａ,A,-7.918051805835901,2025-07-31,6.505074977874756,2026-07-31,5.989999771118164,Yahoo Finance yfinance auto_adjust=True
3188,603928.SH,兴业股份,A,-7.922842964596521,2025-07-31,11.522944450378418,2026-07-31,10.609999656677246,Yahoo Finance yfinance auto_adjust=True
3189,001207.SZ,联科科技,A,-7.925776831887332,2025-07-31,16.747358322143555,2026-07-31,15.420000076293945,Yahoo Finance yfinance auto_adjust=True
3190,600792.SH,云煤能源,A,-7.936506735104154,2025-07-31,3.7799999713897705,2026-07-31,3.4800000190734863,Yahoo Finance yfinance auto_adjust=True
3191,605069.SH,正和生态,A,-7.948241043746329,2025-07-31,10.819999694824219,2026-07-31,9.960000038146973,Yahoo Finance yfinance auto_adjust=True
3192,600556.SH,天下秀,A,-7.9509590537322765,2025-07-31,5.0842461585998535,2026-07-31,4.679999828338623,Yahoo Finance yfinance auto_adjust=True
3193,600739.SH,辽宁成大,A,-7.952619328703625,2025-07-31,11.819999694824219,2026-07-31,10.880000114440918,Yahoo Finance yfinance auto_adjust=True
3194,601860.SH,紫金银行,A,-7.971619868236868,2025-07-31,2.8904128074645996,2026-07-31,2.6600000858306885,Yahoo Finance yfinance auto_adjust=True
3195,002111.SZ,威海广泰,A,-7.9741288402502715,2025-07-31,10.377516746520996,2026-07-31,9.550000190734863,Yahoo Finance yfinance auto_adjust=True
3196,000826.SZ,启迪环境,A,-7.9787221563083595,2025-07-31,1.8799999952316284,2026-07-31,1.7300000190734863,Yahoo Finance yfinance auto_adjust=True
3197,300198.SZ,ST纳川,A,-7.98319529766458,2025-07-31,2.380000114440918,2026-07-31,2.190000057220459,Yahoo Finance yfinance auto_adjust=True
3198,300770.SZ,新媒股份,A,-7.993438502783112,2025-07-31,38.442909240722656,2026-07-31,35.369998931884766,Yahoo Finance yfinance auto_adjust=True
3199,002559.SZ,亚威股份,A,-7.9972517233561025,2025-07-31,9.564931869506836,2026-07-31,8.800000190734863,Yahoo Finance yfinance auto_adjust=True
3200,300509.SZ,新美星,A,-8.002075034235656,2025-07-31,8.717588424682617,2026-07-31,8.020000457763672,Yahoo Finance yfinance auto_adjust=True
3201,601992.SH,金隅集团,A,-8.010950504568825,2025-07-31,1.5436619520187378,2026-07-31,1.4199999570846558,Yahoo Finance yfinance auto_adjust=True
3202,002441.SZ,众业达,A,-8.014727440341318,2025-07-31,8.610074043273926,2026-07-31,7.920000076293945,Yahoo Finance yfinance auto_adjust=True
3203,600121.SH,郑州煤电,A,-8.048778814194346,2025-07-31,4.099999904632568,2026-07-31,3.7699999809265137,Yahoo Finance yfinance auto_adjust=True
3204,601158.SH,重庆水务,A,-8.05469604115917,2025-07-31,4.589684963226318,2026-07-31,4.21999979019165,Yahoo Finance yfinance auto_adjust=True
3205,300846.SZ,首都在线,A,-8.092486929930388,2025-07-31,20.760000228881836,2026-07-31,19.079999923706055,Yahoo Finance yfinance auto_adjust=True
3206,300277.SZ,海联讯,A,-8.11137107127683,2025-07-31,12.634860038757324,2026-07-31,11.609999656677246,Yahoo Finance yfinance auto_adjust=True
3207,002641.SZ,公元股份,A,-8.133700077579931,2025-07-31,4.169102191925049,2026-07-31,3.8299999237060547,Yahoo Finance yfinance auto_adjust=True
3208,688568.SH,中科星图,A,-8.136501406325669,2025-07-31,36.488922119140625,2026-07-31,33.52000045776367,Yahoo Finance yfinance auto_adjust=True
3209,300893.SZ,松原安全,A,-8.154667629867618,2025-07-31,17.24638557434082,2026-07-31,15.84000015258789,Yahoo Finance yfinance auto_adjust=True
3210,600133.SH,东湖高新,A,-8.16775728984278,2025-07-31,9.02733039855957,2026-07-31,8.289999961853027,Yahoo Finance yfinance auto_adjust=True
3211,601116.SH,三江购物,A,-8.190810576095197,2025-07-31,11.262489318847656,2026-07-31,10.34000015258789,Yahoo Finance yfinance auto_adjust=True
3212,301329.SZ,信音电子,A,-8.19609568016415,2025-07-31,20.086292266845703,2026-07-31,18.440000534057617,Yahoo Finance yfinance auto_adjust=True
3213,002140.SZ,东华科技,A,-8.21874101521094,2025-07-31,9.795027732849121,2026-07-31,8.989999771118164,Yahoo Finance yfinance auto_adjust=True
3214,002339.SZ,积成电子,A,-8.241235475391385,2025-07-31,7.781272888183594,2026-07-31,7.139999866485596,Yahoo Finance yfinance auto_adjust=True
3215,002005.SZ,ST德豪,A,-8.26446451976982,2025-07-31,2.4200000762939453,2026-07-31,2.2200000286102295,Yahoo Finance yfinance auto_adjust=True
3216,603822.SH,ST嘉澳,A,-8.264613550361133,2025-07-31,59.8569450378418,2026-07-31,54.90999984741211,Yahoo Finance yfinance auto_adjust=True
3217,000917.SZ,电广传媒,A,-8.279910229526388,2025-07-31,7.664624214172363,2026-07-31,7.03000020980835,Yahoo Finance yfinance auto_adjust=True
3218,000537.SZ,中绿电,A,-8.286677073004912,2025-07-31,8.461148262023926,2026-07-31,7.760000228881836,Yahoo Finance yfinance auto_adjust=True
3219,600479.SH,千金药业,A,-8.295648075988426,2025-07-31,10.664706230163574,2026-07-31,9.779999732971191,Yahoo Finance yfinance auto_adjust=True
3220,300252.SZ,金信诺,A,-8.3191813620623,2025-07-31,11.779999732971191,2026-07-31,10.800000190734863,Yahoo Finance yfinance auto_adjust=True
3221,01582.HK,华营建筑,HK,-8.333332742017397,2025-08-01,0.41999998688697815,2026-07-31,0.38499999046325684,Yahoo Finance chart adjclose
3222,000019.SZ,深粮控股,A,-8.346706283734683,2025-07-31,6.677337646484375,2026-07-31,6.119999885559082,Yahoo Finance yfinance auto_adjust=True
3223,300206.SZ,理邦仪器,A,-8.348193838161656,2025-07-31,12.809349060058594,2026-07-31,11.739999771118164,Yahoo Finance yfinance auto_adjust=True
3224,000736.SZ,*ST中地,A,-8.35073274640884,2025-07-31,4.789999961853027,2026-07-31,4.389999866485596,Yahoo Finance yfinance auto_adjust=True
3225,600626.SH,申达股份,A,-8.36189253476748,2025-07-31,3.8084592819213867,2026-07-31,3.490000009536743,Yahoo Finance yfinance auto_adjust=True
3226,01955.HK,庄臣控股,HK,-8.37057014279683,2025-08-01,0.6111573576927185,2026-07-31,0.5600000023841858,Yahoo Finance chart adjclose
3227,600757.SH,长江传媒,A,-8.376969320331407,2025-07-31,8.949714660644531,2026-07-31,8.199999809265137,Yahoo Finance yfinance auto_adjust=True
3228,01186.HK,中国铁建,HK,-8.377092438900313,2025-08-01,5.1733784675598145,2026-07-31,4.739999771118164,Yahoo Finance chart adjclose
3229,300825.SZ,阿尔特,A,-8.383745366807716,2025-07-31,11.569999694824219,2026-07-31,10.600000381469727,Yahoo Finance yfinance auto_adjust=True
3230,000970.SZ,中科三环,A,-8.389927439105993,2025-07-31,13.19723892211914,2026-07-31,12.09000015258789,Yahoo Finance yfinance auto_adjust=True
3231,002823.SZ,凯中精密,A,-8.397305844143578,2025-07-31,14.082554817199707,2026-07-31,12.899999618530273,Yahoo Finance yfinance auto_adjust=True
3232,600935.SH,华塑股份,A,-8.400001525878908,2025-07-31,2.5,2026-07-31,2.2899999618530273,Yahoo Finance yfinance auto_adjust=True
3233,301589.SZ,诺瓦星云,A,-8.412603401492902,2025-07-31,149.9442138671875,2026-07-31,137.3300018310547,Yahoo Finance yfinance auto_adjust=True
3234,603192.SH,汇得科技,A,-8.438914221824268,2025-07-31,21.723201751708984,2026-07-31,19.889999389648438,Yahoo Finance yfinance auto_adjust=True
3235,300577.SZ,开润股份,A,-8.450615236988824,2025-07-31,19.803518295288086,2026-07-31,18.1299991607666,Yahoo Finance yfinance auto_adjust=True
3236,300264.SZ,佳创视讯,A,-8.454809218916425,2025-07-31,6.860000133514404,2026-07-31,6.28000020980835,Yahoo Finance yfinance auto_adjust=True
3237,002800.SZ,天顺股份,A,-8.46715228877314,2025-07-31,13.699999809265137,2026-07-31,12.539999961853027,Yahoo Finance yfinance auto_adjust=True
3238,02423.HK,贝壳-W,HK,-8.467996867630367,2025-08-01,47.43695831298828,2026-07-31,43.41999816894531,Yahoo Finance chart adjclose
3239,603239.SH,浙江仙通,A,-8.47699462703696,2025-07-31,15.296700477600098,2026-07-31,14.0,Yahoo Finance yfinance auto_adjust=True
3240,01830.HK,完美医疗,HK,-8.485027002871204,2025-08-01,1.4751684665679932,2026-07-31,1.350000023841858,Yahoo Finance chart adjclose
3241,01916.HK,江西银行,HK,-8.517125394408131,2025-08-01,0.6558604836463928,2026-07-31,0.6000000238418579,Yahoo Finance chart adjclose
3242,601798.SH,蓝科高新,A,-8.526185213308835,2025-07-31,8.210000038146973,2026-07-31,7.510000228881836,Yahoo Finance yfinance auto_adjust=True
3243,000850.SZ,华茂股份,A,-8.54978559960533,2025-07-31,4.330224990844727,2026-07-31,3.9600000381469727,Yahoo Finance yfinance auto_adjust=True
3244,600022.SH,山东钢铁,A,-8.552631372560093,2025-07-31,1.5199999809265137,2026-07-31,1.3899999856948853,Yahoo Finance yfinance auto_adjust=True
3245,02128.HK,中国联塑,HK,-8.559100545665398,2025-08-01,4.42909049987793,2026-07-31,4.050000190734863,Yahoo Finance chart adjclose
3246,603948.SH,建业股份,A,-8.58499201170867,2025-07-31,21.21095848083496,2026-07-31,19.389999389648438,Yahoo Finance yfinance auto_adjust=True
3247,002708.SZ,光洋股份,A,-8.598131707416634,2025-07-31,10.699999809265137,2026-07-31,9.779999732971191,Yahoo Finance yfinance auto_adjust=True
3248,01488.HK,百福控股,HK,-8.602148676927513,2025-08-01,0.9300000071525574,2026-07-31,0.8500000238418579,Yahoo Finance chart adjclose
3249,603599.SH,广信股份,A,-8.609560391296188,2025-07-31,11.7080078125,2026-07-31,10.699999809265137,Yahoo Finance yfinance auto_adjust=True
3250,002107.SZ,沃华医药,A,-8.633406645887975,2025-07-31,6.621676445007324,2026-07-31,6.050000190734863,Yahoo Finance yfinance auto_adjust=True
3251,002382.SZ,蓝帆医疗,A,-8.634218583654384,2025-07-31,6.369999885559082,2026-07-31,5.820000171661377,Yahoo Finance yfinance auto_adjust=True
3252,300782.SZ,卓胜微,A,-8.635994733931785,2025-07-31,74.33999633789062,2026-07-31,67.91999816894531,Yahoo Finance yfinance auto_adjust=True
3253,002053.SZ,云南能投,A,-8.649665619369628,2025-07-31,10.508993148803711,2026-07-31,9.600000381469727,Yahoo Finance yfinance auto_adjust=True
3254,002594.SZ,比亚迪,A,-8.658563349051763,2025-07-31,104.84835815429688,2026-07-31,95.7699966430664,Yahoo Finance yfinance auto_adjust=True
3255,002360.SZ,同德化工,A,-8.679245690426896,2025-07-31,5.300000190734863,2026-07-31,4.840000152587891,Yahoo Finance yfinance auto_adjust=True
3256,600820.SH,隧道股份,A,-8.689780374463396,2025-07-31,6.187697410583496,2026-07-31,5.650000095367432,Yahoo Finance yfinance auto_adjust=True
3257,001219.SZ,青岛食品,A,-8.710550712018206,2025-07-31,13.616031646728516,2026-07-31,12.430000305175781,Yahoo Finance yfinance auto_adjust=True
3258,002275.SZ,桂林三金,A,-8.72146017629557,2025-07-31,14.559829711914062,2026-07-31,13.289999961853027,Yahoo Finance yfinance auto_adjust=True
3259,000566.SZ,海南海药,A,-8.72274043807817,2025-07-31,6.420000076293945,2026-07-31,5.860000133514404,Yahoo Finance yfinance auto_adjust=True
3260,002277.SZ,友阿股份,A,-8.723747283703698,2025-07-31,6.190000057220459,2026-07-31,5.650000095367432,Yahoo Finance yfinance auto_adjust=True
3261,600558.SH,大西洋,A,-8.733236667822963,2025-07-31,5.270264625549316,2026-07-31,4.809999942779541,Yahoo Finance yfinance auto_adjust=True
3262,603007.SH,*ST花王,A,-8.73984346560589,2025-07-31,4.920000076293945,2026-07-31,4.489999771118164,Yahoo Finance yfinance auto_adjust=True
3263,600986.SH,浙文互联,A,-8.751453324039183,2025-07-31,8.569999694824219,2026-07-31,7.820000171661377,Yahoo Finance yfinance auto_adjust=True
3264,603693.SH,江苏新能,A,-8.758527094689239,2025-07-31,13.283432960510254,2026-07-31,12.119999885559082,Yahoo Finance yfinance auto_adjust=True
3265,300133.SZ,华策影视,A,-8.760985926694753,2025-07-31,7.650236129760742,2026-07-31,6.980000019073486,Yahoo Finance yfinance auto_adjust=True
3266,603055.SH,台华新材,A,-8.761595752615047,2025-07-31,9.43681526184082,2026-07-31,8.609999656677246,Yahoo Finance yfinance auto_adjust=True
3267,02279.HK,雍禾医疗,HK,-8.774074481473049,2025-08-01,2.674678325653076,2026-07-31,2.440000057220459,Yahoo Finance chart adjclose
3268,002114.SZ,罗平锌电,A,-8.774368421531499,2025-07-31,7.179999828338623,2026-07-31,6.550000190734863,Yahoo Finance yfinance auto_adjust=True
3269,002829.SZ,星网宇达,A,-8.783469980358516,2025-07-31,21.290000915527344,2026-07-31,19.420000076293945,Yahoo Finance yfinance auto_adjust=True
3270,603985.SH,恒润股份,A,-8.803178674678303,2025-07-31,16.689178466796875,2026-07-31,15.220000267028809,Yahoo Finance yfinance auto_adjust=True
3271,002242.SZ,九阳股份,A,-8.810678062333487,2025-07-31,9.93537425994873,2026-07-31,9.0600004196167,Yahoo Finance yfinance auto_adjust=True
3272,301042.SZ,安联锐视,A,-8.812154934633698,2025-07-31,28.94025993347168,2026-07-31,26.389999389648438,Yahoo Finance yfinance auto_adjust=True
3273,000900.SZ,现代投资,A,-8.817317015493542,2025-07-31,4.123589992523193,2026-07-31,3.759999990463257,Yahoo Finance yfinance auto_adjust=True
3274,300569.SZ,天能重工,A,-8.846590926767139,2025-07-31,5.364582538604736,2026-07-31,4.889999866485596,Yahoo Finance yfinance auto_adjust=True
3275,300864.SZ,南大环境,A,-8.86422209312605,2025-07-31,19.827558517456055,2026-07-31,18.06999969482422,Yahoo Finance yfinance auto_adjust=True
3276,600168.SH,武汉控股,A,-8.87964417940318,2025-07-31,4.708058834075928,2026-07-31,4.289999961853027,Yahoo Finance yfinance auto_adjust=True
3277,603799.SH,华友钴业,A,-8.88369767079723,2025-07-31,43.80116271972656,2026-07-31,39.90999984741211,Yahoo Finance yfinance auto_adjust=True
3278,000066.SZ,中国长城,A,-8.88594270137485,2025-07-31,15.079999923706055,2026-07-31,13.739999771118164,Yahoo Finance yfinance auto_adjust=True
3279,000498.SZ,山东路桥,A,-8.887127196014488,2025-07-31,5.597452640533447,2026-07-31,5.099999904632568,Yahoo Finance yfinance auto_adjust=True
3280,688571.SH,杭华股份,A,-8.907830549247498,2025-07-31,8.03581714630127,2026-07-31,7.320000171661377,Yahoo Finance yfinance auto_adjust=True
3281,688509.SH,正元地信,A,-8.908677926962561,2025-07-31,4.489999771118164,2026-07-31,4.090000152587891,Yahoo Finance yfinance auto_adjust=True
3282,300138.SZ,晨光生物,A,-8.93185146253861,2025-07-31,12.781637191772461,2026-07-31,11.640000343322754,Yahoo Finance yfinance auto_adjust=True
3283,688283.SH,坤恒顺维,A,-8.948126406609802,2025-07-31,27.654565811157227,2026-07-31,25.18000030517578,Yahoo Finance yfinance auto_adjust=True
3284,600135.SH,乐凯胶片,A,-8.949417040292184,2025-07-31,7.710000038146973,2026-07-31,7.019999980926514,Yahoo Finance yfinance auto_adjust=True
3285,603270.SH,金帝股份,A,-8.954008624715993,2025-07-31,25.931949615478516,2026-07-31,23.610000610351562,Yahoo Finance yfinance auto_adjust=True
3286,605018.SH,长华集团,A,-8.959614579013774,2025-07-31,12.609787940979004,2026-07-31,11.479999542236328,Yahoo Finance yfinance auto_adjust=True
3287,000978.SZ,桂林旅游,A,-8.96445042525843,2025-07-31,6.46999979019165,2026-07-31,5.889999866485596,Yahoo Finance yfinance auto_adjust=True
3288,600351.SH,亚宝药业,A,-8.967967242196773,2025-07-31,7.107388019561768,2026-07-31,6.46999979019165,Yahoo Finance yfinance auto_adjust=True
3289,603368.SH,柳药集团,A,-8.96884591454743,2025-07-31,17.323740005493164,2026-07-31,15.770000457763672,Yahoo Finance yfinance auto_adjust=True
3290,01576.HK,齐鲁高速,HK,-8.979589794728437,2025-08-01,1.8347532749176025,2026-07-31,1.6699999570846558,Yahoo Finance chart adjclose
3291,601607.SH,上海医药,A,-8.981073573845677,2025-07-31,18.52362060546875,2026-07-31,16.860000610351562,Yahoo Finance yfinance auto_adjust=True
3292,02111.HK,超盈国际控股,HK,-8.985541179156487,2025-08-01,2.614969253540039,2026-07-31,2.380000114440918,Yahoo Finance chart adjclose
3293,01857.HK,中国光大水务,HK,-8.994299919341742,2025-08-01,1.4834235906600952,2026-07-31,1.350000023841858,Yahoo Finance chart adjclose
3294,002893.SZ,京能热力,A,-8.998260678551429,2025-07-31,10.593204498291016,2026-07-31,9.640000343322754,Yahoo Finance yfinance auto_adjust=True
3295,300024.SZ,机器人,A,-8.999405322778964,2025-07-31,16.889999389648438,2026-07-31,15.369999885559082,Yahoo Finance yfinance auto_adjust=True
3296,603324.SH,盛剑科技,A,-9.032261987324052,2025-07-31,26.350000381469727,2026-07-31,23.969999313354492,Yahoo Finance yfinance auto_adjust=True
3297,600028.SH,中国石化,A,-9.039664769182487,2025-07-31,5.782740592956543,2026-07-31,5.260000228881836,Yahoo Finance yfinance auto_adjust=True
3298,688563.SH,航材股份,A,-9.046236934746776,2025-07-31,56.732120513916016,2026-07-31,51.599998474121094,Yahoo Finance yfinance auto_adjust=True
3299,301512.SZ,智信精密,A,-9.06828384706876,2025-07-31,30.605382919311523,2026-07-31,27.829999923706055,Yahoo Finance yfinance auto_adjust=True
3300,002886.SZ,沃特股份,A,-9.07033896600742,2025-07-31,19.157665252685547,2026-07-31,17.420000076293945,Yahoo Finance yfinance auto_adjust=True
3301,002758.SZ,浙农股份,A,-9.090225548251784,2025-07-31,8.700934410095215,2026-07-31,7.909999847412109,Yahoo Finance yfinance auto_adjust=True
3302,06123.HK,圆通国际快递,HK,-9.090909090909093,2025-08-01,1.3200000524520874,2026-07-31,1.2000000476837158,Yahoo Finance chart adjclose
3303,02439.HK,中宝新材,HK,-9.090909090909093,2025-08-01,0.33000001311302185,2026-07-31,0.30000001192092896,Yahoo Finance chart adjclose
3304,01825.HK,STERLING GP,HK,-9.090911061310525,2025-08-01,1.100000023841858,2026-07-31,1.0,Yahoo Finance chart adjclose
3305,08367.HK,倩碧控股,HK,-9.090911061310525,2025-08-01,0.2750000059604645,2026-07-31,0.25,Yahoo Finance chart adjclose
3306,600372.SH,中航机载,A,-9.09361127543763,2025-07-31,12.474370956420898,2026-07-31,11.34000015258789,Yahoo Finance yfinance auto_adjust=True
3307,002849.SZ,威星智能,A,-9.10144719870254,2025-07-31,14.961734771728516,2026-07-31,13.600000381469727,Yahoo Finance yfinance auto_adjust=True
3308,000709.SZ,河钢股份,A,-9.101937396894455,2025-07-31,2.354285717010498,2026-07-31,2.140000104904175,Yahoo Finance yfinance auto_adjust=True
3309,002978.SZ,安宁股份,A,-9.133585476097084,2025-07-31,29.262737274169922,2026-07-31,26.59000015258789,Yahoo Finance yfinance auto_adjust=True
3310,600727.SH,鲁北化工,A,-9.181301904501659,2025-07-31,8.026981353759766,2026-07-31,7.289999961853027,Yahoo Finance yfinance auto_adjust=True
3311,603836.SH,海程邦达,A,-9.18590981074685,2025-07-31,9.414838790893555,2026-07-31,8.550000190734863,Yahoo Finance yfinance auto_adjust=True
3312,301198.SZ,喜悦智行,A,-9.192445162704288,2025-07-31,11.640000343322754,2026-07-31,10.569999694824219,Yahoo Finance yfinance auto_adjust=True
3313,603656.SH,泰禾智能,A,-9.196242513503295,2025-07-31,19.0190372467041,2026-07-31,17.270000457763672,Yahoo Finance yfinance auto_adjust=True
3314,603209.SH,兴通股份,A,-9.201011922920932,2025-07-31,14.801926612854004,2026-07-31,13.4399995803833,Yahoo Finance yfinance auto_adjust=True
3315,300055.SZ,万邦达,A,-9.210115116226781,2025-07-31,6.245189189910889,2026-07-31,5.670000076293945,Yahoo Finance yfinance auto_adjust=True
3316,601368.SH,绿城水务,A,-9.223562017022147,2025-07-31,4.89113712310791,2026-07-31,4.440000057220459,Yahoo Finance yfinance auto_adjust=True
3317,000025.SZ,特  力Ａ,A,-9.224254427913381,2025-07-31,16.77760887145996,2026-07-31,15.229999542236328,Yahoo Finance yfinance auto_adjust=True
3318,02558.HK,晋商银行,HK,-9.271335443455019,2025-08-01,1.3116031885147095,2026-07-31,1.190000057220459,Yahoo Finance chart adjclose
3319,603607.SH,京华激光,A,-9.294304562883271,2025-07-31,22.490318298339844,2026-07-31,20.399999618530273,Yahoo Finance yfinance auto_adjust=True
3320,688351.SH,微电生理,A,-9.3043232567368,2025-07-31,21.831249237060547,2026-07-31,19.799999237060547,Yahoo Finance yfinance auto_adjust=True
3321,300820.SZ,英杰电气,A,-9.315724655920999,2025-07-31,48.299442291259766,2026-07-31,43.79999923706055,Yahoo Finance yfinance auto_adjust=True
3322,001231.SZ,农心科技,A,-9.329446469444836,2025-07-31,20.579999923706055,2026-07-31,18.65999984741211,Yahoo Finance yfinance auto_adjust=True
3323,02020.HK,安踏体育,HK,-9.335779284720424,2025-08-01,87.07955169677734,2026-07-31,78.94999694824219,Yahoo Finance chart adjclose
3324,300901.SZ,中胤时尚,A,-9.33647118117291,2025-07-31,17.030000686645508,2026-07-31,15.4399995803833,Yahoo Finance yfinance auto_adjust=True
3325,601021.SH,春秋航空,A,-9.348447262184735,2025-07-31,51.84687805175781,2026-07-31,47.0,Yahoo Finance yfinance auto_adjust=True
3326,600775.SH,南京熊猫,A,-9.362203468252028,2025-07-31,10.790200233459473,2026-07-31,9.779999732971191,Yahoo Finance yfinance auto_adjust=True
3327,08091.HK,奥传思维控股,HK,-9.3750069121594,2025-08-01,0.03200000151991844,2026-07-31,0.028999999165534973,Yahoo Finance chart adjclose
3328,300004.SZ,南风股份,A,-9.389678692364834,2025-07-31,8.520000457763672,2026-07-31,7.71999979019165,Yahoo Finance yfinance auto_adjust=True
3329,603267.SH,鸿远电子,A,-9.402095323940951,2025-07-31,54.55976104736328,2026-07-31,49.43000030517578,Yahoo Finance yfinance auto_adjust=True
3330,01252.HK,中国天瑞水泥,HK,-9.433959399563019,2025-08-01,0.26499998569488525,2026-07-31,0.23999999463558197,Yahoo Finance chart adjclose
3331,000586.SZ,汇源通信,A,-9.438780516563849,2025-07-31,11.760000228881836,2026-07-31,10.649999618530273,Yahoo Finance yfinance auto_adjust=True
3332,603194.SH,中力股份,A,-9.444191453626294,2025-07-31,38.82688522338867,2026-07-31,35.15999984741211,Yahoo Finance yfinance auto_adjust=True
3333,600266.SH,城建发展,A,-9.450674689248418,2025-07-31,4.583137512207031,2026-07-31,4.150000095367432,Yahoo Finance yfinance auto_adjust=True
3334,301186.SZ,超达装备,A,-9.451330033453454,2025-07-31,32.3582878112793,2026-07-31,29.299999237060547,Yahoo Finance yfinance auto_adjust=True
3335,002953.SZ,日丰股份,A,-9.453855204763695,2025-07-31,10.480843544006348,2026-07-31,9.489999771118164,Yahoo Finance yfinance auto_adjust=True
3336,688486.SH,龙迅股份,A,-9.492203339604233,2025-07-31,46.54847717285156,2026-07-31,42.130001068115234,Yahoo Finance yfinance auto_adjust=True
3337,300008.SZ,天海防务,A,-9.499928388207701,2025-07-31,6.895021915435791,2026-07-31,6.239999771118164,Yahoo Finance yfinance auto_adjust=True
3338,603279.SH,景津装备,A,-9.508365690308008,2025-07-31,14.841151237487793,2026-07-31,13.430000305175781,Yahoo Finance yfinance auto_adjust=True
3339,002612.SZ,朗姿股份,A,-9.51146560202696,2025-07-31,16.34461212158203,2026-07-31,14.789999961853027,Yahoo Finance yfinance auto_adjust=True
3340,06082.HK,壁仞科技,HK,-9.518278776666623,2026-01-02,34.459999084472656,2026-07-31,31.18000030517578,Yahoo Finance chart adjclose
3341,300247.SZ,融捷健康,A,-9.546541525175577,2025-07-31,4.190000057220459,2026-07-31,3.7899999618530273,Yahoo Finance yfinance auto_adjust=True
3342,300241.SZ,瑞丰光电,A,-9.558249960536426,2025-07-31,5.793784141540527,2026-07-31,5.239999771118164,Yahoo Finance yfinance auto_adjust=True
3343,06862.HK,海底捞,HK,-9.565222752661985,2025-08-01,13.147597312927246,2026-07-31,11.890000343322754,Yahoo Finance chart adjclose
3344,300853.SZ,申昊科技,A,-9.56878803779887,2025-07-31,24.350000381469727,2026-07-31,22.020000457763672,Yahoo Finance yfinance auto_adjust=True
3345,603169.SH,兰石重装,A,-9.57309503401551,2025-07-31,7.730000019073486,2026-07-31,6.989999771118164,Yahoo Finance yfinance auto_adjust=True
3346,01971.HK,弘阳服务,HK,-9.58903986554499,2025-08-01,0.36500000953674316,2026-07-31,0.33000001311302185,Yahoo Finance chart adjclose
3347,002474.SZ,榕基软件,A,-9.606984838521559,2025-07-31,6.869999885559082,2026-07-31,6.210000038146973,Yahoo Finance yfinance auto_adjust=True
3348,601888.SH,中国中免,A,-9.61800568004325,2025-07-31,64.18313598632812,2026-07-31,58.0099983215332,Yahoo Finance yfinance auto_adjust=True
3349,300786.SZ,国林科技,A,-9.624258607806501,2025-07-31,15.170000076293945,2026-07-31,13.710000038146973,Yahoo Finance yfinance auto_adjust=True
3350,002179.SZ,中航光电,A,-9.631110601600346,2025-07-31,37.66783142089844,2026-07-31,34.040000915527344,Yahoo Finance yfinance auto_adjust=True
3351,01305.HK,伟志控股,HK,-9.638552399916433,2025-08-01,0.8299999833106995,2026-07-31,0.75,Yahoo Finance chart adjclose
3352,605033.SH,美邦股份,A,-9.657037850832973,2025-07-31,21.097381591796875,2026-07-31,19.059999465942383,Yahoo Finance yfinance auto_adjust=True
3353,08282.HK,智傲控股,HK,-9.67741966495652,2025-08-01,0.6200000047683716,2026-07-31,0.5600000023841858,Yahoo Finance chart adjclose
3354,603188.SH,亚邦股份,A,-9.69976547980831,2025-07-31,4.329999923706055,2026-07-31,3.9100000858306885,Yahoo Finance yfinance auto_adjust=True
3355,301563.SZ,云汉芯城,A,-9.700265831114052,2025-10-09,126.32373809814453,2026-07-31,114.06999969482422,Yahoo Finance yfinance auto_adjust=True
3356,301076.SZ,新瀚新材,A,-9.71467460487454,2025-07-31,22.849781036376953,2026-07-31,20.6299991607666,Yahoo Finance yfinance auto_adjust=True
3357,002177.SZ,御银股份,A,-9.714868876468374,2025-07-31,6.346560001373291,2026-07-31,5.730000019073486,Yahoo Finance yfinance auto_adjust=True
3358,002311.SZ,海大集团,A,-9.717357251165081,2025-07-31,54.78350830078125,2026-07-31,49.459999084472656,Yahoo Finance yfinance auto_adjust=True
3359,600903.SH,贵州燃气,A,-9.726682309617264,2025-07-31,6.834799289703369,2026-07-31,6.170000076293945,Yahoo Finance yfinance auto_adjust=True
3360,603598.SH,引力传媒,A,-9.730302313247774,2025-07-31,18.90999984741211,2026-07-31,17.06999969482422,Yahoo Finance yfinance auto_adjust=True
3361,02898.HK,盛禾生物-B,HK,-9.745763625083148,2025-08-01,7.079999923706055,2026-07-31,6.389999866485596,Yahoo Finance chart adjclose
3362,01146.HK,汇成国际控股,HK,-9.771314088962768,2025-08-01,0.0620645210146904,2026-07-31,0.0560000017285347,Yahoo Finance chart adjclose
3363,300845.SZ,捷安高科,A,-9.804353092254757,2025-07-31,10.798747062683105,2026-07-31,9.739999771118164,Yahoo Finance yfinance auto_adjust=True
3364,300880.SZ,迦南智能,A,-9.81892022520421,2025-07-31,19.893308639526367,2026-07-31,17.940000534057617,Yahoo Finance yfinance auto_adjust=True
3365,601098.SH,中南传媒,A,-9.822982652279578,2025-07-31,12.187140464782715,2026-07-31,10.989999771118164,Yahoo Finance yfinance auto_adjust=True
3366,601200.SH,上海环境,A,-9.840915644981552,2025-07-31,7.897151947021484,2026-07-31,7.119999885559082,Yahoo Finance yfinance auto_adjust=True
3367,300109.SZ,新开源,A,-9.846971358356848,2025-07-31,13.687837600708008,2026-07-31,12.34000015258789,Yahoo Finance yfinance auto_adjust=True
3368,603023.SH,威帝股份,A,-9.848487402708962,2025-07-31,3.9600000381469727,2026-07-31,3.569999933242798,Yahoo Finance yfinance auto_adjust=True
3369,300159.SZ,*ST新研,A,-9.872616905774933,2025-07-31,3.140000104904175,2026-07-31,2.8299999237060547,Yahoo Finance yfinance auto_adjust=True
3370,605169.SH,洪通燃气,A,-9.88452442545783,2025-07-31,10.96371078491211,2026-07-31,9.880000114440918,Yahoo Finance yfinance auto_adjust=True
3371,06822.HK,科劲国际,HK,-9.890113273056667,2025-08-01,0.45500001311302185,2026-07-31,0.4099999964237213,Yahoo Finance chart adjclose
3372,600322.SH,津投城开,A,-9.893992188632073,2025-07-31,2.8299999237060547,2026-07-31,2.549999952316284,Yahoo Finance yfinance auto_adjust=True
3373,605365.SH,立达信,A,-9.917311737837963,2025-07-31,14.631002426147461,2026-07-31,13.180000305175781,Yahoo Finance yfinance auto_adjust=True
3374,301077.SZ,星华新材,A,-9.91771580108317,2025-07-31,21.03632354736328,2026-07-31,18.950000762939453,Yahoo Finance yfinance auto_adjust=True
3375,688128.SH,中国电研,A,-9.923261259340022,2025-07-31,24.756668090820312,2026-07-31,22.299999237060547,Yahoo Finance yfinance auto_adjust=True
3376,01093.HK,石药集团,HK,-9.940418292197917,2025-08-01,9.527026176452637,2026-07-31,8.579999923706055,Yahoo Finance chart adjclose
3377,002952.SZ,亚世光电,A,-9.960891505034331,2025-07-31,20.402246475219727,2026-07-31,18.3700008392334,Yahoo Finance yfinance auto_adjust=True
3378,688092.SH,爱科科技,A,-9.961014117799817,2025-07-31,23.44540023803711,2026-07-31,21.110000610351562,Yahoo Finance yfinance auto_adjust=True
3379,02400.HK,心动公司,HK,-9.962118177155554,2025-08-01,52.79999923706055,2026-07-31,47.540000915527344,Yahoo Finance chart adjclose
3380,300999.SZ,金龙鱼,A,-9.962243486372602,2025-07-31,29.954099655151367,2026-07-31,26.969999313354492,Yahoo Finance yfinance auto_adjust=True
3381,06601.HK,朝云集团,HK,-9.970153356765564,2025-08-01,2.476956367492676,2026-07-31,2.2300000190734863,Yahoo Finance chart adjclose
3382,688033.SH,天宜新材,A,-9.97109898284847,2025-07-31,6.920000076293945,2026-07-31,6.230000019073486,Yahoo Finance yfinance auto_adjust=True
3383,601015.SH,陕西黑猫,A,-9.972296552830484,2025-07-31,3.609999895095825,2026-07-31,3.25,Yahoo Finance yfinance auto_adjust=True
3384,688113.SH,联测科技,A,-9.972936381003617,2025-07-31,36.98887634277344,2026-07-31,33.29999923706055,Yahoo Finance yfinance auto_adjust=True
3385,300481.SZ,濮阳惠成,A,-9.994111472922295,2025-07-31,14.621265411376953,2026-07-31,13.15999984741211,Yahoo Finance yfinance auto_adjust=True
3386,002500.SZ,山西证券,A,-9.99628501185933,2025-07-31,6.010862827301025,2026-07-31,5.409999847412109,Yahoo Finance yfinance auto_adjust=True
3387,600589.SH,大位科技,A,-9.99999651094754,2025-07-31,8.199999809265137,2026-07-31,7.380000114440918,Yahoo Finance yfinance auto_adjust=True
3388,002775.SZ,文科股份,A,-10.00000108372079,2025-07-31,4.400000095367432,2026-07-31,3.9600000381469727,Yahoo Finance yfinance auto_adjust=True
3389,01251.HK,华油能源,HK,-10.000002384185791,2025-08-01,0.25,2026-07-31,0.22499999403953552,Yahoo Finance chart adjclose
3390,603393.SH,新天然气,A,-10.024362014112388,2025-07-31,28.729999542236328,2026-07-31,25.850000381469727,Yahoo Finance yfinance auto_adjust=True
3391,002322.SZ,理工能科,A,-10.028316016661753,2025-07-31,11.925973892211914,2026-07-31,10.729999542236328,Yahoo Finance yfinance auto_adjust=True
3392,002822.SZ,*ST中装,A,-10.029502715826656,2025-07-31,3.390000104904175,2026-07-31,3.049999952316284,Yahoo Finance yfinance auto_adjust=True
3393,603126.SH,中材节能,A,-10.033452122937659,2025-07-31,6.591338634490967,2026-07-31,5.929999828338623,Yahoo Finance yfinance auto_adjust=True
3394,300296.SZ,利亚德,A,-10.102089038058482,2025-07-31,5.9623188972473145,2026-07-31,5.360000133514404,Yahoo Finance yfinance auto_adjust=True
3395,301361.SZ,众智科技,A,-10.109232448040684,2025-07-31,31.093294143676758,2026-07-31,27.950000762939453,Yahoo Finance yfinance auto_adjust=True
3396,002797.SZ,第一创业,A,-10.11496601395374,2025-07-31,7.309337139129639,2026-07-31,6.570000171661377,Yahoo Finance yfinance auto_adjust=True
3397,688698.SH,伟创电气,A,-10.122756872418693,2025-07-31,53.00563049316406,2026-07-31,47.63999938964844,Yahoo Finance yfinance auto_adjust=True
3398,603276.SH,恒兴新材,A,-10.123968397698302,2025-07-31,16.244598388671875,2026-07-31,14.600000381469727,Yahoo Finance yfinance auto_adjust=True
3399,600754.SH,锦江酒店,A,-10.126693165629897,2025-07-31,21.68608283996582,2026-07-31,19.489999771118164,Yahoo Finance yfinance auto_adjust=True
3400,300607.SZ,拓斯达,A,-10.147163103232714,2025-07-31,33.165340423583984,2026-07-31,29.799999237060547,Yahoo Finance yfinance auto_adjust=True
3401,301125.SZ,腾亚精工,A,-10.147705976123566,2025-07-31,13.433156967163086,2026-07-31,12.069999694824219,Yahoo Finance yfinance auto_adjust=True
3402,000166.SZ,申万宏源,A,-10.150420379018943,2025-07-31,5.21983528137207,2026-07-31,4.690000057220459,Yahoo Finance yfinance auto_adjust=True
3403,600529.SH,山东药玻,A,-10.16484162680732,2025-07-31,22.21847152709961,2026-07-31,19.959999084472656,Yahoo Finance yfinance auto_adjust=True
3404,688358.SH,祥生医疗,A,-10.165428079768635,2025-07-31,31.135005950927734,2026-07-31,27.969999313354492,Yahoo Finance yfinance auto_adjust=True
3405,603328.SH,依顿电子,A,-10.183843026499106,2025-07-31,10.532626152038574,2026-07-31,9.460000038146973,Yahoo Finance yfinance auto_adjust=True
3406,603915.SH,国茂股份,A,-10.198158729338125,2025-07-31,14.609945297241211,2026-07-31,13.119999885559082,Yahoo Finance yfinance auto_adjust=True
3407,603488.SH,展鹏科技,A,-10.20166194995733,2025-07-31,8.430000305175781,2026-07-31,7.570000171661377,Yahoo Finance yfinance auto_adjust=True
3408,600993.SH,马应龙,A,-10.221066991225625,2025-07-31,27.857315063476562,2026-07-31,25.010000228881836,Yahoo Finance yfinance auto_adjust=True
3409,003007.SZ,直真科技,A,-10.230571300235026,2025-07-31,37.56290054321289,2026-07-31,33.720001220703125,Yahoo Finance yfinance auto_adjust=True
3410,601618.SH,中国中冶,A,-10.231021310450817,2025-07-31,3.0299999713897705,2026-07-31,2.7200000286102295,Yahoo Finance yfinance auto_adjust=True
3411,002669.SZ,康达新材,A,-10.234192506092565,2025-07-31,12.677433013916016,2026-07-31,11.380000114440918,Yahoo Finance yfinance auto_adjust=True
3412,002592.SZ,ST八菱,A,-10.237653888702392,2025-07-31,6.873706340789795,2026-07-31,6.170000076293945,Yahoo Finance yfinance auto_adjust=True
3413,688029.SH,南微医学,A,-10.253154461599511,2025-07-31,81.21733856201172,2026-07-31,72.88999938964844,Yahoo Finance yfinance auto_adjust=True
3414,301421.SZ,波长光电,A,-10.258270803404201,2025-07-31,75.10441589355469,2026-07-31,67.4000015258789,Yahoo Finance yfinance auto_adjust=True
3415,300560.SZ,中富通,A,-10.263717803210149,2025-07-31,14.029999732971191,2026-07-31,12.59000015258789,Yahoo Finance yfinance auto_adjust=True
3416,600365.SH,ST通葡,A,-10.264898832364732,2025-07-31,3.0199999809265137,2026-07-31,2.7100000381469727,Yahoo Finance yfinance auto_adjust=True
3417,688370.SH,丛麟科技,A,-10.271830355530387,2025-07-31,23.60462760925293,2026-07-31,21.18000030517578,Yahoo Finance yfinance auto_adjust=True
3418,601601.SH,中国太保,A,-10.289775389729606,2025-07-31,36.07169723510742,2026-07-31,32.36000061035156,Yahoo Finance yfinance auto_adjust=True
3419,01442.HK,鹰辉物流,HK,-10.294116486933824,2025-08-01,0.3400000035762787,2026-07-31,0.3050000071525574,Yahoo Finance chart adjclose
3420,603075.SH,热威股份,A,-10.301215802285002,2025-07-31,20.379318237304688,2026-07-31,18.280000686645508,Yahoo Finance yfinance auto_adjust=True
3421,002941.SZ,新疆交建,A,-10.3066067671026,2025-07-31,11.728846549987793,2026-07-31,10.520000457763672,Yahoo Finance yfinance auto_adjust=True
3422,002461.SZ,珠江啤酒,A,-10.31479486403265,2025-07-31,10.046250343322754,2026-07-31,9.010000228881836,Yahoo Finance yfinance auto_adjust=True
3423,000799.SZ,酒鬼酒,A,-10.334561540502307,2025-07-31,46.673500061035156,2026-07-31,41.849998474121094,Yahoo Finance yfinance auto_adjust=True
3424,300906.SZ,日月明,A,-10.338942957786069,2025-07-31,28.027774810791016,2026-07-31,25.1299991607666,Yahoo Finance yfinance auto_adjust=True
3425,06838.HK,盈利时,HK,-10.344828294942287,2025-08-01,0.28999999165534973,2026-07-31,0.25999999046325684,Yahoo Finance chart adjclose
3426,600203.SH,福日电子,A,-10.367572699242656,2025-07-31,10.609999656677246,2026-07-31,9.510000228881836,Yahoo Finance yfinance auto_adjust=True
3427,001209.SZ,洪兴股份,A,-10.376170807646679,2025-07-31,17.807764053344727,2026-07-31,15.960000038146973,Yahoo Finance yfinance auto_adjust=True
3428,300217.SZ,东方电热,A,-10.382700678609124,2025-07-31,5.032510757446289,2026-07-31,4.510000228881836,Yahoo Finance yfinance auto_adjust=True
3429,002079.SZ,苏州固锝,A,-10.389026552526436,2025-07-31,9.898341178894043,2026-07-31,8.869999885559082,Yahoo Finance yfinance auto_adjust=True
3430,300034.SZ,钢研高纳,A,-10.405675536107651,2025-07-31,17.3448486328125,2026-07-31,15.539999961853027,Yahoo Finance yfinance auto_adjust=True
3431,603027.SH,千禾味业,A,-10.411934596740425,2025-07-31,8.829300880432129,2026-07-31,7.909999847412109,Yahoo Finance yfinance auto_adjust=True
3432,02233.HK,西部水泥,HK,-10.412268255199963,2025-08-01,1.9980413913726807,2026-07-31,1.7899999618530273,Yahoo Finance chart adjclose
3433,603307.SH,扬州金泉,A,-10.414190135134938,2025-07-31,25.640220642089844,2026-07-31,22.969999313354492,Yahoo Finance yfinance auto_adjust=True
3434,600478.SH,科力远,A,-10.424022820786726,2025-07-31,5.659999847412109,2026-07-31,5.070000171661377,Yahoo Finance yfinance auto_adjust=True
3435,003011.SZ,海象新材,A,-10.449568561299728,2025-07-31,19.81006622314453,2026-07-31,17.739999771118164,Yahoo Finance yfinance auto_adjust=True
3436,688484.SH,南芯科技,A,-10.460056478019176,2025-07-31,38.03889083862305,2026-07-31,34.060001373291016,Yahoo Finance yfinance auto_adjust=True
3437,01193.HK,华润燃气,HK,-10.462161181090368,2025-08-01,18.684837341308594,2026-07-31,16.729999542236328,Yahoo Finance chart adjclose
3438,600302.SH,标准股份,A,-10.47345826467254,2025-07-31,6.96999979019165,2026-07-31,6.239999771118164,Yahoo Finance yfinance auto_adjust=True
3439,02196.HK,复星医药,HK,-10.473808822347252,2025-08-01,18.341001510620117,2026-07-31,16.420000076293945,Yahoo Finance chart adjclose
3440,600377.SH,宁沪高速,A,-10.479450408085778,2025-07-31,13.605814933776855,2026-07-31,12.180000305175781,Yahoo Finance yfinance auto_adjust=True
3441,600955.SH,维远股份,A,-10.500015957161468,2025-07-31,14.044694900512695,2026-07-31,12.569999694824219,Yahoo Finance yfinance auto_adjust=True
3442,002927.SZ,泰永长征,A,-10.506803033839518,2025-07-31,16.18000030517578,2026-07-31,14.479999542236328,Yahoo Finance yfinance auto_adjust=True
3443,002593.SZ,日上集团,A,-10.514142717069308,2025-07-31,4.771703720092773,2026-07-31,4.269999980926514,Yahoo Finance yfinance auto_adjust=True
3444,01450.HK,交个朋友控股,HK,-10.527669763322345,2025-08-01,0.9835442900657654,2026-07-31,0.8799999952316284,Yahoo Finance chart adjclose
3445,002239.SZ,奥特佳,A,-10.580205858221724,2025-07-31,2.862900733947754,2026-07-31,2.559999942779541,Yahoo Finance yfinance auto_adjust=True
3446,002632.SZ,道明光学,A,-10.602253322768995,2025-07-31,8.8816556930542,2026-07-31,7.940000057220459,Yahoo Finance yfinance auto_adjust=True
3447,08509.HK,威扬酒业控股,HK,-10.606068131899294,2025-08-01,0.6600000262260437,2026-07-31,0.5899999737739563,Yahoo Finance chart adjclose
3448,300837.SZ,浙矿股份,A,-10.623096583146175,2025-07-31,23.753339767456055,2026-07-31,21.229999542236328,Yahoo Finance yfinance auto_adjust=True
3449,600790.SH,轻纺城,A,-10.63938176661674,2025-07-31,3.648139476776123,2026-07-31,3.259999990463257,Yahoo Finance yfinance auto_adjust=True
3450,002729.SZ,好利科技,A,-10.640338337801293,2025-07-31,14.615096092224121,2026-07-31,13.0600004196167,Yahoo Finance yfinance auto_adjust=True
3451,300558.SZ,贝达药业,A,-10.661569814140638,2025-07-31,64.36199951171875,2026-07-31,57.5,Yahoo Finance yfinance auto_adjust=True
3452,002637.SZ,赞宇科技,A,-10.704570547178871,2025-07-31,10.851618766784668,2026-07-31,9.6899995803833,Yahoo Finance yfinance auto_adjust=True
3453,01618.HK,中国中冶,HK,-10.714282926653429,2025-08-01,1.6799999475479126,2026-07-31,1.5,Yahoo Finance chart adjclose
3454,01281.HK,鑫达投资控股,HK,-10.71428713977941,2025-08-01,0.1120000034570694,2026-07-31,0.10000000149011612,Yahoo Finance chart adjclose
3455,603171.SH,税友股份,A,-10.719291106180362,2025-07-31,51.09726333618164,2026-07-31,45.619998931884766,Yahoo Finance yfinance auto_adjust=True
3456,688219.SH,会通股份,A,-10.73529378475715,2025-07-31,11.796375274658203,2026-07-31,10.529999732971191,Yahoo Finance yfinance auto_adjust=True
3457,01856.HK,依波路,HK,-10.738252724652309,2025-08-01,1.4900000095367432,2026-07-31,1.3300000429153442,Yahoo Finance chart adjclose
3458,600889.SH,南京化纤,A,-10.76202976318087,2025-07-31,14.960000038146973,2026-07-31,13.350000381469727,Yahoo Finance yfinance auto_adjust=True
3459,600336.SH,澳柯玛,A,-10.762762942574222,2025-07-31,6.88053560256958,2026-07-31,6.139999866485596,Yahoo Finance yfinance auto_adjust=True
3460,688265.SH,南模生物,A,-10.773607709449728,2025-07-31,36.603519439697266,2026-07-31,32.65999984741211,Yahoo Finance yfinance auto_adjust=True
3461,08057.HK,麦迪森控股,HK,-10.776984143476199,2025-08-01,0.6052250266075134,2026-07-31,0.5400000214576721,Yahoo Finance chart adjclose
3462,000637.SZ,茂化实华,A,-10.784309486020959,2025-07-31,4.079999923706055,2026-07-31,3.640000104904175,Yahoo Finance yfinance auto_adjust=True
3463,000563.SZ,陕国投Ａ,A,-10.785699190628971,2025-07-31,3.4747791290283203,2026-07-31,3.0999999046325684,Yahoo Finance yfinance auto_adjust=True
3464,000937.SZ,冀中能源,A,-10.794234187278528,2025-07-31,5.3135576248168945,2026-07-31,4.739999771118164,Yahoo Finance yfinance auto_adjust=True
3465,603135.SH,中重科技,A,-10.829956299902,2025-07-31,9.880000114440918,2026-07-31,8.8100004196167,Yahoo Finance yfinance auto_adjust=True
3466,002063.SZ,远光软件,A,-10.832575895431285,2025-07-31,6.21303129196167,2026-07-31,5.539999961853027,Yahoo Finance yfinance auto_adjust=True
3467,301215.SZ,中汽股份,A,-10.835612402685102,2025-07-31,6.011368751525879,2026-07-31,5.360000133514404,Yahoo Finance yfinance auto_adjust=True
3468,300850.SZ,新强联,A,-10.83722791276498,2025-07-31,32.87246322631836,2026-07-31,29.309999465942383,Yahoo Finance yfinance auto_adjust=True
3469,300980.SZ,祥源新材,A,-10.839227784616568,2025-07-31,22.902448654174805,2026-07-31,20.420000076293945,Yahoo Finance yfinance auto_adjust=True
3470,601686.SH,友发集团,A,-10.840932366033584,2025-07-31,5.832272529602051,2026-07-31,5.199999809265137,Yahoo Finance yfinance auto_adjust=True
3471,002682.SZ,龙洲股份,A,-10.85105899449852,2025-07-31,4.699999809265137,2026-07-31,4.190000057220459,Yahoo Finance yfinance auto_adjust=True
3472,301303.SZ,真兰仪表,A,-10.853971507077887,2025-07-31,15.143692016601562,2026-07-31,13.5,Yahoo Finance yfinance auto_adjust=True
3473,688100.SH,威胜信息,A,-10.856399129956628,2025-07-31,33.597476959228516,2026-07-31,29.950000762939453,Yahoo Finance yfinance auto_adjust=True
3474,01522.HK,京投交通科技,HK,-10.857143090695764,2025-08-01,0.2916666567325592,2026-07-31,0.25999999046325684,Yahoo Finance chart adjclose
3475,002993.SZ,奥海科技,A,-10.859674322392365,2025-07-31,38.54596710205078,2026-07-31,34.36000061035156,Yahoo Finance yfinance auto_adjust=True
3476,688018.SH,乐鑫科技,A,-10.865889360318072,2025-07-31,115.21963500976562,2026-07-31,102.69999694824219,Yahoo Finance yfinance auto_adjust=True
3477,300871.SZ,回盛生物,A,-10.869607489769272,2025-07-31,23.24683952331543,2026-07-31,20.719999313354492,Yahoo Finance yfinance auto_adjust=True
3478,000790.SZ,华神科技,A,-10.874705344510339,2025-07-31,4.230000019073486,2026-07-31,3.7699999809265137,Yahoo Finance yfinance auto_adjust=True
3479,002454.SZ,松芝股份,A,-10.881171812596124,2025-07-31,5.464613914489746,2026-07-31,4.869999885559082,Yahoo Finance yfinance auto_adjust=True
3480,600017.SH,日照港,A,-10.90300967055441,2025-07-31,3.120195150375366,2026-07-31,2.7799999713897705,Yahoo Finance yfinance auto_adjust=True
3481,002200.SZ,*ST交投,A,-10.91160202800694,2025-07-31,7.239999771118164,2026-07-31,6.449999809265137,Yahoo Finance yfinance auto_adjust=True
3482,002162.SZ,悦心健康,A,-10.933936110553233,2025-07-31,4.389999866485596,2026-07-31,3.9100000858306885,Yahoo Finance yfinance auto_adjust=True
3483,601568.SH,北元集团,A,-10.93830114214488,2025-07-31,4.131967067718506,2026-07-31,3.680000066757202,Yahoo Finance yfinance auto_adjust=True
3484,08140.HK,人和科技,HK,-10.948900544425367,2025-08-01,0.13699999451637268,2026-07-31,0.12200000137090683,Yahoo Finance chart adjclose
3485,003000.SZ,劲仔食品,A,-10.952172686020633,2025-07-31,12.195693016052246,2026-07-31,10.859999656677246,Yahoo Finance yfinance auto_adjust=True
3486,08326.HK,同景新能源,HK,-10.967744850591343,2025-08-01,0.1550000011920929,2026-07-31,0.1379999965429306,Yahoo Finance chart adjclose
3487,603128.SH,华贸物流,A,-10.977287466825569,2025-07-31,6.020935535430908,2026-07-31,5.360000133514404,Yahoo Finance yfinance auto_adjust=True
3488,600262.SH,北方股份,A,-10.998799969218808,2025-07-31,15.763832092285156,2026-07-31,14.029999732971191,Yahoo Finance yfinance auto_adjust=True
3489,300656.SZ,民德电子,A,-11.000734869560658,2025-07-31,27.18000030517578,2026-07-31,24.190000534057617,Yahoo Finance yfinance auto_adjust=True
3490,000430.SZ,*ST张股,A,-11.001413159683004,2025-07-31,7.090000152587891,2026-07-31,6.309999942779541,Yahoo Finance yfinance auto_adjust=True
3491,000411.SZ,英特集团,A,-11.003401830039294,2025-07-31,10.674565315246582,2026-07-31,9.5,Yahoo Finance yfinance auto_adjust=True
3492,603231.SH,索宝蛋白,A,-11.009408737705206,2025-07-31,16.586023330688477,2026-07-31,14.760000228881836,Yahoo Finance yfinance auto_adjust=True
3493,300182.SZ,捷成股份,A,-11.012013468663396,2025-07-31,5.731110572814941,2026-07-31,5.099999904632568,Yahoo Finance yfinance auto_adjust=True
3494,600458.SH,时代新材,A,-11.019399646166628,2025-07-31,12.530820846557617,2026-07-31,11.149999618530273,Yahoo Finance yfinance auto_adjust=True
3495,06880.HK,腾邦控股,HK,-11.028418616506897,2026-07-08,295.6000061035156,2026-07-31,263.0,Yahoo Finance chart adjclose
3496,000838.SZ,财信发展,A,-11.032026658082462,2025-07-31,2.809999942779541,2026-07-31,2.5,Yahoo Finance yfinance auto_adjust=True
3497,01086.HK,好孩子国际,HK,-11.039981754873295,2025-08-01,1.0004494190216064,2026-07-31,0.8899999856948853,Yahoo Finance chart adjclose
3498,605118.SH,力鼎光电,A,-11.041044773420495,2025-07-31,31.64380645751953,2026-07-31,28.149999618530273,Yahoo Finance yfinance auto_adjust=True
3499,603969.SH,银龙股份,A,-11.04210557959201,2025-07-31,8.02626895904541,2026-07-31,7.139999866485596,Yahoo Finance yfinance auto_adjust=True
3500,300584.SZ,海辰药业,A,-11.051976168527577,2025-07-31,35.57133483886719,2026-07-31,31.639999389648438,Yahoo Finance yfinance auto_adjust=True
3501,002678.SZ,珠江钢琴,A,-11.065572729292716,2025-07-31,4.880000114440918,2026-07-31,4.340000152587891,Yahoo Finance yfinance auto_adjust=True
3502,603909.SH,建发合诚,A,-11.082891163358644,2025-07-31,9.896858215332031,2026-07-31,8.800000190734863,Yahoo Finance yfinance auto_adjust=True
3503,06993.HK,蓝月亮集团,HK,-11.094847763467897,2025-08-01,3.576845645904541,2026-07-31,3.180000066757202,Yahoo Finance chart adjclose
3504,601022.SH,宁波远洋,A,-11.123102572999855,2025-07-31,9.350011825561523,2026-07-31,8.3100004196167,Yahoo Finance yfinance auto_adjust=True
3505,601727.SH,上海电气,A,-11.127245395525808,2025-07-31,7.763909339904785,2026-07-31,6.900000095367432,Yahoo Finance yfinance auto_adjust=True
3506,002579.SZ,中京电子,A,-11.138408291795908,2025-07-31,12.210000038146973,2026-07-31,10.850000381469727,Yahoo Finance yfinance auto_adjust=True
3507,300207.SZ,欣旺达,A,-11.18309999934195,2025-07-31,21.448619842529297,2026-07-31,19.049999237060547,Yahoo Finance yfinance auto_adjust=True
3508,002813.SZ,路畅科技,A,-11.192425452882414,2025-07-31,23.229999542236328,2026-07-31,20.6299991607666,Yahoo Finance yfinance auto_adjust=True
3509,603219.SH,富佳股份,A,-11.202107766322833,2025-07-31,14.763863563537598,2026-07-31,13.109999656677246,Yahoo Finance yfinance auto_adjust=True
3510,002204.SZ,大连重工,A,-11.227871601122297,2025-07-31,6.094254970550537,2026-07-31,5.409999847412109,Yahoo Finance yfinance auto_adjust=True
3511,002983.SZ,芯瑞达,A,-11.256251031865293,2025-07-31,20.598634719848633,2026-07-31,18.280000686645508,Yahoo Finance yfinance auto_adjust=True
3512,300053.SZ,航宇微,A,-11.258276054396067,2025-07-31,13.59000015258789,2026-07-31,12.0600004196167,Yahoo Finance yfinance auto_adjust=True
3513,02205.HK,康桥悦生活,HK,-11.267603623727451,2025-08-01,0.7099999785423279,2026-07-31,0.6299999952316284,Yahoo Finance chart adjclose
3514,002160.SZ,常铝股份,A,-11.267611072829819,2025-07-31,4.260000228881836,2026-07-31,3.7799999713897705,Yahoo Finance yfinance auto_adjust=True
3515,603987.SH,康德莱,A,-11.30687676556834,2025-07-31,8.25317668914795,2026-07-31,7.320000171661377,Yahoo Finance yfinance auto_adjust=True
3516,300531.SZ,优博讯,A,-11.326040776350354,2025-07-31,19.193910598754883,2026-07-31,17.020000457763672,Yahoo Finance yfinance auto_adjust=True
3517,688550.SH,瑞联新材,A,-11.332475905607698,2025-07-31,40.42066192626953,2026-07-31,35.84000015258789,Yahoo Finance yfinance auto_adjust=True
3518,000980.SZ,众泰汽车,A,-11.340207325840767,2025-07-31,1.940000057220459,2026-07-31,1.7200000286102295,Yahoo Finance yfinance auto_adjust=True
3519,688215.SH,瑞晟智能,A,-11.340679018199317,2025-07-31,35.078094482421875,2026-07-31,31.100000381469727,Yahoo Finance yfinance auto_adjust=True
3520,002148.SZ,北纬科技,A,-11.363639134513459,2025-07-31,7.039999961853027,2026-07-31,6.239999771118164,Yahoo Finance yfinance auto_adjust=True
3521,002032.SZ,苏 泊 尔,A,-11.369502971140555,2025-07-31,49.18171691894531,2026-07-31,43.59000015258789,Yahoo Finance yfinance auto_adjust=True
3522,600131.SH,国网信通,A,-11.377729363224853,2025-07-31,17.670501708984375,2026-07-31,15.65999984741211,Yahoo Finance yfinance auto_adjust=True
3523,01290.HK,中国汇融,HK,-11.381625172136978,2025-08-01,0.5867857336997986,2026-07-31,0.5199999809265137,Yahoo Finance chart adjclose
3524,08419.HK,AV策划推广,HK,-11.392408764108119,2025-08-01,0.07900000363588333,2026-07-31,0.07000000029802322,Yahoo Finance chart adjclose
3525,300048.SZ,合康新能,A,-11.423842079111079,2025-07-31,6.039999961853027,2026-07-31,5.349999904632568,Yahoo Finance yfinance auto_adjust=True
3526,603105.SH,芯能科技,A,-11.424643889840002,2025-07-31,8.117382049560547,2026-07-31,7.190000057220459,Yahoo Finance yfinance auto_adjust=True
3527,603977.SH,国泰集团,A,-11.432019495952073,2025-07-31,12.826305389404297,2026-07-31,11.359999656677246,Yahoo Finance yfinance auto_adjust=True
3528,600132.SH,重庆啤酒,A,-11.439457691596012,2025-07-31,52.52903747558594,2026-07-31,46.52000045776367,Yahoo Finance yfinance auto_adjust=True
3529,688609.SH,九联科技,A,-11.447493595855729,2025-07-31,10.569999694824219,2026-07-31,9.359999656677246,Yahoo Finance yfinance auto_adjust=True
3530,600313.SH,农发种业,A,-11.459193647065991,2025-07-31,6.369944095611572,2026-07-31,5.639999866485596,Yahoo Finance yfinance auto_adjust=True
3531,000059.SZ,华锦股份,A,-11.472273469300298,2025-07-31,5.230000019073486,2026-07-31,4.630000114440918,Yahoo Finance yfinance auto_adjust=True
3532,01111.HK,华视集团控股,HK,-11.47540853456669,2025-08-01,0.24400000274181366,2026-07-31,0.2160000056028366,Yahoo Finance chart adjclose
3533,01881.HK,富豪产业信托,HK,-11.478596234368066,2025-08-01,0.4405713975429535,2026-07-31,0.38999998569488525,Yahoo Finance chart adjclose
3534,603858.SH,步长制药,A,-11.505455310344848,2025-07-31,17.80900764465332,2026-07-31,15.760000228881836,Yahoo Finance yfinance auto_adjust=True
3535,688182.SH,灿勤科技,A,-11.507687912566023,2025-07-31,25.584142684936523,2026-07-31,22.639999389648438,Yahoo Finance yfinance auto_adjust=True
3536,01257.HK,中国光大绿色环保,HK,-11.52915218251077,2025-08-01,0.8590400218963623,2026-07-31,0.7599999904632568,Yahoo Finance chart adjclose
3537,08423.HK,CHI HO DEV,HK,-11.538463191696845,2025-08-01,0.052000001072883606,2026-07-31,0.04600000008940697,Yahoo Finance chart adjclose
3538,01002.HK,威铖国际,HK,-11.538463191696845,2025-08-01,0.052000001072883606,2026-07-31,0.04600000008940697,Yahoo Finance chart adjclose
3539,300832.SZ,新产业,A,-11.554720122185657,2025-07-31,54.12385940551758,2026-07-31,47.869998931884766,Yahoo Finance yfinance auto_adjust=True
3540,000793.SZ,ST华闻,A,-11.58301012579388,2025-07-31,2.5899999141693115,2026-07-31,2.2899999618530273,Yahoo Finance yfinance auto_adjust=True
3541,600694.SH,大商股份,A,-11.605423830607586,2025-07-31,16.641292572021484,2026-07-31,14.710000038146973,Yahoo Finance yfinance auto_adjust=True
3542,300434.SZ,金石亚药,A,-11.60733174488634,2025-07-31,11.188711166381836,2026-07-31,9.890000343322754,Yahoo Finance yfinance auto_adjust=True
3543,000523.SZ,红棉股份,A,-11.620791383450424,2025-07-31,3.2699999809265137,2026-07-31,2.890000104904175,Yahoo Finance yfinance auto_adjust=True
3544,001311.SZ,多利科技,A,-11.622315298290253,2025-07-31,17.923076629638672,2026-07-31,15.84000015258789,Yahoo Finance yfinance auto_adjust=True
3545,688488.SH,艾迪药业,A,-11.629391304708147,2025-07-31,15.649999618530273,2026-07-31,13.829999923706055,Yahoo Finance yfinance auto_adjust=True
3546,300690.SZ,双一科技,A,-11.632369581507195,2025-07-31,24.013317108154297,2026-07-31,21.219999313354492,Yahoo Finance yfinance auto_adjust=True
3547,600841.SH,动力新科,A,-11.649016117600597,2025-07-31,6.610000133514404,2026-07-31,5.840000152587891,Yahoo Finance yfinance auto_adjust=True
3548,600732.SH,爱旭股份,A,-11.651180422504314,2025-07-31,13.989999771118164,2026-07-31,12.359999656677246,Yahoo Finance yfinance auto_adjust=True
3549,601166.SH,兴业银行,A,-11.657078319952973,2025-07-31,21.393903732299805,2026-07-31,18.899999618530273,Yahoo Finance yfinance auto_adjust=True
3550,002659.SZ,凯文教育,A,-11.663482433838846,2025-07-31,5.230000019073486,2026-07-31,4.619999885559082,Yahoo Finance yfinance auto_adjust=True
3551,600061.SH,国投资本,A,-11.666273776046665,2025-07-31,7.381099224090576,2026-07-31,6.519999980926514,Yahoo Finance yfinance auto_adjust=True
3552,002628.SZ,成都路桥,A,-11.683170897109118,2025-07-31,5.050000190734863,2026-07-31,4.460000038146973,Yahoo Finance yfinance auto_adjust=True
3553,01591.HK,汛和集团,HK,-11.688306410450554,2025-08-01,0.15399999916553497,2026-07-31,0.13600000739097595,Yahoo Finance chart adjclose
3554,000728.SZ,国元证券,A,-11.693015559441022,2025-07-31,8.31191349029541,2026-07-31,7.340000152587891,Yahoo Finance yfinance auto_adjust=True
3555,300230.SZ,永利股份,A,-11.697811430384819,2025-07-31,4.76771879196167,2026-07-31,4.210000038146973,Yahoo Finance yfinance auto_adjust=True
3556,301136.SZ,招标股份,A,-11.708099493849033,2025-07-31,12.470000267028809,2026-07-31,11.010000228881836,Yahoo Finance yfinance auto_adjust=True
3557,603916.SH,苏博特,A,-11.730944778302055,2025-07-31,11.328998565673828,2026-07-31,10.0,Yahoo Finance yfinance auto_adjust=True
3558,002159.SZ,三特索道,A,-11.74740216540837,2025-07-31,15.059046745300293,2026-07-31,13.289999961853027,Yahoo Finance yfinance auto_adjust=True
3559,06868.HK,天福,HK,-11.748010517906138,2025-08-01,2.991434097290039,2026-07-31,2.640000104904175,Yahoo Finance chart adjclose
3560,300170.SZ,汉得信息,A,-11.750885711498405,2025-07-31,18.86704444885254,2026-07-31,16.649999618530273,Yahoo Finance yfinance auto_adjust=True
3561,600814.SH,杭州解百,A,-11.754019091269274,2025-07-31,7.581081867218018,2026-07-31,6.690000057220459,Yahoo Finance yfinance auto_adjust=True
3562,002285.SZ,世联行,A,-11.764714132130372,2025-07-31,2.380000114440918,2026-07-31,2.0999999046325684,Yahoo Finance yfinance auto_adjust=True
3563,688071.SH,华依科技,A,-11.784814895875806,2025-07-31,43.869998931884766,2026-07-31,38.70000076293945,Yahoo Finance yfinance auto_adjust=True
3564,300091.SZ,金通灵,A,-11.785711761639995,2025-07-31,2.799999952316284,2026-07-31,2.4700000286102295,Yahoo Finance yfinance auto_adjust=True
3565,601901.SH,方正证券,A,-11.789102326752465,2025-07-31,8.0488920211792,2026-07-31,7.099999904632568,Yahoo Finance yfinance auto_adjust=True
3566,001268.SZ,联合精密,A,-11.790163712362588,2025-07-31,19.48762321472168,2026-07-31,17.190000534057617,Yahoo Finance yfinance auto_adjust=True
3567,002508.SZ,老板电器,A,-11.799419851791503,2025-07-31,18.07244300842285,2026-07-31,15.9399995803833,Yahoo Finance yfinance auto_adjust=True
3568,600665.SH,天地源,A,-11.801245685234607,2025-07-31,3.2200000286102295,2026-07-31,2.8399999141693115,Yahoo Finance yfinance auto_adjust=True
3569,300665.SZ,飞鹿股份,A,-11.8025693542274,2025-07-31,9.319999694824219,2026-07-31,8.220000267028809,Yahoo Finance yfinance auto_adjust=True
3570,600293.SH,三峡新材,A,-11.803275433575921,2025-07-31,3.049999952316284,2026-07-31,2.690000057220459,Yahoo Finance yfinance auto_adjust=True
3571,001296.SZ,长江材料,A,-11.80511444575172,2025-07-31,19.49092674255371,2026-07-31,17.190000534057617,Yahoo Finance yfinance auto_adjust=True
3572,600354.SH,敦煌种业,A,-11.80866898499332,2025-07-31,6.690000057220459,2026-07-31,5.900000095367432,Yahoo Finance yfinance auto_adjust=True
3573,02411.HK,百果园集团,HK,-11.81121053113533,2025-08-01,1.6441999673843384,2026-07-31,1.4500000476837158,Yahoo Finance chart adjclose
3574,600959.SH,江苏有线,A,-11.814590407945092,2025-07-31,3.5380001068115234,2026-07-31,3.119999885559082,Yahoo Finance yfinance auto_adjust=True
3575,301281.SZ,科源制药,A,-11.837138820513216,2025-07-31,38.28142547607422,2026-07-31,33.75,Yahoo Finance yfinance auto_adjust=True
3576,001333.SZ,光华股份,A,-11.845979245918913,2025-07-31,20.48686981201172,2026-07-31,18.059999465942383,Yahoo Finance yfinance auto_adjust=True
3577,600004.SH,白云机场,A,-11.849201759579596,2025-07-31,8.99594783782959,2026-07-31,7.929999828338623,Yahoo Finance yfinance auto_adjust=True
3578,08536.HK,TL NATURAL GAS,HK,-11.851853323571415,2025-08-01,0.27000001072883606,2026-07-31,0.23800000548362732,Yahoo Finance chart adjclose
3579,300269.SZ,联建光电,A,-11.857705759241144,2025-07-31,5.059999942779541,2026-07-31,4.460000038146973,Yahoo Finance yfinance auto_adjust=True
3580,600425.SH,青松建化,A,-11.859536858880926,2025-07-31,3.9255523681640625,2026-07-31,3.4600000381469727,Yahoo Finance yfinance auto_adjust=True
3581,300337.SZ,银邦股份,A,-11.8615204853607,2025-07-31,10.540231704711914,2026-07-31,9.289999961853027,Yahoo Finance yfinance auto_adjust=True
3582,08357.HK,REPUBLIC HC,HK,-11.874996391124949,2025-08-01,0.1599999964237213,2026-07-31,0.14100000262260437,Yahoo Finance chart adjclose
3583,600052.SH,东望时代,A,-11.88493506642725,2025-07-31,4.2331013679504395,2026-07-31,3.7300000190734863,Yahoo Finance yfinance auto_adjust=True
3584,601668.SH,中国建筑,A,-11.887177558089512,2025-07-31,5.334070205688477,2026-07-31,4.699999809265137,Yahoo Finance yfinance auto_adjust=True
3585,300187.SZ,永清环保,A,-11.888397773358438,2025-07-31,5.175254821777344,2026-07-31,4.559999942779541,Yahoo Finance yfinance auto_adjust=True
3586,01739.HK,齐屹科技,HK,-11.890266451870124,2025-08-01,0.17024226486682892,2026-07-31,0.15000000596046448,Yahoo Finance chart adjclose
3587,02627.HK,中慧生物-B,HK,-11.899036147008902,2025-08-11,33.279998779296875,2026-07-31,29.31999969482422,Yahoo Finance chart adjclose
3588,002578.SZ,闽发铝业,A,-11.904758018971451,2025-07-31,3.359999895095825,2026-07-31,2.9600000381469727,Yahoo Finance yfinance auto_adjust=True
3589,002041.SZ,登海种业,A,-11.947786905879331,2025-07-31,9.960000038146973,2026-07-31,8.770000457763672,Yahoo Finance yfinance auto_adjust=True
3590,301238.SZ,瑞泰新材,A,-11.950033614818468,2025-07-31,18.046571731567383,2026-07-31,15.890000343322754,Yahoo Finance yfinance auto_adjust=True
3591,002936.SZ,郑州银行,A,-11.961717275480133,2025-07-31,2.0899999141693115,2026-07-31,1.840000033378601,Yahoo Finance yfinance auto_adjust=True
3592,301565.SZ,中仑新材,A,-11.962366096775046,2025-07-31,22.31999969482422,2026-07-31,19.649999618530273,Yahoo Finance yfinance auto_adjust=True
3593,08076.HK,新利软件,HK,-12.000001788139315,2025-08-01,0.02500000037252903,2026-07-31,0.02199999988079071,Yahoo Finance chart adjclose
3594,600391.SH,航发科技,A,-12.00762018508068,2025-07-31,31.479999542236328,2026-07-31,27.700000762939453,Yahoo Finance yfinance auto_adjust=True
3595,601007.SH,金陵饭店,A,-12.029083640749894,2025-07-31,7.525214195251465,2026-07-31,6.619999885559082,Yahoo Finance yfinance auto_adjust=True
3596,002243.SZ,力合科创,A,-12.031694133499782,2025-07-31,8.082456588745117,2026-07-31,7.110000133514404,Yahoo Finance yfinance auto_adjust=True
3597,605066.SH,天正电气,A,-12.056443534655381,2025-07-31,7.356991291046143,2026-07-31,6.46999979019165,Yahoo Finance yfinance auto_adjust=True
3598,000919.SZ,金陵药业,A,-12.064016924983179,2025-07-31,7.152930736541748,2026-07-31,6.289999961853027,Yahoo Finance yfinance auto_adjust=True
3599,02000.HK,晨讯科技,HK,-12.068964631322142,2025-08-01,0.28999999165534973,2026-07-31,0.2549999952316284,Yahoo Finance chart adjclose
3600,02535.HK,泓基集团,HK,-12.068964631322142,2025-08-01,0.5799999833106995,2026-07-31,0.5099999904632568,Yahoo Finance chart adjclose
3601,002589.SZ,瑞康医药,A,-12.070794441700494,2025-07-31,3.127516031265259,2026-07-31,2.75,Yahoo Finance yfinance auto_adjust=True
3602,08473.HK,弥明生活百货,HK,-12.09402336877039,2025-08-01,0.11148274689912796,2026-07-31,0.09799999743700027,Yahoo Finance chart adjclose
3603,600666.SH,奥瑞德,A,-12.105264313663488,2025-07-31,3.799999952316284,2026-07-31,3.3399999141693115,Yahoo Finance yfinance auto_adjust=True
3604,600925.SH,苏能股份,A,-12.119017225594607,2025-07-31,4.995392322540283,2026-07-31,4.389999866485596,Yahoo Finance yfinance auto_adjust=True
3605,02309.HK,大象未来集团,HK,-12.135922667195665,2025-08-01,2.059999942779541,2026-07-31,1.809999942779541,Yahoo Finance chart adjclose
3606,603776.SH,永安行,A,-12.139537722565407,2025-07-31,21.5,2026-07-31,18.889999389648438,Yahoo Finance yfinance auto_adjust=True
3607,301113.SZ,雅艺科技,A,-12.157740628000035,2025-07-31,16.518245697021484,2026-07-31,14.510000228881836,Yahoo Finance yfinance auto_adjust=True
3608,600653.SH,申华控股,A,-12.16931327059897,2025-07-31,1.8899999856948853,2026-07-31,1.659999966621399,Yahoo Finance yfinance auto_adjust=True
3609,600020.SH,中原高速,A,-12.2092064894882,2025-07-31,4.385425567626953,2026-07-31,3.8499999046325684,Yahoo Finance yfinance auto_adjust=True
3610,688670.SH,金迪克,A,-12.224320065361848,2025-07-31,15.869999885559082,2026-07-31,13.930000305175781,Yahoo Finance yfinance auto_adjust=True
3611,600019.SH,宝钢股份,A,-12.224702389080733,2025-07-31,6.983741760253906,2026-07-31,6.130000114440918,Yahoo Finance yfinance auto_adjust=True
3612,002439.SZ,启明星辰,A,-12.233374282298737,2025-07-31,15.9399995803833,2026-07-31,13.989999771118164,Yahoo Finance yfinance auto_adjust=True
3613,02409.HK,洲际船务,HK,-12.240184312431646,2025-08-01,4.329999923706055,2026-07-31,3.799999952316284,Yahoo Finance chart adjclose
3614,000573.SZ,粤宏远Ａ,A,-12.240599476485226,2025-07-31,4.0109663009643555,2026-07-31,3.5199999809265137,Yahoo Finance yfinance auto_adjust=True
3615,600468.SH,百利电气,A,-12.246229387999952,2025-07-31,6.438469886779785,2026-07-31,5.650000095367432,Yahoo Finance yfinance auto_adjust=True
3616,301587.SZ,中瑞股份,A,-12.248696054283116,2025-07-31,22.82587242126465,2026-07-31,20.030000686645508,Yahoo Finance yfinance auto_adjust=True
3617,02518.HK,汽车之家-S,HK,-12.262923853996167,2025-08-01,50.33219909667969,2026-07-31,44.15999984741211,Yahoo Finance chart adjclose
3618,08137.HK,洪桥集团,HK,-12.26414553250793,2025-08-01,0.5299999713897705,2026-07-31,0.4650000035762787,Yahoo Finance chart adjclose
3619,002376.SZ,新北洋,A,-12.26945030014327,2025-07-31,7.2722673416137695,2026-07-31,6.380000114440918,Yahoo Finance yfinance auto_adjust=True
3620,300416.SZ,苏试试验,A,-12.274157002141228,2025-07-31,16.220989227294922,2026-07-31,14.229999542236328,Yahoo Finance yfinance auto_adjust=True
3621,01870.HK,益美国际控股,HK,-12.280700493130404,2025-08-01,0.2280000001192093,2026-07-31,0.20000000298023224,Yahoo Finance chart adjclose
3622,003039.SZ,顺控发展,A,-12.291735067641142,2025-07-31,13.567706108093262,2026-07-31,11.899999618530273,Yahoo Finance yfinance auto_adjust=True
3623,002864.SZ,盘龙药业,A,-12.305212412208355,2025-07-31,23.59319305419922,2026-07-31,20.690000534057617,Yahoo Finance yfinance auto_adjust=True
3624,000797.SZ,中国武夷,A,-12.313438578527114,2025-07-31,2.680000066757202,2026-07-31,2.3499999046325684,Yahoo Finance yfinance auto_adjust=True
3625,01270.HK,朗廷-SS,HK,-12.318929892171537,2025-08-01,0.5474385619163513,2026-07-31,0.47999998927116394,Yahoo Finance chart adjclose
3626,603218.SH,日月股份,A,-12.342687465417157,2025-07-31,11.64763069152832,2026-07-31,10.210000038146973,Yahoo Finance yfinance auto_adjust=True
3627,688273.SH,麦澜德,A,-12.343344163518655,2025-07-31,33.08362579345703,2026-07-31,29.0,Yahoo Finance yfinance auto_adjust=True
3628,603917.SH,合力科技,A,-12.359863458287624,2025-07-31,12.96209716796875,2026-07-31,11.359999656677246,Yahoo Finance yfinance auto_adjust=True
3629,600716.SH,凤凰股份,A,-12.40105628867697,2025-07-31,3.7899999618530273,2026-07-31,3.319999933242798,Yahoo Finance yfinance auto_adjust=True
3630,688030.SH,山石网科,A,-12.423741760873074,2025-07-31,18.030000686645508,2026-07-31,15.789999961853027,Yahoo Finance yfinance auto_adjust=True
3631,600249.SH,两面针,A,-12.435920432609526,2025-07-31,5.710103988647461,2026-07-31,5.0,Yahoo Finance yfinance auto_adjust=True
3632,301010.SZ,晶雪节能,A,-12.437533274019486,2025-07-31,18.010000228881836,2026-07-31,15.770000457763672,Yahoo Finance yfinance auto_adjust=True
3633,000906.SZ,浙商中拓,A,-12.449176435616426,2025-07-31,6.25922155380249,2026-07-31,5.480000019073486,Yahoo Finance yfinance auto_adjust=True
3634,300235.SZ,方直科技,A,-12.47245740344236,2025-07-31,12.556047439575195,2026-07-31,10.989999771118164,Yahoo Finance yfinance auto_adjust=True
3635,600927.SH,永安期货,A,-12.499545321188254,2025-07-31,15.154207229614258,2026-07-31,13.260000228881836,Yahoo Finance yfinance auto_adjust=True
3636,02389.HK,北京健康,HK,-12.5,2025-08-01,0.08799999952316284,2026-07-31,0.07699999958276749,Yahoo Finance chart adjclose
3637,600056.SH,中国医药,A,-12.515957541507062,2025-07-31,10.92770767211914,2026-07-31,9.5600004196167,Yahoo Finance yfinance auto_adjust=True
3638,002540.SZ,亚太科技,A,-12.534273961429355,2025-07-31,5.7279582023620605,2026-07-31,5.010000228881836,Yahoo Finance yfinance auto_adjust=True
3639,601811.SH,新华文轩,A,-12.542790999849295,2025-07-31,14.384177207946777,2026-07-31,12.579999923706055,Yahoo Finance yfinance auto_adjust=True
3640,601728.SH,中国电信,A,-12.545038743264747,2025-07-31,7.203708171844482,2026-07-31,6.300000190734863,Yahoo Finance yfinance auto_adjust=True
3641,688633.SH,星球石墨,A,-12.54713996553114,2025-07-31,26.883054733276367,2026-07-31,23.510000228881836,Yahoo Finance yfinance auto_adjust=True
3642,688428.SH,诺诚健华,A,-12.557835808547836,2025-07-31,30.260000228881836,2026-07-31,26.459999084472656,Yahoo Finance yfinance auto_adjust=True
3643,600120.SH,浙江东方,A,-12.560587120771727,2025-07-31,5.946974754333496,2026-07-31,5.199999809265137,Yahoo Finance yfinance auto_adjust=True
3644,301398.SZ,星源卓镁,A,-12.562445486504902,2025-07-31,37.752655029296875,2026-07-31,33.0099983215332,Yahoo Finance yfinance auto_adjust=True
3645,688599.SH,天合光能,A,-12.564437534948603,2025-07-31,15.520000457763672,2026-07-31,13.569999694824219,Yahoo Finance yfinance auto_adjust=True
3646,01204.HK,博维智慧,HK,-12.568306758456515,2025-08-01,1.8300000429153442,2026-07-31,1.600000023841858,Yahoo Finance chart adjclose
3647,002349.SZ,精华制药,A,-12.581223745012938,2025-07-31,7.7100138664245605,2026-07-31,6.739999771118164,Yahoo Finance yfinance auto_adjust=True
3648,301027.SZ,华蓝集团,A,-12.593635099214273,2025-07-31,21.360000610351562,2026-07-31,18.670000076293945,Yahoo Finance yfinance auto_adjust=True
3649,688511.SH,*ST天微,A,-12.621362845265105,2025-07-31,23.518333435058594,2026-07-31,20.549999237060547,Yahoo Finance yfinance auto_adjust=True
3650,600816.SH,建元信托,A,-12.627990291725876,2025-07-31,2.930000066757202,2026-07-31,2.559999942779541,Yahoo Finance yfinance auto_adjust=True
3651,600137.SH,浪莎股份,A,-12.640597117113773,2025-07-31,19.32247543334961,2026-07-31,16.8799991607666,Yahoo Finance yfinance auto_adjust=True
3652,000752.SZ,ST西发,A,-12.64864947344806,2025-07-31,9.25,2026-07-31,8.079999923706055,Yahoo Finance yfinance auto_adjust=True
3653,06889.HK,DYNAM JAPAN,HK,-12.649554313813915,2025-08-01,3.4229934215545654,2026-07-31,2.990000009536743,Yahoo Finance chart adjclose
3654,603886.SH,元祖股份,A,-12.652113058435399,2025-07-31,11.929309844970703,2026-07-31,10.420000076293945,Yahoo Finance yfinance auto_adjust=True
3655,300746.SZ,汉嘉设计,A,-12.654119588408763,2025-07-31,15.40999984741211,2026-07-31,13.460000038146973,Yahoo Finance yfinance auto_adjust=True
3656,002099.SZ,海翔药业,A,-12.66025626330215,2025-07-31,6.239999771118164,2026-07-31,5.449999809265137,Yahoo Finance yfinance auto_adjust=True
3657,301080.SZ,百普赛斯,A,-12.687617096103377,2025-07-31,55.410240173339844,2026-07-31,48.380001068115234,Yahoo Finance yfinance auto_adjust=True
3658,688355.SH,明志科技,A,-12.708619339699801,2025-07-31,18.340871810913086,2026-07-31,16.010000228881836,Yahoo Finance yfinance auto_adjust=True
3659,001324.SZ,长青科技,A,-12.719777937816135,2025-07-31,21.998111724853516,2026-07-31,19.200000762939453,Yahoo Finance yfinance auto_adjust=True
3660,300406.SZ,九强生物,A,-12.726319123818486,2025-07-31,13.33735466003418,2026-07-31,11.640000343322754,Yahoo Finance yfinance auto_adjust=True
3661,603235.SH,天新药业,A,-12.73654505039442,2025-07-31,27.50292205810547,2026-07-31,24.0,Yahoo Finance yfinance auto_adjust=True
3662,002679.SZ,福建金森,A,-12.737752325609152,2025-07-31,9.706374168395996,2026-07-31,8.470000267028809,Yahoo Finance yfinance auto_adjust=True
3663,300059.SZ,东方财富,A,-12.739563356569194,2025-07-31,23.114713668823242,2026-07-31,20.170000076293945,Yahoo Finance yfinance auto_adjust=True
3664,300147.SZ,ST香雪,A,-12.749999761581421,2025-07-31,8.0,2026-07-31,6.980000019073486,Yahoo Finance yfinance auto_adjust=True
3665,603315.SH,福鞍股份,A,-12.755589814188717,2025-07-31,13.181360244750977,2026-07-31,11.5,Yahoo Finance yfinance auto_adjust=True
3666,603175.SH,超颖电子,A,-12.762129737277094,2025-10-24,84.82554626464844,2026-07-31,74.0,Yahoo Finance yfinance auto_adjust=True
3667,002188.SZ,中天服务,A,-12.765954029007764,2025-07-31,5.639999866485596,2026-07-31,4.920000076293945,Yahoo Finance yfinance auto_adjust=True
3668,688685.SH,迈信林,A,-12.769089254781097,2025-07-31,53.54753112792969,2026-07-31,46.709999084472656,Yahoo Finance yfinance auto_adjust=True
3669,002577.SZ,雷柏科技,A,-12.771082498941077,2025-07-31,20.75,2026-07-31,18.100000381469727,Yahoo Finance yfinance auto_adjust=True
3670,600486.SH,扬农化工,A,-12.784103184548245,2025-07-31,64.9766845703125,2026-07-31,56.66999816894531,Yahoo Finance yfinance auto_adjust=True
3671,002981.SZ,朝阳科技,A,-12.807978725639856,2025-07-31,26.321216583251953,2026-07-31,22.950000762939453,Yahoo Finance yfinance auto_adjust=True
3672,01551.HK,广州农商银行,HK,-12.817273760524984,2025-08-01,1.7205243110656738,2026-07-31,1.5,Yahoo Finance chart adjclose
3673,688211.SH,中科微至,A,-12.83052496105066,2025-07-31,33.279998779296875,2026-07-31,29.010000228881836,Yahoo Finance yfinance auto_adjust=True
3674,603344.SH,星德胜,A,-12.831860240298298,2025-07-31,24.860000610351562,2026-07-31,21.670000076293945,Yahoo Finance yfinance auto_adjust=True
3675,01373.HK,国际家居零售,HK,-12.84013250751299,2025-08-01,0.7916487455368042,2026-07-31,0.6899999976158142,Yahoo Finance chart adjclose
3676,688682.SH,霍莱沃,A,-12.851323979906837,2025-07-31,32.932228088378906,2026-07-31,28.700000762939453,Yahoo Finance yfinance auto_adjust=True
3677,002714.SZ,牧原股份,A,-12.853000972931506,2025-07-31,45.050315856933594,2026-07-31,39.2599983215332,Yahoo Finance yfinance auto_adjust=True
3678,600512.SH,腾达建设,A,-12.910823826289208,2025-07-31,2.307979106903076,2026-07-31,2.009999990463257,Yahoo Finance yfinance auto_adjust=True
3679,301040.SZ,中环海陆,A,-12.911988029631283,2025-07-31,25.790000915527344,2026-07-31,22.459999084472656,Yahoo Finance yfinance auto_adjust=True
3680,600917.SH,重庆燃气,A,-12.955381016752,2025-07-31,5.6178083419799805,2026-07-31,4.889999866485596,Yahoo Finance yfinance auto_adjust=True
3681,688435.SH,英方软件,A,-12.95766275150978,2025-07-31,34.959999084472656,2026-07-31,30.43000030517578,Yahoo Finance yfinance auto_adjust=True
3682,600708.SH,光明地产,A,-12.957747727484737,2025-07-31,3.549999952316284,2026-07-31,3.0899999141693115,Yahoo Finance yfinance auto_adjust=True
3683,600548.SH,深高速,A,-12.96602619746886,2025-07-31,10.03056526184082,2026-07-31,8.729999542236328,Yahoo Finance yfinance auto_adjust=True
3684,002576.SZ,通达动力,A,-12.967042349726777,2025-07-31,16.4190673828125,2026-07-31,14.289999961853027,Yahoo Finance yfinance auto_adjust=True
3685,300923.SZ,研奥股份,A,-12.97724090982011,2025-07-31,24.706180572509766,2026-07-31,21.5,Yahoo Finance yfinance auto_adjust=True
3686,002995.SZ,天地在线,A,-12.982456408719845,2025-07-31,19.950000762939453,2026-07-31,17.360000610351562,Yahoo Finance yfinance auto_adjust=True
3687,01932.HK,中漆集团,HK,-12.987010348082418,2025-08-01,0.15399999916553497,2026-07-31,0.1340000033378601,Yahoo Finance chart adjclose
3688,603759.SH,海天股份,A,-12.987410560993029,2025-07-31,8.263172149658203,2026-07-31,7.190000057220459,Yahoo Finance yfinance auto_adjust=True
3689,002906.SZ,华阳集团,A,-12.98959265231938,2025-07-31,29.157432556152344,2026-07-31,25.3700008392334,Yahoo Finance yfinance auto_adjust=True
3690,601766.SH,中国中车,A,-12.991696920595363,2025-07-31,7.079783916473389,2026-07-31,6.159999847412109,Yahoo Finance yfinance auto_adjust=True
3691,300092.SZ,科新机电,A,-12.998613802209679,2025-07-31,13.103239059448242,2026-07-31,11.399999618530273,Yahoo Finance yfinance auto_adjust=True
3692,002510.SZ,天汽模,A,-13.0030982604892,2025-07-31,6.460000038146973,2026-07-31,5.619999885559082,Yahoo Finance yfinance auto_adjust=True
3693,603721.SH,*ST天择,A,-13.024441173552114,2025-07-31,19.85615348815918,2026-07-31,17.270000457763672,Yahoo Finance yfinance auto_adjust=True
3694,601019.SH,山东出版,A,-13.05506736383315,2025-07-31,8.637651443481445,2026-07-31,7.510000228881836,Yahoo Finance yfinance auto_adjust=True
3695,01240.HK,青建国际,HK,-13.065330584131507,2025-08-01,0.19900000095367432,2026-07-31,0.17299999296665192,Yahoo Finance chart adjclose
3696,002134.SZ,天津普林,A,-13.07837779911063,2025-07-31,21.18000030517578,2026-07-31,18.40999984741211,Yahoo Finance yfinance auto_adjust=True
3697,601801.SH,皖新传媒,A,-13.085231169092381,2025-07-31,6.4200825691223145,2026-07-31,5.579999923706055,Yahoo Finance yfinance auto_adjust=True
3698,02023.HK,中国绿岛科技,HK,-13.095233111289472,2025-08-01,0.8399999737739563,2026-07-31,0.7300000190734863,Yahoo Finance chart adjclose
3699,601500.SH,通用股份,A,-13.118282172125495,2025-07-31,4.650000095367432,2026-07-31,4.039999961853027,Yahoo Finance yfinance auto_adjust=True
3700,688271.SH,联影医疗,A,-13.120283249195008,2025-07-31,132.96543884277344,2026-07-31,115.5199966430664,Yahoo Finance yfinance auto_adjust=True
3701,603690.SH,至纯科技,A,-13.130499757420067,2025-07-31,24.979999542236328,2026-07-31,21.700000762939453,Yahoo Finance yfinance auto_adjust=True
3702,000156.SZ,华数传媒,A,-13.131357123718402,2025-07-31,8.058143615722656,2026-07-31,7.0,Yahoo Finance yfinance auto_adjust=True
3703,300998.SZ,宁波方正,A,-13.132134721250688,2025-07-31,25.325820922851562,2026-07-31,22.0,Yahoo Finance yfinance auto_adjust=True
3704,301516.SZ,中远通,A,-13.133095420228901,2025-07-31,16.979999542236328,2026-07-31,14.75,Yahoo Finance yfinance auto_adjust=True
3705,002568.SZ,百润股份,A,-13.134251218616487,2025-07-31,23.71475601196289,2026-07-31,20.600000381469727,Yahoo Finance yfinance auto_adjust=True
3706,603868.SH,飞科电器,A,-13.145044833015874,2025-07-31,36.64730453491211,2026-07-31,31.829999923706055,Yahoo Finance yfinance auto_adjust=True
3707,300699.SZ,光威复材,A,-13.15027398548586,2025-07-31,29.833139419555664,2026-07-31,25.90999984741211,Yahoo Finance yfinance auto_adjust=True
3708,000825.SZ,太钢不锈,A,-13.154480431853477,2025-07-31,4.179835796356201,2026-07-31,3.630000114440918,Yahoo Finance yfinance auto_adjust=True
3709,000718.SZ,苏宁环球,A,-13.17408724205088,2025-07-31,2.1537349224090576,2026-07-31,1.8700000047683716,Yahoo Finance yfinance auto_adjust=True
3710,600169.SH,ST太重,A,-13.191487462124417,2025-07-31,2.3499999046325684,2026-07-31,2.0399999618530273,Yahoo Finance yfinance auto_adjust=True
3711,80020.HK,商汤-WR,HK,-13.194447893787176,2025-08-01,1.440000057220459,2026-07-31,1.25,Yahoo Finance chart adjclose
3712,603697.SH,有友食品,A,-13.19907862326608,2025-07-31,11.463011741638184,2026-07-31,9.949999809265137,Yahoo Finance yfinance auto_adjust=True
3713,002007.SZ,华兰生物,A,-13.205907205218658,2025-07-31,15.48492431640625,2026-07-31,13.4399995803833,Yahoo Finance yfinance auto_adjust=True
3714,601952.SH,苏垦农发,A,-13.207324146454669,2025-07-31,9.44780158996582,2026-07-31,8.199999809265137,Yahoo Finance yfinance auto_adjust=True
3715,000733.SZ,振华科技,A,-13.210977429039128,2025-07-31,47.2064323425293,2026-07-31,40.970001220703125,Yahoo Finance yfinance auto_adjust=True
3716,603305.SH,旭升集团,A,-13.225858671661229,2025-07-31,13.149078369140625,2026-07-31,11.40999984741211,Yahoo Finance yfinance auto_adjust=True
3717,000555.SZ,神州信息,A,-13.24065346305069,2025-07-31,12.840115547180176,2026-07-31,11.140000343322754,Yahoo Finance yfinance auto_adjust=True
3718,000009.SZ,中国宝安,A,-13.244239073230746,2025-07-31,9.071443557739258,2026-07-31,7.869999885559082,Yahoo Finance yfinance auto_adjust=True
3719,002230.SZ,科大讯飞,A,-13.247268705198401,2025-07-31,48.667057037353516,2026-07-31,42.220001220703125,Yahoo Finance yfinance auto_adjust=True
3720,300523.SZ,辰安科技,A,-13.24880006758703,2025-07-31,22.8700008392334,2026-07-31,19.84000015258789,Yahoo Finance yfinance auto_adjust=True
3721,300701.SZ,森霸传感,A,-13.252465001107016,2025-07-31,10.432573318481445,2026-07-31,9.050000190734863,Yahoo Finance yfinance auto_adjust=True
3722,002284.SZ,亚太股份,A,-13.255582127500997,2025-07-31,10.824904441833496,2026-07-31,9.390000343322754,Yahoo Finance yfinance auto_adjust=True
3723,06622.HK,兆科眼科-B,HK,-13.28670943918363,2025-08-01,2.859999895095825,2026-07-31,2.4800000190734863,Yahoo Finance chart adjclose
3724,603998.SH,方盛制药,A,-13.289663165046106,2025-07-31,10.909887313842773,2026-07-31,9.460000038146973,Yahoo Finance yfinance auto_adjust=True
3725,603508.SH,思维列控,A,-13.292707867395826,2025-07-31,26.710556030273438,2026-07-31,23.15999984741211,Yahoo Finance yfinance auto_adjust=True
3726,01778.HK,彩生活,HK,-13.294790717489214,2025-08-01,0.17299999296665192,2026-07-31,0.15000000596046448,Yahoo Finance chart adjclose
3727,688314.SH,康拓医疗,A,-13.298072657783578,2025-07-31,35.18952941894531,2026-07-31,30.510000228881836,Yahoo Finance yfinance auto_adjust=True
3728,688016.SH,心脉医疗,A,-13.305226567447882,2025-07-31,107.79196166992188,2026-07-31,93.44999694824219,Yahoo Finance yfinance auto_adjust=True
3729,02507.HK,西锐,HK,-13.306883737498454,2025-08-01,50.546112060546875,2026-07-31,43.81999969482422,Yahoo Finance chart adjclose
3730,600196.SH,复星医药,A,-13.322585016274779,2025-07-31,26.800521850585938,2026-07-31,23.229999542236328,Yahoo Finance yfinance auto_adjust=True
3731,600853.SH,龙建股份,A,-13.330337854018016,2025-07-31,3.7037181854248047,2026-07-31,3.2100000381469727,Yahoo Finance yfinance auto_adjust=True
3732,300708.SZ,聚灿光电,A,-13.335349739641922,2025-07-31,8.642508506774902,2026-07-31,7.489999771118164,Yahoo Finance yfinance auto_adjust=True
3733,301056.SZ,森赫股份,A,-13.357133287213973,2025-07-31,10.976091384887695,2026-07-31,9.510000228881836,Yahoo Finance yfinance auto_adjust=True
3734,603828.SH,ST柯利达,A,-13.36116642134606,2025-07-31,4.789999961853027,2026-07-31,4.150000095367432,Yahoo Finance yfinance auto_adjust=True
3735,688208.SH,道通科技,A,-13.371094905314395,2025-07-31,33.857059478759766,2026-07-31,29.329999923706055,Yahoo Finance yfinance auto_adjust=True
3736,002391.SZ,长青股份,A,-13.37260005381733,2025-07-31,6.06043815612793,2026-07-31,5.25,Yahoo Finance yfinance auto_adjust=True
3737,603658.SH,安图生物,A,-13.382085167814207,2025-07-31,38.22534942626953,2026-07-31,33.11000061035156,Yahoo Finance yfinance auto_adjust=True
3738,603768.SH,常青股份,A,-13.385825470839151,2025-07-31,12.699999809265137,2026-07-31,11.0,Yahoo Finance yfinance auto_adjust=True
3739,603013.SH,亚普股份,A,-13.389023231497422,2025-07-31,19.90509796142578,2026-07-31,17.239999771118164,Yahoo Finance yfinance auto_adjust=True
3740,300035.SZ,中科电气,A,-13.393146181984129,2025-07-31,16.049537658691406,2026-07-31,13.899999618530273,Yahoo Finance yfinance auto_adjust=True
3741,300040.SZ,九洲集团,A,-13.40875538756613,2025-07-31,7.287110805511475,2026-07-31,6.309999942779541,Yahoo Finance yfinance auto_adjust=True
3742,688615.SH,合合信息,A,-13.43000125679148,2025-07-31,132.7018585205078,2026-07-31,114.87999725341797,Yahoo Finance yfinance auto_adjust=True
3743,300013.SZ,新宁物流,A,-13.432834935699933,2025-07-31,4.019999980926514,2026-07-31,3.4800000190734863,Yahoo Finance yfinance auto_adjust=True
3744,688036.SH,传音控股,A,-13.46561122620863,2025-07-31,74.5021743774414,2026-07-31,64.47000122070312,Yahoo Finance yfinance auto_adjust=True
3745,000572.SZ,海马汽车,A,-13.470322766491538,2025-07-31,4.380000114440918,2026-07-31,3.7899999618530273,Yahoo Finance yfinance auto_adjust=True
3746,300292.SZ,吴通控股,A,-13.473681399696746,2025-07-31,4.75,2026-07-31,4.110000133514404,Yahoo Finance yfinance auto_adjust=True
3747,600882.SH,妙可蓝多,A,-13.486100824222492,2025-07-31,26.6200008392334,2026-07-31,23.030000686645508,Yahoo Finance yfinance auto_adjust=True
3748,002494.SZ,华斯股份,A,-13.502936187712212,2025-07-31,5.110000133514404,2026-07-31,4.420000076293945,Yahoo Finance yfinance auto_adjust=True
3749,002513.SZ,蓝丰生化,A,-13.503654112768338,2025-07-31,5.480000019073486,2026-07-31,4.739999771118164,Yahoo Finance yfinance auto_adjust=True
3750,600649.SH,城投控股,A,-13.505419516824102,2025-07-31,4.30084753036499,2026-07-31,3.7200000286102295,Yahoo Finance yfinance auto_adjust=True
3751,600858.SH,银座股份,A,-13.506472305969808,2025-07-31,5.51486349105835,2026-07-31,4.769999980926514,Yahoo Finance yfinance auto_adjust=True
3752,603182.SH,嘉华股份,A,-13.506998862393093,2025-07-31,13.584914207458496,2026-07-31,11.75,Yahoo Finance yfinance auto_adjust=True
3753,600035.SH,楚天高速,A,-13.507330549144214,2025-07-31,4.081270694732666,2026-07-31,3.5299999713897705,Yahoo Finance yfinance auto_adjust=True
3754,01853.HK,春城热力,HK,-13.508664965193429,2025-08-01,1.5608500242233276,2026-07-31,1.350000023841858,Yahoo Finance chart adjclose
3755,688111.SH,金山办公,A,-13.510579135457967,2025-07-31,311.6912841796875,2026-07-31,269.5799865722656,Yahoo Finance yfinance auto_adjust=True
3756,002040.SZ,南 京 港,A,-13.516893810667918,2025-07-31,9.3544282913208,2026-07-31,8.09000015258789,Yahoo Finance yfinance auto_adjust=True
3757,301348.SZ,蓝箭电子,A,-13.527724251363383,2025-07-31,20.920000076293945,2026-07-31,18.09000015258789,Yahoo Finance yfinance auto_adjust=True
3758,301302.SZ,华如科技,A,-13.5308215480616,2025-07-31,24.979999542236328,2026-07-31,21.600000381469727,Yahoo Finance yfinance auto_adjust=True
3759,688049.SH,炬芯科技,A,-13.531651143882195,2025-07-31,47.18489456176758,2026-07-31,40.79999923706055,Yahoo Finance yfinance auto_adjust=True
3760,002400.SZ,省广集团,A,-13.531820118528904,2025-07-31,7.86416482925415,2026-07-31,6.800000190734863,Yahoo Finance yfinance auto_adjust=True
3761,600299.SH,安迪苏,A,-13.535240250127611,2025-07-31,9.73807144165039,2026-07-31,8.420000076293945,Yahoo Finance yfinance auto_adjust=True
3762,688139.SH,海尔生物,A,-13.553230239574365,2025-07-31,32.65593338012695,2026-07-31,28.229999542236328,Yahoo Finance yfinance auto_adjust=True
3763,600621.SH,华鑫股份,A,-13.553836414604737,2025-07-31,15.26961898803711,2026-07-31,13.199999809265137,Yahoo Finance yfinance auto_adjust=True
3764,002421.SZ,达实智能,A,-13.554218576269061,2025-07-31,3.319999933242798,2026-07-31,2.869999885559082,Yahoo Finance yfinance auto_adjust=True
3765,01702.HK,东光化工,HK,-13.556559516152443,2025-08-01,1.6658291816711426,2026-07-31,1.440000057220459,Yahoo Finance chart adjclose
3766,000509.SZ,华塑控股,A,-13.569322239297554,2025-07-31,3.390000104904175,2026-07-31,2.930000066757202,Yahoo Finance yfinance auto_adjust=True
3767,300908.SZ,仲景食品,A,-13.575319932861396,2025-07-31,28.18639373779297,2026-07-31,24.360000610351562,Yahoo Finance yfinance auto_adjust=True
3768,01876.HK,百威亚太,HK,-13.579791516975813,2025-08-01,7.613959789276123,2026-07-31,6.579999923706055,Yahoo Finance chart adjclose
3769,603278.SH,大业股份,A,-13.586419373173985,2025-07-31,10.010000228881836,2026-07-31,8.649999618530273,Yahoo Finance yfinance auto_adjust=True
3770,300504.SZ,天邑股份,A,-13.592853248694281,2025-07-31,15.670000076293945,2026-07-31,13.539999961853027,Yahoo Finance yfinance auto_adjust=True
3771,300065.SZ,海兰信,A,-13.610803917380698,2025-07-31,17.780000686645508,2026-07-31,15.359999656677246,Yahoo Finance yfinance auto_adjust=True
3772,02076.HK,BOSS直聘-W,HK,-13.618407907634078,2025-08-01,72.93220520019531,2026-07-31,63.0,Yahoo Finance chart adjclose
3773,08136.HK,英马斯集团,HK,-13.636365945427887,2025-08-01,0.04399999976158142,2026-07-31,0.03799999877810478,Yahoo Finance chart adjclose
3774,600276.SH,恒瑞医药,A,-13.671326520856686,2025-07-31,62.644309997558594,2026-07-31,54.08000183105469,Yahoo Finance yfinance auto_adjust=True
3775,301372.SZ,科净源,A,-13.684210196096148,2025-07-31,30.399999618530273,2026-07-31,26.239999771118164,Yahoo Finance yfinance auto_adjust=True
3776,01145.HK,勇利投资,HK,-13.690477510377818,2025-08-01,0.1679999977350235,2026-07-31,0.14499999582767487,Yahoo Finance chart adjclose
3777,600195.SH,中牧股份,A,-13.702618586923476,2025-07-31,7.5784454345703125,2026-07-31,6.539999961853027,Yahoo Finance yfinance auto_adjust=True
3778,301393.SZ,昊帆生物,A,-13.706477864982535,2025-07-31,61.27922439575195,2026-07-31,52.880001068115234,Yahoo Finance yfinance auto_adjust=True
3779,000738.SZ,航发控制,A,-13.712557544041559,2025-07-31,20.99958038330078,2026-07-31,18.1200008392334,Yahoo Finance yfinance auto_adjust=True
3780,001238.SZ,浙江正特,A,-13.720210231425401,2025-07-31,28.291677474975586,2026-07-31,24.40999984741211,Yahoo Finance yfinance auto_adjust=True
3781,000632.SZ,三木集团,A,-13.740456811203128,2025-07-31,3.930000066757202,2026-07-31,3.390000104904175,Yahoo Finance yfinance auto_adjust=True
3782,300881.SZ,盛德鑫泰,A,-13.74932493151938,2025-07-31,37.02000045776367,2026-07-31,31.93000030517578,Yahoo Finance yfinance auto_adjust=True
3783,000655.SZ,金岭矿业,A,-13.757743693240865,2025-07-31,7.884766101837158,2026-07-31,6.800000190734863,Yahoo Finance yfinance auto_adjust=True
3784,300952.SZ,恒辉安防,A,-13.768499529552013,2025-07-31,18.473527908325195,2026-07-31,15.930000305175781,Yahoo Finance yfinance auto_adjust=True
3785,601555.SH,东吴证券,A,-13.769391649671746,2025-07-31,9.416609764099121,2026-07-31,8.119999885559082,Yahoo Finance yfinance auto_adjust=True
3786,600255.SH,鑫科材料,A,-13.77410424894735,2025-07-31,3.630000114440918,2026-07-31,3.130000114440918,Yahoo Finance yfinance auto_adjust=True
3787,300395.SZ,菲利华,A,-13.77962638927972,2025-07-31,84.4000015258789,2026-07-31,72.7699966430664,Yahoo Finance yfinance auto_adjust=True
3788,02307.HK,锦兴国际控股,HK,-13.793097542147592,2025-08-01,0.17399999499320984,2026-07-31,0.15000000596046448,Yahoo Finance chart adjclose
3789,01483.HK,网誉科技,HK,-13.793100967701989,2025-08-01,1.159999966621399,2026-07-31,1.0,Yahoo Finance chart adjclose
3790,600149.SH,廊坊发展,A,-13.80597443138727,2025-07-31,5.360000133514404,2026-07-31,4.619999885559082,Yahoo Finance yfinance auto_adjust=True
3791,001234.SZ,泰慕士,A,-13.81910780690825,2025-07-31,22.893705368041992,2026-07-31,19.729999542236328,Yahoo Finance yfinance auto_adjust=True
3792,000550.SZ,江铃汽车,A,-13.842438845073868,2025-07-31,19.74289894104004,2026-07-31,17.010000228881836,Yahoo Finance yfinance auto_adjust=True
3793,601878.SH,浙商证券,A,-13.851268344854361,2025-07-31,11.085479736328125,2026-07-31,9.550000190734863,Yahoo Finance yfinance auto_adjust=True
3794,002767.SZ,先锋电子,A,-13.860473168283816,2025-07-31,18.597734451293945,2026-07-31,16.020000457763672,Yahoo Finance yfinance auto_adjust=True
3795,600600.SH,青岛啤酒,A,-13.86575719942419,2025-07-31,65.0147933959961,2026-07-31,56.0,Yahoo Finance yfinance auto_adjust=True
3796,600640.SH,国脉文化,A,-13.898834123324056,2025-07-31,12.671140670776367,2026-07-31,10.90999984741211,Yahoo Finance yfinance auto_adjust=True
3797,301178.SZ,天亿马,A,-13.899854644521458,2025-07-31,36.81759262084961,2026-07-31,31.700000762939453,Yahoo Finance yfinance auto_adjust=True
3798,603375.SH,盛景微,A,-13.924304784735153,2025-07-31,38.87276077270508,2026-07-31,33.459999084472656,Yahoo Finance yfinance auto_adjust=True
3799,601099.SH,太平洋,A,-13.930346901406566,2025-07-31,4.019999980926514,2026-07-31,3.4600000381469727,Yahoo Finance yfinance auto_adjust=True
3800,688557.SH,兰剑智能,A,-13.948411375004055,2025-07-31,21.84735870361328,2026-07-31,18.799999237060547,Yahoo Finance yfinance auto_adjust=True
3801,300664.SZ,鹏鹞环保,A,-13.949746945554109,2025-07-31,5.2876081466674805,2026-07-31,4.550000190734863,Yahoo Finance yfinance auto_adjust=True
3802,001366.SZ,播恩集团,A,-13.962558537155811,2025-07-31,12.819999694824219,2026-07-31,11.029999732971191,Yahoo Finance yfinance auto_adjust=True
3803,688193.SH,仁度生物,A,-13.973039072159265,2025-07-31,51.65822219848633,2026-07-31,44.439998626708984,Yahoo Finance yfinance auto_adjust=True
3804,002034.SZ,旺能环境,A,-13.974283757727669,2025-07-31,16.681058883666992,2026-07-31,14.350000381469727,Yahoo Finance yfinance auto_adjust=True
3805,600855.SH,航天长峰,A,-13.992930004347137,2025-07-31,14.149999618530273,2026-07-31,12.170000076293945,Yahoo Finance yfinance auto_adjust=True
3806,300773.SZ,拉卡拉,A,-14.000349591741434,2025-07-31,18.604726791381836,2026-07-31,16.0,Yahoo Finance yfinance auto_adjust=True
3807,600050.SH,中国联通,A,-14.000736114797864,2025-07-31,5.18609094619751,2026-07-31,4.460000038146973,Yahoo Finance yfinance auto_adjust=True
3808,600332.SH,白云山,A,-14.006632181872991,2025-07-31,25.90897560119629,2026-07-31,22.280000686645508,Yahoo Finance yfinance auto_adjust=True
3809,002556.SZ,辉隆股份,A,-14.009385529949547,2025-07-31,5.686666965484619,2026-07-31,4.889999866485596,Yahoo Finance yfinance auto_adjust=True
3810,01612.HK,永胜医疗,HK,-14.01770444503746,2025-08-01,0.8257513642311096,2026-07-31,0.7099999785423279,Yahoo Finance chart adjclose
3811,601111.SH,中国国航,A,-14.030261122456311,2025-07-31,7.269999980926514,2026-07-31,6.25,Yahoo Finance yfinance auto_adjust=True
3812,300562.SZ,乐心医疗,A,-14.032105449122955,2025-07-31,15.924549102783203,2026-07-31,13.6899995803833,Yahoo Finance yfinance auto_adjust=True
3813,603669.SH,灵康药业,A,-14.035089587207317,2025-07-31,6.269999980926514,2026-07-31,5.389999866485596,Yahoo Finance yfinance auto_adjust=True
3814,600718.SH,东软集团,A,-14.038658445082042,2025-07-31,9.829999923706055,2026-07-31,8.449999809265137,Yahoo Finance yfinance auto_adjust=True
3815,01789.HK,爱康医疗,HK,-14.071046886435667,2025-08-01,6.412274360656738,2026-07-31,5.510000228881836,Yahoo Finance chart adjclose
3816,300003.SZ,乐普医疗,A,-14.073469946660532,2025-07-31,15.210668563842773,2026-07-31,13.069999694824219,Yahoo Finance yfinance auto_adjust=True
3817,002926.SZ,华西证券,A,-14.092261080372936,2025-07-31,9.777931213378906,2026-07-31,8.399999618530273,Yahoo Finance yfinance auto_adjust=True
3818,01812.HK,晨鸣纸业,HK,-14.10255881221082,2025-08-01,0.7799999713897705,2026-07-31,0.6700000166893005,Yahoo Finance chart adjclose
3819,301193.SZ,家联科技,A,-14.108106252309438,2025-07-31,18.5,2026-07-31,15.890000343322754,Yahoo Finance yfinance auto_adjust=True
3820,000915.SZ,华特达因,A,-14.110270319606034,2025-07-31,30.259729385375977,2026-07-31,25.989999771118164,Yahoo Finance yfinance auto_adjust=True
3821,688357.SH,建龙微纳,A,-14.110622413344586,2025-07-31,30.120140075683594,2026-07-31,25.8700008392334,Yahoo Finance yfinance auto_adjust=True
3822,002059.SZ,云南旅游,A,-14.119922791118766,2025-07-31,5.170000076293945,2026-07-31,4.440000057220459,Yahoo Finance yfinance auto_adjust=True
3823,000062.SZ,深圳华强,A,-14.121239915876515,2025-07-31,25.36133575439453,2026-07-31,21.780000686645508,Yahoo Finance yfinance auto_adjust=True
3824,600827.SH,百联股份,A,-14.13192194028795,2025-07-31,9.398137092590332,2026-07-31,8.069999694824219,Yahoo Finance yfinance auto_adjust=True
3825,002888.SZ,惠威科技,A,-14.141850880832429,2025-07-31,18.227739334106445,2026-07-31,15.649999618530273,Yahoo Finance yfinance auto_adjust=True
3826,300521.SZ,爱司凯,A,-14.160764623568745,2025-07-31,24.010000228881836,2026-07-31,20.610000610351562,Yahoo Finance yfinance auto_adjust=True
3827,000656.SZ,*ST金科,A,-14.184392426168657,2025-07-31,1.409999966621399,2026-07-31,1.2100000381469727,Yahoo Finance yfinance auto_adjust=True
3828,002495.SZ,佳隆股份,A,-14.195806947909162,2025-07-31,2.59894061088562,2026-07-31,2.2300000190734863,Yahoo Finance yfinance auto_adjust=True
3829,600598.SH,北大荒,A,-14.209101037242045,2025-07-31,14.395466804504395,2026-07-31,12.350000381469727,Yahoo Finance yfinance auto_adjust=True
3830,000928.SZ,中钢国际,A,-14.219284474613403,2025-07-31,6.0969414710998535,2026-07-31,5.230000019073486,Yahoo Finance yfinance auto_adjust=True
3831,603527.SH,众源新材,A,-14.220941867642445,2025-07-31,10.666938781738281,2026-07-31,9.149999618530273,Yahoo Finance yfinance auto_adjust=True
3832,01427.HK,中国天保集团,HK,-14.225939518242326,2025-08-01,0.23899999260902405,2026-07-31,0.20499999821186066,Yahoo Finance chart adjclose
3833,000999.SZ,华润三九,A,-14.232994481184924,2025-07-31,30.093156814575195,2026-07-31,25.809999465942383,Yahoo Finance yfinance auto_adjust=True
3834,01503.HK,招商局商业房托,HK,-14.23440300555795,2025-08-01,1.2126073837280273,2026-07-31,1.0399999618530273,Yahoo Finance chart adjclose
3835,688262.SH,国芯科技,A,-14.239479182019698,2025-07-31,27.809999465942383,2026-07-31,23.850000381469727,Yahoo Finance yfinance auto_adjust=True
3836,02298.HK,都市丽人,HK,-14.244192770771203,2025-08-01,0.3440000116825104,2026-07-31,0.29499998688697815,Yahoo Finance chart adjclose
3837,301185.SZ,鸥玛软件,A,-14.246297968301935,2025-07-31,19.41607093811035,2026-07-31,16.649999618530273,Yahoo Finance yfinance auto_adjust=True
3838,003025.SZ,思进智能,A,-14.254106608339956,2025-07-31,13.540006637573242,2026-07-31,11.609999656677246,Yahoo Finance yfinance auto_adjust=True
3839,300006.SZ,莱美药业,A,-14.260562803863019,2025-07-31,5.679999828338623,2026-07-31,4.869999885559082,Yahoo Finance yfinance auto_adjust=True
3840,301107.SZ,瑜欣电子,A,-14.267208734630943,2025-07-31,20.132320404052734,2026-07-31,17.260000228881836,Yahoo Finance yfinance auto_adjust=True
3841,603396.SH,金辰股份,A,-14.270632645449755,2025-07-31,27.65679931640625,2026-07-31,23.709999084472656,Yahoo Finance yfinance auto_adjust=True
3842,300157.SZ,新锦动力,A,-14.285706062020498,2025-07-31,4.96999979019165,2026-07-31,4.260000228881836,Yahoo Finance yfinance auto_adjust=True
3843,002996.SZ,顺博合金,A,-14.317025575382136,2025-07-31,7.212634563446045,2026-07-31,6.179999828338623,Yahoo Finance yfinance auto_adjust=True
3844,003016.SZ,欣贺股份,A,-14.3410812597077,2025-07-31,7.739999771118164,2026-07-31,6.630000114440918,Yahoo Finance yfinance auto_adjust=True
3845,002372.SZ,伟星新材,A,-14.346970112487645,2025-07-31,10.227309226989746,2026-07-31,8.760000228881836,Yahoo Finance yfinance auto_adjust=True
3846,301118.SZ,恒光股份,A,-14.358327866839439,2025-07-31,23.610000610351562,2026-07-31,20.219999313354492,Yahoo Finance yfinance auto_adjust=True
3847,600960.SH,渤海汽车,A,-14.41047725778234,2025-07-31,4.579999923706055,2026-07-31,3.9200000762939453,Yahoo Finance yfinance auto_adjust=True
3848,601169.SH,北京银行,A,-14.41360034005854,2025-07-31,6.099099636077881,2026-07-31,5.21999979019165,Yahoo Finance yfinance auto_adjust=True
3849,002292.SZ,奥飞娱乐,A,-14.419090184841664,2025-07-31,9.640000343322754,2026-07-31,8.25,Yahoo Finance yfinance auto_adjust=True
3850,300589.SZ,江龙船艇,A,-14.421124227665882,2025-07-31,14.770000457763672,2026-07-31,12.640000343322754,Yahoo Finance yfinance auto_adjust=True
3851,300422.SZ,博世科,A,-14.428854172678896,2025-07-31,4.989999771118164,2026-07-31,4.269999980926514,Yahoo Finance yfinance auto_adjust=True
3852,603309.SH,维力医疗,A,-14.43245461413868,2025-07-31,13.427988052368164,2026-07-31,11.489999771118164,Yahoo Finance yfinance auto_adjust=True
3853,301510.SZ,固高科技,A,-14.438450372235035,2025-07-31,30.247230529785156,2026-07-31,25.8799991607666,Yahoo Finance yfinance auto_adjust=True
3854,000065.SZ,北方国际,A,-14.439110793847076,2025-07-31,10.869452476501465,2026-07-31,9.300000190734863,Yahoo Finance yfinance auto_adjust=True
3855,000008.SZ,神州高铁,A,-14.440436755296982,2025-07-31,2.7699999809265137,2026-07-31,2.369999885559082,Yahoo Finance yfinance auto_adjust=True
3856,002663.SZ,普邦股份,A,-14.444444297272474,2025-07-31,1.7999999523162842,2026-07-31,1.5399999618530273,Yahoo Finance yfinance auto_adjust=True
3857,002127.SZ,南极电商,A,-14.458518308139002,2025-07-31,3.6239726543426514,2026-07-31,3.0999999046325684,Yahoo Finance yfinance auto_adjust=True
3858,002520.SZ,日发精机,A,-14.463450282531587,2025-07-31,6.429999828338623,2026-07-31,5.5,Yahoo Finance yfinance auto_adjust=True
3859,002344.SZ,海宁皮城,A,-14.483404208495953,2025-07-31,4.420194625854492,2026-07-31,3.7799999713897705,Yahoo Finance yfinance auto_adjust=True
3860,300071.SZ,福石控股,A,-14.500941416648194,2025-07-31,5.309999942779541,2026-07-31,4.539999961853027,Yahoo Finance yfinance auto_adjust=True
3861,603085.SH,天成自控,A,-14.520549591631426,2025-07-31,10.949999809265137,2026-07-31,9.359999656677246,Yahoo Finance yfinance auto_adjust=True
3862,600207.SH,安彩高科,A,-14.522826995274073,2025-07-31,4.820000171661377,2026-07-31,4.119999885559082,Yahoo Finance yfinance auto_adjust=True
3863,01848.HK,中国飞机租赁,HK,-14.534264888268588,2025-08-01,4.165411949157715,2026-07-31,3.559999942779541,Yahoo Finance chart adjclose
3864,300197.SZ,节能铁汉,A,-14.55399273864355,2025-07-31,2.130000114440918,2026-07-31,1.8200000524520874,Yahoo Finance yfinance auto_adjust=True
3865,301088.SZ,戎美股份,A,-14.555393556871877,2025-07-31,13.599453926086426,2026-07-31,11.619999885559082,Yahoo Finance yfinance auto_adjust=True
3866,688318.SH,财富趋势,A,-14.560582925754417,2025-07-31,86.85686492919922,2026-07-31,74.20999908447266,Yahoo Finance yfinance auto_adjust=True
3867,000731.SZ,四川美丰,A,-14.569150524816287,2025-07-31,6.8476433753967285,2026-07-31,5.849999904632568,Yahoo Finance yfinance auto_adjust=True
3868,600278.SH,东方创业,A,-14.57336177631332,2025-07-31,7.363042831420898,2026-07-31,6.289999961853027,Yahoo Finance yfinance auto_adjust=True
3869,601990.SH,南京证券,A,-14.594377293883054,2025-07-31,8.008840560913086,2026-07-31,6.840000152587891,Yahoo Finance yfinance auto_adjust=True
3870,600838.SH,上海九百,A,-14.60248949656825,2025-07-31,8.548258781433105,2026-07-31,7.300000190734863,Yahoo Finance yfinance auto_adjust=True
3871,688386.SH,泛亚微透,A,-14.605192982980409,2025-07-31,59.230770111083984,2026-07-31,50.58000183105469,Yahoo Finance yfinance auto_adjust=True
3872,300828.SZ,锐新科技,A,-14.605748363435422,2025-07-31,17.120590209960938,2026-07-31,14.619999885559082,Yahoo Finance yfinance auto_adjust=True
3873,002753.SZ,永东股份,A,-14.654865266267759,2025-07-31,7.030277729034424,2026-07-31,6.0,Yahoo Finance yfinance auto_adjust=True
3874,688543.SH,国科军工,A,-14.658456348344417,2025-07-31,44.3980712890625,2026-07-31,37.88999938964844,Yahoo Finance yfinance auto_adjust=True
3875,300488.SZ,恒锋工具,A,-14.666757306296041,2025-07-31,33.16409683227539,2026-07-31,28.299999237060547,Yahoo Finance yfinance auto_adjust=True
3876,600590.SH,泰豪科技,A,-14.67006808201785,2025-07-31,9.410531044006348,2026-07-31,8.029999732971191,Yahoo Finance yfinance auto_adjust=True
3877,003027.SZ,同兴科技,A,-14.674544064714578,2025-07-31,18.060260772705078,2026-07-31,15.40999984741211,Yahoo Finance yfinance auto_adjust=True
3878,06049.HK,保利物业,HK,-14.682528513972493,2025-08-01,32.93581008911133,2026-07-31,28.100000381469727,Yahoo Finance chart adjclose
3879,600182.SH,S佳通,A,-14.691611167861286,2025-07-31,15.098163604736328,2026-07-31,12.880000114440918,Yahoo Finance yfinance auto_adjust=True
3880,01527.HK,天洁环境,HK,-14.69194114654031,2025-08-01,2.109999895095825,2026-07-31,1.7999999523162842,Yahoo Finance chart adjclose
3881,603103.SH,横店影视,A,-14.69796744167937,2025-07-31,16.998422622680664,2026-07-31,14.5,Yahoo Finance yfinance auto_adjust=True
3882,300349.SZ,金卡智能,A,-14.70197704106142,2025-07-31,11.911178588867188,2026-07-31,10.15999984741211,Yahoo Finance yfinance auto_adjust=True
3883,300154.SZ,瑞凌股份,A,-14.706419227258893,2025-07-31,8.88695240020752,2026-07-31,7.579999923706055,Yahoo Finance yfinance auto_adjust=True
3884,06093.HK,和泓服务,HK,-14.736840784384587,2025-08-01,0.949999988079071,2026-07-31,0.8100000023841858,Yahoo Finance chart adjclose
3885,002723.SZ,小崧股份,A,-14.743590605721336,2025-07-31,7.800000190734863,2026-07-31,6.650000095367432,Yahoo Finance yfinance auto_adjust=True
3886,301314.SZ,科瑞思,A,-14.749228511577694,2025-07-31,41.93510437011719,2026-07-31,35.75,Yahoo Finance yfinance auto_adjust=True
3887,605099.SH,共创草坪,A,-14.754403772911761,2025-07-31,38.53571319580078,2026-07-31,32.849998474121094,Yahoo Finance yfinance auto_adjust=True
3888,600918.SH,中泰证券,A,-14.76475689846698,2025-07-31,6.616981029510498,2026-07-31,5.639999866485596,Yahoo Finance yfinance auto_adjust=True
3889,603378.SH,亚士创能,A,-14.765102496786554,2025-07-31,5.960000038146973,2026-07-31,5.079999923706055,Yahoo Finance yfinance auto_adjust=True
3890,600493.SH,凤竹纺织,A,-14.765242079547502,2025-07-31,6.499695777893066,2026-07-31,5.539999961853027,Yahoo Finance yfinance auto_adjust=True
3891,000570.SZ,苏常柴Ａ,A,-14.773219621962784,2025-07-31,5.819766998291016,2026-07-31,4.960000038146973,Yahoo Finance yfinance auto_adjust=True
3892,605151.SH,西上海,A,-14.781290683392779,2025-07-31,19.889999389648438,2026-07-31,16.950000762939453,Yahoo Finance yfinance auto_adjust=True
3893,002457.SZ,青龙管业,A,-14.78801953938419,2025-07-31,12.216591835021973,2026-07-31,10.40999984741211,Yahoo Finance yfinance auto_adjust=True
3894,002801.SZ,微光股份,A,-14.810047977452278,2025-07-31,32.65643310546875,2026-07-31,27.81999969482422,Yahoo Finance yfinance auto_adjust=True
3895,000528.SZ,柳    工,A,-14.823201070323877,2025-07-31,10.307971000671387,2026-07-31,8.779999732971191,Yahoo Finance yfinance auto_adjust=True
3896,600218.SH,全柴动力,A,-14.833569777997635,2025-07-31,8.8297700881958,2026-07-31,7.519999980926514,Yahoo Finance yfinance auto_adjust=True
3897,002863.SZ,今飞凯达,A,-14.867705804377673,2025-07-31,5.09794807434082,2026-07-31,4.340000152587891,Yahoo Finance yfinance auto_adjust=True
3898,002486.SZ,嘉麟杰,A,-14.869279570145332,2025-07-31,2.666487455368042,2026-07-31,2.2699999809265137,Yahoo Finance yfinance auto_adjust=True
3899,300580.SZ,贝斯特,A,-14.898979925467227,2025-07-31,24.62955093383789,2026-07-31,20.959999084472656,Yahoo Finance yfinance auto_adjust=True
3900,300449.SZ,汉邦高科,A,-14.929213002054453,2025-07-31,7.769999980926514,2026-07-31,6.610000133514404,Yahoo Finance yfinance auto_adjust=True
3901,600269.SH,赣粤高速,A,-14.940829358873852,2025-07-31,4.867199897766113,2026-07-31,4.139999866485596,Yahoo Finance yfinance auto_adjust=True
3902,688365.SH,光云科技,A,-14.94186357268118,2025-07-31,17.200000762939453,2026-07-31,14.630000114440918,Yahoo Finance yfinance auto_adjust=True
3903,300545.SZ,联得装备,A,-14.973194404642342,2025-07-31,30.496265411376953,2026-07-31,25.93000030517578,Yahoo Finance yfinance auto_adjust=True
3904,300885.SZ,海昌新材,A,-14.985748013764377,2025-07-31,23.05495834350586,2026-07-31,19.600000381469727,Yahoo Finance yfinance auto_adjust=True
3905,688279.SH,峰岹科技,A,-14.991602987830898,2025-07-31,183.05250549316406,2026-07-31,155.61000061035156,Yahoo Finance yfinance auto_adjust=True
3906,600819.SH,耀皮玻璃,A,-14.992612326017074,2025-07-31,6.258279800415039,2026-07-31,5.320000171661377,Yahoo Finance yfinance auto_adjust=True
3907,300551.SZ,古鳌科技,A,-14.999996532093396,2025-07-31,11.0,2026-07-31,9.350000381469727,Yahoo Finance yfinance auto_adjust=True
3908,01695.HK,椰丰集团,HK,-15.000000372529021,2025-08-01,0.10000000149011612,2026-07-31,0.08500000089406967,Yahoo Finance chart adjclose
3909,688718.SH,唯赛勃,A,-15.002339986993663,2025-07-31,14.541576385498047,2026-07-31,12.359999656677246,Yahoo Finance yfinance auto_adjust=True
3910,000402.SZ,金 融 街,A,-15.017066457183804,2025-07-31,2.930000066757202,2026-07-31,2.490000009536743,Yahoo Finance yfinance auto_adjust=True
3911,600728.SH,佳都科技,A,-15.01851686946174,2025-07-31,5.718893051147461,2026-07-31,4.860000133514404,Yahoo Finance yfinance auto_adjust=True
3912,002020.SZ,京新药业,A,-15.02293195062332,2025-07-31,16.051389694213867,2026-07-31,13.640000343322754,Yahoo Finance yfinance auto_adjust=True
3913,688459.SH,哈铁科技,A,-15.02597332909098,2025-07-31,9.579398155212402,2026-07-31,8.140000343322754,Yahoo Finance yfinance auto_adjust=True
3914,601188.SH,龙江交通,A,-15.029002246742085,2025-07-31,3.3893918991088867,2026-07-31,2.880000114440918,Yahoo Finance yfinance auto_adjust=True
3915,603960.SH,克来机电,A,-15.034501628887309,2025-07-31,18.96063804626465,2026-07-31,16.110000610351562,Yahoo Finance yfinance auto_adjust=True
3916,300452.SZ,山河药辅,A,-15.038736335227732,2025-07-31,14.288865089416504,2026-07-31,12.140000343322754,Yahoo Finance yfinance auto_adjust=True
3917,603237.SH,五芳斋,A,-15.048638065743203,2025-07-31,16.727218627929688,2026-07-31,14.210000038146973,Yahoo Finance yfinance auto_adjust=True
3918,688586.SH,江航装备,A,-15.055915917610452,2025-07-31,12.33752727508545,2026-07-31,10.479999542236328,Yahoo Finance yfinance auto_adjust=True
3919,300667.SZ,必创科技,A,-15.057178653254311,2025-07-31,15.739999771118164,2026-07-31,13.369999885559082,Yahoo Finance yfinance auto_adjust=True
3920,688395.SH,正弦电气,A,-15.063019725708404,2025-07-31,23.72347068786621,2026-07-31,20.149999618530273,Yahoo Finance yfinance auto_adjust=True
3921,002144.SZ,宏达高科,A,-15.072855502285787,2025-07-31,11.90432071685791,2026-07-31,10.109999656677246,Yahoo Finance yfinance auto_adjust=True
3922,002023.SZ,海特高新,A,-15.07720084380686,2025-07-31,11.010000228881836,2026-07-31,9.350000381469727,Yahoo Finance yfinance auto_adjust=True
3923,301289.SZ,国缆检测,A,-15.078872179341374,2025-07-31,49.8815803527832,2026-07-31,42.36000061035156,Yahoo Finance yfinance auto_adjust=True
3924,688601.SH,力芯微,A,-15.079466855740797,2025-07-31,41.55649948120117,2026-07-31,35.290000915527344,Yahoo Finance yfinance auto_adjust=True
3925,601799.SH,星宇股份,A,-15.084783021269521,2025-07-31,116.82240295410156,2026-07-31,99.19999694824219,Yahoo Finance yfinance auto_adjust=True
3926,001213.SZ,中铁特货,A,-15.099447910057984,2025-07-31,4.228476524353027,2026-07-31,3.5899999141693115,Yahoo Finance yfinance auto_adjust=True
3927,600721.SH,百花医药,A,-15.10148275186529,2025-07-31,8.280474662780762,2026-07-31,7.03000020980835,Yahoo Finance yfinance auto_adjust=True
3928,02190.HK,归创通桥,HK,-15.11496044604419,2025-08-01,22.477458953857422,2026-07-31,19.079999923706055,Yahoo Finance chart adjclose
3929,688619.SH,罗普特,A,-15.155706638688704,2025-07-31,14.449999809265137,2026-07-31,12.260000228881836,Yahoo Finance yfinance auto_adjust=True
3930,002910.SZ,庄园牧场,A,-15.169664554116347,2025-07-31,10.020000457763672,2026-07-31,8.5,Yahoo Finance yfinance auto_adjust=True
3931,603320.SH,迪贝电气,A,-15.189166658971043,2025-07-31,18.3820858001709,2026-07-31,15.59000015258789,Yahoo Finance yfinance auto_adjust=True
3932,301161.SZ,唯万密封,A,-15.190373511382882,2025-07-31,28.41658592224121,2026-07-31,24.100000381469727,Yahoo Finance yfinance auto_adjust=True
3933,002523.SZ,天桥起重,A,-15.204406875290033,2025-07-31,3.8445394039154053,2026-07-31,3.259999990463257,Yahoo Finance yfinance auto_adjust=True
3934,300829.SZ,金丹科技,A,-15.211220844790018,2025-07-31,17.160289764404297,2026-07-31,14.550000190734863,Yahoo Finance yfinance auto_adjust=True
3935,000419.SZ,通程控股,A,-15.213040550028511,2025-07-31,5.732013702392578,2026-07-31,4.860000133514404,Yahoo Finance yfinance auto_adjust=True
3936,000998.SZ,隆平高科,A,-15.224703614984758,2025-07-31,9.908546447753906,2026-07-31,8.399999618530273,Yahoo Finance yfinance auto_adjust=True
3937,300441.SZ,鲍斯股份,A,-15.231167756004915,2025-07-31,8.234158515930176,2026-07-31,6.980000019073486,Yahoo Finance yfinance auto_adjust=True
3938,08093.HK,瓦普思瑞元宇宙,HK,-15.254233521108173,2025-08-01,2.359999895095825,2026-07-31,2.0,Yahoo Finance chart adjclose
3939,600824.SH,益民集团,A,-15.280144705023934,2025-07-31,4.202084541320801,2026-07-31,3.559999942779541,Yahoo Finance yfinance auto_adjust=True
3940,300860.SZ,锋尚文化,A,-15.282385260737408,2025-07-31,28.565488815307617,2026-07-31,24.200000762939453,Yahoo Finance yfinance auto_adjust=True
3941,300538.SZ,同益股份,A,-15.289655432442428,2025-07-31,15.960270881652832,2026-07-31,13.520000457763672,Yahoo Finance yfinance auto_adjust=True
3942,001395.SZ,亚联机械,A,-15.294398066893965,2025-07-31,33.48066711425781,2026-07-31,28.360000610351562,Yahoo Finance yfinance auto_adjust=True
3943,300788.SZ,中信出版,A,-15.297136704062119,2025-07-31,31.368478775024414,2026-07-31,26.56999969482422,Yahoo Finance yfinance auto_adjust=True
3944,301555.SZ,惠柏新材,A,-15.298485907493852,2025-07-31,33.281578063964844,2026-07-31,28.190000534057617,Yahoo Finance yfinance auto_adjust=True
3945,002760.SZ,凤形股份,A,-15.300262994995572,2025-07-31,19.149999618530273,2026-07-31,16.219999313354492,Yahoo Finance yfinance auto_adjust=True
3946,603711.SH,香飘飘,A,-15.305381471099299,2025-07-31,13.424701690673828,2026-07-31,11.369999885559082,Yahoo Finance yfinance auto_adjust=True
3947,300823.SZ,建科智能,A,-15.312393948371971,2025-07-31,16.023595809936523,2026-07-31,13.569999694824219,Yahoo Finance yfinance auto_adjust=True
3948,603797.SH,联泰环保,A,-15.315496701316677,2025-07-31,4.640754699707031,2026-07-31,3.930000066757202,Yahoo Finance yfinance auto_adjust=True
3949,01395.HK,强泰环保,HK,-15.328466200575729,2025-08-01,0.13699999451637268,2026-07-31,0.11599999666213989,Yahoo Finance chart adjclose
3950,300080.SZ,易成新能,A,-15.331804471881561,2025-07-31,4.369999885559082,2026-07-31,3.700000047683716,Yahoo Finance yfinance auto_adjust=True
3951,002815.SZ,崇达技术,A,-15.33523789344191,2025-07-31,13.169587135314941,2026-07-31,11.149999618530273,Yahoo Finance yfinance auto_adjust=True
3952,000753.SZ,漳州发展,A,-15.338768685259584,2025-07-31,5.5397257804870605,2026-07-31,4.690000057220459,Yahoo Finance yfinance auto_adjust=True
3953,000546.SZ,金圆股份,A,-15.339804800463098,2025-07-31,5.150000095367432,2026-07-31,4.360000133514404,Yahoo Finance yfinance auto_adjust=True
3954,300307.SZ,慈星股份,A,-15.35927007624105,2025-07-31,8.057586669921875,2026-07-31,6.820000171661377,Yahoo Finance yfinance auto_adjust=True
3955,300353.SZ,东土科技,A,-15.362461712242348,2025-07-31,20.829999923706055,2026-07-31,17.6299991607666,Yahoo Finance yfinance auto_adjust=True
3956,000676.SZ,智度股份,A,-15.367237872657658,2025-07-31,8.850000381469727,2026-07-31,7.489999771118164,Yahoo Finance yfinance auto_adjust=True
3957,08121.HK,国恩控股,HK,-15.384610446952319,2025-08-01,0.6499999761581421,2026-07-31,0.550000011920929,Yahoo Finance chart adjclose
3958,01269.HK,首控集团,HK,-15.384617588929128,2025-08-01,0.052000001072883606,2026-07-31,0.04399999976158142,Yahoo Finance chart adjclose
3959,603878.SH,武进不锈,A,-15.386699509276058,2025-07-31,5.601955890655518,2026-07-31,4.739999771118164,Yahoo Finance yfinance auto_adjust=True
3960,002215.SZ,诺 普 信,A,-15.389378770039785,2025-07-31,10.956071853637695,2026-07-31,9.270000457763672,Yahoo Finance yfinance auto_adjust=True
3961,600315.SH,上海家化,A,-15.39079259406021,2025-07-31,21.747041702270508,2026-07-31,18.399999618530273,Yahoo Finance yfinance auto_adjust=True
3962,688475.SH,萤石网络,A,-15.402435018598727,2025-07-31,35.09557342529297,2026-07-31,29.690000534057617,Yahoo Finance yfinance auto_adjust=True
3963,688518.SH,联赢激光,A,-15.405648558623142,2025-07-31,21.821786880493164,2026-07-31,18.459999084472656,Yahoo Finance yfinance auto_adjust=True
3964,300532.SZ,今天国际,A,-15.405981999089025,2025-07-31,8.381207466125488,2026-07-31,7.090000152587891,Yahoo Finance yfinance auto_adjust=True
3965,688173.SH,希荻微,A,-15.422191555569931,2025-07-31,14.329999923706055,2026-07-31,12.119999885559082,Yahoo Finance yfinance auto_adjust=True
3966,002696.SZ,百洋股份,A,-15.480598149620327,2025-07-31,6.164265155792236,2026-07-31,5.210000038146973,Yahoo Finance yfinance auto_adjust=True
3967,688510.SH,航亚科技,A,-15.488687060093254,2025-07-31,24.600257873535156,2026-07-31,20.790000915527344,Yahoo Finance yfinance auto_adjust=True
3968,301535.SZ,浙江华远,A,-15.488885365491745,2025-07-31,19.512226104736328,2026-07-31,16.489999771118164,Yahoo Finance yfinance auto_adjust=True
3969,300798.SZ,锦鸡股份,A,-15.50926040904017,2025-07-31,8.640000343322754,2026-07-31,7.300000190734863,Yahoo Finance yfinance auto_adjust=True
3970,601236.SH,红塔证券,A,-15.510007769014134,2025-07-31,8.427033424377441,2026-07-31,7.119999885559082,Yahoo Finance yfinance auto_adjust=True
3971,600638.SH,新黄浦,A,-15.512659888884961,2025-07-31,5.752341270446777,2026-07-31,4.860000133514404,Yahoo Finance yfinance auto_adjust=True
3972,600582.SH,天地科技,A,-15.513917500921348,2025-07-31,5.835280418395996,2026-07-31,4.929999828338623,Yahoo Finance yfinance auto_adjust=True
3973,300673.SZ,佩蒂股份,A,-15.515932962756107,2025-07-31,15.174458503723145,2026-07-31,12.819999694824219,Yahoo Finance yfinance auto_adjust=True
3974,603289.SH,泰瑞机器,A,-15.518649253826155,2025-07-31,9.457708358764648,2026-07-31,7.989999771118164,Yahoo Finance yfinance auto_adjust=True
3975,301608.SZ,博实结,A,-15.51886296784274,2025-07-31,52.67448043823242,2026-07-31,44.5,Yahoo Finance yfinance auto_adjust=True
3976,688653.SH,康希通信,A,-15.522619488997192,2025-07-31,12.819999694824219,2026-07-31,10.829999923706055,Yahoo Finance yfinance auto_adjust=True
3977,600059.SH,古越龙山,A,-15.551178001398858,2025-07-31,9.68634033203125,2026-07-31,8.180000305175781,Yahoo Finance yfinance auto_adjust=True
3978,301456.SZ,盘古智能,A,-15.559081849141842,2025-07-31,25.698442459106445,2026-07-31,21.700000762939453,Yahoo Finance yfinance auto_adjust=True
3979,000869.SZ,张  裕Ａ,A,-15.561599296092599,2025-07-31,21.139671325683594,2026-07-31,17.850000381469727,Yahoo Finance yfinance auto_adjust=True
3980,06657.HK,百望股份,HK,-15.57669401364673,2025-08-01,16.81999969482422,2026-07-31,14.199999809265137,Yahoo Finance chart adjclose
3981,603073.SH,彩蝶实业,A,-15.57964184227194,2025-07-31,17.82745361328125,2026-07-31,15.050000190734863,Yahoo Finance yfinance auto_adjust=True
3982,300193.SZ,佳士科技,A,-15.581423658236949,2025-07-31,8.86060905456543,2026-07-31,7.480000019073486,Yahoo Finance yfinance auto_adjust=True
3983,02511.HK,君圣泰医药-B,HK,-15.584416589722483,2025-08-01,3.0799999237060547,2026-07-31,2.5999999046325684,Yahoo Finance chart adjclose
3984,600958.SH,东方证券,A,-15.593088179544623,2025-07-31,10.887733459472656,2026-07-31,9.1899995803833,Yahoo Finance yfinance auto_adjust=True
3985,01787.HK,山东黄金,HK,-15.596230786319708,2025-08-01,23.885189056396484,2026-07-31,20.15999984741211,Yahoo Finance chart adjclose
3986,002698.SZ,博实股份,A,-15.629636501578759,2025-07-31,15.882353782653809,2026-07-31,13.399999618530273,Yahoo Finance yfinance auto_adjust=True
3987,002985.SZ,北摩高科,A,-15.653763295137313,2025-07-31,30.315519332885742,2026-07-31,25.56999969482422,Yahoo Finance yfinance auto_adjust=True
3988,603006.SH,联明股份,A,-15.657668766951394,2025-07-31,12.295130729675293,2026-07-31,10.369999885559082,Yahoo Finance yfinance auto_adjust=True
3989,600834.SH,申通地铁,A,-15.658192381506787,2025-07-31,8.643400192260742,2026-07-31,7.289999961853027,Yahoo Finance yfinance auto_adjust=True
3990,002052.SZ,同洲电子,A,-15.67306942840978,2025-07-31,10.399999618530273,2026-07-31,8.770000457763672,Yahoo Finance yfinance auto_adjust=True
3991,02696.HK,复宏汉霖,HK,-15.681815869880445,2025-08-01,66.0,2026-07-31,55.650001525878906,Yahoo Finance chart adjclose
3992,688329.SH,艾隆科技,A,-15.714122024269084,2025-07-31,19.82538414001465,2026-07-31,16.709999084472656,Yahoo Finance yfinance auto_adjust=True
3993,301386.SZ,未来电器,A,-15.717414359873082,2025-07-31,22.685588836669922,2026-07-31,19.1200008392334,Yahoo Finance yfinance auto_adjust=True
3994,603319.SH,美湖股份,A,-15.72154327205666,2025-07-31,26.187000274658203,2026-07-31,22.06999969482422,Yahoo Finance yfinance auto_adjust=True
3995,688267.SH,中触媒,A,-15.724614695924966,2025-07-31,21.346683502197266,2026-07-31,17.989999771118164,Yahoo Finance yfinance auto_adjust=True
3996,605588.SH,冠石科技,A,-15.75949573888672,2025-07-31,47.400001525878906,2026-07-31,39.93000030517578,Yahoo Finance yfinance auto_adjust=True
3997,688539.SH,高华科技,A,-15.76069056859547,2025-07-31,27.87297248840332,2026-07-31,23.479999542236328,Yahoo Finance yfinance auto_adjust=True
3998,01033.HK,中石化油服,HK,-15.789474509759637,2025-08-01,0.7599999904632568,2026-07-31,0.6399999856948853,Yahoo Finance chart adjclose
3999,002406.SZ,远东传动,A,-15.809232238204352,2025-07-31,7.934361457824707,2026-07-31,6.679999828338623,Yahoo Finance yfinance auto_adjust=True
4000,600894.SH,广日股份,A,-15.81292915098218,2025-07-31,9.419498443603516,2026-07-31,7.929999828338623,Yahoo Finance yfinance auto_adjust=True
4001,600335.SH,国机汽车,A,-15.813459037079912,2025-07-31,6.236151218414307,2026-07-31,5.25,Yahoo Finance yfinance auto_adjust=True
4002,601360.SH,三六零,A,-15.832489066980148,2025-07-31,11.085037231445312,2026-07-31,9.329999923706055,Yahoo Finance yfinance auto_adjust=True
4003,001298.SZ,好上好,A,-15.837039249513463,2025-07-31,19.438480377197266,2026-07-31,16.360000610351562,Yahoo Finance yfinance auto_adjust=True
4004,600883.SH,博闻科技,A,-15.845845028634898,2025-07-31,8.270536422729492,2026-07-31,6.960000038146973,Yahoo Finance yfinance auto_adjust=True
4005,000617.SZ,中油资本,A,-15.847879969864731,2025-07-31,8.555933952331543,2026-07-31,7.199999809265137,Yahoo Finance yfinance auto_adjust=True
4006,301177.SZ,迪阿股份,A,-15.865169397026124,2025-07-31,26.885417938232422,2026-07-31,22.6200008392334,Yahoo Finance yfinance auto_adjust=True
4007,600390.SH,五矿资本,A,-15.8661713328907,2025-07-31,5.966684341430664,2026-07-31,5.019999980926514,Yahoo Finance yfinance auto_adjust=True
4008,300498.SZ,温氏股份,A,-15.871523994698933,2025-07-31,16.748193740844727,2026-07-31,14.09000015258789,Yahoo Finance yfinance auto_adjust=True
4009,300471.SZ,厚普股份,A,-15.898819545861487,2025-07-31,11.069999694824219,2026-07-31,9.3100004196167,Yahoo Finance yfinance auto_adjust=True
4010,300099.SZ,尤洛卡,A,-15.909776085564198,2025-07-31,7.016273498535156,2026-07-31,5.900000095367432,Yahoo Finance yfinance auto_adjust=True
4011,002338.SZ,奥普光电,A,-15.916167521436398,2025-07-31,47.52399826049805,2026-07-31,39.959999084472656,Yahoo Finance yfinance auto_adjust=True
4012,301046.SZ,能辉科技,A,-15.918624677169035,2025-07-31,20.23040199279785,2026-07-31,17.010000228881836,Yahoo Finance yfinance auto_adjust=True
4013,603035.SH,常熟汽饰,A,-15.92022749302473,2025-07-31,13.177961349487305,2026-07-31,11.079999923706055,Yahoo Finance yfinance auto_adjust=True
4014,600796.SH,钱江生化,A,-15.972828171645926,2025-07-31,5.831447124481201,2026-07-31,4.900000095367432,Yahoo Finance yfinance auto_adjust=True
4015,600854.SH,春兰股份,A,-15.974372958618943,2025-07-31,5.153189659118652,2026-07-31,4.329999923706055,Yahoo Finance yfinance auto_adjust=True
4016,002331.SZ,皖通科技,A,-15.974842910642872,2025-07-31,7.949999809265137,2026-07-31,6.679999828338623,Yahoo Finance yfinance auto_adjust=True
4017,002137.SZ,实益达,A,-15.981385026952498,2025-07-31,8.70045280456543,2026-07-31,7.309999942779541,Yahoo Finance yfinance auto_adjust=True
4018,600758.SH,辽宁能源,A,-15.99462202415085,2025-07-31,3.868799924850464,2026-07-31,3.25,Yahoo Finance yfinance auto_adjust=True
4019,603220.SH,中贝通信,A,-16.003028718661373,2025-07-31,21.69125747680664,2026-07-31,18.219999313354492,Yahoo Finance yfinance auto_adjust=True
4020,300351.SZ,永贵电器,A,-16.007261058056777,2025-07-31,16.132347106933594,2026-07-31,13.550000190734863,Yahoo Finance yfinance auto_adjust=True
4021,603014.SH,威高血净,A,-16.007275423683275,2025-07-31,38.33665466308594,2026-07-31,32.20000076293945,Yahoo Finance yfinance auto_adjust=True
4022,06199.HK,贵州银行,HK,-16.009244330124694,2025-08-01,1.0596404075622559,2026-07-31,0.8899999856948853,Yahoo Finance chart adjclose
4023,601113.SH,华鼎股份,A,-16.009848918959648,2025-07-31,4.059999942779541,2026-07-31,3.4100000858306885,Yahoo Finance yfinance auto_adjust=True
4024,02273.HK,固生堂,HK,-16.017566639610013,2025-08-01,35.03113555908203,2026-07-31,29.420000076293945,Yahoo Finance chart adjclose
4025,603728.SH,鸣志电器,A,-16.026894669090062,2025-07-31,58.87599182128906,2026-07-31,49.439998626708984,Yahoo Finance yfinance auto_adjust=True
4026,688819.SH,天能股份,A,-16.054379357583837,2025-07-31,26.9102783203125,2026-07-31,22.59000015258789,Yahoo Finance yfinance auto_adjust=True
4027,300883.SZ,龙利得,A,-16.09375303843985,2025-07-31,6.400000095367432,2026-07-31,5.369999885559082,Yahoo Finance yfinance auto_adjust=True
4028,600231.SH,凌钢股份,A,-16.097557628388703,2025-07-31,2.049999952316284,2026-07-31,1.7200000286102295,Yahoo Finance yfinance auto_adjust=True
4029,603988.SH,中电电机,A,-16.103169976731245,2025-07-31,23.195154190063477,2026-07-31,19.459999084472656,Yahoo Finance yfinance auto_adjust=True
4030,600697.SH,欧亚集团,A,-16.12128469029961,2025-07-31,12.184259414672852,2026-07-31,10.220000267028809,Yahoo Finance yfinance auto_adjust=True
4031,301206.SZ,三元生物,A,-16.159029076107856,2025-07-31,27.969619750976562,2026-07-31,23.450000762939453,Yahoo Finance yfinance auto_adjust=True
4032,08481.HK,盛龙锦秀国际,HK,-16.16161865502542,2025-08-01,0.4950000047683716,2026-07-31,0.41499999165534973,Yahoo Finance chart adjclose
4033,600359.SH,新农开发,A,-16.19318000941482,2025-07-31,7.039999961853027,2026-07-31,5.900000095367432,Yahoo Finance yfinance auto_adjust=True
4034,001205.SZ,盛航股份,A,-16.19612016695432,2025-07-31,15.846521377563477,2026-07-31,13.279999732971191,Yahoo Finance yfinance auto_adjust=True
4035,601390.SH,中国中铁,A,-16.208868735298655,2025-07-31,5.501775741577148,2026-07-31,4.610000133514404,Yahoo Finance yfinance auto_adjust=True
4036,601999.SH,出版传媒,A,-16.213604560678295,2025-07-31,7.101391315460205,2026-07-31,5.949999809265137,Yahoo Finance yfinance auto_adjust=True
4037,300320.SZ,海达股份,A,-16.22494637350851,2025-07-31,9.788116455078125,2026-07-31,8.199999809265137,Yahoo Finance yfinance auto_adjust=True
4038,002426.SZ,胜利精密,A,-16.23376663588899,2025-07-31,3.0799999237060547,2026-07-31,2.5799999237060547,Yahoo Finance yfinance auto_adjust=True
4039,000735.SZ,罗 牛 山,A,-16.28947292135171,2025-07-31,6.2835588455200195,2026-07-31,5.260000228881836,Yahoo Finance yfinance auto_adjust=True
4040,000958.SZ,电投产融,A,-16.294486489907122,2025-07-31,6.570654392242432,2026-07-31,5.5,Yahoo Finance yfinance auto_adjust=True
4041,600381.SH,*ST春天,A,-16.31205801676551,2025-07-31,4.230000019073486,2026-07-31,3.5399999618530273,Yahoo Finance yfinance auto_adjust=True
4042,002866.SZ,传艺科技,A,-16.329121450520525,2025-07-31,17.867626190185547,2026-07-31,14.949999809265137,Yahoo Finance yfinance auto_adjust=True
4043,301060.SZ,兰卫医学,A,-16.33376415869051,2025-07-31,10.482126235961914,2026-07-31,8.770000457763672,Yahoo Finance yfinance auto_adjust=True
4044,603038.SH,华立股份,A,-16.337848610849235,2025-07-31,14.415121078491211,2026-07-31,12.0600004196167,Yahoo Finance yfinance auto_adjust=True
4045,600586.SH,金晶科技,A,-16.338581420696908,2025-07-31,5.079999923706055,2026-07-31,4.25,Yahoo Finance yfinance auto_adjust=True
4046,000505.SZ,京粮控股,A,-16.341831186207845,2025-07-31,6.670000076293945,2026-07-31,5.579999923706055,Yahoo Finance yfinance auto_adjust=True
4047,003003.SZ,天元股份,A,-16.343419064074993,2025-07-31,11.977540016174316,2026-07-31,10.020000457763672,Yahoo Finance yfinance auto_adjust=True
4048,603185.SH,弘元绿能,A,-16.347763773586554,2025-07-31,19.22243881225586,2026-07-31,16.079999923706055,Yahoo Finance yfinance auto_adjust=True
4049,300066.SZ,三川智慧,A,-16.375541085001544,2025-07-31,5.919320583343506,2026-07-31,4.949999809265137,Yahoo Finance yfinance auto_adjust=True
4050,003012.SZ,东鹏控股,A,-16.376698807300638,2025-07-31,5.668276309967041,2026-07-31,4.739999771118164,Yahoo Finance yfinance auto_adjust=True
4051,002263.SZ,大东南,A,-16.379308336744046,2025-07-31,3.4800000190734863,2026-07-31,2.9100000858306885,Yahoo Finance yfinance auto_adjust=True
4052,603496.SH,恒为科技,A,-16.39379440619494,2025-07-31,28.13188362121582,2026-07-31,23.520000457763672,Yahoo Finance yfinance auto_adjust=True
4053,601890.SH,亚星锚链,A,-16.394752139557266,2025-07-31,10.286436080932617,2026-07-31,8.600000381469727,Yahoo Finance yfinance auto_adjust=True
4054,301378.SZ,通达海,A,-16.400763767143765,2025-07-31,31.34000015258789,2026-07-31,26.200000762939453,Yahoo Finance yfinance auto_adjust=True
4055,02399.HK,中国安储能源,HK,-16.43835638808273,2025-08-01,0.36500000953674316,2026-07-31,0.3050000071525574,Yahoo Finance chart adjclose
4056,300826.SZ,测绘股份,A,-16.445517240619356,2025-07-31,13.847251892089844,2026-07-31,11.569999694824219,Yahoo Finance yfinance auto_adjust=True
4057,02051.HK,VALA,HK,-16.455695151977125,2025-08-01,0.39500001072883606,2026-07-31,0.33000001311302185,Yahoo Finance chart adjclose
4058,605005.SH,合兴股份,A,-16.458336775930594,2025-07-31,17.775562286376953,2026-07-31,14.850000381469727,Yahoo Finance yfinance auto_adjust=True
4059,301272.SZ,英华特,A,-16.47366026354814,2025-07-31,37.317569732666016,2026-07-31,31.170000076293945,Yahoo Finance yfinance auto_adjust=True
4060,002416.SZ,爱施德,A,-16.475445064595128,2025-07-31,11.98449993133545,2026-07-31,10.010000228881836,Yahoo Finance yfinance auto_adjust=True
4061,600307.SH,酒钢宏兴,A,-16.477270649114907,2025-07-31,1.7599999904632568,2026-07-31,1.4700000286102295,Yahoo Finance yfinance auto_adjust=True
4062,600159.SH,大龙地产,A,-16.487456789836497,2025-07-31,2.7899999618530273,2026-07-31,2.3299999237060547,Yahoo Finance yfinance auto_adjust=True
4063,600079.SH,ST人福,A,-16.504108994616786,2025-07-31,21.450157165527344,2026-07-31,17.90999984741211,Yahoo Finance yfinance auto_adjust=True
4064,600273.SH,嘉化能源,A,-16.50987720774638,2025-07-31,8.39620304107666,2026-07-31,7.010000228881836,Yahoo Finance yfinance auto_adjust=True
4065,603015.SH,弘讯科技,A,-16.510120973795427,2025-07-31,12.133207321166992,2026-07-31,10.130000114440918,Yahoo Finance yfinance auto_adjust=True
4066,000681.SZ,视觉中国,A,-16.521537153551346,2025-07-31,21.514530181884766,2026-07-31,17.959999084472656,Yahoo Finance yfinance auto_adjust=True
4067,601908.SH,京运通,A,-16.531168673582485,2025-07-31,3.690000057220459,2026-07-31,3.0799999237060547,Yahoo Finance yfinance auto_adjust=True
4068,08490.HK,骏码半导体,HK,-16.541353130739534,2025-08-01,0.13300000131130219,2026-07-31,0.11100000143051147,Yahoo Finance chart adjclose
4069,301112.SZ,信邦智能,A,-16.54967850053565,2025-07-31,37.040000915527344,2026-07-31,30.90999984741211,Yahoo Finance yfinance auto_adjust=True
4070,600864.SH,哈投股份,A,-16.55139142456179,2025-07-31,6.566915988922119,2026-07-31,5.480000019073486,Yahoo Finance yfinance auto_adjust=True
4071,603755.SH,日辰股份,A,-16.576678919535837,2025-07-31,25.96396255493164,2026-07-31,21.65999984741211,Yahoo Finance yfinance auto_adjust=True
4072,02313.HK,申洲国际,HK,-16.585010286990766,2025-08-01,53.443634033203125,2026-07-31,44.58000183105469,Yahoo Finance chart adjclose
4073,300327.SZ,中颖电子,A,-16.587717465929064,2025-07-31,25.47586441040039,2026-07-31,21.25,Yahoo Finance yfinance auto_adjust=True
4074,688711.SH,宏微科技,A,-16.591421595449063,2025-07-31,26.579999923706055,2026-07-31,22.170000076293945,Yahoo Finance yfinance auto_adjust=True
4075,603272.SH,联翔股份,A,-16.601234160475098,2025-07-31,17.829999923706055,2026-07-31,14.869999885559082,Yahoo Finance yfinance auto_adjust=True
4076,002737.SZ,葵花药业,A,-16.60378357423583,2025-07-31,16.211767196655273,2026-07-31,13.520000457763672,Yahoo Finance yfinance auto_adjust=True
4077,300890.SZ,翔丰华,A,-16.607414388611417,2025-07-31,30.15855598449707,2026-07-31,25.149999618530273,Yahoo Finance yfinance auto_adjust=True
4078,601186.SH,中国铁建,A,-16.61710201353406,2025-07-31,7.687427520751953,2026-07-31,6.409999847412109,Yahoo Finance yfinance auto_adjust=True
4079,603310.SH,巍华新材,A,-16.62538875524597,2025-07-31,17.463350296020508,2026-07-31,14.5600004196167,Yahoo Finance yfinance auto_adjust=True
4080,01051.HK,国际资源,HK,-16.62766300719842,2025-08-01,9.667475700378418,2026-07-31,8.0600004196167,Yahoo Finance chart adjclose
4081,601065.SH,江盐集团,A,-16.639366285509794,2025-07-31,8.277288436889648,2026-07-31,6.900000095367432,Yahoo Finance yfinance auto_adjust=True
4082,01802.HK,文业集团,HK,-16.666665516885736,2025-08-01,0.05400000140070915,2026-07-31,0.04500000178813934,Yahoo Finance chart adjclose
4083,01758.HK,博骏教育,HK,-16.666670608772737,2025-08-01,0.12600000202655792,2026-07-31,0.10499999672174454,Yahoo Finance chart adjclose
4084,603041.SH,美思德,A,-16.678653154108236,2025-07-31,12.04973316192627,2026-07-31,10.039999961853027,Yahoo Finance yfinance auto_adjust=True
4085,002587.SZ,奥拓电子,A,-16.68180284886821,2025-07-31,6.385159969329834,2026-07-31,5.320000171661377,Yahoo Finance yfinance auto_adjust=True
4086,01170.HK,信星集团,HK,-16.68983980514701,2025-08-01,0.5281468629837036,2026-07-31,0.4399999976158142,Yahoo Finance chart adjclose
4087,603655.SH,朗博科技,A,-16.698267287546685,2025-07-31,29.903339385986328,2026-07-31,24.90999984741211,Yahoo Finance yfinance auto_adjust=True
4088,02560.HK,海螺材料科技,HK,-16.703435580564264,2025-08-01,1.7167574167251587,2026-07-31,1.4299999475479126,Yahoo Finance chart adjclose
4089,301327.SZ,华宝新能,A,-16.71298916758883,2025-07-31,53.970001220703125,2026-07-31,44.95000076293945,Yahoo Finance yfinance auto_adjust=True
4090,603000.SH,人民网,A,-16.725954432681057,2025-07-31,20.210378646850586,2026-07-31,16.829999923706055,Yahoo Finance yfinance auto_adjust=True
4091,002186.SZ,全 聚 德,A,-16.741270123424414,2025-07-31,11.170000076293945,2026-07-31,9.300000190734863,Yahoo Finance yfinance auto_adjust=True
4092,600235.SH,民丰特纸,A,-16.74638682629824,2025-07-31,6.366090297698975,2026-07-31,5.300000190734863,Yahoo Finance yfinance auto_adjust=True
4093,06806.HK,申万宏源,HK,-16.750730501583412,2025-08-01,3.087114095687866,2026-07-31,2.569999933242798,Yahoo Finance chart adjclose
4094,301275.SZ,汉朔科技,A,-16.761738447079956,2025-07-31,55.80366516113281,2026-07-31,46.45000076293945,Yahoo Finance yfinance auto_adjust=True
4095,300291.SZ,百纳千成,A,-16.774193449149386,2025-07-31,6.199999809265137,2026-07-31,5.159999847412109,Yahoo Finance yfinance auto_adjust=True
4096,002116.SZ,中国海诚,A,-16.774467361845037,2025-07-31,8.494989395141602,2026-07-31,7.070000171661377,Yahoo Finance yfinance auto_adjust=True
4097,605266.SH,健之佳,A,-16.775943164083728,2025-07-31,20.114376068115234,2026-07-31,16.739999771118164,Yahoo Finance yfinance auto_adjust=True
4098,02030.HK,卡宾,HK,-16.781541954668665,2025-08-01,1.5381202697753906,2026-07-31,1.2799999713897705,Yahoo Finance chart adjclose
4099,300797.SZ,钢研纳克,A,-16.781620590538083,2025-07-31,14.371825218200684,2026-07-31,11.960000038146973,Yahoo Finance yfinance auto_adjust=True
4100,002798.SZ,帝欧水华,A,-16.797483737008058,2025-07-31,6.369999885559082,2026-07-31,5.300000190734863,Yahoo Finance yfinance auto_adjust=True
4101,603312.SH,西典新能,A,-16.80285875147015,2025-07-31,38.07823181152344,2026-07-31,31.68000030517578,Yahoo Finance yfinance auto_adjust=True
4102,301380.SZ,挖金客,A,-16.811447262052294,2025-07-31,36.8680534362793,2026-07-31,30.670000076293945,Yahoo Finance yfinance auto_adjust=True
4103,01565.HK,成实外教育,HK,-16.82272918975316,2025-08-01,0.22121427953243256,2026-07-31,0.18400000035762787,Yahoo Finance chart adjclose
4104,002226.SZ,江南化工,A,-16.83027426229359,2025-07-31,5.97573184967041,2026-07-31,4.96999979019165,Yahoo Finance yfinance auto_adjust=True
4105,002223.SZ,鱼跃医疗,A,-16.830890084181426,2025-07-31,33.762535095214844,2026-07-31,28.079999923706055,Yahoo Finance yfinance auto_adjust=True
4106,01572.HK,中国艺术金融,HK,-16.842100392418168,2025-08-01,0.0949999988079071,2026-07-31,0.07900000363588333,Yahoo Finance chart adjclose
4107,02383.HK,TOM集团,HK,-16.853930176305187,2025-08-01,0.4449999928474426,2026-07-31,0.3700000047683716,Yahoo Finance chart adjclose
4108,600597.SH,光明乳业,A,-16.86182744324046,2025-07-31,8.539999961853027,2026-07-31,7.099999904632568,Yahoo Finance yfinance auto_adjust=True
4109,02666.HK,环球医疗,HK,-16.86184117585463,2025-08-01,5.869747638702393,2026-07-31,4.880000114440918,Yahoo Finance chart adjclose
4110,600358.SH,ST联合,A,-16.863406896255594,2025-07-31,5.929999828338623,2026-07-31,4.929999828338623,Yahoo Finance yfinance auto_adjust=True
4111,000068.SZ,华控赛格,A,-16.867468495174432,2025-07-31,3.319999933242798,2026-07-31,2.759999990463257,Yahoo Finance yfinance auto_adjust=True
4112,000810.SZ,创维数字,A,-16.872406660347494,2025-07-31,11.356036186218262,2026-07-31,9.4399995803833,Yahoo Finance yfinance auto_adjust=True
4113,002402.SZ,和而泰,A,-16.875520603268757,2025-07-31,24.18060302734375,2026-07-31,20.100000381469727,Yahoo Finance yfinance auto_adjust=True
4114,300507.SZ,苏奥传感,A,-16.893057365783847,2025-07-31,7.628725051879883,2026-07-31,6.340000152587891,Yahoo Finance yfinance auto_adjust=True
4115,688062.SH,迈威生物,A,-16.89364908696527,2025-07-31,34.5099983215332,2026-07-31,28.68000030517578,Yahoo Finance yfinance auto_adjust=True
4116,301219.SZ,腾远钴业,A,-16.907764750631305,2025-07-31,54.15668487548828,2026-07-31,45.0,Yahoo Finance yfinance auto_adjust=True
4117,002057.SZ,中钢天源,A,-16.91289993252433,2025-07-31,9.664556503295898,2026-07-31,8.029999732971191,Yahoo Finance yfinance auto_adjust=True
4118,001216.SZ,华瓷股份,A,-16.912989860922256,2025-07-31,16.368383407592773,2026-07-31,13.600000381469727,Yahoo Finance yfinance auto_adjust=True
4119,01114.HK,华晨中国,HK,-16.914236449451003,2025-08-01,2.467329978942871,2026-07-31,2.049999952316284,Yahoo Finance chart adjclose
4120,603992.SH,松霖科技,A,-16.93281489791024,2025-07-31,27.73658561706543,2026-07-31,23.040000915527344,Yahoo Finance yfinance auto_adjust=True
4121,301395.SZ,仁信新材,A,-16.936168264835437,2025-07-31,11.75,2026-07-31,9.760000228881836,Yahoo Finance yfinance auto_adjust=True
4122,600662.SH,外服控股,A,-16.937338795194602,2025-07-31,5.465753078460693,2026-07-31,4.539999961853027,Yahoo Finance yfinance auto_adjust=True
4123,002320.SZ,海峡股份,A,-16.944830267104006,2025-07-31,8.091007232666016,2026-07-31,6.71999979019165,Yahoo Finance yfinance auto_adjust=True
4124,688285.SH,高铁电气,A,-16.956713718383444,2025-07-31,8.62200927734375,2026-07-31,7.159999847412109,Yahoo Finance yfinance auto_adjust=True
4125,002153.SZ,石基信息,A,-16.95802739774923,2025-07-31,10.259872436523438,2026-07-31,8.520000457763672,Yahoo Finance yfinance auto_adjust=True
4126,001387.SZ,雪祺电气,A,-16.961983358748036,2025-07-31,13.752737045288086,2026-07-31,11.420000076293945,Yahoo Finance yfinance auto_adjust=True
4127,001217.SZ,华尔泰,A,-16.967839092788218,2025-07-31,11.489523887634277,2026-07-31,9.539999961853027,Yahoo Finance yfinance auto_adjust=True
4128,688802.SH,沐曦股份,A,-16.993616718645953,2025-12-17,829.9000244140625,2026-07-31,688.8699951171875,Yahoo Finance yfinance auto_adjust=True
4129,02889.HK,博泰车联,HK,-17.006367482956808,2025-09-30,157.0,2026-07-31,130.3000030517578,Yahoo Finance chart adjclose
4130,688223.SH,晶科能源,A,-17.017205798084532,2025-07-31,5.230000019073486,2026-07-31,4.340000152587891,Yahoo Finance yfinance auto_adjust=True
4131,002705.SZ,新宝股份,A,-17.019331523071212,2025-07-31,14.256332397460938,2026-07-31,11.829999923706055,Yahoo Finance yfinance auto_adjust=True
4132,08028.HK,天时资源,HK,-17.021272042424563,2025-08-01,0.18799999356269836,2026-07-31,0.15600000321865082,Yahoo Finance chart adjclose
4133,003008.SZ,开普检测,A,-17.03051003180408,2025-07-31,21.092090606689453,2026-07-31,17.5,Yahoo Finance yfinance auto_adjust=True
4134,301020.SZ,密封科技,A,-17.037338187488537,2025-07-31,22.021955490112305,2026-07-31,18.270000457763672,Yahoo Finance yfinance auto_adjust=True
4135,600198.SH,大唐电信,A,-17.04141553712688,2025-07-31,8.449999809265137,2026-07-31,7.010000228881836,Yahoo Finance yfinance auto_adjust=True
4136,06686.HK,诺亚控股,HK,-17.05046878552058,2025-08-01,16.612510681152344,2026-07-31,13.779999732971191,Yahoo Finance chart adjclose
4137,002666.SZ,德联集团,A,-17.085613921478426,2025-07-31,4.8363142013549805,2026-07-31,4.010000228881836,Yahoo Finance yfinance auto_adjust=True
4138,600010.SH,包钢股份,A,-17.1003728015636,2025-07-31,2.690000057220459,2026-07-31,2.2300000190734863,Yahoo Finance yfinance auto_adjust=True
4139,688095.SH,福昕软件,A,-17.107509526626952,2025-07-31,80.86377716064453,2026-07-31,67.02999877929688,Yahoo Finance yfinance auto_adjust=True
4140,600573.SH,惠泉啤酒,A,-17.116490888341616,2025-07-31,11.715237617492676,2026-07-31,9.710000038146973,Yahoo Finance yfinance auto_adjust=True
4141,600215.SH,派斯林,A,-17.123287223834538,2025-07-31,7.300000190734863,2026-07-31,6.050000190734863,Yahoo Finance yfinance auto_adjust=True
4142,600185.SH,珠免集团,A,-17.128031349814577,2025-07-31,5.78000020980835,2026-07-31,4.789999961853027,Yahoo Finance yfinance auto_adjust=True
4143,02421.HK,嘉创地产,HK,-17.14285811599422,2025-08-01,0.699999988079071,2026-07-31,0.5799999833106995,Yahoo Finance chart adjclose
4144,300992.SZ,泰福泵业,A,-17.147087392850946,2025-07-31,25.672000885009766,2026-07-31,21.270000457763672,Yahoo Finance yfinance auto_adjust=True
4145,301429.SZ,森泰股份,A,-17.161440571606413,2025-07-31,19.133602142333984,2026-07-31,15.850000381469727,Yahoo Finance yfinance auto_adjust=True
4146,08603.HK,亮晴控股(一千),HK,-17.165066087009095,2026-07-17,16.719999313354492,2026-07-31,13.850000381469727,Yahoo Finance chart adjclose
4147,605008.SH,长鸿高科,A,-17.192981117650085,2025-07-31,14.25,2026-07-31,11.800000190734863,Yahoo Finance yfinance auto_adjust=True
4148,300039.SZ,上海凯宝,A,-17.197750262222222,2025-07-31,6.642331600189209,2026-07-31,5.5,Yahoo Finance yfinance auto_adjust=True
4149,01196.HK,伟禄集团,HK,-17.216976888241508,2025-08-01,8.479999542236328,2026-07-31,7.019999980926514,Yahoo Finance chart adjclose
4150,01376.HK,RAFFLESINTERIOR,HK,-17.24137620962749,2025-08-01,0.11599999666213989,2026-07-31,0.09600000083446503,Yahoo Finance chart adjclose
4151,301267.SZ,华厦眼科,A,-17.24201135259793,2025-07-31,19.86515235900879,2026-07-31,16.440000534057617,Yahoo Finance yfinance auto_adjust=True
4152,02866.HK,中远海发,HK,-17.246204830932633,2025-08-01,1.1238155364990234,2026-07-31,0.9300000071525574,Yahoo Finance chart adjclose
4153,301033.SZ,迈普医学,A,-17.246225848768283,2025-07-31,74.43769073486328,2026-07-31,61.599998474121094,Yahoo Finance yfinance auto_adjust=True
4154,601579.SH,会稽山,A,-17.246422425862573,2025-07-31,18.234861373901367,2026-07-31,15.09000015258789,Yahoo Finance yfinance auto_adjust=True
4155,603665.SH,康隆达,A,-17.249125759607686,2025-07-31,25.667402267456055,2026-07-31,21.239999771118164,Yahoo Finance yfinance auto_adjust=True
4156,300368.SZ,汇金股份,A,-17.25704389379066,2025-07-31,11.010000228881836,2026-07-31,9.109999656677246,Yahoo Finance yfinance auto_adjust=True
4157,301037.SZ,保立佳,A,-17.263609174975393,2025-07-31,13.960000038146973,2026-07-31,11.550000190734863,Yahoo Finance yfinance auto_adjust=True
4158,300128.SZ,锦富技术,A,-17.281550485526697,2025-07-31,5.150000095367432,2026-07-31,4.260000228881836,Yahoo Finance yfinance auto_adjust=True
4159,603028.SH,赛福天,A,-17.29518743575642,2025-07-31,7.690000057220459,2026-07-31,6.360000133514404,Yahoo Finance yfinance auto_adjust=True
4160,301225.SZ,恒勃股份,A,-17.296606100559963,2025-07-31,58.03873062133789,2026-07-31,48.0,Yahoo Finance yfinance auto_adjust=True
4161,01049.HK,时富投资,HK,-17.30768789906457,2025-08-01,1.0399999618530273,2026-07-31,0.8600000143051147,Yahoo Finance chart adjclose
4162,603596.SH,伯特利,A,-17.313608878889543,2025-07-31,31.601329803466797,2026-07-31,26.1299991607666,Yahoo Finance yfinance auto_adjust=True
4163,002377.SZ,国创高新,A,-17.320260826813826,2025-07-31,3.059999942779541,2026-07-31,2.5299999713897705,Yahoo Finance yfinance auto_adjust=True
4164,001380.SZ,华纬科技,A,-17.323844250791222,2025-07-31,19.848527908325195,2026-07-31,16.40999984741211,Yahoo Finance yfinance auto_adjust=True
4165,301262.SZ,海看股份,A,-17.335690644017365,2025-07-31,24.907968521118164,2026-07-31,20.59000015258789,Yahoo Finance yfinance auto_adjust=True
4166,000777.SZ,中核科技,A,-17.34091481690152,2025-07-31,20.796262741088867,2026-07-31,17.190000534057617,Yahoo Finance yfinance auto_adjust=True
4167,000012.SZ,南  玻Ａ,A,-17.34158739952285,2025-07-31,4.754507064819336,2026-07-31,3.930000066757202,Yahoo Finance yfinance auto_adjust=True
4168,002006.SZ,精工科技,A,-17.34713277406782,2025-07-31,16.212383270263672,2026-07-31,13.399999618530273,Yahoo Finance yfinance auto_adjust=True
4169,001368.SZ,通达创智,A,-17.34923739311558,2025-07-31,24.45228385925293,2026-07-31,20.209999084472656,Yahoo Finance yfinance auto_adjust=True
4170,301333.SZ,诺思格,A,-17.369934848636724,2025-07-31,57.122066497802734,2026-07-31,47.20000076293945,Yahoo Finance yfinance auto_adjust=True
4171,000829.SZ,天音控股,A,-17.369966408014083,2025-07-31,10.1899995803833,2026-07-31,8.420000076293945,Yahoo Finance yfinance auto_adjust=True
4172,08020.HK,宏海控股集团,HK,-17.391307164680747,2025-08-01,0.023000000044703484,2026-07-31,0.01899999938905239,Yahoo Finance chart adjclose
4173,601818.SH,光大银行,A,-17.392843540914516,2025-07-31,3.837440013885498,2026-07-31,3.1700000762939453,Yahoo Finance yfinance auto_adjust=True
4174,301230.SZ,泓博医药,A,-17.40198220818858,2025-07-31,29.589088439941406,2026-07-31,24.440000534057617,Yahoo Finance yfinance auto_adjust=True
4175,301353.SZ,普莱得,A,-17.41384773883222,2025-07-31,19.652204513549805,2026-07-31,16.229999542236328,Yahoo Finance yfinance auto_adjust=True
4176,300884.SZ,狄耐克,A,-17.425031154457905,2025-07-31,13.115354537963867,2026-07-31,10.829999923706055,Yahoo Finance yfinance auto_adjust=True
4177,688377.SH,迪威尔,A,-17.42900277013446,2025-07-31,22.635066986083984,2026-07-31,18.690000534057617,Yahoo Finance yfinance auto_adjust=True
4178,600380.SH,健康元,A,-17.447523445827063,2025-07-31,12.41634464263916,2026-07-31,10.25,Yahoo Finance yfinance auto_adjust=True
4179,600585.SH,海螺水泥,A,-17.451387837320244,2025-07-31,22.483720779418945,2026-07-31,18.559999465942383,Yahoo Finance yfinance auto_adjust=True
4180,603138.SH,海量数据,A,-17.46031986312503,2025-07-31,15.119999885559082,2026-07-31,12.479999542236328,Yahoo Finance yfinance auto_adjust=True
4181,300272.SZ,开能健康,A,-17.461498071521298,2025-07-31,6.784712314605713,2026-07-31,5.599999904632568,Yahoo Finance yfinance auto_adjust=True
4182,603786.SH,科博达,A,-17.46205888410074,2025-07-31,51.34608459472656,2026-07-31,42.380001068115234,Yahoo Finance yfinance auto_adjust=True
4183,600037.SH,歌华有线,A,-17.463280093778867,2025-07-31,8.565884590148926,2026-07-31,7.070000171661377,Yahoo Finance yfinance auto_adjust=True
4184,603703.SH,盛洋科技,A,-17.471037895023468,2025-07-31,10.359999656677246,2026-07-31,8.550000190734863,Yahoo Finance yfinance auto_adjust=True
4185,603070.SH,万控智造,A,-17.475053077919355,2025-07-31,13.511065483093262,2026-07-31,11.149999618530273,Yahoo Finance yfinance auto_adjust=True
4186,300423.SZ,昇辉科技,A,-17.48147893834997,2025-07-31,6.75,2026-07-31,5.570000171661377,Yahoo Finance yfinance auto_adjust=True
4187,301090.SZ,华润材料,A,-17.506295421516537,2025-07-31,7.940000057220459,2026-07-31,6.550000190734863,Yahoo Finance yfinance auto_adjust=True
4188,300858.SZ,科拓生物,A,-17.533192259333585,2025-07-31,16.879518508911133,2026-07-31,13.920000076293945,Yahoo Finance yfinance auto_adjust=True
4189,300807.SZ,天迈科技,A,-17.53460741935595,2025-07-31,45.5099983215332,2026-07-31,37.529998779296875,Yahoo Finance yfinance auto_adjust=True
4190,01691.HK,JS环球生活,HK,-17.543863440533393,2025-08-01,1.7100000381469727,2026-07-31,1.409999966621399,Yahoo Finance chart adjclose
4191,603668.SH,天马科技,A,-17.54518050118028,2025-07-31,13.279999732971191,2026-07-31,10.949999809265137,Yahoo Finance yfinance auto_adjust=True
4192,301538.SZ,骏鼎达,A,-17.558158999022645,2025-07-31,43.800575256347656,2026-07-31,36.11000061035156,Yahoo Finance yfinance auto_adjust=True
4193,688221.SH,前沿生物,A,-17.559378998536225,2025-07-31,21.469999313354492,2026-07-31,17.700000762939453,Yahoo Finance yfinance auto_adjust=True
4194,301227.SZ,森鹰窗业,A,-17.570533837128956,2025-07-31,20.75714111328125,2026-07-31,17.110000610351562,Yahoo Finance yfinance auto_adjust=True
4195,06996.HK,德琪医药-B,HK,-17.573224178196632,2025-08-01,4.78000020980835,2026-07-31,3.940000057220459,Yahoo Finance chart adjclose
4196,601012.SH,隆基绿能,A,-17.576144781313886,2025-07-31,15.760000228881836,2026-07-31,12.989999771118164,Yahoo Finance yfinance auto_adjust=True
4197,301552.SZ,科力装备,A,-17.578993990250737,2025-07-31,28.766937255859375,2026-07-31,23.709999084472656,Yahoo Finance yfinance auto_adjust=True
4198,300933.SZ,中辰股份,A,-17.586648167751683,2025-07-31,7.789999961853027,2026-07-31,6.420000076293945,Yahoo Finance yfinance auto_adjust=True
4199,300119.SZ,瑞普生物,A,-17.593972602992736,2025-07-31,20.65382957458496,2026-07-31,17.020000457763672,Yahoo Finance yfinance auto_adjust=True
4200,688293.SH,奥浦迈,A,-17.608487438296617,2025-07-31,59.95763397216797,2026-07-31,49.400001525878906,Yahoo Finance yfinance auto_adjust=True
4201,600831.SH,广电网络,A,-17.616576342464953,2025-07-31,3.859999895095825,2026-07-31,3.180000066757202,Yahoo Finance yfinance auto_adjust=True
4202,605116.SH,奥锐特,A,-17.623076770760203,2025-07-31,23.69595718383789,2026-07-31,19.520000457763672,Yahoo Finance yfinance auto_adjust=True
4203,002274.SZ,华昌化工,A,-17.62904448294401,2025-07-31,6.701391220092773,2026-07-31,5.519999980926514,Yahoo Finance yfinance auto_adjust=True
4204,600241.SH,时代万恒,A,-17.632845512011976,2025-07-31,8.279999732971191,2026-07-31,6.820000171661377,Yahoo Finance yfinance auto_adjust=True
4205,601788.SH,光大证券,A,-17.63403839305191,2025-07-31,17.96858787536621,2026-07-31,14.800000190734863,Yahoo Finance yfinance auto_adjust=True
4206,688073.SH,毕得医药,A,-17.644262349059293,2025-07-31,57.3487663269043,2026-07-31,47.22999954223633,Yahoo Finance yfinance auto_adjust=True
4207,002877.SZ,智能自控,A,-17.647936590533973,2025-07-31,8.500090599060059,2026-07-31,7.0,Yahoo Finance yfinance auto_adjust=True
4208,600817.SH,宇通重工,A,-17.657839429886245,2025-07-31,11.342913627624512,2026-07-31,9.34000015258789,Yahoo Finance yfinance auto_adjust=True
4209,300448.SZ,浩云科技,A,-17.674750368040716,2025-07-31,6.5593485832214355,2026-07-31,5.400000095367432,Yahoo Finance yfinance auto_adjust=True
4210,002845.SZ,同兴达,A,-17.695576136932146,2025-07-31,14.628618240356445,2026-07-31,12.039999961853027,Yahoo Finance yfinance auto_adjust=True
4211,300465.SZ,高伟达,A,-17.70491678206647,2025-07-31,15.25,2026-07-31,12.550000190734863,Yahoo Finance yfinance auto_adjust=True
4212,603855.SH,华荣股份,A,-17.706766647273874,2025-07-31,19.916582107543945,2026-07-31,16.389999389648438,Yahoo Finance yfinance auto_adjust=True
4213,600370.SH,三房巷,A,-17.708329258796972,2025-07-31,1.9199999570846558,2026-07-31,1.5800000429153442,Yahoo Finance yfinance auto_adjust=True
4214,301100.SZ,风光股份,A,-17.715878384481087,2025-07-31,17.950000762939453,2026-07-31,14.770000457763672,Yahoo Finance yfinance auto_adjust=True
4215,603958.SH,哈森股份,A,-17.719187518572088,2025-07-31,16.309999465942383,2026-07-31,13.420000076293945,Yahoo Finance yfinance auto_adjust=True
4216,300470.SZ,中密控股,A,-17.724412912643917,2025-07-31,36.1346549987793,2026-07-31,29.729999542236328,Yahoo Finance yfinance auto_adjust=True
4217,300200.SZ,高盟新材,A,-17.73147230402253,2025-07-31,10.040291786193848,2026-07-31,8.260000228881836,Yahoo Finance yfinance auto_adjust=True
4218,300511.SZ,雪榕生物,A,-17.731630877474792,2025-07-31,6.260000228881836,2026-07-31,5.150000095367432,Yahoo Finance yfinance auto_adjust=True
4219,301023.SZ,奕帆传动,A,-17.73219464342525,2025-07-31,33.609745025634766,2026-07-31,27.649999618530273,Yahoo Finance yfinance auto_adjust=True
4220,301048.SZ,金鹰重工,A,-17.733782083997163,2025-07-31,10.806380271911621,2026-07-31,8.890000343322754,Yahoo Finance yfinance auto_adjust=True
4221,000058.SZ,深 赛 格,A,-17.73383727085647,2025-07-31,8.083518028259277,2026-07-31,6.650000095367432,Yahoo Finance yfinance auto_adjust=True
4222,600798.SH,宁波海运,A,-17.734663897780823,2025-07-31,3.914163827896118,2026-07-31,3.2200000286102295,Yahoo Finance yfinance auto_adjust=True
4223,002363.SZ,隆基机械,A,-17.73553522840888,2025-07-31,7.62175989151001,2026-07-31,6.269999980926514,Yahoo Finance yfinance auto_adjust=True
4224,603866.SH,桃李面包,A,-17.737036247215,2025-07-31,5.263607978820801,2026-07-31,4.329999923706055,Yahoo Finance yfinance auto_adjust=True
4225,300341.SZ,麦克奥迪,A,-17.757380967679147,2025-07-31,16.208141326904297,2026-07-31,13.329999923706055,Yahoo Finance yfinance auto_adjust=True
4226,603429.SH,集友股份,A,-17.765359884195163,2025-07-31,8.949999809265137,2026-07-31,7.360000133514404,Yahoo Finance yfinance auto_adjust=True
4227,688389.SH,普门科技,A,-17.775209560852147,2025-07-31,13.28066635131836,2026-07-31,10.920000076293945,Yahoo Finance yfinance auto_adjust=True
4228,02363.HK,通达宏泰,HK,-17.808218059586356,2025-08-01,0.36500000953674316,2026-07-31,0.30000001192092896,Yahoo Finance chart adjclose
4229,600155.SH,华创云信,A,-17.808221325594197,2025-07-31,7.300000190734863,2026-07-31,6.0,Yahoo Finance yfinance auto_adjust=True
4230,688093.SH,世华科技,A,-17.810198404143595,2025-07-31,31.682764053344727,2026-07-31,26.040000915527344,Yahoo Finance yfinance auto_adjust=True
4231,600828.SH,茂业商业,A,-17.811157744285932,2025-07-31,4.659999847412109,2026-07-31,3.8299999237060547,Yahoo Finance yfinance auto_adjust=True
4232,002077.SZ,大港股份,A,-17.823913222601984,2025-07-31,13.970000267028809,2026-07-31,11.479999542236328,Yahoo Finance yfinance auto_adjust=True
4233,02348.HK,东瑞制药,HK,-17.828177417591075,2025-08-01,1.2656406164169312,2026-07-31,1.0399999618530273,Yahoo Finance chart adjclose
4234,000055.SZ,方大集团,A,-17.83132512124015,2025-07-31,4.150000095367432,2026-07-31,3.4100000858306885,Yahoo Finance yfinance auto_adjust=True
4235,08062.HK,俊盟国际,HK,-17.85018106807198,2025-08-01,0.3043220341205597,2026-07-31,0.25,Yahoo Finance chart adjclose
4236,002858.SZ,力盛体育,A,-17.851959984157105,2025-07-31,13.779999732971191,2026-07-31,11.319999694824219,Yahoo Finance yfinance auto_adjust=True
4237,301330.SZ,熵基科技,A,-17.865563563827546,2025-07-31,28.68467903137207,2026-07-31,23.559999465942383,Yahoo Finance yfinance auto_adjust=True
4238,002462.SZ,嘉事堂,A,-17.86703600193298,2025-07-31,14.4399995803833,2026-07-31,11.859999656677246,Yahoo Finance yfinance auto_adjust=True
4239,002330.SZ,得利斯,A,-17.872339324640286,2025-07-31,4.699999809265137,2026-07-31,3.859999895095825,Yahoo Finance yfinance auto_adjust=True
4240,300016.SZ,北陆药业,A,-17.875922662329703,2025-07-31,9.510000228881836,2026-07-31,7.809999942779541,Yahoo Finance yfinance auto_adjust=True
4241,002673.SZ,西部证券,A,-17.88604324054065,2025-07-31,8.232461929321289,2026-07-31,6.760000228881836,Yahoo Finance yfinance auto_adjust=True
4242,600893.SH,航发动力,A,-17.889472079331547,2025-07-31,42.28446960449219,2026-07-31,34.720001220703125,Yahoo Finance yfinance auto_adjust=True
4243,300172.SZ,中电环保,A,-17.89597567182356,2025-07-31,5.407773971557617,2026-07-31,4.440000057220459,Yahoo Finance yfinance auto_adjust=True
4244,01949.HK,佰达国际控股-新,HK,-17.9104480267527,2025-08-01,0.6700000166893005,2026-07-31,0.550000011920929,Yahoo Finance chart adjclose
4245,01786.HK,铁建装备,HK,-17.924346002306347,2025-08-01,0.877239465713501,2026-07-31,0.7200000286102295,Yahoo Finance chart adjclose
4246,688199.SH,久日新材,A,-17.947824951213143,2025-07-31,24.825668334960938,2026-07-31,20.3700008392334,Yahoo Finance yfinance auto_adjust=True
4247,000816.SZ,智慧农业,A,-17.948716773083884,2025-07-31,3.119999885559082,2026-07-31,2.559999942779541,Yahoo Finance yfinance auto_adjust=True
4248,002951.SZ,金时科技,A,-17.95031226613507,2025-07-31,16.100000381469727,2026-07-31,13.210000038146973,Yahoo Finance yfinance auto_adjust=True
4249,002820.SZ,桂发祥,A,-17.95321443318405,2025-07-31,10.774340629577637,2026-07-31,8.84000015258789,Yahoo Finance yfinance auto_adjust=True
4250,688349.SH,三一重能,A,-17.96173369174476,2025-07-31,18.527938842773438,2026-07-31,15.199999809265137,Yahoo Finance yfinance auto_adjust=True
4251,300971.SZ,博亚精工,A,-17.965122787982146,2025-07-31,21.551809310913086,2026-07-31,17.68000030517578,Yahoo Finance yfinance auto_adjust=True
4252,000421.SZ,南京公用,A,-17.973266067989403,2025-07-31,6.558837413787842,2026-07-31,5.380000114440918,Yahoo Finance yfinance auto_adjust=True
4253,600787.SH,中储股份,A,-17.978881043218177,2025-07-31,5.7424235343933105,2026-07-31,4.710000038146973,Yahoo Finance yfinance auto_adjust=True
4254,603037.SH,凯众股份,A,-17.983740582946815,2025-07-31,12.022006034851074,2026-07-31,9.859999656677246,Yahoo Finance yfinance auto_adjust=True
4255,002187.SZ,广百股份,A,-17.9844942901521,2025-07-31,6.449999809265137,2026-07-31,5.289999961853027,Yahoo Finance yfinance auto_adjust=True
4256,688391.SH,钜泉科技,A,-18.002596934207414,2025-07-31,29.647279739379883,2026-07-31,24.309999465942383,Yahoo Finance yfinance auto_adjust=True
4257,002419.SZ,天虹股份,A,-18.0026758684509,2025-07-31,5.573352813720703,2026-07-31,4.570000171661377,Yahoo Finance yfinance auto_adjust=True
4258,300839.SZ,博汇股份,A,-18.003271368176886,2025-07-31,12.220000267028809,2026-07-31,10.020000457763672,Yahoo Finance yfinance auto_adjust=True
4259,002390.SZ,信邦制药,A,-18.010487962692558,2025-07-31,3.646807909011841,2026-07-31,2.990000009536743,Yahoo Finance yfinance auto_adjust=True
4260,601789.SH,宁波建工,A,-18.011388846813436,2025-07-31,5.34220552444458,2026-07-31,4.380000114440918,Yahoo Finance yfinance auto_adjust=True
4261,300575.SZ,中旗股份,A,-18.023259118158997,2025-07-31,6.880000114440918,2026-07-31,5.639999866485596,Yahoo Finance yfinance auto_adjust=True
4262,002332.SZ,仙琚制药,A,-18.031043921362013,2025-07-31,10.455177307128906,2026-07-31,8.569999694824219,Yahoo Finance yfinance auto_adjust=True
4263,301499.SZ,维科精密,A,-18.051027816173104,2025-07-31,27.541528701782227,2026-07-31,22.56999969482422,Yahoo Finance yfinance auto_adjust=True
4264,000881.SZ,中广核技,A,-18.05377538722871,2025-07-31,7.809999942779541,2026-07-31,6.400000095367432,Yahoo Finance yfinance auto_adjust=True
4265,300424.SZ,航新科技,A,-18.056390012632896,2025-07-31,16.670000076293945,2026-07-31,13.65999984741211,Yahoo Finance yfinance auto_adjust=True
4266,600648.SH,外高桥,A,-18.07749184679147,2025-07-31,10.693032264709473,2026-07-31,8.760000228881836,Yahoo Finance yfinance auto_adjust=True
4267,301102.SZ,兆讯传媒,A,-18.07975648173763,2025-07-31,11.48678207397461,2026-07-31,9.40999984741211,Yahoo Finance yfinance auto_adjust=True
4268,002896.SZ,中大力德,A,-18.08128187759177,2025-07-31,79.6399154663086,2026-07-31,65.23999786376953,Yahoo Finance yfinance auto_adjust=True
4269,601949.SH,中国出版,A,-18.088252865588363,2025-07-31,6.604669094085693,2026-07-31,5.409999847412109,Yahoo Finance yfinance auto_adjust=True
4270,002420.SZ,毅昌科技,A,-18.112633578813742,2025-07-31,6.570000171661377,2026-07-31,5.380000114440918,Yahoo Finance yfinance auto_adjust=True
4271,002295.SZ,精艺股份,A,-18.13104438450316,2025-07-31,9.857215881347656,2026-07-31,8.069999694824219,Yahoo Finance yfinance auto_adjust=True
4272,000989.SZ,九芝堂,A,-18.140530750482675,2025-07-31,11.055532455444336,2026-07-31,9.050000190734863,Yahoo Finance yfinance auto_adjust=True
4273,603107.SH,上海汽配,A,-18.150998095427028,2025-07-31,15.345331192016602,2026-07-31,12.5600004196167,Yahoo Finance yfinance auto_adjust=True
4274,600328.SH,中盐化工,A,-18.158743016058033,2025-07-31,7.820016860961914,2026-07-31,6.400000095367432,Yahoo Finance yfinance auto_adjust=True
4275,300712.SZ,永福股份,A,-18.168423783521337,2025-07-31,25.39362144470215,2026-07-31,20.780000686645508,Yahoo Finance yfinance auto_adjust=True
4276,002027.SZ,分众传媒,A,-18.178099002606764,2025-07-31,6.868576526641846,2026-07-31,5.619999885559082,Yahoo Finance yfinance auto_adjust=True
4277,002121.SZ,科陆电子,A,-18.181816774388516,2025-07-31,6.159999847412109,2026-07-31,5.039999961853027,Yahoo Finance yfinance auto_adjust=True
4278,600996.SH,贵广网络,A,-18.181818181818176,2025-07-31,8.25,2026-07-31,6.75,Yahoo Finance yfinance auto_adjust=True
4279,08291.HK,港娱国际,HK,-18.181818181818176,2025-08-01,0.33000001311302185,2026-07-31,0.27000001072883606,Yahoo Finance chart adjclose
4280,688067.SH,爱威科技,A,-18.19744153571149,2025-07-31,24.22907066345215,2026-07-31,19.81999969482422,Yahoo Finance yfinance auto_adjust=True
4281,01556.HK,建业建荣,HK,-18.203558246160632,2025-08-01,0.33008772134780884,2026-07-31,0.27000001072883606,Yahoo Finance chart adjclose
4282,301051.SZ,信濠光电,A,-18.22100043855901,2025-07-31,15.578571319580078,2026-07-31,12.739999771118164,Yahoo Finance yfinance auto_adjust=True
4283,002313.SZ,日海智能,A,-18.228630010018986,2025-07-31,9.710000038146973,2026-07-31,7.940000057220459,Yahoo Finance yfinance auto_adjust=True
4284,300639.SZ,凯普生物,A,-18.235297252562543,2025-07-31,6.800000190734863,2026-07-31,5.559999942779541,Yahoo Finance yfinance auto_adjust=True
4285,300536.SZ,农尚环境,A,-18.248941200140834,2025-07-31,9.479999542236328,2026-07-31,7.75,Yahoo Finance yfinance auto_adjust=True
4286,06911.HK,澜沧古茶,HK,-18.272423722886323,2025-08-01,3.009999990463257,2026-07-31,2.4600000381469727,Yahoo Finance chart adjclose
4287,002212.SZ,天融信,A,-18.283579566744812,2025-07-31,8.039999961853027,2026-07-31,6.570000171661377,Yahoo Finance yfinance auto_adjust=True
4288,02556.HK,迈富时,HK,-18.29154828825993,2025-08-01,53.849998474121094,2026-07-31,44.0,Yahoo Finance chart adjclose
4289,000034.SZ,神州数码,A,-18.3015548860365,2025-07-31,29.49872589111328,2026-07-31,24.100000381469727,Yahoo Finance yfinance auto_adjust=True
4290,603999.SH,读者传媒,A,-18.307155488823923,2025-07-31,6.769258975982666,2026-07-31,5.53000020980835,Yahoo Finance yfinance auto_adjust=True
4291,02602.HK,万物云,HK,-18.324687974810672,2025-08-01,20.691686630249023,2026-07-31,16.899999618530273,Yahoo Finance chart adjclose
4292,603680.SH,今创集团,A,-18.3308596523605,2025-07-31,12.195549011230469,2026-07-31,9.960000038146973,Yahoo Finance yfinance auto_adjust=True
4293,01372.HK,中国碳中和,HK,-18.354435011737213,2025-08-01,1.5800000429153442,2026-07-31,1.2899999618530273,Yahoo Finance chart adjclose
4294,300627.SZ,华测导航,A,-18.3549140519495,2025-07-31,34.77245330810547,2026-07-31,28.389999389648438,Yahoo Finance yfinance auto_adjust=True
4295,603004.SH,鼎龙科技,A,-18.35916632950847,2025-07-31,22.13353157043457,2026-07-31,18.06999969482422,Yahoo Finance yfinance auto_adjust=True
4296,603811.SH,诚意药业,A,-18.375274747861713,2025-07-31,8.722846984863281,2026-07-31,7.119999885559082,Yahoo Finance yfinance auto_adjust=True
4297,002915.SZ,中欣氟材,A,-18.37974258616001,2025-07-31,19.75,2026-07-31,16.1200008392334,Yahoo Finance yfinance auto_adjust=True
4298,300887.SZ,谱尼测试,A,-18.38149995226116,2025-07-31,8.649999618530273,2026-07-31,7.059999942779541,Yahoo Finance yfinance auto_adjust=True
4299,688116.SH,天奈科技,A,-18.389631371181093,2025-07-31,41.90644073486328,2026-07-31,34.20000076293945,Yahoo Finance yfinance auto_adjust=True
4300,605058.SH,澳弘电子,A,-18.404064041063407,2025-07-31,28.677898406982422,2026-07-31,23.399999618530273,Yahoo Finance yfinance auto_adjust=True
4301,002617.SZ,露笑科技,A,-18.424561812740126,2025-07-31,7.489999771118164,2026-07-31,6.110000133514404,Yahoo Finance yfinance auto_adjust=True
4302,300838.SZ,浙江力诺,A,-18.435011585119288,2025-07-31,15.079999923706055,2026-07-31,12.300000190734863,Yahoo Finance yfinance auto_adjust=True
4303,000930.SZ,中粮科技,A,-18.450486224773123,2025-07-31,5.812419414520264,2026-07-31,4.739999771118164,Yahoo Finance yfinance auto_adjust=True
4304,301160.SZ,翔楼新材,A,-18.466814343772786,2025-07-31,41.6762809753418,2026-07-31,33.97999954223633,Yahoo Finance yfinance auto_adjust=True
4305,01935.HK,嘉宏教育,HK,-18.47826234841389,2025-08-01,0.9200000166893005,2026-07-31,0.75,Yahoo Finance chart adjclose
4306,01928.HK,金沙中国有限公司,HK,-18.4837896433956,2025-08-01,18.057758331298828,2026-07-31,14.720000267028809,Yahoo Finance chart adjclose
4307,002356.SZ,赫美集团,A,-18.495302257203573,2025-07-31,3.190000057220459,2026-07-31,2.5999999046325684,Yahoo Finance yfinance auto_adjust=True
4308,603095.SH,越剑智能,A,-18.500574532821723,2025-07-31,14.822190284729004,2026-07-31,12.079999923706055,Yahoo Finance yfinance auto_adjust=True
4309,01226.HK,中国投融资,HK,-18.518522197817433,2025-08-01,1.0800000429153442,2026-07-31,0.8799999952316284,Yahoo Finance chart adjclose
4310,002010.SZ,传化智联,A,-18.53024346073967,2025-07-31,5.928580284118652,2026-07-31,4.829999923706055,Yahoo Finance yfinance auto_adjust=True
4311,300360.SZ,炬华科技,A,-18.532597189176116,2025-07-31,15.1348876953125,2026-07-31,12.329999923706055,Yahoo Finance yfinance auto_adjust=True
4312,002562.SZ,兄弟科技,A,-18.54545419866388,2025-07-31,5.5,2026-07-31,4.480000019073486,Yahoo Finance yfinance auto_adjust=True
4313,01587.HK,欣融国际,HK,-18.56452516987308,2025-08-01,0.6139830350875854,2026-07-31,0.5,Yahoo Finance chart adjclose
4314,300894.SZ,火星人,A,-18.573447336029304,2025-07-31,14.15999984741211,2026-07-31,11.529999732971191,Yahoo Finance yfinance auto_adjust=True
4315,600628.SH,新世界,A,-18.576423554769093,2025-07-31,7.479406356811523,2026-07-31,6.090000152587891,Yahoo Finance yfinance auto_adjust=True
4316,01211.HK,比亚迪股份,HK,-18.589146172988357,2025-08-01,115.6479721069336,2026-07-31,94.1500015258789,Yahoo Finance chart adjclose
4317,600419.SH,天润乳业,A,-18.594749188454397,2025-07-31,10.625849723815918,2026-07-31,8.649999618530273,Yahoo Finance yfinance auto_adjust=True
4318,001278.SZ,一彬科技,A,-18.59808262409761,2025-07-31,17.690000534057617,2026-07-31,14.399999618530273,Yahoo Finance yfinance auto_adjust=True
4319,603648.SH,畅联股份,A,-18.60731750072695,2025-07-31,11.03293228149414,2026-07-31,8.979999542236328,Yahoo Finance yfinance auto_adjust=True
4320,603617.SH,君禾股份,A,-18.63406029695055,2025-07-31,7.607605934143066,2026-07-31,6.190000057220459,Yahoo Finance yfinance auto_adjust=True
4321,02119.HK,捷荣国际控股,HK,-18.656032408071532,2025-08-01,0.5654998421669006,2026-07-31,0.46000000834465027,Yahoo Finance chart adjclose
4322,600528.SH,中铁工业,A,-18.66093151481457,2025-07-31,8.974777221679688,2026-07-31,7.300000190734863,Yahoo Finance yfinance auto_adjust=True
4323,603421.SH,鼎信通讯,A,-18.666670057508682,2025-07-31,6.75,2026-07-31,5.489999771118164,Yahoo Finance yfinance auto_adjust=True
4324,301149.SZ,隆华新材,A,-18.688313137451516,2025-07-31,8.965500831604004,2026-07-31,7.289999961853027,Yahoo Finance yfinance auto_adjust=True
4325,002166.SZ,莱茵生物,A,-18.699371692184783,2025-07-31,8.179518699645996,2026-07-31,6.650000095367432,Yahoo Finance yfinance auto_adjust=True
4326,01600.HK,天伦燃气,HK,-18.70463347188187,2025-08-01,3.284320116043091,2026-07-31,2.6700000762939453,Yahoo Finance chart adjclose
4327,01547.HK,IBI GROUP HLDGS,HK,-18.707487726199957,2025-08-01,0.2398744821548462,2026-07-31,0.19499999284744263,Yahoo Finance chart adjclose
4328,688130.SH,晶华微,A,-18.71964610387614,2025-07-31,22.649999618530273,2026-07-31,18.40999984741211,Yahoo Finance yfinance auto_adjust=True
4329,601456.SH,国联民生,A,-18.743329611806093,2025-07-31,11.0883207321167,2026-07-31,9.010000228881836,Yahoo Finance yfinance auto_adjust=True
4330,01873.HK,维亚生物,HK,-18.75000419095152,2025-08-01,1.600000023841858,2026-07-31,1.2999999523162842,Yahoo Finance chart adjclose
4331,300590.SZ,移为通信,A,-18.750809799909153,2025-07-31,12.68935775756836,2026-07-31,10.3100004196167,Yahoo Finance yfinance auto_adjust=True
4332,002736.SZ,国信证券,A,-18.758625225244973,2025-07-31,12.702886581420898,2026-07-31,10.319999694824219,Yahoo Finance yfinance auto_adjust=True
4333,002616.SZ,长青集团,A,-18.759586637762748,2025-07-31,5.809916019439697,2026-07-31,4.71999979019165,Yahoo Finance yfinance auto_adjust=True
4334,605228.SH,神通科技,A,-18.764696292466077,2025-07-31,12.740766525268555,2026-07-31,10.350000381469727,Yahoo Finance yfinance auto_adjust=True
4335,002968.SZ,新大正,A,-18.771554386809765,2025-07-31,10.575113296508789,2026-07-31,8.59000015258789,Yahoo Finance yfinance auto_adjust=True
4336,002613.SZ,北玻股份,A,-18.781725857607956,2025-07-31,3.940000057220459,2026-07-31,3.200000047683716,Yahoo Finance yfinance auto_adjust=True
4337,06882.HK,东瀛游,HK,-18.789410186891743,2025-08-01,0.5664286017417908,2026-07-31,0.46000000834465027,Yahoo Finance chart adjclose
4338,600319.SH,亚星化学,A,-18.79588463621561,2025-07-31,6.809999942779541,2026-07-31,5.53000020980835,Yahoo Finance yfinance auto_adjust=True
4339,002234.SZ,民和股份,A,-18.800462515539827,2025-07-31,8.670000076293945,2026-07-31,7.039999961853027,Yahoo Finance yfinance auto_adjust=True
4340,301129.SZ,瑞纳智能,A,-18.805967061301942,2025-07-31,25.075735092163086,2026-07-31,20.360000610351562,Yahoo Finance yfinance auto_adjust=True
4341,688526.SH,科前生物,A,-18.825467576813704,2025-07-31,16.05183219909668,2026-07-31,13.029999732971191,Yahoo Finance yfinance auto_adjust=True
4342,300404.SZ,博济医药,A,-18.830392594960156,2025-07-31,11.27269172668457,2026-07-31,9.149999618530273,Yahoo Finance yfinance auto_adjust=True
4343,603116.SH,红蜻蜓,A,-18.845392233303638,2025-07-31,6.555388927459717,2026-07-31,5.320000171661377,Yahoo Finance yfinance auto_adjust=True
4344,600751.SH,海航科技,A,-18.84995518100787,2025-07-31,3.8077611923217773,2026-07-31,3.0899999141693115,Yahoo Finance yfinance auto_adjust=True
4345,000633.SZ,合金投资,A,-18.874170094131127,2025-07-31,6.039999961853027,2026-07-31,4.900000095367432,Yahoo Finance yfinance auto_adjust=True
4346,603518.SH,锦泓集团,A,-18.875495738665094,2025-07-31,9.713464736938477,2026-07-31,7.880000114440918,Yahoo Finance yfinance auto_adjust=True
4347,000713.SZ,国投丰乐,A,-18.898355264662303,2025-07-31,7.089868545532227,2026-07-31,5.75,Yahoo Finance yfinance auto_adjust=True
4348,600594.SH,益佰制药,A,-18.906604759660482,2025-07-31,4.389999866485596,2026-07-31,3.559999942779541,Yahoo Finance yfinance auto_adjust=True
4349,603613.SH,国联股份,A,-18.92346455030648,2025-07-31,23.780000686645508,2026-07-31,19.280000686645508,Yahoo Finance yfinance auto_adjust=True
4350,300127.SZ,银河磁体,A,-18.93390867662864,2025-07-31,28.766651153564453,2026-07-31,23.31999969482422,Yahoo Finance yfinance auto_adjust=True
4351,002942.SZ,新农股份,A,-18.939416864787272,2025-07-31,17.900192260742188,2026-07-31,14.510000228881836,Yahoo Finance yfinance auto_adjust=True
4352,688117.SH,圣诺生物,A,-18.94139620114882,2025-07-31,28.090787887573242,2026-07-31,22.770000457763672,Yahoo Finance yfinance auto_adjust=True
4353,688047.SH,龙芯中科,A,-18.945283020184345,2025-07-31,131.22000122070312,2026-07-31,106.36000061035156,Yahoo Finance yfinance auto_adjust=True
4354,600507.SH,方大特钢,A,-18.974361331013135,2025-07-31,5.6031646728515625,2026-07-31,4.539999961853027,Yahoo Finance yfinance auto_adjust=True
4355,300958.SZ,建工修复,A,-18.97547027119787,2025-07-31,13.859999656677246,2026-07-31,11.229999542236328,Yahoo Finance yfinance auto_adjust=True
4356,000756.SZ,新华制药,A,-18.982120704078596,2025-07-31,16.712360382080078,2026-07-31,13.539999961853027,Yahoo Finance yfinance auto_adjust=True
4357,01988.HK,民生银行,HK,-18.985585966782292,2025-08-01,4.480684280395508,2026-07-31,3.630000114440918,Yahoo Finance chart adjclose
4358,300915.SZ,海融科技,A,-18.989576473622073,2025-07-31,25.35476303100586,2026-07-31,20.540000915527344,Yahoo Finance yfinance auto_adjust=True
4359,02230.HK,羚邦集团,HK,-18.99213713533522,2025-08-01,0.25429630279541016,2026-07-31,0.20600000023841858,Yahoo Finance chart adjclose
4360,02549.HK,卡罗特,HK,-18.998672752023705,2025-08-01,4.592517375946045,2026-07-31,3.7200000286102295,Yahoo Finance chart adjclose
4361,002026.SZ,山东威达,A,-19.010865992489734,2025-07-31,12.125082969665527,2026-07-31,9.819999694824219,Yahoo Finance yfinance auto_adjust=True
4362,600101.SH,明星电力,A,-19.01214055860898,2025-07-31,10.063236236572266,2026-07-31,8.149999618530273,Yahoo Finance yfinance auto_adjust=True
4363,600746.SH,江苏索普,A,-19.012350199553396,2025-07-31,8.100000381469727,2026-07-31,6.559999942779541,Yahoo Finance yfinance auto_adjust=True
4364,605567.SH,春雪食品,A,-19.019426038126518,2025-07-31,10.44694995880127,2026-07-31,8.460000038146973,Yahoo Finance yfinance auto_adjust=True
4365,603686.SH,福龙马,A,-19.046763938018007,2025-07-31,15.688069343566895,2026-07-31,12.699999809265137,Yahoo Finance yfinance auto_adjust=True
4366,01993.HK,雅仕维,HK,-19.04761994867189,2025-08-01,0.6299999952316284,2026-07-31,0.5099999904632568,Yahoo Finance chart adjclose
4367,605369.SH,拱东医疗,A,-19.056691848771834,2025-07-31,19.927526473999023,2026-07-31,16.1299991607666,Yahoo Finance yfinance auto_adjust=True
4368,000698.SZ,ST沈化,A,-19.05940564844307,2025-07-31,4.039999961853027,2026-07-31,3.2699999809265137,Yahoo Finance yfinance auto_adjust=True
4369,300733.SZ,西菱动力,A,-19.087393896132465,2025-07-31,15.930768966674805,2026-07-31,12.890000343322754,Yahoo Finance yfinance auto_adjust=True
4370,300608.SZ,思特奇,A,-19.102042061941958,2025-07-31,12.25,2026-07-31,9.90999984741211,Yahoo Finance yfinance auto_adjust=True
4371,300529.SZ,健帆生物,A,-19.10701441452367,2025-07-31,22.99334144592285,2026-07-31,18.600000381469727,Yahoo Finance yfinance auto_adjust=True
4372,300897.SZ,山科智能,A,-19.121067912950096,2025-07-31,18.89243507385254,2026-07-31,15.279999732971191,Yahoo Finance yfinance auto_adjust=True
4373,688269.SH,凯立新材,A,-19.135270453894115,2025-07-31,36.431209564208984,2026-07-31,29.459999084472656,Yahoo Finance yfinance auto_adjust=True
4374,600562.SH,国睿科技,A,-19.157502428727746,2025-07-31,29.934751510620117,2026-07-31,24.200000762939453,Yahoo Finance yfinance auto_adjust=True
4375,605268.SH,王力安防,A,-19.17452164673932,2025-07-31,11.234081268310547,2026-07-31,9.079999923706055,Yahoo Finance yfinance auto_adjust=True
4376,06618.HK,京东健康,HK,-19.179484049479168,2025-08-01,48.75,2026-07-31,39.400001525878906,Yahoo Finance chart adjclose
4377,001373.SZ,翔腾新材,A,-19.20404280798831,2025-07-31,31.65999984741211,2026-07-31,25.579999923706055,Yahoo Finance yfinance auto_adjust=True
4378,02153.HK,达丰设备,HK,-19.23076878990646,2025-08-01,1.0399999618530273,2026-07-31,0.8399999737739563,Yahoo Finance chart adjclose
4379,688576.SH,西山科技,A,-19.2428387140953,2025-07-31,45.90304946899414,2026-07-31,37.06999969482422,Yahoo Finance yfinance auto_adjust=True
4380,002323.SZ,雅博股份,A,-19.25466206425025,2025-07-31,1.6100000143051147,2026-07-31,1.2999999523162842,Yahoo Finance yfinance auto_adjust=True
4381,300405.SZ,科隆股份,A,-19.267515887294838,2025-07-31,6.28000020980835,2026-07-31,5.070000171661377,Yahoo Finance yfinance auto_adjust=True
4382,600655.SH,豫园股份,A,-19.270834885537557,2025-07-31,5.760000228881836,2026-07-31,4.650000095367432,Yahoo Finance yfinance auto_adjust=True
4383,002899.SZ,英派斯,A,-19.280019560950933,2025-07-31,22.98067855834961,2026-07-31,18.549999237060547,Yahoo Finance yfinance auto_adjust=True
4384,003017.SZ,大洋生物,A,-19.28736196128662,2025-07-31,25.572202682495117,2026-07-31,20.639999389648438,Yahoo Finance yfinance auto_adjust=True
4385,000955.SZ,欣龙控股,A,-19.294606506967117,2025-07-31,4.820000171661377,2026-07-31,3.890000104904175,Yahoo Finance yfinance auto_adjust=True
4386,002357.SZ,富临运业,A,-19.298330355849036,2025-07-31,10.681315422058105,2026-07-31,8.619999885559082,Yahoo Finance yfinance auto_adjust=True
4387,002991.SZ,甘源食品,A,-19.30434630386504,2025-07-31,54.042564392089844,2026-07-31,43.61000061035156,Yahoo Finance yfinance auto_adjust=True
4388,300194.SZ,福安药业,A,-19.311380754162133,2025-07-31,4.597922325134277,2026-07-31,3.7100000381469727,Yahoo Finance yfinance auto_adjust=True
4389,002042.SZ,华孚时尚,A,-19.314983476920155,2025-07-31,4.635309219360352,2026-07-31,3.740000009536743,Yahoo Finance yfinance auto_adjust=True
4390,002999.SZ,天禾股份,A,-19.320890298487104,2025-07-31,6.903893947601318,2026-07-31,5.570000171661377,Yahoo Finance yfinance auto_adjust=True
4391,600933.SH,爱柯迪,A,-19.32234461246576,2025-07-31,16.857208251953125,2026-07-31,13.600000381469727,Yahoo Finance yfinance auto_adjust=True
4392,000014.SZ,沙河股份,A,-19.323668307467667,2025-07-31,12.420000076293945,2026-07-31,10.020000457763672,Yahoo Finance yfinance auto_adjust=True
4393,603102.SH,百合股份,A,-19.347113257056336,2025-07-31,41.51122283935547,2026-07-31,33.47999954223633,Yahoo Finance yfinance auto_adjust=True
4394,603386.SH,骏亚科技,A,-19.354837607036266,2025-07-31,13.949999809265137,2026-07-31,11.25,Yahoo Finance yfinance auto_adjust=True
4395,300991.SZ,创益通,A,-19.362337447783872,2025-07-31,30.110000610351562,2026-07-31,24.280000686645508,Yahoo Finance yfinance auto_adjust=True
4396,002334.SZ,英威腾,A,-19.36258986502257,2025-07-31,8.097978591918945,2026-07-31,6.53000020980835,Yahoo Finance yfinance auto_adjust=True
4397,001382.SZ,新亚电缆,A,-19.370445376668442,2025-07-31,21.121288299560547,2026-07-31,17.030000686645508,Yahoo Finance yfinance auto_adjust=True
4398,06858.HK,本间高尔夫,HK,-19.373221327771407,2025-08-01,3.509999990463257,2026-07-31,2.8299999237060547,Yahoo Finance chart adjclose
4399,001260.SZ,坤泰股份,A,-19.378032326863227,2025-07-31,19.473600387573242,2026-07-31,15.699999809265137,Yahoo Finance yfinance auto_adjust=True
4400,002692.SZ,远程股份,A,-19.38328540030828,2025-07-31,4.837706565856934,2026-07-31,3.9000000953674316,Yahoo Finance yfinance auto_adjust=True
4401,000628.SZ,高新发展,A,-19.3971569210697,2025-07-31,45.49467086791992,2026-07-31,36.66999816894531,Yahoo Finance yfinance auto_adjust=True
4402,000652.SZ,泰达股份,A,-19.40639545302033,2025-07-31,4.380000114440918,2026-07-31,3.5299999713897705,Yahoo Finance yfinance auto_adjust=True
4403,002351.SZ,漫步者,A,-19.409378959023805,2025-07-31,12.9047269821167,2026-07-31,10.399999618530273,Yahoo Finance yfinance auto_adjust=True
4404,01965.HK,朗诗绿色生活,HK,-19.411768779210114,2025-08-01,0.17000000178813934,2026-07-31,0.13699999451637268,Yahoo Finance chart adjclose
4405,300984.SZ,金沃股份,A,-19.41975753268157,2025-07-31,39.984989166259766,2026-07-31,32.220001220703125,Yahoo Finance yfinance auto_adjust=True
4406,002962.SZ,五方光电,A,-19.432255405205222,2025-07-31,14.807415008544922,2026-07-31,11.930000305175781,Yahoo Finance yfinance auto_adjust=True
4407,000952.SZ,广济药业,A,-19.44847172303692,2025-07-31,6.889999866485596,2026-07-31,5.550000190734863,Yahoo Finance yfinance auto_adjust=True
4408,600283.SH,钱江水利,A,-19.466554282313997,2025-07-31,9.797171592712402,2026-07-31,7.889999866485596,Yahoo Finance yfinance auto_adjust=True
4409,600252.SH,中恒集团,A,-19.485292860844982,2025-07-31,2.7200000286102295,2026-07-31,2.190000057220459,Yahoo Finance yfinance auto_adjust=True
4410,603895.SH,天永智能,A,-19.487357184924825,2025-07-31,28.479999542236328,2026-07-31,22.93000030517578,Yahoo Finance yfinance auto_adjust=True
4411,301616.SZ,浙江华业,A,-19.48844830085058,2025-07-31,41.77040481567383,2026-07-31,33.630001068115234,Yahoo Finance yfinance auto_adjust=True
4412,301041.SZ,金百泽,A,-19.489815659690745,2025-07-31,26.14575958251953,2026-07-31,21.049999237060547,Yahoo Finance yfinance auto_adjust=True
4413,603829.SH,洛凯股份,A,-19.50087844229371,2025-07-31,17.2921142578125,2026-07-31,13.920000076293945,Yahoo Finance yfinance auto_adjust=True
4414,301259.SZ,艾布鲁,A,-19.51578754014155,2025-07-31,27.496074676513672,2026-07-31,22.1299991607666,Yahoo Finance yfinance auto_adjust=True
4415,605136.SH,丽人丽妆,A,-19.52191280472103,2025-07-31,10.039999961853027,2026-07-31,8.079999923706055,Yahoo Finance yfinance auto_adjust=True
4416,001979.SZ,招商蛇口,A,-19.52494382285512,2025-07-31,8.636216163635254,2026-07-31,6.949999809265137,Yahoo Finance yfinance auto_adjust=True
4417,300410.SZ,正业科技,A,-19.529409969554223,2025-07-31,8.5,2026-07-31,6.840000152587891,Yahoo Finance yfinance auto_adjust=True
4418,003023.SZ,彩虹集团,A,-19.530270731260668,2025-07-31,24.965909957885742,2026-07-31,20.09000015258789,Yahoo Finance yfinance auto_adjust=True
4419,000837.SZ,秦川机床,A,-19.530767331138122,2025-07-31,12.02944278717041,2026-07-31,9.680000305175781,Yahoo Finance yfinance auto_adjust=True
4420,300696.SZ,爱乐达,A,-19.532407386704463,2025-07-31,23.885391235351562,2026-07-31,19.219999313354492,Yahoo Finance yfinance auto_adjust=True
4421,600633.SH,浙数文化,A,-19.554047649391393,2025-07-31,13.574331283569336,2026-07-31,10.920000076293945,Yahoo Finance yfinance auto_adjust=True
4422,000913.SZ,钱江摩托,A,-19.56092731818999,2025-07-31,14.918123245239258,2026-07-31,12.0,Yahoo Finance yfinance auto_adjust=True
4423,002727.SZ,一心堂,A,-19.58623409772381,2025-07-31,14.51244068145752,2026-07-31,11.670000076293945,Yahoo Finance yfinance auto_adjust=True
4424,301577.SZ,美信科技,A,-19.63086786541185,2025-07-31,59.599998474121094,2026-07-31,47.900001525878906,Yahoo Finance yfinance auto_adjust=True
4425,300210.SZ,森远股份,A,-19.651058547807153,2025-07-31,10.890000343322754,2026-07-31,8.75,Yahoo Finance yfinance auto_adjust=True
4426,02498.HK,速腾聚创,HK,-19.662731867498906,2025-08-01,29.649999618530273,2026-07-31,23.81999969482422,Yahoo Finance chart adjclose
4427,08412.HK,新爱德集团,HK,-19.696977222808385,2025-08-01,0.33000001311302185,2026-07-31,0.26499998569488525,Yahoo Finance chart adjclose
4428,603569.SH,长久物流,A,-19.745744674762133,2025-07-31,7.164729118347168,2026-07-31,5.75,Yahoo Finance yfinance auto_adjust=True
4429,688617.SH,惠泰医疗,A,-19.74707669368997,2025-07-31,283.3541564941406,2026-07-31,227.39999389648438,Yahoo Finance yfinance auto_adjust=True
4430,301517.SZ,陕西华达,A,-19.749564121398212,2025-07-31,45.52000045776367,2026-07-31,36.529998779296875,Yahoo Finance yfinance auto_adjust=True
4431,603329.SH,上海雅仕,A,-19.755615229226354,2025-07-31,11.938529968261719,2026-07-31,9.579999923706055,Yahoo Finance yfinance auto_adjust=True
4432,603787.SH,新日股份,A,-19.770886426103694,2025-07-31,12.152695655822754,2026-07-31,9.75,Yahoo Finance yfinance auto_adjust=True
4433,300730.SZ,科创信息,A,-19.776385705068865,2025-07-31,14.3100004196167,2026-07-31,11.479999542236328,Yahoo Finance yfinance auto_adjust=True
4434,01907.HK,中国旭阳集团,HK,-19.777029828263395,2025-08-01,2.30607271194458,2026-07-31,1.850000023841858,Yahoo Finance chart adjclose
4435,603255.SH,鼎际得,A,-19.792669260719954,2025-07-31,31.86741065979004,2026-07-31,25.559999465942383,Yahoo Finance yfinance auto_adjust=True
4436,600661.SH,昂立教育,A,-19.800184013231213,2025-07-31,11.010000228881836,2026-07-31,8.829999923706055,Yahoo Finance yfinance auto_adjust=True
4437,002232.SZ,启明信息,A,-19.80801898781628,2025-07-31,17.732446670532227,2026-07-31,14.220000267028809,Yahoo Finance yfinance auto_adjust=True
4438,600980.SH,北矿科技,A,-19.808360908102784,2025-07-31,22.17188835144043,2026-07-31,17.780000686645508,Yahoo Finance yfinance auto_adjust=True
4439,300171.SZ,东富龙,A,-19.83507624974218,2025-07-31,15.19367790222168,2026-07-31,12.180000305175781,Yahoo Finance yfinance auto_adjust=True
4440,600503.SH,华丽家族,A,-19.844358121042617,2025-07-31,2.569999933242798,2026-07-31,2.059999942779541,Yahoo Finance yfinance auto_adjust=True
4441,001282.SZ,三联锻造,A,-19.84502426629293,2025-07-31,19.262683868408203,2026-07-31,15.4399995803833,Yahoo Finance yfinance auto_adjust=True
4442,002247.SZ,聚力文化,A,-19.850185627164073,2025-07-31,2.6700000762939453,2026-07-31,2.140000104904175,Yahoo Finance yfinance auto_adjust=True
4443,01461.HK,中泰期货,HK,-19.851000472425508,2025-08-01,0.7985127568244934,2026-07-31,0.6399999856948853,Yahoo Finance chart adjclose
4444,600095.SH,湘财股份,A,-19.852939565185878,2025-07-31,10.880000114440918,2026-07-31,8.720000267028809,Yahoo Finance yfinance auto_adjust=True
4445,002146.SZ,荣盛发展,A,-19.858154469371957,2025-07-31,1.409999966621399,2026-07-31,1.1299999952316284,Yahoo Finance yfinance auto_adjust=True
4446,600612.SH,老凤祥,A,-19.86919154319553,2025-07-31,44.98893737792969,2026-07-31,36.04999923706055,Yahoo Finance yfinance auto_adjust=True
4447,300031.SZ,宝通科技,A,-19.89433104547024,2025-07-31,24.130626678466797,2026-07-31,19.329999923706055,Yahoo Finance yfinance auto_adjust=True
4448,600763.SH,通策医疗,A,-19.895742105258797,2025-07-31,46.040000915527344,2026-07-31,36.880001068115234,Yahoo Finance yfinance auto_adjust=True
4449,002573.SZ,清新环境,A,-19.900496420696577,2025-07-31,4.019999980926514,2026-07-31,3.2200000286102295,Yahoo Finance yfinance auto_adjust=True
4450,603062.SH,麦加芯彩,A,-19.90834745006812,2025-07-31,45.098331451416016,2026-07-31,36.119998931884766,Yahoo Finance yfinance auto_adjust=True
4451,605086.SH,龙高股份,A,-19.91470995515485,2025-07-31,28.04509925842285,2026-07-31,22.459999084472656,Yahoo Finance yfinance auto_adjust=True
4452,001211.SZ,双枪科技,A,-19.915069123774543,2025-07-31,23.549999237060547,2026-07-31,18.860000610351562,Yahoo Finance yfinance auto_adjust=True
4453,600802.SH,福建水泥,A,-19.924102363094576,2025-07-31,5.269999980926514,2026-07-31,4.21999979019165,Yahoo Finance yfinance auto_adjust=True
4454,002725.SZ,跃岭股份,A,-19.936790732974796,2025-07-31,13.31447982788086,2026-07-31,10.65999984741211,Yahoo Finance yfinance auto_adjust=True
4455,600280.SH,中央商场,A,-19.94219796569694,2025-07-31,3.4600000381469727,2026-07-31,2.7699999809265137,Yahoo Finance yfinance auto_adjust=True
4456,603767.SH,中马传动,A,-19.94475433297438,2025-07-31,18.100000381469727,2026-07-31,14.489999771118164,Yahoo Finance yfinance auto_adjust=True
4457,002584.SZ,西陇科学,A,-19.955660490268922,2025-07-31,9.020000457763672,2026-07-31,7.21999979019165,Yahoo Finance yfinance auto_adjust=True
4458,301049.SZ,超越科技,A,-19.95671226936254,2025-07-31,23.100000381469727,2026-07-31,18.489999771118164,Yahoo Finance yfinance auto_adjust=True
4459,688533.SH,上声电子,A,-19.95885877674899,2025-07-31,26.66128921508789,2026-07-31,21.34000015258789,Yahoo Finance yfinance auto_adjust=True
4460,000020.SZ,深华发Ａ,A,-19.969511497045534,2025-07-31,13.119999885559082,2026-07-31,10.5,Yahoo Finance yfinance auto_adjust=True
4461,600587.SH,新华医疗,A,-19.973249382711987,2025-07-31,16.219575881958008,2026-07-31,12.979999542236328,Yahoo Finance yfinance auto_adjust=True
4462,300775.SZ,三角防务,A,-19.977837382150664,2025-07-31,26.555143356323242,2026-07-31,21.25,Yahoo Finance yfinance auto_adjust=True
4463,000948.SZ,南天信息,A,-19.979172810540856,2025-07-31,19.719865798950195,2026-07-31,15.779999732971191,Yahoo Finance yfinance auto_adjust=True
4464,300851.SZ,交大思诺,A,-19.990501746421817,2025-07-31,27.559226989746094,2026-07-31,22.049999237060547,Yahoo Finance yfinance auto_adjust=True
4465,02068.HK,中铝国际,HK,-19.999996956358444,2025-08-01,2.3499999046325684,2026-07-31,1.8799999952316284,Yahoo Finance chart adjclose
4466,603029.SH,天鹅股份,A,-20.034241157965937,2025-07-31,17.845138549804688,2026-07-31,14.270000457763672,Yahoo Finance yfinance auto_adjust=True
4467,301233.SZ,盛帮股份,A,-20.0436815246926,2025-07-31,38.02075958251953,2026-07-31,30.399999618530273,Yahoo Finance yfinance auto_adjust=True
4468,002268.SZ,电科网安,A,-20.045601646465617,2025-07-31,18.22288703918457,2026-07-31,14.569999694824219,Yahoo Finance yfinance auto_adjust=True
4469,300610.SZ,晨化股份,A,-20.061289111328207,2025-07-31,11.733989715576172,2026-07-31,9.380000114440918,Yahoo Finance yfinance auto_adjust=True
4470,002825.SZ,纳尔股份,A,-20.06686845580997,2025-07-31,9.933302879333496,2026-07-31,7.940000057220459,Yahoo Finance yfinance auto_adjust=True
4471,002296.SZ,辉煌科技,A,-20.073554231629043,2025-07-31,11.010123252868652,2026-07-31,8.800000190734863,Yahoo Finance yfinance auto_adjust=True
4472,605388.SH,均瑶健康,A,-20.077219390076795,2025-07-31,7.769999980926514,2026-07-31,6.210000038146973,Yahoo Finance yfinance auto_adjust=True
4473,300800.SZ,力合科技,A,-20.089732860541933,2025-07-31,11.462857246398926,2026-07-31,9.15999984741211,Yahoo Finance yfinance auto_adjust=True
4474,301163.SZ,宏德股份,A,-20.089773628030315,2025-07-31,26.692453384399414,2026-07-31,21.329999923706055,Yahoo Finance yfinance auto_adjust=True
4475,002261.SZ,拓维信息,A,-20.092450861234013,2025-07-31,32.45000076293945,2026-07-31,25.93000030517578,Yahoo Finance yfinance auto_adjust=True
4476,605011.SH,杭州热电,A,-20.120874771420773,2025-07-31,22.070846557617188,2026-07-31,17.6299991607666,Yahoo Finance yfinance auto_adjust=True
4477,300446.SZ,航天智造,A,-20.15953525863373,2025-07-31,17.046493530273438,2026-07-31,13.609999656677246,Yahoo Finance yfinance auto_adjust=True
4478,002152.SZ,广电运通,A,-20.16315912274944,2025-07-31,12.82615852355957,2026-07-31,10.239999771118164,Yahoo Finance yfinance auto_adjust=True
4479,300111.SZ,向日葵,A,-20.17045573847107,2025-07-31,3.5199999809265137,2026-07-31,2.809999942779541,Yahoo Finance yfinance auto_adjust=True
4480,000912.SZ,泸天化,A,-20.177389757580656,2025-07-31,4.510000228881836,2026-07-31,3.5999999046325684,Yahoo Finance yfinance auto_adjust=True
4481,300239.SZ,东宝生物,A,-20.179096855531597,2025-07-31,5.9758782386779785,2026-07-31,4.769999980926514,Yahoo Finance yfinance auto_adjust=True
4482,02360.HK,优品360,HK,-20.181389516171233,2025-08-01,2.0546586513519287,2026-07-31,1.6399999856948853,Yahoo Finance chart adjclose
4483,301006.SZ,迈拓股份,A,-20.182948718714876,2025-07-31,15.798628807067871,2026-07-31,12.609999656677246,Yahoo Finance yfinance auto_adjust=True
4484,000715.SZ,中兴商业,A,-20.18332047454421,2025-07-31,5.951137065887451,2026-07-31,4.75,Yahoo Finance yfinance auto_adjust=True
4485,002802.SZ,洪汇新材,A,-20.185930023208797,2025-07-31,13.368570327758789,2026-07-31,10.670000076293945,Yahoo Finance yfinance auto_adjust=True
4486,300447.SZ,全信股份,A,-20.206738309478833,2025-07-31,16.42995834350586,2026-07-31,13.109999656677246,Yahoo Finance yfinance auto_adjust=True
4487,08385.HK,万里印刷,HK,-20.22471787832918,2025-08-01,0.08900000154972076,2026-07-31,0.07100000232458115,Yahoo Finance chart adjclose
4488,600448.SH,华纺股份,A,-20.24168729479615,2025-07-31,3.309999942779541,2026-07-31,2.640000104904175,Yahoo Finance yfinance auto_adjust=True
4489,688651.SH,盛邦安全,A,-20.246220584737173,2025-07-31,26.757352828979492,2026-07-31,21.34000015258789,Yahoo Finance yfinance auto_adjust=True
4490,001335.SZ,信凯科技,A,-20.258059397067953,2025-07-31,37.596275329589844,2026-07-31,29.979999542236328,Yahoo Finance yfinance auto_adjust=True
4491,301600.SZ,慧翰股份,A,-20.25944378312451,2025-07-31,112.5525131225586,2026-07-31,89.75,Yahoo Finance yfinance auto_adjust=True
4492,002633.SZ,申科股份,A,-20.265377998422817,2025-07-31,16.579999923706055,2026-07-31,13.220000267028809,Yahoo Finance yfinance auto_adjust=True
4493,300927.SZ,江天化学,A,-20.299487939339667,2025-07-31,26.486656188964844,2026-07-31,21.110000610351562,Yahoo Finance yfinance auto_adjust=True
4494,600379.SH,宝光股份,A,-20.301345357424296,2025-07-31,13.852178573608398,2026-07-31,11.039999961853027,Yahoo Finance yfinance auto_adjust=True
4495,300535.SZ,达威股份,A,-20.31855027235907,2025-07-31,16.929912567138672,2026-07-31,13.489999771118164,Yahoo Finance yfinance auto_adjust=True
4496,603096.SH,新经典,A,-20.329684516672273,2025-07-31,18.02427864074707,2026-07-31,14.359999656677246,Yahoo Finance yfinance auto_adjust=True
4497,003020.SZ,立方制药,A,-20.33689346508172,2025-07-31,21.176679611206055,2026-07-31,16.8700008392334,Yahoo Finance yfinance auto_adjust=True
4498,000548.SZ,湖南投资,A,-20.366967999216246,2025-07-31,5.412326812744141,2026-07-31,4.309999942779541,Yahoo Finance yfinance auto_adjust=True
4499,600006.SH,东风股份,A,-20.39106241985007,2025-07-31,7.159999847412109,2026-07-31,5.699999809265137,Yahoo Finance yfinance auto_adjust=True
4500,600602.SH,云赛智联,A,-20.40181682574892,2025-07-31,22.136184692382812,2026-07-31,17.6200008392334,Yahoo Finance yfinance auto_adjust=True
4501,600658.SH,电子城,A,-20.404036181056327,2025-07-31,4.949999809265137,2026-07-31,3.940000057220459,Yahoo Finance yfinance auto_adjust=True
4502,301392.SZ,汇成真空,A,-20.4194456737114,2025-07-31,158.5060577392578,2026-07-31,126.13999938964844,Yahoo Finance yfinance auto_adjust=True
4503,02005.HK,石四药集团,HK,-20.43627864618889,2025-08-01,2.9913132190704346,2026-07-31,2.380000114440918,Yahoo Finance chart adjclose
4504,600051.SH,宁波联合,A,-20.44184205682662,2025-07-31,7.3782501220703125,2026-07-31,5.869999885559082,Yahoo Finance yfinance auto_adjust=True
4505,605089.SH,味知香,A,-20.45205402799839,2025-07-31,24.576372146606445,2026-07-31,19.549999237060547,Yahoo Finance yfinance auto_adjust=True
4506,601633.SH,长城汽车,A,-20.45954021430385,2025-07-31,21.13389778137207,2026-07-31,16.809999465942383,Yahoo Finance yfinance auto_adjust=True
4507,01672.HK,歌礼制药-B,HK,-20.47618684314546,2025-08-01,10.5,2026-07-31,8.350000381469727,Yahoo Finance chart adjclose
4508,002405.SZ,四维图新,A,-20.476188908358484,2025-07-31,8.399999618530273,2026-07-31,6.679999828338623,Yahoo Finance yfinance auto_adjust=True
4509,301269.SZ,华大九天,A,-20.477374838925233,2025-07-31,109.90583038330078,2026-07-31,87.4000015258789,Yahoo Finance yfinance auto_adjust=True
4510,002278.SZ,神开股份,A,-20.477895375479484,2025-07-31,9.72056770324707,2026-07-31,7.730000019073486,Yahoo Finance yfinance auto_adjust=True
4511,600765.SH,中航重机,A,-20.48032095211134,2025-07-31,17.140411376953125,2026-07-31,13.630000114440918,Yahoo Finance yfinance auto_adjust=True
4512,002483.SZ,润邦股份,A,-20.484408529212516,2025-07-31,6.527021884918213,2026-07-31,5.190000057220459,Yahoo Finance yfinance auto_adjust=True
4513,600127.SH,金健米业,A,-20.487103501877048,2025-07-31,6.980000019073486,2026-07-31,5.550000190734863,Yahoo Finance yfinance auto_adjust=True
4514,01599.HK,城建设计,HK,-20.495192959771625,2025-08-01,1.2955191135406494,2026-07-31,1.0299999713897705,Yahoo Finance chart adjclose
4515,300638.SZ,广和通,A,-20.500407908584528,2025-07-31,26.037870407104492,2026-07-31,20.700000762939453,Yahoo Finance yfinance auto_adjust=True
4516,02990.HK,弘毅文化集团,HK,-20.512816985918324,2026-07-20,0.5849999785423279,2026-07-31,0.4650000035762787,Yahoo Finance chart adjclose
4517,02221.HK,创业集团控股,HK,-20.512816985918324,2025-08-01,0.7799999713897705,2026-07-31,0.6200000047683716,Yahoo Finance chart adjclose
4518,01147.HK,伊登软件,HK,-20.512823451905504,2025-08-01,0.15600000321865082,2026-07-31,0.12399999797344208,Yahoo Finance chart adjclose
4519,600420.SH,国药现代,A,-20.51512893701235,2025-07-31,11.121613502502441,2026-07-31,8.84000015258789,Yahoo Finance yfinance auto_adjust=True
4520,603662.SH,柯力传感,A,-20.52693830743436,2025-07-31,63.58129119873047,2026-07-31,50.529998779296875,Yahoo Finance yfinance auto_adjust=True
4521,300079.SZ,数码视讯,A,-20.528383453531774,2025-07-31,5.71273136138916,2026-07-31,4.539999961853027,Yahoo Finance yfinance auto_adjust=True
4522,601515.SH,衢州东峰,A,-20.531399324757093,2025-07-31,4.139999866485596,2026-07-31,3.2899999618530273,Yahoo Finance yfinance auto_adjust=True
4523,002316.SZ,亚联发展,A,-20.532326113088363,2025-07-31,5.260000228881836,2026-07-31,4.179999828338623,Yahoo Finance yfinance auto_adjust=True
4524,300707.SZ,威唐工业,A,-20.56482218083139,2025-07-31,14.414268493652344,2026-07-31,11.449999809265137,Yahoo Finance yfinance auto_adjust=True
4525,688737.SH,中自科技,A,-20.570358784861053,2025-07-31,21.389999389648438,2026-07-31,16.989999771118164,Yahoo Finance yfinance auto_adjust=True
4526,002481.SZ,双塔食品,A,-20.577501392073593,2025-07-31,5.300765037536621,2026-07-31,4.210000038146973,Yahoo Finance yfinance auto_adjust=True
4527,300107.SZ,建新股份,A,-20.584496939214347,2025-07-31,7.869999885559082,2026-07-31,6.25,Yahoo Finance yfinance auto_adjust=True
4528,01153.HK,佳源服务,HK,-20.588233575413906,2025-08-01,0.5099999904632568,2026-07-31,0.4050000011920929,Yahoo Finance chart adjclose
4529,002574.SZ,明牌珠宝,A,-20.60391297815205,2025-07-31,5.630000114440918,2026-07-31,4.46999979019165,Yahoo Finance yfinance auto_adjust=True
4530,600287.SH,苏豪时尚,A,-20.60391297815205,2025-07-31,5.630000114440918,2026-07-31,4.46999979019165,Yahoo Finance yfinance auto_adjust=True
4531,603899.SH,晨光股份,A,-20.61185036640294,2025-07-31,29.475431442260742,2026-07-31,23.399999618530273,Yahoo Finance yfinance auto_adjust=True
4532,688060.SH,云涌科技,A,-20.619076018648407,2025-07-31,40.060001373291016,2026-07-31,31.799999237060547,Yahoo Finance yfinance auto_adjust=True
4533,301073.SZ,君亭酒店,A,-20.626674189273263,2025-07-31,22.173696517944336,2026-07-31,17.600000381469727,Yahoo Finance yfinance auto_adjust=True
4534,601006.SH,大秦铁路,A,-20.62698682980857,2025-07-31,6.261573791503906,2026-07-31,4.96999979019165,Yahoo Finance yfinance auto_adjust=True
4535,02086.HK,高维科技,HK,-20.63492003421874,2025-08-01,0.6299999952316284,2026-07-31,0.5,Yahoo Finance chart adjclose
4536,02009.HK,金隅集团,HK,-20.64178725996353,2025-08-01,0.7434642910957336,2026-07-31,0.5899999737739563,Yahoo Finance chart adjclose
4537,300315.SZ,掌趣科技,A,-20.652171565664577,2025-07-31,5.519999980926514,2026-07-31,4.380000114440918,Yahoo Finance yfinance auto_adjust=True
4538,301025.SZ,读客文化,A,-20.653496779818823,2025-07-31,11.19141960144043,2026-07-31,8.880000114440918,Yahoo Finance yfinance auto_adjust=True
4539,601279.SH,英利汽车,A,-20.654910008397497,2025-07-31,3.9700000286102295,2026-07-31,3.1500000953674316,Yahoo Finance yfinance auto_adjust=True
4540,603059.SH,倍加洁,A,-20.68168101958454,2025-07-31,30.295650482177734,2026-07-31,24.030000686645508,Yahoo Finance yfinance auto_adjust=True
4541,301159.SZ,三维天地,A,-20.70748465401786,2025-07-31,36.75,2026-07-31,29.139999389648438,Yahoo Finance yfinance auto_adjust=True
4542,002881.SZ,美格智能,A,-20.70820329886477,2025-07-31,44.26687240600586,2026-07-31,35.099998474121094,Yahoo Finance yfinance auto_adjust=True
4543,300322.SZ,硕贝德,A,-20.72252910788147,2025-07-31,19.93000030517578,2026-07-31,15.800000190734863,Yahoo Finance yfinance auto_adjust=True
4544,01446.HK,鸿福堂,HK,-20.73170953318878,2025-08-01,0.4099999964237213,2026-07-31,0.32499998807907104,Yahoo Finance chart adjclose
4545,000926.SZ,福星股份,A,-20.754723431759114,2025-07-31,2.6500000953674316,2026-07-31,2.0999999046325684,Yahoo Finance yfinance auto_adjust=True
4546,300550.SZ,和仁科技,A,-20.757298471472808,2025-07-31,13.401865005493164,2026-07-31,10.619999885559082,Yahoo Finance yfinance auto_adjust=True
4547,002329.SZ,皇氏集团,A,-20.789472941216324,2025-07-31,3.799999952316284,2026-07-31,3.009999990463257,Yahoo Finance yfinance auto_adjust=True
4548,600373.SH,中文传媒,A,-20.802478593360853,2025-07-31,9.735153198242188,2026-07-31,7.710000038146973,Yahoo Finance yfinance auto_adjust=True
4549,002670.SZ,国盛证券,A,-20.811514444202906,2025-07-31,15.279999732971191,2026-07-31,12.100000381469727,Yahoo Finance yfinance auto_adjust=True
4550,02382.HK,舜宇光学科技,HK,-20.828696695912242,2025-08-01,70.79585266113281,2026-07-31,56.04999923706055,Yahoo Finance chart adjclose
4551,603206.SH,嘉环科技,A,-20.829341706244108,2025-07-31,16.887569427490234,2026-07-31,13.369999885559082,Yahoo Finance yfinance auto_adjust=True
4552,300155.SZ,安居宝,A,-20.833332544912096,2025-07-31,5.039999961853027,2026-07-31,3.990000009536743,Yahoo Finance yfinance auto_adjust=True
4553,000723.SZ,美锦能源,A,-20.83333464045275,2025-07-31,4.559999942779541,2026-07-31,3.609999895095825,Yahoo Finance yfinance auto_adjust=True
4554,002347.SZ,泰尔股份,A,-20.845070971167534,2025-07-31,7.099999904632568,2026-07-31,5.619999885559082,Yahoo Finance yfinance auto_adjust=True
4555,600689.SH,上海三毛,A,-20.85040184331487,2025-07-31,12.457422256469727,2026-07-31,9.859999656677246,Yahoo Finance yfinance auto_adjust=True
4556,06936.HK,顺丰控股,HK,-20.861186283739876,2025-08-01,42.73503494262695,2026-07-31,33.81999969482422,Yahoo Finance chart adjclose
4557,300289.SZ,利德曼,A,-20.880678951093714,2025-07-31,7.039999961853027,2026-07-31,5.570000171661377,Yahoo Finance yfinance auto_adjust=True
4558,301127.SZ,武汉天源,A,-20.881821987527427,2025-07-31,15.078709602355957,2026-07-31,11.930000305175781,Yahoo Finance yfinance auto_adjust=True
4559,688230.SH,芯导科技,A,-20.904660019509368,2025-07-31,63.49299621582031,2026-07-31,50.220001220703125,Yahoo Finance yfinance auto_adjust=True
4560,002345.SZ,潮宏基,A,-20.921084678895706,2025-07-31,13.7710542678833,2026-07-31,10.890000343322754,Yahoo Finance yfinance auto_adjust=True
4561,688616.SH,西力科技,A,-20.925840360834513,2025-07-31,12.734880447387695,2026-07-31,10.069999694824219,Yahoo Finance yfinance auto_adjust=True
4562,600062.SH,华润双鹤,A,-20.961347051878555,2025-07-31,20.58486557006836,2026-07-31,16.270000457763672,Yahoo Finance yfinance auto_adjust=True
4563,603131.SH,上海沪工,A,-20.968631830593853,2025-07-31,18.170000076293945,2026-07-31,14.359999656677246,Yahoo Finance yfinance auto_adjust=True
4564,301559.SZ,中集环科,A,-20.975191058359645,2025-07-31,16.779541015625,2026-07-31,13.260000228881836,Yahoo Finance yfinance auto_adjust=True
4565,688569.SH,铁科轨道,A,-20.990154615307667,2025-07-31,20.934101104736328,2026-07-31,16.540000915527344,Yahoo Finance yfinance auto_adjust=True
4566,603351.SH,威尔药业,A,-20.994300876959038,2025-07-31,29.364971160888672,2026-07-31,23.200000762939453,Yahoo Finance yfinance auto_adjust=True
4567,688196.SH,卓越新能,A,-21.00516168076838,2025-07-31,42.585060119628906,2026-07-31,33.63999938964844,Yahoo Finance yfinance auto_adjust=True
4568,300026.SZ,红日药业,A,-21.024528607396455,2025-07-31,4.267147541046143,2026-07-31,3.369999885559082,Yahoo Finance yfinance auto_adjust=True
4569,600807.SH,济高发展,A,-21.03559466031871,2025-07-31,3.0899999141693115,2026-07-31,2.440000057220459,Yahoo Finance yfinance auto_adjust=True
4570,01361.HK,361度,HK,-21.050472010753076,2025-08-01,5.9151716232299805,2026-07-31,4.670000076293945,Yahoo Finance chart adjclose
4571,600975.SH,新五丰,A,-21.06109303806226,2025-07-31,6.21999979019165,2026-07-31,4.909999847412109,Yahoo Finance yfinance auto_adjust=True
4572,301116.SZ,益客食品,A,-21.066665649414062,2025-07-31,11.25,2026-07-31,8.880000114440918,Yahoo Finance yfinance auto_adjust=True
4573,301628.SZ,强达电路,A,-21.068346794996906,2025-07-31,92.05432891845703,2026-07-31,72.66000366210938,Yahoo Finance yfinance auto_adjust=True
4574,300181.SZ,佐力药业,A,-21.068447624995645,2025-07-31,18.268993377685547,2026-07-31,14.420000076293945,Yahoo Finance yfinance auto_adjust=True
4575,600983.SH,惠而浦,A,-21.069687065367916,2025-07-31,10.12285327911377,2026-07-31,7.989999771118164,Yahoo Finance yfinance auto_adjust=True
4576,603511.SH,爱慕股份,A,-21.090269085089762,2025-07-31,14.941123008728027,2026-07-31,11.789999961853027,Yahoo Finance yfinance auto_adjust=True
4577,002830.SZ,名雕股份,A,-21.1061573248168,2025-07-31,15.413116455078125,2026-07-31,12.15999984741211,Yahoo Finance yfinance auto_adjust=True
4578,301083.SZ,百胜智能,A,-21.113583559103933,2025-07-31,15.946978569030762,2026-07-31,12.579999923706055,Yahoo Finance yfinance auto_adjust=True
4579,000501.SZ,武商集团,A,-21.127716085584915,2025-07-31,9.179396629333496,2026-07-31,7.239999771118164,Yahoo Finance yfinance auto_adjust=True
4580,02625.HK,江苏宏信,HK,-21.1538450957755,2025-08-01,2.5999999046325684,2026-07-31,2.049999952316284,Yahoo Finance chart adjclose
4581,600480.SH,凌云股份,A,-21.15758204239547,2025-07-31,11.262972831726074,2026-07-31,8.880000114440918,Yahoo Finance yfinance auto_adjust=True
4582,301665.SZ,泰禾股份,A,-21.177691928676822,2025-07-31,28.77358055114746,2026-07-31,22.68000030517578,Yahoo Finance yfinance auto_adjust=True
4583,000541.SZ,佛山照明,A,-21.183498197830207,2025-07-31,6.369224548339844,2026-07-31,5.019999980926514,Yahoo Finance yfinance auto_adjust=True
4584,600009.SH,上海机场,A,-21.186330937267517,2025-07-31,31.31436538696289,2026-07-31,24.68000030517578,Yahoo Finance yfinance auto_adjust=True
4585,600981.SH,苏豪汇鸿,A,-21.197025739930364,2025-07-31,2.9567410945892334,2026-07-31,2.3299999237060547,Yahoo Finance yfinance auto_adjust=True
4586,600979.SH,广安爱众,A,-21.199998855590817,2025-07-31,5.0,2026-07-31,3.940000057220459,Yahoo Finance yfinance auto_adjust=True
4587,603022.SH,新通联,A,-21.202308533556568,2025-07-31,10.16527271270752,2026-07-31,8.010000228881836,Yahoo Finance yfinance auto_adjust=True
4588,002697.SZ,红旗连锁,A,-21.20895472874699,2025-07-31,5.965144634246826,2026-07-31,4.699999809265137,Yahoo Finance yfinance auto_adjust=True
4589,301170.SZ,锡南科技,A,-21.214371343949168,2025-07-31,27.26385498046875,2026-07-31,21.479999542236328,Yahoo Finance yfinance auto_adjust=True
4590,300840.SZ,酷特智能,A,-21.217176284334872,2025-07-31,21.8956356048584,2026-07-31,17.25,Yahoo Finance yfinance auto_adjust=True
4591,301370.SZ,国科恒泰,A,-21.229621943248166,2025-07-31,11.006675720214844,2026-07-31,8.670000076293945,Yahoo Finance yfinance auto_adjust=True
4592,603236.SH,移远通信,A,-21.251371480607272,2025-07-31,57.499412536621094,2026-07-31,45.279998779296875,Yahoo Finance yfinance auto_adjust=True
4593,002732.SZ,燕塘乳业,A,-21.25435273541566,2025-07-31,17.08030891418457,2026-07-31,13.449999809265137,Yahoo Finance yfinance auto_adjust=True
4594,301515.SZ,港通医疗,A,-21.272728659889918,2025-07-31,22.0,2026-07-31,17.31999969482422,Yahoo Finance yfinance auto_adjust=True
4595,601005.SH,重庆钢铁,A,-21.29031831342384,2025-07-31,1.5499999523162842,2026-07-31,1.2200000286102295,Yahoo Finance yfinance auto_adjust=True
4596,600712.SH,南宁百货,A,-21.29909171883664,2025-07-31,6.619999885559082,2026-07-31,5.210000038146973,Yahoo Finance yfinance auto_adjust=True
4597,688198.SH,佰仁医疗,A,-21.32097532135918,2025-07-31,104.42427825927734,2026-07-31,82.16000366210938,Yahoo Finance yfinance auto_adjust=True
4598,002065.SZ,东华软件,A,-21.338334921931434,2025-07-31,9.203974723815918,2026-07-31,7.239999771118164,Yahoo Finance yfinance auto_adjust=True
4599,300937.SZ,药易购,A,-21.34166328077264,2025-07-31,30.40999984741211,2026-07-31,23.920000076293945,Yahoo Finance yfinance auto_adjust=True
4600,601599.SH,浙文影业,A,-21.35416540550065,2025-07-31,3.8399999141693115,2026-07-31,3.0199999809265137,Yahoo Finance yfinance auto_adjust=True
4601,600805.SH,悦达投资,A,-21.365440877693775,2025-07-31,5.455616474151611,2026-07-31,4.289999961853027,Yahoo Finance yfinance auto_adjust=True
4602,002615.SZ,哈尔斯,A,-21.375923520478047,2025-07-31,8.140000343322754,2026-07-31,6.400000095367432,Yahoo Finance yfinance auto_adjust=True
4603,300382.SZ,斯莱克,A,-21.38324769426848,2025-07-31,15.760000228881836,2026-07-31,12.390000343322754,Yahoo Finance yfinance auto_adjust=True
4604,300150.SZ,世纪瑞尔,A,-21.414540666245475,2025-07-31,5.090000152587891,2026-07-31,4.0,Yahoo Finance yfinance auto_adjust=True
4605,300554.SZ,三超新材,A,-21.419675445115317,2025-07-31,24.09000015258789,2026-07-31,18.93000030517578,Yahoo Finance yfinance auto_adjust=True
4606,603153.SH,上海建科,A,-21.425151895041715,2025-07-31,17.091983795166016,2026-07-31,13.430000305175781,Yahoo Finance yfinance auto_adjust=True
4607,600561.SH,江西长运,A,-21.43928468993861,2025-07-31,6.670000076293945,2026-07-31,5.239999771118164,Yahoo Finance yfinance auto_adjust=True
4608,002847.SZ,盐津铺子,A,-21.439300394100847,2025-07-31,66.22904205322266,2026-07-31,52.029998779296875,Yahoo Finance yfinance auto_adjust=True
4609,002524.SZ,光正眼科,A,-21.459223054197352,2025-07-31,4.659999847412109,2026-07-31,3.6600000858306885,Yahoo Finance yfinance auto_adjust=True
4610,000529.SZ,广弘控股,A,-21.46902729323086,2025-07-31,5.984899520874023,2026-07-31,4.699999809265137,Yahoo Finance yfinance auto_adjust=True
4611,301390.SZ,经纬股份,A,-21.47020244351967,2025-07-31,36.92865753173828,2026-07-31,29.0,Yahoo Finance yfinance auto_adjust=True
4612,002035.SZ,华帝股份,A,-21.48098301438931,2025-07-31,6.176847457885742,2026-07-31,4.849999904632568,Yahoo Finance yfinance auto_adjust=True
4613,002521.SZ,齐峰新材,A,-21.491431330352782,2025-07-31,8.66147518157959,2026-07-31,6.800000190734863,Yahoo Finance yfinance auto_adjust=True
4614,300313.SZ,*ST天山,A,-21.500000953674313,2025-07-31,10.0,2026-07-31,7.849999904632568,Yahoo Finance yfinance auto_adjust=True
4615,002207.SZ,准油股份,A,-21.505374896869544,2025-07-31,7.440000057220459,2026-07-31,5.840000152587891,Yahoo Finance yfinance auto_adjust=True
4616,300670.SZ,大烨智能,A,-21.518989888571006,2025-07-31,7.110000133514404,2026-07-31,5.579999923706055,Yahoo Finance yfinance auto_adjust=True
4617,600455.SH,博通股份,A,-21.531946339206844,2025-07-31,28.329999923706055,2026-07-31,22.229999542236328,Yahoo Finance yfinance auto_adjust=True
4618,605488.SH,福莱新材,A,-21.53371480100462,2025-07-31,31.2618350982666,2026-07-31,24.530000686645508,Yahoo Finance yfinance auto_adjust=True
4619,300977.SZ,深圳瑞捷,A,-21.541278711796807,2025-07-31,19.05460548400879,2026-07-31,14.949999809265137,Yahoo Finance yfinance auto_adjust=True
4620,01448.HK,福寿园,HK,-21.545644532351528,2025-08-01,3.36501407623291,2026-07-31,2.640000104904175,Yahoo Finance chart adjclose
4621,01828.HK,富卫集团,HK,-21.568627450980394,2025-08-01,38.25,2026-07-31,30.0,Yahoo Finance chart adjclose
4622,300957.SZ,贝泰妮,A,-21.581971996593595,2025-07-31,44.12250518798828,2026-07-31,34.599998474121094,Yahoo Finance yfinance auto_adjust=True
4623,300519.SZ,新光药业,A,-21.58257272644559,2025-07-31,17.19005584716797,2026-07-31,13.479999542236328,Yahoo Finance yfinance auto_adjust=True
4624,603215.SH,比依股份,A,-21.589077327542395,2025-07-31,17.650602340698242,2026-07-31,13.84000015258789,Yahoo Finance yfinance auto_adjust=True
4625,002984.SZ,森麒麟,A,-21.599974307333923,2025-07-31,18.82652473449707,2026-07-31,14.760000228881836,Yahoo Finance yfinance auto_adjust=True
4626,002817.SZ,黄山胶囊,A,-21.602352305943207,2025-07-31,7.819112300872803,2026-07-31,6.130000114440918,Yahoo Finance yfinance auto_adjust=True
4627,688129.SH,东来技术,A,-21.609254684943913,2025-07-31,25.117761611938477,2026-07-31,19.690000534057617,Yahoo Finance yfinance auto_adjust=True
4628,300815.SZ,玉禾田,A,-21.650761215655013,2025-07-31,19.489660263061523,2026-07-31,15.270000457763672,Yahoo Finance yfinance auto_adjust=True
4629,600081.SH,东风科技,A,-21.652062351879366,2025-07-31,12.725287437438965,2026-07-31,9.970000267028809,Yahoo Finance yfinance auto_adjust=True
4630,002163.SZ,海南发展,A,-21.653541754978534,2025-07-31,10.15999984741211,2026-07-31,7.960000038146973,Yahoo Finance yfinance auto_adjust=True
4631,02152.HK,苏新服务,HK,-21.661189554849713,2025-08-01,5.4634480476379395,2026-07-31,4.28000020980835,Yahoo Finance chart adjclose
4632,301337.SZ,亚华电子,A,-21.66384007753226,2025-07-31,29.450000762939453,2026-07-31,23.06999969482422,Yahoo Finance yfinance auto_adjust=True
4633,002769.SZ,普路通,A,-21.671544588512692,2025-07-31,8.502656936645508,2026-07-31,6.659999847412109,Yahoo Finance yfinance auto_adjust=True
4634,002700.SZ,万憬能源,A,-21.692471518847324,2025-07-31,7.3173041343688965,2026-07-31,5.730000019073486,Yahoo Finance yfinance auto_adjust=True
4635,300623.SZ,捷捷微电,A,-21.6937139909389,2025-07-31,29.742185592651367,2026-07-31,23.290000915527344,Yahoo Finance yfinance auto_adjust=True
4636,300888.SZ,稳健医疗,A,-21.70153515488621,2025-07-31,39.17062759399414,2026-07-31,30.670000076293945,Yahoo Finance yfinance auto_adjust=True
4637,603739.SH,蔚蓝生物,A,-21.73909008819772,2025-07-31,14.387770652770996,2026-07-31,11.260000228881836,Yahoo Finance yfinance auto_adjust=True
4638,01415.HK,高伟电子,HK,-21.745359425524313,2025-08-01,26.324317932128906,2026-07-31,20.600000381469727,Yahoo Finance chart adjclose
4639,002210.SZ,飞马国际,A,-21.754382677392215,2025-07-31,2.8499999046325684,2026-07-31,2.2300000190734863,Yahoo Finance yfinance auto_adjust=True
4640,000721.SZ,西安饮食,A,-21.764704760383157,2025-07-31,8.5,2026-07-31,6.650000095367432,Yahoo Finance yfinance auto_adjust=True
4641,300298.SZ,三诺生物,A,-21.770331675156807,2025-07-31,20.899999618530273,2026-07-31,16.350000381469727,Yahoo Finance yfinance auto_adjust=True
4642,000520.SZ,凤凰航运,A,-21.775897827406933,2025-07-31,4.730000019073486,2026-07-31,3.700000047683716,Yahoo Finance yfinance auto_adjust=True
4643,688315.SH,诺禾致源,A,-21.7870433961857,2025-07-31,16.263290405273438,2026-07-31,12.720000267028809,Yahoo Finance yfinance auto_adjust=True
4644,600742.SH,富维股份,A,-21.788182367452013,2025-07-31,9.678844451904297,2026-07-31,7.570000171661377,Yahoo Finance yfinance auto_adjust=True
4645,603968.SH,醋化股份,A,-21.806349174078466,2025-07-31,12.289999961853027,2026-07-31,9.609999656677246,Yahoo Finance yfinance auto_adjust=True
4646,002030.SZ,达安基因,A,-21.807747872037154,2025-07-31,6.96999979019165,2026-07-31,5.449999809265137,Yahoo Finance yfinance auto_adjust=True
4647,001308.SZ,康冠科技,A,-21.82813619894676,2025-07-31,22.20747947692871,2026-07-31,17.360000610351562,Yahoo Finance yfinance auto_adjust=True
4648,002467.SZ,二六三,A,-21.83333237965902,2025-07-31,6.0,2026-07-31,4.690000057220459,Yahoo Finance yfinance auto_adjust=True
4649,603456.SH,九洲药业,A,-21.853870983493827,2025-07-31,18.63176155090332,2026-07-31,14.5600004196167,Yahoo Finance yfinance auto_adjust=True
4650,601366.SH,利群股份,A,-21.859783670904733,2025-07-31,4.504722595214844,2026-07-31,3.5199999809265137,Yahoo Finance yfinance auto_adjust=True
4651,002596.SZ,海南瑞泽,A,-21.882954679540866,2025-07-31,3.930000066757202,2026-07-31,3.069999933242798,Yahoo Finance yfinance auto_adjust=True
4652,002566.SZ,益盛药业,A,-21.885034142958737,2025-07-31,8.295465469360352,2026-07-31,6.480000019073486,Yahoo Finance yfinance auto_adjust=True
4653,688096.SH,京源环保,A,-21.890549695018755,2025-07-31,10.050000190734863,2026-07-31,7.849999904632568,Yahoo Finance yfinance auto_adjust=True
4654,300978.SZ,东箭科技,A,-21.894069759335988,2025-07-31,10.780231475830078,2026-07-31,8.420000076293945,Yahoo Finance yfinance auto_adjust=True
4655,300877.SZ,金春股份,A,-21.896116560145927,2025-07-31,30.075328826904297,2026-07-31,23.489999771118164,Yahoo Finance yfinance auto_adjust=True
4656,688638.SH,誉辰智能,A,-21.90327852874804,2025-07-31,38.66999816894531,2026-07-31,30.200000762939453,Yahoo Finance yfinance auto_adjust=True
4657,688420.SH,美腾科技,A,-21.91141973504156,2025-07-31,25.739999771118164,2026-07-31,20.100000381469727,Yahoo Finance yfinance auto_adjust=True
4658,301239.SZ,普瑞眼科,A,-21.915509125193587,2025-07-31,41.65999984741211,2026-07-31,32.529998779296875,Yahoo Finance yfinance auto_adjust=True
4659,002133.SZ,广宇集团,A,-21.91864966480366,2025-07-31,3.2145960330963135,2026-07-31,2.509999990463257,Yahoo Finance yfinance auto_adjust=True
4660,002172.SZ,澳洋健康,A,-21.921179286428448,2025-07-31,4.059999942779541,2026-07-31,3.1700000762939453,Yahoo Finance yfinance auto_adjust=True
4661,000985.SZ,大庆华科,A,-21.928537309330654,2025-07-31,18.43183135986328,2026-07-31,14.390000343322754,Yahoo Finance yfinance auto_adjust=True
4662,300401.SZ,花园生物,A,-21.938807926505444,2025-07-31,15.910594940185547,2026-07-31,12.420000076293945,Yahoo Finance yfinance auto_adjust=True
4663,603018.SH,华设集团,A,-21.942608667233422,2025-07-31,6.828309059143066,2026-07-31,5.329999923706055,Yahoo Finance yfinance auto_adjust=True
4664,300862.SZ,蓝盾光电,A,-21.957425136848563,2025-07-31,24.35849952697754,2026-07-31,19.010000228881836,Yahoo Finance yfinance auto_adjust=True
4665,000795.SZ,英洛华,A,-21.97025027468138,2025-07-31,10.790756225585938,2026-07-31,8.420000076293945,Yahoo Finance yfinance auto_adjust=True
4666,002282.SZ,博深股份,A,-21.976108410087846,2025-07-31,7.407987594604492,2026-07-31,5.78000020980835,Yahoo Finance yfinance auto_adjust=True
4667,02355.HK,宝业集团,HK,-21.97725662072615,2025-08-01,4.216719150543213,2026-07-31,3.2899999618530273,Yahoo Finance chart adjclose
4668,605337.SH,李子园,A,-21.993060483763838,2025-07-31,12.383513450622559,2026-07-31,9.65999984741211,Yahoo Finance yfinance auto_adjust=True
4669,002778.SZ,中晟高科,A,-21.99781550274671,2025-07-31,18.31999969482422,2026-07-31,14.289999961853027,Yahoo Finance yfinance auto_adjust=True
4670,01521.HK,方达控股,HK,-22.00000286102295,2025-08-01,1.5,2026-07-31,1.1699999570846558,Yahoo Finance chart adjclose
4671,688721.SH,龙图光罩,A,-22.008930308630305,2025-07-31,44.79999923706055,2026-07-31,34.939998626708984,Yahoo Finance yfinance auto_adjust=True
4672,02288.HK,宏基资本,HK,-22.012577142798772,2025-08-01,0.1589999943971634,2026-07-31,0.12399999797344208,Yahoo Finance chart adjclose
4673,300635.SZ,中达安,A,-22.02166142042521,2025-07-31,13.850000381469727,2026-07-31,10.800000190734863,Yahoo Finance yfinance auto_adjust=True
4674,603520.SH,司太立,A,-22.034094180522267,2025-07-31,11.10741901397705,2026-07-31,8.65999984741211,Yahoo Finance yfinance auto_adjust=True
4675,301278.SZ,快可电子,A,-22.047881759433295,2025-07-31,33.8541145324707,2026-07-31,26.389999389648438,Yahoo Finance yfinance auto_adjust=True
4676,300647.SZ,超频三,A,-22.070018998730532,2025-07-31,6.570000171661377,2026-07-31,5.119999885559082,Yahoo Finance yfinance auto_adjust=True
4677,06600.HK,卧安机器人,HK,-22.071766518414325,2025-12-30,73.8499984741211,2026-07-31,57.54999923706055,Yahoo Finance chart adjclose
4678,002683.SZ,广东宏大,A,-22.07965039868026,2025-07-31,35.98546600341797,2026-07-31,28.040000915527344,Yahoo Finance yfinance auto_adjust=True
4679,600216.SH,浙江医药,A,-22.114843154232755,2025-07-31,15.54853343963623,2026-07-31,12.109999656677246,Yahoo Finance yfinance auto_adjust=True
4680,01433.HK,常达控股,HK,-22.115385993080704,2025-08-01,0.10400000214576721,2026-07-31,0.08100000023841858,Yahoo Finance chart adjclose
4681,600288.SH,大恒科技,A,-22.118380987834264,2025-07-31,12.84000015258789,2026-07-31,10.0,Yahoo Finance yfinance auto_adjust=True
4682,000516.SZ,国际医学,A,-22.120650963816946,2025-07-31,5.46999979019165,2026-07-31,4.260000228881836,Yahoo Finance yfinance auto_adjust=True
4683,08029.HK,帝国金融集团,HK,-22.131150344211925,2025-08-01,0.6100000143051147,2026-07-31,0.4749999940395355,Yahoo Finance chart adjclose
4684,300218.SZ,安利股份,A,-22.142610475619506,2025-07-31,15.232978820800781,2026-07-31,11.859999656677246,Yahoo Finance yfinance auto_adjust=True
4685,688137.SH,近岸蛋白,A,-22.143647420472202,2025-07-31,45.25,2026-07-31,35.22999954223633,Yahoo Finance yfinance auto_adjust=True
4686,600495.SH,晋西车轴,A,-22.1437491701171,2025-07-31,4.945010662078857,2026-07-31,3.8499999046325684,Yahoo Finance yfinance auto_adjust=True
4687,002352.SZ,顺丰控股,A,-22.14858891002479,2025-07-31,44.94459533691406,2026-07-31,34.9900016784668,Yahoo Finance yfinance auto_adjust=True
4688,601696.SH,中银证券,A,-22.18079764993882,2025-07-31,15.201903343200684,2026-07-31,11.829999923706055,Yahoo Finance yfinance auto_adjust=True
4689,06190.HK,九江银行,HK,-22.19140921810846,2025-08-01,3.4700539112091064,2026-07-31,2.700000047683716,Yahoo Finance chart adjclose
4690,603611.SH,诺力股份,A,-22.191420782106253,2025-07-31,21.707117080688477,2026-07-31,16.889999389648438,Yahoo Finance yfinance auto_adjust=True
4691,02497.HK,富景中国控股,HK,-22.222223039844234,2025-08-01,0.8100000023841858,2026-07-31,0.6299999952316284,Yahoo Finance chart adjclose
4692,01216.HK,中原银行,HK,-22.222224981696403,2025-08-01,0.36000001430511475,2026-07-31,0.2800000011920929,Yahoo Finance chart adjclose
4693,08096.HK,赏之味,HK,-22.2222277411706,2025-08-01,0.13500000536441803,2026-07-31,0.10499999672174454,Yahoo Finance chart adjclose
4694,301399.SZ,英特科技,A,-22.229801352551647,2025-07-31,19.18472671508789,2026-07-31,14.920000076293945,Yahoo Finance yfinance auto_adjust=True
4695,300375.SZ,鹏翎股份,A,-22.24448311805265,2025-07-31,4.989999771118164,2026-07-31,3.880000114440918,Yahoo Finance yfinance auto_adjust=True
4696,600000.SH,浦发银行,A,-22.25377373289178,2025-07-31,12.232105255126953,2026-07-31,9.510000228881836,Yahoo Finance yfinance auto_adjust=True
4697,300694.SZ,蠡湖股份,A,-22.26181464702732,2025-07-31,12.657872200012207,2026-07-31,9.84000015258789,Yahoo Finance yfinance auto_adjust=True
4698,300629.SZ,新劲刚,A,-22.26825273253278,2025-07-31,21.792898178100586,2026-07-31,16.940000534057617,Yahoo Finance yfinance auto_adjust=True
4699,002786.SZ,银宝山新,A,-22.268910298920787,2025-07-31,9.520000457763672,2026-07-31,7.400000095367432,Yahoo Finance yfinance auto_adjust=True
4700,002761.SZ,浙江建投,A,-22.275505141540997,2025-07-31,9.520808219909668,2026-07-31,7.400000095367432,Yahoo Finance yfinance auto_adjust=True
4701,603060.SH,国检集团,A,-22.279341834649525,2025-07-31,6.935092926025391,2026-07-31,5.389999866485596,Yahoo Finance yfinance auto_adjust=True
4702,300625.SZ,三雄极光,A,-22.282975233579194,2025-07-31,11.760615348815918,2026-07-31,9.140000343322754,Yahoo Finance yfinance auto_adjust=True
4703,000757.SZ,浩物股份,A,-22.291669357154,2025-07-31,4.800000190734863,2026-07-31,3.7300000190734863,Yahoo Finance yfinance auto_adjust=True
4704,600016.SH,民生银行,A,-22.303778839196443,2025-07-31,4.659171104431152,2026-07-31,3.619999885559082,Yahoo Finance yfinance auto_adjust=True
4705,06055.HK,中烟香港,HK,-22.306017720914006,2025-08-01,31.096359252929688,2026-07-31,24.15999984741211,Yahoo Finance chart adjclose
4706,000513.SZ,丽珠集团,A,-22.306526836597783,2025-07-31,40.06771469116211,2026-07-31,31.1299991607666,Yahoo Finance yfinance auto_adjust=True
4707,000788.SZ,北大医药,A,-22.311239191441146,2025-07-31,6.6933746337890625,2026-07-31,5.199999809265137,Yahoo Finance yfinance auto_adjust=True
4708,02610.HK,南山铝业国际,HK,-22.311755706646565,2025-08-01,34.98598861694336,2026-07-31,27.18000030517578,Yahoo Finance chart adjclose
4709,301287.SZ,康力源,A,-22.314033298526425,2025-07-31,42.581695556640625,2026-07-31,33.08000183105469,Yahoo Finance yfinance auto_adjust=True
4710,000892.SZ,欢瑞世纪,A,-22.31578826904297,2025-07-31,4.75,2026-07-31,3.690000057220459,Yahoo Finance yfinance auto_adjust=True
4711,688363.SH,华熙生物,A,-22.338622252299135,2025-07-31,51.544281005859375,2026-07-31,40.029998779296875,Yahoo Finance yfinance auto_adjust=True
4712,000530.SZ,冰山冷热,A,-22.358340928020226,2025-07-31,6.246646404266357,2026-07-31,4.849999904632568,Yahoo Finance yfinance auto_adjust=True
4713,000605.SZ,渤海股份,A,-22.360653763350523,2025-07-31,7.174197673797607,2026-07-31,5.570000171661377,Yahoo Finance yfinance auto_adjust=True
4714,01568.HK,承达集团,HK,-22.361356953620394,2025-08-01,0.7985714077949524,2026-07-31,0.6200000047683716,Yahoo Finance chart adjclose
4715,02283.HK,东江集团控股,HK,-22.36594348622607,2025-08-01,2.189760684967041,2026-07-31,1.7000000476837158,Yahoo Finance chart adjclose
4716,300582.SZ,英飞特,A,-22.38240284244143,2025-07-31,13.180000305175781,2026-07-31,10.229999542236328,Yahoo Finance yfinance auto_adjust=True
4717,603860.SH,中公高科,A,-22.385348076407908,2025-07-31,31.73369789123535,2026-07-31,24.6299991607666,Yahoo Finance yfinance auto_adjust=True
4718,301519.SZ,舜禹股份,A,-22.388862614314707,2025-07-31,14.083030700683594,2026-07-31,10.930000305175781,Yahoo Finance yfinance auto_adjust=True
4719,000153.SZ,丰原药业,A,-22.40164320430804,2025-07-31,7.036231517791748,2026-07-31,5.460000038146973,Yahoo Finance yfinance auto_adjust=True
4720,603486.SH,科沃斯,A,-22.41542579357437,2025-07-31,78.19853210449219,2026-07-31,60.66999816894531,Yahoo Finance yfinance auto_adjust=True
4721,000568.SZ,泸州老窖,A,-22.420819567717064,2025-07-31,117.20928192138672,2026-07-31,90.93000030517578,Yahoo Finance yfinance auto_adjust=True
4722,002909.SZ,集泰股份,A,-22.422264033703566,2025-07-31,6.110000133514404,2026-07-31,4.739999771118164,Yahoo Finance yfinance auto_adjust=True
4723,002551.SZ,尚荣医疗,A,-22.427438342690166,2025-07-31,3.7899999618530273,2026-07-31,2.940000057220459,Yahoo Finance yfinance auto_adjust=True
4724,688203.SH,海正生材,A,-22.44224663953731,2025-07-31,12.119999885559082,2026-07-31,9.399999618530273,Yahoo Finance yfinance auto_adjust=True
4725,601965.SH,中国汽研,A,-22.44324454111295,2025-07-31,18.953861236572266,2026-07-31,14.699999809265137,Yahoo Finance yfinance auto_adjust=True
4726,600202.SH,哈空调,A,-22.445556496539098,2025-07-31,5.96999979019165,2026-07-31,4.630000114440918,Yahoo Finance yfinance auto_adjust=True
4727,300112.SZ,万讯自控,A,-22.462206794074536,2025-07-31,9.260000228881836,2026-07-31,7.179999828338623,Yahoo Finance yfinance auto_adjust=True
4728,02222.HK,雷士国际,HK,-22.50000055879353,2025-08-01,0.800000011920929,2026-07-31,0.6200000047683716,Yahoo Finance chart adjclose
4729,002875.SZ,安奈儿,A,-22.526446510916877,2025-07-31,16.06999969482422,2026-07-31,12.449999809265137,Yahoo Finance yfinance auto_adjust=True
4730,301166.SZ,优宁维,A,-22.533160561306985,2025-07-31,32.46550369262695,2026-07-31,25.149999618530273,Yahoo Finance yfinance auto_adjust=True
4731,300436.SZ,广生堂,A,-22.550218074082284,2025-07-31,114.5,2026-07-31,88.68000030517578,Yahoo Finance yfinance auto_adjust=True
4732,001338.SZ,永顺泰,A,-22.555796850207898,2025-07-31,11.3242826461792,2026-07-31,8.770000457763672,Yahoo Finance yfinance auto_adjust=True
4733,02589.HK,沪上阿姨,HK,-22.55852149574533,2025-08-01,133.39105224609375,2026-07-31,103.30000305175781,Yahoo Finance chart adjclose
4734,002424.SZ,ST百灵,A,-22.558924910430477,2025-07-31,5.940000057220459,2026-07-31,4.599999904632568,Yahoo Finance yfinance auto_adjust=True
4735,688083.SH,中望软件,A,-22.57144722153771,2025-07-31,62.12178421020508,2026-07-31,48.099998474121094,Yahoo Finance yfinance auto_adjust=True
4736,601966.SH,玲珑轮胎,A,-22.57406506530947,2025-07-31,14.994975090026855,2026-07-31,11.609999656677246,Yahoo Finance yfinance auto_adjust=True
4737,001212.SZ,中旗新材,A,-22.57512754025004,2025-07-31,40.93000030517578,2026-07-31,31.690000534057617,Yahoo Finance yfinance auto_adjust=True
4738,002561.SZ,徐家汇,A,-22.58440073060999,2025-07-31,8.59000015258789,2026-07-31,6.650000095367432,Yahoo Finance yfinance auto_adjust=True
4739,301355.SZ,南王科技,A,-22.588621148124798,2025-07-31,12.130000114440918,2026-07-31,9.390000343322754,Yahoo Finance yfinance auto_adjust=True
4740,600675.SH,中华企业,A,-22.602742074868654,2025-07-31,2.9200000762939453,2026-07-31,2.259999990463257,Yahoo Finance yfinance auto_adjust=True
4741,301066.SZ,万事利,A,-22.612861396922234,2025-07-31,15.622751235961914,2026-07-31,12.09000015258789,Yahoo Finance yfinance auto_adjust=True
4742,300324.SZ,旋极信息,A,-22.614110244153473,2025-07-31,4.820000171661377,2026-07-31,3.7300000190734863,Yahoo Finance yfinance auto_adjust=True
4743,600778.SH,友好集团,A,-22.624433998618255,2025-07-31,6.630000114440918,2026-07-31,5.130000114440918,Yahoo Finance yfinance auto_adjust=True
4744,01846.HK,德视佳,HK,-22.632668531611767,2025-08-01,3.2313380241394043,2026-07-31,2.5,Yahoo Finance chart adjclose
4745,02688.HK,新奥能源,HK,-22.633562780731452,2025-08-01,60.67230224609375,2026-07-31,46.939998626708984,Yahoo Finance chart adjclose
4746,002016.SZ,世荣兆业,A,-22.63485971970439,2025-07-31,5.506356239318848,2026-07-31,4.260000228881836,Yahoo Finance yfinance auto_adjust=True
4747,01057.HK,浙江世宝,HK,-22.637792799608615,2025-08-01,5.079999923706055,2026-07-31,3.930000066757202,Yahoo Finance chart adjclose
4748,301598.SZ,博科测试,A,-22.63808330846082,2025-07-31,60.210506439208984,2026-07-31,46.58000183105469,Yahoo Finance yfinance auto_adjust=True
4749,300636.SZ,同和药业,A,-22.6585131958182,2025-07-31,8.688738822937012,2026-07-31,6.71999979019165,Yahoo Finance yfinance auto_adjust=True
4750,600158.SH,中体产业,A,-22.668113796719048,2025-07-31,9.220000267028809,2026-07-31,7.130000114440918,Yahoo Finance yfinance auto_adjust=True
4751,002624.SZ,完美世界,A,-22.695341980775453,2025-07-31,14.190607070922852,2026-07-31,10.970000267028809,Yahoo Finance yfinance auto_adjust=True
4752,300512.SZ,中亚股份,A,-22.699856967113952,2025-07-31,8.615766525268555,2026-07-31,6.659999847412109,Yahoo Finance yfinance auto_adjust=True
4753,300295.SZ,三六五网,A,-22.71818651175421,2025-07-31,15.010000228881836,2026-07-31,11.600000381469727,Yahoo Finance yfinance auto_adjust=True
4754,000701.SZ,厦门信达,A,-22.720001220703125,2025-07-31,6.25,2026-07-31,4.829999923706055,Yahoo Finance yfinance auto_adjust=True
4755,06881.HK,中国银河,HK,-22.726185055543624,2025-08-01,9.84809684753418,2026-07-31,7.610000133514404,Yahoo Finance chart adjclose
4756,000401.SZ,金隅冀东,A,-22.7352845931435,2025-07-31,4.736961841583252,2026-07-31,3.6600000858306885,Yahoo Finance yfinance auto_adjust=True
4757,301261.SZ,恒工精密,A,-22.736775846073844,2025-07-31,68.29898834228516,2026-07-31,52.77000045776367,Yahoo Finance yfinance auto_adjust=True
4758,603586.SH,金麒麟,A,-22.737156921488133,2025-07-31,16.696252822875977,2026-07-31,12.899999618530273,Yahoo Finance yfinance auto_adjust=True
4759,02579.HK,中伟新材,HK,-22.800355215414303,2025-11-17,33.471656799316406,2026-07-31,25.84000015258789,Yahoo Finance chart adjclose
4760,002712.SZ,思美传媒,A,-22.824307200256566,2025-07-31,6.090000152587891,2026-07-31,4.699999809265137,Yahoo Finance yfinance auto_adjust=True
4761,301316.SZ,慧博云通,A,-22.834601930889164,2025-07-31,47.04180908203125,2026-07-31,36.29999923706055,Yahoo Finance yfinance auto_adjust=True
4762,600505.SH,西昌电力,A,-22.84481798309622,2025-07-31,14.4254732131958,2026-07-31,11.130000114440918,Yahoo Finance yfinance auto_adjust=True
4763,603605.SH,珀莱雅,A,-22.891399621262476,2025-07-31,79.48529815673828,2026-07-31,61.290000915527344,Yahoo Finance yfinance auto_adjust=True
4764,300126.SZ,锐奇股份,A,-22.891561035317554,2025-07-31,7.46999979019165,2026-07-31,5.760000228881836,Yahoo Finance yfinance auto_adjust=True
4765,002337.SZ,赛象科技,A,-22.898627363586233,2025-07-31,5.680832862854004,2026-07-31,4.380000114440918,Yahoo Finance yfinance auto_adjust=True
4766,02603.HK,吉宏股份,HK,-22.903831778061235,2025-08-01,15.746567726135254,2026-07-31,12.140000343322754,Yahoo Finance chart adjclose
4767,000897.SZ,津滨发展,A,-22.90748833902072,2025-07-31,2.2699999809265137,2026-07-31,1.75,Yahoo Finance yfinance auto_adjust=True
4768,06186.HK,中国飞鹤,HK,-22.909876925163708,2025-08-01,4.2677321434021,2026-07-31,3.2899999618530273,Yahoo Finance chart adjclose
4769,600184.SH,光电股份,A,-22.914802036301694,2025-07-31,20.924898147583008,2026-07-31,16.1299991607666,Yahoo Finance yfinance auto_adjust=True
4770,002868.SZ,*ST绿康,A,-22.93906704672355,2025-07-31,27.899999618530273,2026-07-31,21.5,Yahoo Finance yfinance auto_adjust=True
4771,688556.SH,高测股份,A,-22.944546938600606,2025-07-31,10.460000038146973,2026-07-31,8.0600004196167,Yahoo Finance yfinance auto_adjust=True
4772,301507.SZ,民生健康,A,-22.975391805470913,2025-07-31,15.657334327697754,2026-07-31,12.0600004196167,Yahoo Finance yfinance auto_adjust=True
4773,06888.HK,英达公路再生科技,HK,-22.9813669770088,2025-08-01,0.16099999845027924,2026-07-31,0.12399999797344208,Yahoo Finance chart adjclose
4774,300070.SZ,碧水源,A,-23.01540040316099,2025-07-31,4.624301433563232,2026-07-31,3.559999942779541,Yahoo Finance yfinance auto_adjust=True
4775,605180.SH,华生科技,A,-23.02346867508467,2025-07-31,14.536897659301758,2026-07-31,11.1899995803833,Yahoo Finance yfinance auto_adjust=True
4776,02695.HK,印象大红袍,HK,-23.04576077045738,2025-12-22,2.053168296813965,2026-07-31,1.5800000429153442,Yahoo Finance chart adjclose
4777,301211.SZ,亨迪药业,A,-23.055141921147282,2025-07-31,13.32122802734375,2026-07-31,10.25,Yahoo Finance yfinance auto_adjust=True
4778,601155.SH,新城控股,A,-23.066392640323453,2025-07-31,14.609999656677246,2026-07-31,11.239999771118164,Yahoo Finance yfinance auto_adjust=True
4779,600569.SH,安阳钢铁,A,-23.076922293167033,2025-07-31,2.3399999141693115,2026-07-31,1.7999999523162842,Yahoo Finance yfinance auto_adjust=True
4780,688701.SH,卓锦股份,A,-23.076924303671586,2025-07-31,8.970000267028809,2026-07-31,6.900000095367432,Yahoo Finance yfinance auto_adjust=True
4781,01217.HK,中国创新投资,HK,-23.07692638339369,2025-08-01,0.013000000268220901,2026-07-31,0.009999999776482582,Yahoo Finance chart adjclose
4782,08366.HK,浙江联合投资,HK,-23.07692638339369,2025-08-01,0.026000000536441803,2026-07-31,0.019999999552965164,Yahoo Finance chart adjclose
4783,600284.SH,浦东建设,A,-23.079945704681915,2025-07-31,6.708263397216797,2026-07-31,5.159999847412109,Yahoo Finance yfinance auto_adjust=True
4784,000661.SZ,长春高新,A,-23.08151749374362,2025-07-31,105.30628967285156,2026-07-31,81.0,Yahoo Finance yfinance auto_adjust=True
4785,002423.SZ,中粮资本,A,-23.096343146184985,2025-07-31,12.054043769836426,2026-07-31,9.270000457763672,Yahoo Finance yfinance auto_adjust=True
4786,688709.SH,成都华微,A,-23.108105193802274,2025-07-31,32.370121002197266,2026-07-31,24.889999389648438,Yahoo Finance yfinance auto_adjust=True
4787,600800.SH,渤海化学,A,-23.134330128600133,2025-07-31,4.019999980926514,2026-07-31,3.0899999141693115,Yahoo Finance yfinance auto_adjust=True
4788,000069.SZ,华侨城Ａ,A,-23.144103939674476,2025-07-31,2.2899999618530273,2026-07-31,1.7599999904632568,Yahoo Finance yfinance auto_adjust=True
4789,01385.HK,上海复旦,HK,-23.146352692138862,2025-08-01,31.176137924194336,2026-07-31,23.959999084472656,Yahoo Finance chart adjclose
4790,002381.SZ,双箭股份,A,-23.15805095107345,2025-07-31,6.741109371185303,2026-07-31,5.179999828338623,Yahoo Finance yfinance auto_adjust=True
4791,002437.SZ,誉衡药业,A,-23.180596352337158,2025-07-31,3.7100000381469727,2026-07-31,2.8499999046325684,Yahoo Finance yfinance auto_adjust=True
4792,688118.SH,普元信息,A,-23.20563095927055,2025-07-31,26.343076705932617,2026-07-31,20.229999542236328,Yahoo Finance yfinance auto_adjust=True
4793,688032.SH,禾迈股份,A,-23.20852248635171,2025-07-31,102.29000091552734,2026-07-31,78.55000305175781,Yahoo Finance yfinance auto_adjust=True
4794,001300.SZ,三柏硕,A,-23.225310339676565,2025-07-31,12.960000038146973,2026-07-31,9.949999809265137,Yahoo Finance yfinance auto_adjust=True
4795,600835.SH,上海机电,A,-23.253646526332638,2025-07-31,25.004446029663086,2026-07-31,19.190000534057617,Yahoo Finance yfinance auto_adjust=True
4796,300886.SZ,华业香料,A,-23.276094489822807,2025-07-31,27.944355010986328,2026-07-31,21.440000534057617,Yahoo Finance yfinance auto_adjust=True
4797,02203.HK,脑洞科技,HK,-23.28042369757738,2025-08-01,0.1889999955892563,2026-07-31,0.14499999582767487,Yahoo Finance chart adjclose
4798,600604.SH,市北高新,A,-23.280425994705844,2025-07-31,5.670000076293945,2026-07-31,4.349999904632568,Yahoo Finance yfinance auto_adjust=True
4799,08195.HK,传承教育集团,HK,-23.287672910620472,2025-08-01,1.4600000381469727,2026-07-31,1.1200000047683716,Yahoo Finance chart adjclose
4800,600303.SH,曙光股份,A,-23.295452775171952,2025-07-31,3.5199999809265137,2026-07-31,2.700000047683716,Yahoo Finance yfinance auto_adjust=True
4801,300660.SZ,江苏雷利,A,-23.29554493213628,2025-07-31,35.22611618041992,2026-07-31,27.020000457763672,Yahoo Finance yfinance auto_adjust=True
4802,06833.HK,兴科蓉医药,HK,-23.32963108265711,2025-08-01,0.22303271293640137,2026-07-31,0.17100000381469727,Yahoo Finance chart adjclose
4803,300144.SZ,宋城演艺,A,-23.330205120396354,2025-07-31,8.217056274414062,2026-07-31,6.300000190734863,Yahoo Finance yfinance auto_adjust=True
4804,001914.SZ,招商积余,A,-23.330724612408392,2025-07-31,11.790903091430664,2026-07-31,9.039999961853027,Yahoo Finance yfinance auto_adjust=True
4805,605258.SH,协和电子,A,-23.33415008304305,2025-07-31,31.043807983398438,2026-07-31,23.799999237060547,Yahoo Finance yfinance auto_adjust=True
4806,688665.SH,四方光电,A,-23.34583109596613,2025-07-31,55.717777252197266,2026-07-31,42.709999084472656,Yahoo Finance yfinance auto_adjust=True
4807,300371.SZ,汇中股份,A,-23.362977046859235,2025-07-31,12.47438907623291,2026-07-31,9.5600004196167,Yahoo Finance yfinance auto_adjust=True
4808,603585.SH,苏利股份,A,-23.364164476367254,2025-07-31,12.957385063171387,2026-07-31,9.930000305175781,Yahoo Finance yfinance auto_adjust=True
4809,002889.SZ,东方嘉盛,A,-23.379348863725568,2025-07-31,15.81818962097168,2026-07-31,12.119999885559082,Yahoo Finance yfinance auto_adjust=True
4810,300813.SZ,泰林生物,A,-23.38025243197148,2025-07-31,23.597049713134766,2026-07-31,18.079999923706055,Yahoo Finance yfinance auto_adjust=True
4811,01379.HK,温岭工量刃具,HK,-23.397151118321823,2025-08-01,2.271456003189087,2026-07-31,1.7400000095367432,Yahoo Finance chart adjclose
4812,688597.SH,煜邦电力,A,-23.409670754867783,2025-07-31,7.860000133514404,2026-07-31,6.019999980926514,Yahoo Finance yfinance auto_adjust=True
4813,300967.SZ,晓鸣股份,A,-23.417602160910057,2025-07-31,19.155838012695312,2026-07-31,14.670000076293945,Yahoo Finance yfinance auto_adjust=True
4814,603439.SH,三力制药,A,-23.43791661511323,2025-07-31,13.427011489868164,2026-07-31,10.279999732971191,Yahoo Finance yfinance auto_adjust=True
4815,002312.SZ,川发龙蟒,A,-23.44213046908713,2025-07-31,11.076587677001953,2026-07-31,8.479999542236328,Yahoo Finance yfinance auto_adjust=True
4816,01122.HK,庆铃汽车股份,HK,-23.45678976006923,2025-08-01,0.8100000023841858,2026-07-31,0.6200000047683716,Yahoo Finance chart adjclose
4817,002174.SZ,游族网络,A,-23.461800378490704,2025-07-31,14.789999961853027,2026-07-31,11.319999694824219,Yahoo Finance yfinance auto_adjust=True
4818,688560.SH,明冠新材,A,-23.465208841666907,2025-07-31,14.65999984741211,2026-07-31,11.220000267028809,Yahoo Finance yfinance auto_adjust=True
4819,06929.HK,业聚医疗,HK,-23.46615702380298,2025-08-01,4.834462642669678,2026-07-31,3.700000047683716,Yahoo Finance chart adjclose
4820,605080.SH,浙江自然,A,-23.484045362811067,2025-07-31,25.746265411376953,2026-07-31,19.700000762939453,Yahoo Finance yfinance auto_adjust=True
4821,01419.HK,盈健医疗,HK,-23.497475155228877,2025-08-01,0.9542168974876404,2026-07-31,0.7300000190734863,Yahoo Finance chart adjclose
4822,000852.SZ,石化机械,A,-23.512335514534644,2025-07-31,6.889999866485596,2026-07-31,5.269999980926514,Yahoo Finance yfinance auto_adjust=True
4823,300011.SZ,鼎汉技术,A,-23.513872779975053,2025-07-31,7.570000171661377,2026-07-31,5.789999961853027,Yahoo Finance yfinance auto_adjust=True
4824,06896.HK,金嗓子,HK,-23.52643807119865,2025-08-01,4.158299922943115,2026-07-31,3.180000066757202,Yahoo Finance chart adjclose
4825,02545.HK,中赣通信,HK,-23.529413139668875,2025-08-01,0.5099999904632568,2026-07-31,0.38999998569488525,Yahoo Finance chart adjclose
4826,002286.SZ,保龄宝,A,-23.53276697801495,2025-07-31,10.370454788208008,2026-07-31,7.929999828338623,Yahoo Finance yfinance auto_adjust=True
4827,002492.SZ,恒基达鑫,A,-23.538013122781386,2025-07-31,6.840000152587891,2026-07-31,5.230000019073486,Yahoo Finance yfinance auto_adjust=True
4828,600279.SH,重庆港,A,-23.553023120335727,2025-07-31,5.546327590942383,2026-07-31,4.239999771118164,Yahoo Finance yfinance auto_adjust=True
4829,01999.HK,敏华控股,HK,-23.556133170047044,2025-08-01,4.120670795440674,2026-07-31,3.1500000953674316,Yahoo Finance chart adjclose
4830,300812.SZ,易天股份,A,-23.564115273556396,2025-07-31,22.6071834564209,2026-07-31,17.280000686645508,Yahoo Finance yfinance auto_adjust=True
4831,002022.SZ,科华生物,A,-23.57356953145092,2025-07-31,6.659999847412109,2026-07-31,5.090000152587891,Yahoo Finance yfinance auto_adjust=True
4832,300680.SZ,隆盛科技,A,-23.614711549656718,2025-07-31,27.50529670715332,2026-07-31,21.010000228881836,Yahoo Finance yfinance auto_adjust=True
4833,000786.SZ,北新建材,A,-23.616304561709377,2025-07-31,25.240989685058594,2026-07-31,19.280000686645508,Yahoo Finance yfinance auto_adjust=True
4834,02509.HK,荃信生物-B,HK,-23.65340072214809,2025-08-01,21.350000381469727,2026-07-31,16.299999237060547,Yahoo Finance chart adjclose
4835,600551.SH,时代出版,A,-23.66016106387734,2025-07-31,9.169524192810059,2026-07-31,7.0,Yahoo Finance yfinance auto_adjust=True
4836,600735.SH,ST新华锦,A,-23.66126627288506,2025-07-31,8.029999732971191,2026-07-31,6.130000114440918,Yahoo Finance yfinance auto_adjust=True
4837,603093.SH,南华期货,A,-23.663451756114796,2025-07-31,22.81999969482422,2026-07-31,17.420000076293945,Yahoo Finance yfinance auto_adjust=True
4838,603332.SH,苏州龙杰,A,-23.670035783265796,2025-07-31,13.690560340881348,2026-07-31,10.449999809265137,Yahoo Finance yfinance auto_adjust=True
4839,002675.SZ,东诚药业,A,-23.684574157718373,2025-07-31,16.7987003326416,2026-07-31,12.819999694824219,Yahoo Finance yfinance auto_adjust=True
4840,01276.HK,恒瑞医药,HK,-23.70294327681727,2025-08-01,74.83905792236328,2026-07-31,57.099998474121094,Yahoo Finance chart adjclose
4841,301609.SZ,山大电力,A,-23.705705208202076,2025-07-31,47.709991455078125,2026-07-31,36.400001525878906,Yahoo Finance yfinance auto_adjust=True
4842,01316.HK,耐世特,HK,-23.70950040418719,2025-08-01,5.505272388458252,2026-07-31,4.199999809265137,Yahoo Finance chart adjclose
4843,600738.SH,丽尚国潮,A,-23.728811296504702,2025-07-31,5.17888879776001,2026-07-31,3.950000047683716,Yahoo Finance yfinance auto_adjust=True
4844,688562.SH,航天软件,A,-23.73626630442415,2025-07-31,18.200000762939453,2026-07-31,13.880000114440918,Yahoo Finance yfinance auto_adjust=True
4845,301266.SZ,宇邦新材,A,-23.744389308805157,2025-07-31,25.965301513671875,2026-07-31,19.799999237060547,Yahoo Finance yfinance auto_adjust=True
4846,300685.SZ,艾德生物,A,-23.750423697842248,2025-07-31,22.885374069213867,2026-07-31,17.450000762939453,Yahoo Finance yfinance auto_adjust=True
4847,301167.SZ,建研设计,A,-23.753685684361912,2025-07-31,16.840158462524414,2026-07-31,12.84000015258789,Yahoo Finance yfinance auto_adjust=True
4848,301332.SZ,德尔玛,A,-23.768069932234546,2025-07-31,10.586114883422852,2026-07-31,8.069999694824219,Yahoo Finance yfinance auto_adjust=True
4849,002661.SZ,克明食品,A,-23.77368480333827,2025-07-31,9.957191467285156,2026-07-31,7.590000152587891,Yahoo Finance yfinance auto_adjust=True
4850,002749.SZ,国光股份,A,-23.78633640896962,2025-07-31,11.690816879272461,2026-07-31,8.90999984741211,Yahoo Finance yfinance auto_adjust=True
4851,605166.SH,聚合顺,A,-23.788506565296153,2025-07-31,11.061324119567871,2026-07-31,8.430000305175781,Yahoo Finance yfinance auto_adjust=True
4852,002224.SZ,三 力 士,A,-23.80443840716677,2025-07-31,4.540946960449219,2026-07-31,3.4600000381469727,Yahoo Finance yfinance auto_adjust=True
4853,002324.SZ,普利特,A,-23.80850099195434,2025-07-31,11.94359016418457,2026-07-31,9.100000381469727,Yahoo Finance yfinance auto_adjust=True
4854,603719.SH,良品铺子,A,-23.810281231510576,2025-07-31,12.495124816894531,2026-07-31,9.520000457763672,Yahoo Finance yfinance auto_adjust=True
4855,000785.SZ,居然智家,A,-23.825504483309334,2025-07-31,2.9800000190734863,2026-07-31,2.2699999809265137,Yahoo Finance yfinance auto_adjust=True
4856,002930.SZ,宏川智慧,A,-23.83512440664537,2025-07-31,11.15999984741211,2026-07-31,8.5,Yahoo Finance yfinance auto_adjust=True
4857,01124.HK,沿海家园,HK,-23.841054733842547,2025-08-01,0.1509999930858612,2026-07-31,0.11500000208616257,Yahoo Finance chart adjclose
4858,002923.SZ,润都股份,A,-23.84105765076966,2025-07-31,13.59000015258789,2026-07-31,10.350000381469727,Yahoo Finance yfinance auto_adjust=True
4859,002319.SZ,乐通股份,A,-23.852521334785248,2025-07-31,13.289999961853027,2026-07-31,10.119999885559082,Yahoo Finance yfinance auto_adjust=True
4860,603369.SH,今世缘,A,-23.85494985693072,2025-07-31,37.69122314453125,2026-07-31,28.700000762939453,Yahoo Finance yfinance auto_adjust=True
4861,301079.SZ,邵阳液压,A,-23.86736973672735,2025-07-31,34.8602180480957,2026-07-31,26.540000915527344,Yahoo Finance yfinance auto_adjust=True
4862,300007.SZ,汉威科技,A,-23.87553508435749,2025-07-31,43.21869659423828,2026-07-31,32.900001525878906,Yahoo Finance yfinance auto_adjust=True
4863,300650.SZ,太龙股份,A,-23.888878950402635,2025-07-31,13.913866996765137,2026-07-31,10.59000015258789,Yahoo Finance yfinance auto_adjust=True
4864,603326.SH,我乐家居,A,-23.8906908629994,2025-07-31,8.316985130310059,2026-07-31,6.329999923706055,Yahoo Finance yfinance auto_adjust=True
4865,600128.SH,苏豪弘业,A,-23.89297997098414,2025-07-31,10.301283836364746,2026-07-31,7.840000152587891,Yahoo Finance yfinance auto_adjust=True
4866,603612.SH,索通发展,A,-23.893223615926452,2025-07-31,22.415874481201172,2026-07-31,17.059999465942383,Yahoo Finance yfinance auto_adjust=True
4867,600248.SH,陕建股份,A,-23.898562224063912,2025-07-31,3.863264799118042,2026-07-31,2.940000057220459,Yahoo Finance yfinance auto_adjust=True
4868,002757.SZ,南兴股份,A,-23.898764592759957,2025-07-31,21.445117950439453,2026-07-31,16.31999969482422,Yahoo Finance yfinance auto_adjust=True
4869,002671.SZ,龙泉股份,A,-23.91752309735333,2025-07-31,4.849999904632568,2026-07-31,3.690000057220459,Yahoo Finance yfinance auto_adjust=True
4870,300612.SZ,宣亚国际,A,-23.921322354137754,2025-07-31,15.760000228881836,2026-07-31,11.989999771118164,Yahoo Finance yfinance auto_adjust=True
4871,600559.SH,老白干酒,A,-23.92570939541664,2025-07-31,16.497032165527344,2026-07-31,12.550000190734863,Yahoo Finance yfinance auto_adjust=True
4872,000561.SZ,烽火电子,A,-23.939388889327727,2025-07-31,9.899999618530273,2026-07-31,7.53000020980835,Yahoo Finance yfinance auto_adjust=True
4873,603282.SH,亚光股份,A,-23.94460314082273,2025-07-31,18.157817840576172,2026-07-31,13.8100004196167,Yahoo Finance yfinance auto_adjust=True
4874,600679.SH,上海凤凰,A,-23.952605197509392,2025-07-31,12.544808387756348,2026-07-31,9.539999961853027,Yahoo Finance yfinance auto_adjust=True
4875,02155.HK,森松国际,HK,-23.972500611868696,2025-08-01,8.615303993225098,2026-07-31,6.550000190734863,Yahoo Finance chart adjclose
4876,300875.SZ,捷强装备,A,-23.973047558523184,2025-07-31,46.0099983215332,2026-07-31,34.97999954223633,Yahoo Finance yfinance auto_adjust=True
4877,06178.HK,光大证券,HK,-23.973981207637628,2025-08-01,9.943964004516602,2026-07-31,7.559999942779541,Yahoo Finance chart adjclose
4878,300439.SZ,美康生物,A,-23.987285483435215,2025-07-31,11.366519927978516,2026-07-31,8.640000343322754,Yahoo Finance yfinance auto_adjust=True
4879,605577.SH,龙版传媒,A,-24.016564741721258,2025-07-31,12.752779006958008,2026-07-31,9.6899995803833,Yahoo Finance yfinance auto_adjust=True
4880,01627.HK,安保工程控股,HK,-24.038255999006285,2025-08-01,0.6516438126564026,2026-07-31,0.4950000047683716,Yahoo Finance chart adjclose
4881,301068.SZ,大地海洋,A,-24.04028046546748,2025-07-31,31.780000686645508,2026-07-31,24.139999389648438,Yahoo Finance yfinance auto_adjust=True
4882,600873.SH,梅花生物,A,-24.047534110760992,2025-07-31,10.704063415527344,2026-07-31,8.130000114440918,Yahoo Finance yfinance auto_adjust=True
4883,600731.SH,湖南海利,A,-24.052289276468496,2025-07-31,7.650000095367432,2026-07-31,5.809999942779541,Yahoo Finance yfinance auto_adjust=True
4884,600826.SH,兰生股份,A,-24.054933599960748,2025-07-31,10.533929824829102,2026-07-31,8.0,Yahoo Finance yfinance auto_adjust=True
4885,300709.SZ,精研科技,A,-24.069358323927926,2025-07-31,42.9075813293457,2026-07-31,32.58000183105469,Yahoo Finance yfinance auto_adjust=True
4886,301487.SZ,盟固利,A,-24.072697380502095,2025-07-31,21.03327751159668,2026-07-31,15.970000267028809,Yahoo Finance yfinance auto_adjust=True
4887,002715.SZ,登云股份,A,-24.08066591126915,2025-07-31,16.860000610351562,2026-07-31,12.800000190734863,Yahoo Finance yfinance auto_adjust=True
4888,688458.SH,美芯晟,A,-24.087586566250717,2025-07-31,41.099998474121094,2026-07-31,31.200000762939453,Yahoo Finance yfinance auto_adjust=True
4889,000965.SZ,天保基建,A,-24.101643896782367,2025-07-31,4.137112140655518,2026-07-31,3.140000104904175,Yahoo Finance yfinance auto_adjust=True
4890,600271.SH,航天信息,A,-24.104237327185363,2025-07-31,9.210000038146973,2026-07-31,6.989999771118164,Yahoo Finance yfinance auto_adjust=True
4891,603197.SH,保隆科技,A,-24.11919831434426,2025-07-31,38.17829895019531,2026-07-31,28.969999313354492,Yahoo Finance yfinance auto_adjust=True
4892,301591.SZ,肯特股份,A,-24.121115785231563,2025-07-31,34.13334274291992,2026-07-31,25.899999618530273,Yahoo Finance yfinance auto_adjust=True
4893,600845.SH,宝信软件,A,-24.122785062303464,2025-07-31,24.50010871887207,2026-07-31,18.59000015258789,Yahoo Finance yfinance auto_adjust=True
4894,688798.SH,艾为电子,A,-24.13575755433548,2025-07-31,70.79751586914062,2026-07-31,53.709999084472656,Yahoo Finance yfinance auto_adjust=True
4895,02882.HK,金至尊集团,HK,-24.137929262644274,2025-08-01,0.5799999833106995,2026-07-31,0.4399999976158142,Yahoo Finance chart adjclose
4896,603863.SH,松炀资源,A,-24.150483330027107,2025-07-31,16.479999542236328,2026-07-31,12.5,Yahoo Finance yfinance auto_adjust=True
4897,600084.SH,中信尼雅,A,-24.16225515211189,2025-07-31,5.670000076293945,2026-07-31,4.300000190734863,Yahoo Finance yfinance auto_adjust=True
4898,603959.SH,百利科技,A,-24.163571804495355,2025-07-31,5.380000114440918,2026-07-31,4.079999923706055,Yahoo Finance yfinance auto_adjust=True
4899,002465.SZ,海格通信,A,-24.18283735197835,2025-07-31,13.18962574005127,2026-07-31,10.0,Yahoo Finance yfinance auto_adjust=True
4900,300702.SZ,天宇股份,A,-24.18453947306115,2025-07-31,26.181995391845703,2026-07-31,19.850000381469727,Yahoo Finance yfinance auto_adjust=True
4901,603383.SH,顶点软件,A,-24.185907603855807,2025-07-31,40.79716491699219,2026-07-31,30.93000030517578,Yahoo Finance yfinance auto_adjust=True
4902,300460.SZ,ST惠伦,A,-24.18906085175756,2025-07-31,10.789999961853027,2026-07-31,8.180000305175781,Yahoo Finance yfinance auto_adjust=True
4903,002252.SZ,上海莱士,A,-24.204244647199125,2025-07-31,6.834155559539795,2026-07-31,5.179999828338623,Yahoo Finance yfinance auto_adjust=True
4904,000151.SZ,中成股份,A,-24.230463112374444,2025-07-31,12.670000076293945,2026-07-31,9.600000381469727,Yahoo Finance yfinance auto_adjust=True
4905,000716.SZ,黑芝麻,A,-24.259798628171648,2025-07-31,6.192220211029053,2026-07-31,4.690000057220459,Yahoo Finance yfinance auto_adjust=True
4906,01583.HK,亲亲食品,HK,-24.286649225509084,2025-08-01,1.2943556308746338,2026-07-31,0.9800000190734863,Yahoo Finance chart adjclose
4907,605183.SH,确成股份,A,-24.303001058956465,2025-07-31,19.194948196411133,2026-07-31,14.529999732971191,Yahoo Finance yfinance auto_adjust=True
4908,300513.SZ,恒实科技,A,-24.309394914207772,2025-07-31,9.050000190734863,2026-07-31,6.849999904632568,Yahoo Finance yfinance auto_adjust=True
4909,603001.SH,奥康国际,A,-24.321137599436305,2025-07-31,8.470000267028809,2026-07-31,6.409999847412109,Yahoo Finance yfinance auto_adjust=True
4910,600444.SH,国机通用,A,-24.324570293916892,2025-07-31,17.0596981048584,2026-07-31,12.90999984741211,Yahoo Finance yfinance auto_adjust=True
4911,600099.SH,林海股份,A,-24.332753554688768,2025-07-31,11.008726119995117,2026-07-31,8.329999923706055,Yahoo Finance yfinance auto_adjust=True
4912,002625.SZ,光启技术,A,-24.33357751586447,2025-07-31,40.81070327758789,2026-07-31,30.8799991607666,Yahoo Finance yfinance auto_adjust=True
4913,300413.SZ,芒果超媒,A,-24.370762011763926,2025-07-31,21.645069122314453,2026-07-31,16.3700008392334,Yahoo Finance yfinance auto_adjust=True
4914,000410.SZ,沈阳机床,A,-24.38650547912956,2025-07-31,6.519999980926514,2026-07-31,4.929999828338623,Yahoo Finance yfinance auto_adjust=True
4915,300675.SZ,建科院,A,-24.41640849269522,2025-07-31,15.850000381469727,2026-07-31,11.979999542236328,Yahoo Finance yfinance auto_adjust=True
4916,300249.SZ,依米康,A,-24.420108271526797,2025-07-31,15.520000457763672,2026-07-31,11.729999542236328,Yahoo Finance yfinance auto_adjust=True
4917,688680.SH,海优新材,A,-24.42114592242349,2025-07-31,45.779998779296875,2026-07-31,34.599998474121094,Yahoo Finance yfinance auto_adjust=True
4918,002393.SZ,力生制药,A,-24.42349062063479,2025-07-31,18.841833114624023,2026-07-31,14.239999771118164,Yahoo Finance yfinance auto_adjust=True
4919,600521.SH,华海药业,A,-24.42626744121288,2025-07-31,22.124088287353516,2026-07-31,16.719999313354492,Yahoo Finance yfinance auto_adjust=True
4920,600616.SH,金枫酒业,A,-24.43118530835182,2025-07-31,5.518149375915527,2026-07-31,4.170000076293945,Yahoo Finance yfinance auto_adjust=True
4921,002790.SZ,瑞尔特,A,-24.434114091638172,2025-07-31,7.4107513427734375,2026-07-31,5.599999904632568,Yahoo Finance yfinance auto_adjust=True
4922,688707.SH,振华新材,A,-24.436361139470886,2025-07-31,13.75,2026-07-31,10.390000343322754,Yahoo Finance yfinance auto_adjust=True
4923,603912.SH,佳力图,A,-24.437296373155082,2025-07-31,9.329999923706055,2026-07-31,7.050000190734863,Yahoo Finance yfinance auto_adjust=True
4924,688528.SH,秦川物联,A,-24.44046980540775,2025-07-31,11.170000076293945,2026-07-31,8.4399995803833,Yahoo Finance yfinance auto_adjust=True
4925,02460.HK,华润饮料,HK,-24.44498174253956,2025-08-01,10.720664978027344,2026-07-31,8.100000381469727,Yahoo Finance chart adjclose
4926,002291.SZ,遥望科技,A,-24.45095307391716,2025-07-31,6.829999923706055,2026-07-31,5.159999847412109,Yahoo Finance yfinance auto_adjust=True
4927,300791.SZ,仙乐健康,A,-24.484470788775216,2025-07-31,22.737045288085938,2026-07-31,17.170000076293945,Yahoo Finance yfinance auto_adjust=True
4928,300946.SZ,恒而达,A,-24.488494717864974,2025-07-31,51.25046920776367,2026-07-31,38.70000076293945,Yahoo Finance yfinance auto_adjust=True
4929,600808.SH,马钢股份,A,-24.495681153973393,2025-07-31,3.4700000286102295,2026-07-31,2.619999885559082,Yahoo Finance yfinance auto_adjust=True
4930,600859.SH,王府井,A,-24.495681153973393,2025-07-31,13.880000114440918,2026-07-31,10.479999542236328,Yahoo Finance yfinance auto_adjust=True
4931,000560.SZ,我爱我家,A,-24.496644778561148,2025-07-31,2.9800000190734863,2026-07-31,2.25,Yahoo Finance yfinance auto_adjust=True
4932,000717.SZ,中南股份,A,-24.496644778561148,2025-07-31,2.9800000190734863,2026-07-31,2.25,Yahoo Finance yfinance auto_adjust=True
4933,688326.SH,经纬恒润,A,-24.516339214955764,2025-07-31,90.84085083007812,2026-07-31,68.56999969482422,Yahoo Finance yfinance auto_adjust=True
4934,002766.SZ,索菱股份,A,-24.52106866701994,2025-07-31,5.21999979019165,2026-07-31,3.940000057220459,Yahoo Finance yfinance auto_adjust=True
4935,301210.SZ,金杨精密,A,-24.521732671747344,2025-07-31,29.942394256591797,2026-07-31,22.600000381469727,Yahoo Finance yfinance auto_adjust=True
4936,603390.SH,通达电气,A,-24.533571311450054,2025-07-31,12.760641098022461,2026-07-31,9.630000114440918,Yahoo Finance yfinance auto_adjust=True
4937,601086.SH,国芳集团,A,-24.551584089660807,2025-07-31,10.483983993530273,2026-07-31,7.909999847412109,Yahoo Finance yfinance auto_adjust=True
4938,600880.SH,博瑞传播,A,-24.57142784481957,2025-07-31,5.25,2026-07-31,3.9600000381469727,Yahoo Finance yfinance auto_adjust=True
4939,002434.SZ,万里扬,A,-24.603047343253937,2025-07-31,7.4671454429626465,2026-07-31,5.630000114440918,Yahoo Finance yfinance auto_adjust=True
4940,301098.SZ,金埔园林,A,-24.60401620742768,2025-07-31,9.470000267028809,2026-07-31,7.139999866485596,Yahoo Finance yfinance auto_adjust=True
4941,300679.SZ,电连技术,A,-24.613494008805738,2025-07-31,48.44368362426758,2026-07-31,36.52000045776367,Yahoo Finance yfinance auto_adjust=True
4942,300962.SZ,中金辐照,A,-24.613990447025813,2025-07-31,16.952747344970703,2026-07-31,12.779999732971191,Yahoo Finance yfinance auto_adjust=True
4943,600702.SH,舍得酒业,A,-24.617034108125104,2025-07-31,51.4439811706543,2026-07-31,38.779998779296875,Yahoo Finance yfinance auto_adjust=True
4944,688210.SH,统联精密,A,-24.61764952715706,2025-07-31,34.0,2026-07-31,25.6299991607666,Yahoo Finance yfinance auto_adjust=True
4945,301567.SZ,贝隆精密,A,-24.624914614468942,2025-07-31,41.9900016784668,2026-07-31,31.649999618530273,Yahoo Finance yfinance auto_adjust=True
4946,600833.SH,第一医药,A,-24.629097657967737,2025-07-31,12.84315299987793,2026-07-31,9.680000305175781,Yahoo Finance yfinance auto_adjust=True
4947,01782.HK,国际商业数字技术,HK,-24.637684965303876,2025-08-01,3.450000047683716,2026-07-31,2.5999999046325684,Yahoo Finance chart adjclose
4948,301300.SZ,远翔新材,A,-24.640454312402614,2025-07-31,37.51349639892578,2026-07-31,28.270000457763672,Yahoo Finance yfinance auto_adjust=True
4949,08133.HK,吉盛集团控股,HK,-24.657534582124097,2025-08-01,0.36500000953674316,2026-07-31,0.2750000059604645,Yahoo Finance chart adjclose
4950,600097.SH,开创国际,A,-24.663209447937483,2025-07-31,10.75171947479248,2026-07-31,8.100000381469727,Yahoo Finance yfinance auto_adjust=True
4951,600199.SH,金种子酒,A,-24.66410895243911,2025-07-31,10.420000076293945,2026-07-31,7.849999904632568,Yahoo Finance yfinance auto_adjust=True
4952,600797.SH,浙大网新,A,-24.669612065556645,2025-07-31,9.345498085021973,2026-07-31,7.039999961853027,Yahoo Finance yfinance auto_adjust=True
4953,688799.SH,华纳药厂,A,-24.699939801249748,2025-07-31,55.77684783935547,2026-07-31,42.0,Yahoo Finance yfinance auto_adjust=True
4954,000819.SZ,岳阳兴长,A,-24.702192021937265,2025-07-31,15.949999809265137,2026-07-31,12.010000228881836,Yahoo Finance yfinance auto_adjust=True
4955,002101.SZ,广东鸿图,A,-24.703033720410005,2025-07-31,11.872987747192383,2026-07-31,8.9399995803833,Yahoo Finance yfinance auto_adjust=True
4956,603066.SH,音飞储存,A,-24.70814074576795,2025-07-31,11.701132774353027,2026-07-31,8.8100004196167,Yahoo Finance yfinance auto_adjust=True
4957,601881.SH,中国银河,A,-24.720043118737056,2025-07-31,16.777374267578125,2026-07-31,12.630000114440918,Yahoo Finance yfinance auto_adjust=True
4958,605177.SH,东亚药业,A,-24.72342987324343,2025-07-31,20.790000915527344,2026-07-31,15.649999618530273,Yahoo Finance yfinance auto_adjust=True
4959,300856.SZ,科思股份,A,-24.72448977290339,2025-07-31,14.798970222473145,2026-07-31,11.140000343322754,Yahoo Finance yfinance auto_adjust=True
4960,300982.SZ,苏文电能,A,-24.766162861623364,2025-07-31,19.45932960510254,2026-07-31,14.640000343322754,Yahoo Finance yfinance auto_adjust=True
4961,300659.SZ,中孚信息,A,-24.775445741033874,2025-07-31,13.359999656677246,2026-07-31,10.050000190734863,Yahoo Finance yfinance auto_adjust=True
4962,000524.SZ,岭南控股,A,-24.778889961210083,2025-07-31,12.230608940124512,2026-07-31,9.199999809265137,Yahoo Finance yfinance auto_adjust=True
4963,300106.SZ,西部牧业,A,-24.789915158245023,2025-07-31,11.899999618530273,2026-07-31,8.949999809265137,Yahoo Finance yfinance auto_adjust=True
4964,688010.SH,福光股份,A,-24.830559745141546,2025-07-31,32.459999084472656,2026-07-31,24.399999618530273,Yahoo Finance yfinance auto_adjust=True
4965,01358.HK,普华和顺,HK,-24.83979043304997,2025-08-01,1.3437961339950562,2026-07-31,1.0099999904632568,Yahoo Finance chart adjclose
4966,301058.SZ,中粮科工,A,-24.865094627878303,2025-07-31,10.980249404907227,2026-07-31,8.25,Yahoo Finance yfinance auto_adjust=True
4967,600682.SH,南京新百,A,-24.866311881972347,2025-07-31,7.480000019073486,2026-07-31,5.619999885559082,Yahoo Finance yfinance auto_adjust=True
4968,688468.SH,科美诊断,A,-24.874371979706865,2025-07-31,7.960000038146973,2026-07-31,5.980000019073486,Yahoo Finance yfinance auto_adjust=True
4969,002069.SZ,獐子岛,A,-24.881511045051962,2025-07-31,4.21999979019165,2026-07-31,3.1700000762939453,Yahoo Finance yfinance auto_adjust=True
4970,600630.SH,龙头股份,A,-24.88165967810091,2025-07-31,8.533202171325684,2026-07-31,6.409999847412109,Yahoo Finance yfinance auto_adjust=True
4971,300921.SZ,南凌科技,A,-24.887822382826798,2025-07-31,18.372520446777344,2026-07-31,13.800000190734863,Yahoo Finance yfinance auto_adjust=True
4972,02209.HK,喆丽控股,HK,-24.89215638022475,2025-08-01,4.340425491333008,2026-07-31,3.259999990463257,Yahoo Finance chart adjclose
4973,06633.HK,青瓷游戏,HK,-24.929968715074104,2025-08-01,3.569999933242798,2026-07-31,2.680000066757202,Yahoo Finance chart adjclose
4974,300576.SZ,容大感光,A,-24.937363568165893,2025-07-31,33.398773193359375,2026-07-31,25.06999969482422,Yahoo Finance yfinance auto_adjust=True
4975,300648.SZ,星云股份,A,-24.94199624265582,2025-07-31,43.099998474121094,2026-07-31,32.349998474121094,Yahoo Finance yfinance auto_adjust=True
4976,603639.SH,海利尔,A,-24.945446489684375,2025-07-31,14.163031578063965,2026-07-31,10.630000114440918,Yahoo Finance yfinance auto_adjust=True
4977,601008.SH,连云港,A,-24.977108506455316,2025-07-31,5.8382182121276855,2026-07-31,4.380000114440918,Yahoo Finance yfinance auto_adjust=True
4978,300517.SZ,海波重科,A,-24.997163397333733,2025-07-31,12.052877426147461,2026-07-31,9.039999961853027,Yahoo Finance yfinance auto_adjust=True
4979,000607.SZ,华媒控股,A,-24.999997452792865,2025-07-31,4.679999828338623,2026-07-31,3.509999990463257,Yahoo Finance yfinance auto_adjust=True
4980,002622.SZ,皓宸医疗,A,-25.0,2025-07-31,3.0,2026-07-31,2.25,Yahoo Finance yfinance auto_adjust=True
4981,01593.HK,辰林教育,HK,-25.000002128737354,2025-08-01,1.399999976158142,2026-07-31,1.0499999523162842,Yahoo Finance chart adjclose
4982,02226.HK,老恒和酿造,HK,-25.000002257751607,2025-08-01,0.6600000262260437,2026-07-31,0.4950000047683716,Yahoo Finance chart adjclose
4983,01569.HK,民生教育,HK,-25.00000238800655,2025-08-01,0.15600000321865082,2026-07-31,0.11699999868869781,Yahoo Finance chart adjclose
4984,603818.SH,曲美家居,A,-25.000002734157935,2025-07-31,4.360000133514404,2026-07-31,3.2699999809265137,Yahoo Finance yfinance auto_adjust=True
4985,300725.SZ,药石科技,A,-25.003337841861217,2025-07-31,48.82883834838867,2026-07-31,36.619998931884766,Yahoo Finance yfinance auto_adjust=True
4986,01382.HK,互太纺织,HK,-25.006899635660297,2025-08-01,1.3467905521392822,2026-07-31,1.0099999904632568,Yahoo Finance chart adjclose
4987,002826.SZ,易明医药,A,-25.037258247403283,2025-07-31,21.490676879882812,2026-07-31,16.110000610351562,Yahoo Finance yfinance auto_adjust=True
4988,688561.SH,奇安信,A,-25.041598288273683,2025-07-31,36.060001373291016,2026-07-31,27.030000686645508,Yahoo Finance yfinance auto_adjust=True
4989,000030.SZ,富奥股份,A,-25.076197696035173,2025-07-31,5.7258172035217285,2026-07-31,4.289999961853027,Yahoo Finance yfinance auto_adjust=True
4990,300621.SZ,维业股份,A,-25.082146036678964,2025-07-31,9.130000114440918,2026-07-31,6.840000152587891,Yahoo Finance yfinance auto_adjust=True
4991,601828.SH,美凯龙,A,-25.08474568052218,2025-07-31,2.950000047683716,2026-07-31,2.2100000381469727,Yahoo Finance yfinance auto_adjust=True
4992,600423.SH,柳化股份,A,-25.13811812653045,2025-07-31,3.619999885559082,2026-07-31,2.7100000381469727,Yahoo Finance yfinance auto_adjust=True
4993,000553.SZ,安道麦A,A,-25.140449306516686,2025-07-31,7.119999885559082,2026-07-31,5.329999923706055,Yahoo Finance yfinance auto_adjust=True
4994,300086.SZ,康芝药业,A,-25.148987451396998,2025-07-31,8.390000343322754,2026-07-31,6.28000020980835,Yahoo Finance yfinance auto_adjust=True
4995,02238.HK,广汽集团,HK,-25.159241206322037,2025-08-01,3.140000104904175,2026-07-31,2.3499999046325684,Yahoo Finance chart adjclose
4996,002373.SZ,千方科技,A,-25.173591117463,2025-07-31,10.624590873718262,2026-07-31,7.949999809265137,Yahoo Finance yfinance auto_adjust=True
4997,002314.SZ,南山控股,A,-25.177306913285047,2025-07-31,2.819999933242798,2026-07-31,2.109999895095825,Yahoo Finance yfinance auto_adjust=True
4998,000898.SZ,鞍钢股份,A,-25.182483752513505,2025-07-31,2.740000009536743,2026-07-31,2.049999952316284,Yahoo Finance yfinance auto_adjust=True
4999,600850.SH,电科数字,A,-25.193995476708466,2025-07-31,21.000988006591797,2026-07-31,15.710000038146973,Yahoo Finance yfinance auto_adjust=True
5000,02333.HK,长城汽车,HK,-25.20125044426407,2025-08-01,12.139240264892578,2026-07-31,9.079999923706055,Yahoo Finance chart adjclose
5001,301658.SZ,首航新能,A,-25.20833666290795,2025-07-31,32.222843170166016,2026-07-31,24.100000381469727,Yahoo Finance yfinance auto_adjust=True
5002,01203.HK,广南(集团),HK,-25.238982574096614,2025-08-01,0.869437038898468,2026-07-31,0.6499999761581421,Yahoo Finance chart adjclose
5003,02368.HK,鹰美,HK,-25.244807374559265,2025-08-01,3.6786742210388184,2026-07-31,2.75,Yahoo Finance chart adjclose
5004,600085.SH,同仁堂,A,-25.25134229787529,2025-07-31,35.211334228515625,2026-07-31,26.31999969482422,Yahoo Finance yfinance auto_adjust=True
5005,01765.HK,希教国际控股,HK,-25.257736313975144,2025-08-01,0.1940000057220459,2026-07-31,0.14499999582767487,Yahoo Finance chart adjclose
5006,688286.SH,敏芯股份,A,-25.26450814198311,2025-07-31,51.58191680908203,2026-07-31,38.54999923706055,Yahoo Finance yfinance auto_adjust=True
5007,01671.HK,天保能源,HK,-25.271735297605147,2025-08-01,0.8831999897956848,2026-07-31,0.6600000262260437,Yahoo Finance chart adjclose
5008,002722.SZ,物产金轮,A,-25.289840664528306,2025-07-31,16.55731964111328,2026-07-31,12.369999885559082,Yahoo Finance yfinance auto_adjust=True
5009,000663.SZ,永安林业,A,-25.29239737544372,2025-07-31,6.840000152587891,2026-07-31,5.110000133514404,Yahoo Finance yfinance auto_adjust=True
5010,600515.SH,海南机场,A,-25.310472721265842,2025-07-31,3.9229061603546143,2026-07-31,2.930000066757202,Yahoo Finance yfinance auto_adjust=True
5011,600809.SH,山西汾酒,A,-25.31257243662568,2025-07-31,170.36334228515625,2026-07-31,127.23999786376953,Yahoo Finance yfinance auto_adjust=True
5012,300552.SZ,万集科技,A,-25.32395444141414,2025-07-31,27.010000228881836,2026-07-31,20.170000076293945,Yahoo Finance yfinance auto_adjust=True
5013,600272.SH,开开实业,A,-25.325425337505404,2025-07-31,14.02083683013916,2026-07-31,10.470000267028809,Yahoo Finance yfinance auto_adjust=True
5014,300402.SZ,宝色股份,A,-25.329820322733443,2025-07-31,18.950000762939453,2026-07-31,14.149999618530273,Yahoo Finance yfinance auto_adjust=True
5015,603717.SH,天域生物,A,-25.33511872414229,2025-07-31,7.460000038146973,2026-07-31,5.570000171661377,Yahoo Finance yfinance auto_adjust=True
5016,300135.SZ,宝利国际,A,-25.345624524810916,2025-07-31,4.340000152587891,2026-07-31,3.240000009536743,Yahoo Finance yfinance auto_adjust=True
5017,603848.SH,好太太,A,-25.34768883875752,2025-07-31,17.280107498168945,2026-07-31,12.899999618530273,Yahoo Finance yfinance auto_adjust=True
5018,300848.SZ,美瑞新材,A,-25.361634955332434,2025-07-31,16.988582611083984,2026-07-31,12.680000305175781,Yahoo Finance yfinance auto_adjust=True
5019,01315.HK,绿色经济,HK,-25.36231688443059,2025-08-01,0.1379999965429306,2026-07-31,0.10300000011920929,Yahoo Finance chart adjclose
5020,301032.SZ,新柴股份,A,-25.37128855181513,2025-07-31,12.689486503601074,2026-07-31,9.470000267028809,Yahoo Finance yfinance auto_adjust=True
5021,600399.SH,抚顺特钢,A,-25.399649664443857,2025-07-31,5.630000114440918,2026-07-31,4.199999809265137,Yahoo Finance yfinance auto_adjust=True
5022,000768.SZ,中航西飞,A,-25.400493819704582,2025-07-31,28.297775268554688,2026-07-31,21.110000610351562,Yahoo Finance yfinance auto_adjust=True
5023,08480.HK,飞霓控股,HK,-25.4193524346764,2025-08-01,0.1823529452085495,2026-07-31,0.13600000739097595,Yahoo Finance chart adjclose
5024,301121.SZ,紫建电子,A,-25.421244575002213,2025-07-31,40.95000076293945,2026-07-31,30.540000915527344,Yahoo Finance yfinance auto_adjust=True
5025,002139.SZ,拓邦股份,A,-25.427753175139188,2025-07-31,13.771880149841309,2026-07-31,10.270000457763672,Yahoo Finance yfinance auto_adjust=True
5026,688153.SH,唯捷创芯,A,-25.429976466271278,2025-07-31,32.560001373291016,2026-07-31,24.280000686645508,Yahoo Finance yfinance auto_adjust=True
5027,002109.SZ,兴化股份,A,-25.433529038693546,2025-07-31,3.4600000381469727,2026-07-31,2.5799999237060547,Yahoo Finance yfinance auto_adjust=True
5028,002672.SZ,东江环保,A,-25.43477961156222,2025-07-31,4.599999904632568,2026-07-31,3.430000066757202,Yahoo Finance yfinance auto_adjust=True
5029,300078.SZ,思创医惠,A,-25.44080562177793,2025-07-31,3.9700000286102295,2026-07-31,2.9600000381469727,Yahoo Finance yfinance auto_adjust=True
5030,688589.SH,力合微,A,-25.44600632101811,2025-07-31,22.936397552490234,2026-07-31,17.100000381469727,Yahoo Finance yfinance auto_adjust=True
5031,300030.SZ,阳普医疗,A,-25.469488691796204,2025-07-31,8.520000457763672,2026-07-31,6.349999904632568,Yahoo Finance yfinance auto_adjust=True
5032,300226.SZ,上海钢联,A,-25.47878234880131,2025-07-31,22.074251174926758,2026-07-31,16.450000762939453,Yahoo Finance yfinance auto_adjust=True
5033,002695.SZ,煌上煌,A,-25.48329447637815,2025-07-31,13.070894241333008,2026-07-31,9.739999771118164,Yahoo Finance yfinance auto_adjust=True
5034,002367.SZ,康力电梯,A,-25.48711197441055,2025-07-31,7.139704704284668,2026-07-31,5.320000171661377,Yahoo Finance yfinance auto_adjust=True
5035,603506.SH,南都物业,A,-25.489568584667055,2025-07-31,12.95120620727539,2026-07-31,9.649999618530273,Yahoo Finance yfinance auto_adjust=True
5036,002688.SZ,金河生物,A,-25.490002473023964,2025-07-31,6.8044562339782715,2026-07-31,5.070000171661377,Yahoo Finance yfinance auto_adjust=True
5037,002321.SZ,华英农业,A,-25.498007495082263,2025-07-31,2.509999990463257,2026-07-31,1.8700000047683716,Yahoo Finance yfinance auto_adjust=True
5038,300381.SZ,溢多利,A,-25.515464396785692,2025-07-31,7.692872047424316,2026-07-31,5.730000019073486,Yahoo Finance yfinance auto_adjust=True
5039,603063.SH,禾望电气,A,-25.516298095927137,2025-07-31,37.82035446166992,2026-07-31,28.170000076293945,Yahoo Finance yfinance auto_adjust=True
5040,06830.HK,华众车载,HK,-25.529190268025246,2025-08-01,0.27661845088005066,2026-07-31,0.20600000023841858,Yahoo Finance chart adjclose
5041,002269.SZ,美邦服饰,A,-25.53191597292249,2025-07-31,1.8799999952316284,2026-07-31,1.399999976158142,Yahoo Finance yfinance auto_adjust=True
5042,300643.SZ,万通智控,A,-25.54418794577371,2025-07-31,22.308534622192383,2026-07-31,16.610000610351562,Yahoo Finance yfinance auto_adjust=True
5043,600533.SH,栖霞建设,A,-25.555557223504433,2025-07-31,2.700000047683716,2026-07-31,2.009999990463257,Yahoo Finance yfinance auto_adjust=True
5044,301585.SZ,蓝宇股份,A,-25.557546806374354,2025-07-31,34.05315017700195,2026-07-31,25.350000381469727,Yahoo Finance yfinance auto_adjust=True
5045,688255.SH,凯尔达,A,-25.561045097752768,2025-07-31,32.50986099243164,2026-07-31,24.200000762939453,Yahoo Finance yfinance auto_adjust=True
5046,02177.HK,优趣汇控股,HK,-25.56211878055904,2025-08-01,2.6465020179748535,2026-07-31,1.9700000286102295,Yahoo Finance chart adjclose
5047,603350.SH,安乃达,A,-25.582434115191045,2025-07-31,36.228004455566406,2026-07-31,26.959999084472656,Yahoo Finance yfinance auto_adjust=True
5048,688339.SH,亿华通,A,-25.604926581760978,2025-07-31,22.729999542236328,2026-07-31,16.90999984741211,Yahoo Finance yfinance auto_adjust=True
5049,002567.SZ,唐人神,A,-25.619839026085756,2025-07-31,4.840000152587891,2026-07-31,3.5999999046325684,Yahoo Finance yfinance auto_adjust=True
5050,02390.HK,知乎-W,HK,-25.620562571478022,2025-08-01,11.279999732971191,2026-07-31,8.390000343322754,Yahoo Finance chart adjclose
5051,01877.HK,君实生物,HK,-25.621178018952286,2025-08-01,24.549999237060547,2026-07-31,18.260000228881836,Yahoo Finance chart adjclose
5052,002385.SZ,大北农,A,-25.62388109892655,2025-07-31,4.100778579711914,2026-07-31,3.049999952316284,Yahoo Finance yfinance auto_adjust=True
5053,300305.SZ,裕兴股份,A,-25.625917244384034,2025-07-31,6.789999961853027,2026-07-31,5.050000190734863,Yahoo Finance yfinance auto_adjust=True
5054,300522.SZ,世名科技,A,-25.633923806154446,2025-07-31,15.074077606201172,2026-07-31,11.210000038146973,Yahoo Finance yfinance auto_adjust=True
5055,600830.SH,香溢融通,A,-25.640883209929356,2025-07-31,10.798944473266602,2026-07-31,8.029999732971191,Yahoo Finance yfinance auto_adjust=True
5056,300354.SZ,东华测试,A,-25.67348266277264,2025-07-31,38.599952697753906,2026-07-31,28.690000534057617,Yahoo Finance yfinance auto_adjust=True
5057,002949.SZ,华阳国际,A,-25.698475108697917,2025-07-31,13.431756019592285,2026-07-31,9.979999542236328,Yahoo Finance yfinance auto_adjust=True
5058,603737.SH,三棵树,A,-25.705747972686144,2025-07-31,31.523300170898438,2026-07-31,23.420000076293945,Yahoo Finance yfinance auto_adjust=True
5059,300556.SZ,丝路视觉,A,-25.722543804015707,2025-07-31,20.760000228881836,2026-07-31,15.420000076293945,Yahoo Finance yfinance auto_adjust=True
5060,002959.SZ,小熊电器,A,-25.722979521722632,2025-07-31,46.47467041015625,2026-07-31,34.52000045776367,Yahoo Finance yfinance auto_adjust=True
5061,600523.SH,贵航股份,A,-25.72328784513811,2025-07-31,15.159529685974121,2026-07-31,11.260000228881836,Yahoo Finance yfinance auto_adjust=True
5062,002739.SZ,万达电影,A,-25.72649810214732,2025-07-31,11.699999809265137,2026-07-31,8.6899995803833,Yahoo Finance yfinance auto_adjust=True
5063,300830.SZ,金现代,A,-25.72992413329408,2025-07-31,10.960000038146973,2026-07-31,8.140000343322754,Yahoo Finance yfinance auto_adjust=True
5064,601136.SH,首创证券,A,-25.738904499929905,2025-07-31,19.700759887695312,2026-07-31,14.630000114440918,Yahoo Finance yfinance auto_adjust=True
5065,01302.HK,先健科技,HK,-25.75757502779744,2025-08-01,1.9800000190734863,2026-07-31,1.4700000286102295,Yahoo Finance chart adjclose
5066,06919.HK,人瑞人才,HK,-25.757777885285606,2025-08-01,4.593073844909668,2026-07-31,3.4100000858306885,Yahoo Finance chart adjclose
5067,300306.SZ,远方信息,A,-25.766570678004307,2025-07-31,12.568461418151855,2026-07-31,9.329999923706055,Yahoo Finance yfinance auto_adjust=True
5068,605399.SH,晨光新材,A,-25.767793526301762,2025-07-31,13.350000381469727,2026-07-31,9.90999984741211,Yahoo Finance yfinance auto_adjust=True
5069,300949.SZ,奥雅股份,A,-25.76865276518785,2025-07-31,27.724136352539062,2026-07-31,20.579999923706055,Yahoo Finance yfinance auto_adjust=True
5070,02619.HK,香江电器,HK,-25.781191411170802,2025-11-24,1.6976828575134277,2026-07-31,1.2599999904632568,Yahoo Finance chart adjclose
5071,300318.SZ,博晖创新,A,-25.781251105945547,2025-07-31,6.400000095367432,2026-07-31,4.75,Yahoo Finance yfinance auto_adjust=True
5072,603970.SH,中农立华,A,-25.78249955728431,2025-07-31,13.824233055114746,2026-07-31,10.260000228881836,Yahoo Finance yfinance auto_adjust=True
5073,000597.SZ,东北制药,A,-25.792406299446203,2025-07-31,6.171875,2026-07-31,4.579999923706055,Yahoo Finance yfinance auto_adjust=True
5074,688787.SH,海天瑞声,A,-25.805110042175915,2025-07-31,135.8988494873047,2026-07-31,100.83000183105469,Yahoo Finance yfinance auto_adjust=True
5075,02158.HK,医渡科技,HK,-25.811683687276567,2025-08-01,6.159999847412109,2026-07-31,4.570000171661377,Yahoo Finance chart adjclose
5076,301190.SZ,善水科技,A,-25.820366574342057,2025-07-31,23.591381072998047,2026-07-31,17.5,Yahoo Finance yfinance auto_adjust=True
5077,01426.HK,春泉产业信托,HK,-25.85486950775049,2025-08-01,1.577986240386963,2026-07-31,1.1699999570846558,Yahoo Finance chart adjclose
5078,603363.SH,傲农生物,A,-25.857520552436608,2025-07-31,3.7899999618530273,2026-07-31,2.809999942779541,Yahoo Finance yfinance auto_adjust=True
5079,600733.SH,北汽蓝谷,A,-25.862068155533947,2025-07-31,8.119999885559082,2026-07-31,6.019999980926514,Yahoo Finance yfinance auto_adjust=True
5080,002982.SZ,湘佳股份,A,-25.869651807450122,2025-07-31,15.634622573852539,2026-07-31,11.59000015258789,Yahoo Finance yfinance auto_adjust=True
5081,300687.SZ,赛意信息,A,-25.879641471140957,2025-07-31,30.40999984741211,2026-07-31,22.540000915527344,Yahoo Finance yfinance auto_adjust=True
5082,301212.SZ,联盛化学,A,-25.880809720431785,2025-07-31,27.401809692382812,2026-07-31,20.309999465942383,Yahoo Finance yfinance auto_adjust=True
5083,301062.SZ,上海艾录,A,-25.89963037962989,2025-07-31,8.299553871154785,2026-07-31,6.150000095367432,Yahoo Finance yfinance auto_adjust=True
5084,688039.SH,当虹科技,A,-25.90007041749417,2025-07-31,45.83000183105469,2026-07-31,33.959999084472656,Yahoo Finance yfinance auto_adjust=True
5085,300299.SZ,富春股份,A,-25.91036329449069,2025-07-31,7.139999866485596,2026-07-31,5.289999961853027,Yahoo Finance yfinance auto_adjust=True
5086,601956.SH,东贝集团,A,-25.923415048225273,2025-07-31,6.37178373336792,2026-07-31,4.71999979019165,Yahoo Finance yfinance auto_adjust=True
5087,02181.HK,迈博药业-B,HK,-25.925927765575384,2025-08-01,0.5400000214576721,2026-07-31,0.4000000059604645,Yahoo Finance chart adjclose
5088,301297.SZ,富乐德,A,-25.945426846935316,2025-07-31,40.0245361328125,2026-07-31,29.639999389648438,Yahoo Finance yfinance auto_adjust=True
5089,300616.SZ,尚品宅配,A,-25.954239121152302,2025-07-31,13.289079666137695,2026-07-31,9.84000015258789,Yahoo Finance yfinance auto_adjust=True
5090,300160.SZ,秀强股份,A,-25.968918121458408,2025-07-31,5.821878910064697,2026-07-31,4.309999942779541,Yahoo Finance yfinance auto_adjust=True
5091,603106.SH,恒银科技,A,-25.98242502954896,2025-07-31,10.09219741821289,2026-07-31,7.46999979019165,Yahoo Finance yfinance auto_adjust=True
5092,08139.HK,长安仁恒,HK,-25.999999046325684,2025-08-01,1.5,2026-07-31,1.1100000143051147,Yahoo Finance chart adjclose
5093,06828.HK,北京燃气蓝天,HK,-26.000000149011615,2025-08-01,0.05000000074505806,2026-07-31,0.03700000047683716,Yahoo Finance chart adjclose
5094,003010.SZ,若羽臣,A,-26.03507304183933,2025-07-31,36.03059005737305,2026-07-31,26.649999618530273,Yahoo Finance yfinance auto_adjust=True
5095,603566.SH,普莱柯,A,-26.038981872373025,2025-07-31,14.047941207885742,2026-07-31,10.390000343322754,Yahoo Finance yfinance auto_adjust=True
5096,000882.SZ,华联股份,A,-26.041667248743295,2025-07-31,1.9199999570846558,2026-07-31,1.4199999570846558,Yahoo Finance yfinance auto_adjust=True
5097,002840.SZ,华统股份,A,-26.057689045307786,2025-07-31,10.399999618530273,2026-07-31,7.690000057220459,Yahoo Finance yfinance auto_adjust=True
5098,300743.SZ,天地数码,A,-26.06724480715503,2025-07-31,19.166065216064453,2026-07-31,14.170000076293945,Yahoo Finance yfinance auto_adjust=True
5099,301618.SZ,长联科技,A,-26.09292036467169,2025-07-31,42.63461685180664,2026-07-31,31.510000228881836,Yahoo Finance yfinance auto_adjust=True
5100,301276.SZ,嘉曼服饰,A,-26.110235768480894,2025-07-31,24.45534896850586,2026-07-31,18.06999969482422,Yahoo Finance yfinance auto_adjust=True
5101,300847.SZ,中船汉光,A,-26.12356573040071,2025-07-31,19.451398849487305,2026-07-31,14.369999885559082,Yahoo Finance yfinance auto_adjust=True
5102,002366.SZ,融发核电,A,-26.12612889049567,2025-07-31,7.769999980926514,2026-07-31,5.739999771118164,Yahoo Finance yfinance auto_adjust=True
5103,300482.SZ,万孚生物,A,-26.147533813638567,2025-07-31,23.614648818969727,2026-07-31,17.440000534057617,Yahoo Finance yfinance auto_adjust=True
5104,02135.HK,瑞丽医美,HK,-26.153842803289074,2025-08-01,0.12999999523162842,2026-07-31,0.09600000083446503,Yahoo Finance chart adjclose
5105,02373.HK,美丽田园医疗健康,HK,-26.155862294603793,2025-08-01,25.58090591430664,2026-07-31,18.889999389648438,Yahoo Finance chart adjclose
5106,002783.SZ,凯龙股份,A,-26.162120770787634,2025-07-31,10.021956443786621,2026-07-31,7.400000095367432,Yahoo Finance yfinance auto_adjust=True
5107,002389.SZ,航天彩虹,A,-26.194386073859622,2025-07-31,25.296178817749023,2026-07-31,18.670000076293945,Yahoo Finance yfinance auto_adjust=True
5108,002664.SZ,信质集团,A,-26.20901887309475,2025-07-31,21.452486038208008,2026-07-31,15.829999923706055,Yahoo Finance yfinance auto_adjust=True
5109,300281.SZ,金明精机,A,-26.21657738442552,2025-07-31,7.698205947875977,2026-07-31,5.679999828338623,Yahoo Finance yfinance auto_adjust=True
5110,300095.SZ,华伍股份,A,-26.220619007038827,2025-07-31,11.0600004196167,2026-07-31,8.15999984741211,Yahoo Finance yfinance auto_adjust=True
5111,688161.SH,威高骨科,A,-26.221458758211448,2025-07-31,29.19548225402832,2026-07-31,21.540000915527344,Yahoo Finance yfinance auto_adjust=True
5112,01513.HK,丽珠医药,HK,-26.223211801930546,2025-08-01,35.187217712402344,2026-07-31,25.959999084472656,Yahoo Finance chart adjclose
5113,605133.SH,嵘泰股份,A,-26.22640464585522,2025-07-31,31.51534080505371,2026-07-31,23.25,Yahoo Finance yfinance auto_adjust=True
5114,688292.SH,浩瀚深度,A,-26.23627770373026,2025-07-31,22.246707916259766,2026-07-31,16.40999984741211,Yahoo Finance yfinance auto_adjust=True
5115,02147.HK,正味集团,HK,-26.25000437721604,2025-08-01,0.800000011920929,2026-07-31,0.5899999737739563,Yahoo Finance chart adjclose
5116,300279.SZ,和晶科技,A,-26.25697873839008,2025-07-31,7.159999847412109,2026-07-31,5.28000020980835,Yahoo Finance yfinance auto_adjust=True
5117,688077.SH,大地熊,A,-26.27167293072299,2025-07-31,31.195608139038086,2026-07-31,23.0,Yahoo Finance yfinance auto_adjust=True
5118,01162.HK,莹岚集团,HK,-26.27451094972406,2025-08-01,0.2549999952316284,2026-07-31,0.18799999356269836,Yahoo Finance chart adjclose
5119,002307.SZ,北新路桥,A,-26.277375353784738,2025-07-31,4.110000133514404,2026-07-31,3.0299999713897705,Yahoo Finance yfinance auto_adjust=True
5120,01359.HK,中国信达,HK,-26.33070450961663,2025-08-01,1.3438434600830078,2026-07-31,0.9900000095367432,Yahoo Finance chart adjclose
5121,01808.HK,企展控股,HK,-26.345611169822714,2025-08-01,3.5299999713897705,2026-07-31,2.5999999046325684,Yahoo Finance chart adjclose
5122,300110.SZ,华仁药业,A,-26.373626661536743,2025-07-31,3.640000104904175,2026-07-31,2.680000066757202,Yahoo Finance yfinance auto_adjust=True
5123,01800.HK,中国交通建设,HK,-26.387043987033508,2025-08-01,5.35231876373291,2026-07-31,3.940000057220459,Yahoo Finance chart adjclose
5124,300347.SZ,泰格医药,A,-26.391150836763742,2025-07-31,67.91303253173828,2026-07-31,49.9900016784668,Yahoo Finance yfinance auto_adjust=True
5125,688080.SH,映翰通,A,-26.399943665785376,2025-07-31,46.15485763549805,2026-07-31,33.970001220703125,Yahoo Finance yfinance auto_adjust=True
5126,688310.SH,迈得医疗,A,-26.40018319068096,2025-07-31,17.812543869018555,2026-07-31,13.109999656677246,Yahoo Finance yfinance auto_adjust=True
5127,603501.SH,豪威集团,A,-26.40391594612016,2025-07-31,120.52271270751953,2026-07-31,88.69999694824219,Yahoo Finance yfinance auto_adjust=True
5128,603722.SH,阿科力,A,-26.404355646087097,2025-07-31,40.40999984741211,2026-07-31,29.739999771118164,Yahoo Finance yfinance auto_adjust=True
5129,300345.SZ,华民股份,A,-26.404496413742496,2025-07-31,7.119999885559082,2026-07-31,5.239999771118164,Yahoo Finance yfinance auto_adjust=True
5130,689009.SH,九号公司,A,-26.41752957690172,2025-07-31,60.0958366394043,2026-07-31,44.220001220703125,Yahoo Finance yfinance auto_adjust=True
5131,002626.SZ,金达威,A,-26.43367892541463,2025-07-31,19.234344482421875,2026-07-31,14.149999618530273,Yahoo Finance yfinance auto_adjust=True
5132,300898.SZ,熊猫乳品,A,-26.443658653883062,2025-07-31,27.325992584228516,2026-07-31,20.100000381469727,Yahoo Finance yfinance auto_adjust=True
5133,300397.SZ,天和防务,A,-26.44508531112797,2025-07-31,13.84000015258789,2026-07-31,10.180000305175781,Yahoo Finance yfinance auto_adjust=True
5134,002399.SZ,海普瑞,A,-26.455529945444766,2025-07-31,13.175701141357422,2026-07-31,9.6899995803833,Yahoo Finance yfinance auto_adjust=True
5135,02251.HK,鹰瞳科技-B,HK,-26.4661684758155,2025-08-01,13.300000190734863,2026-07-31,9.779999732971191,Yahoo Finance chart adjclose
5136,06058.HK,兴证国际,HK,-26.470589008710775,2025-08-01,0.6800000071525574,2026-07-31,0.5,Yahoo Finance chart adjclose
5137,01692.HK,登辉控股,HK,-26.487020356044134,2025-08-01,1.7819981575012207,2026-07-31,1.309999942779541,Yahoo Finance chart adjclose
5138,001322.SZ,箭牌家居,A,-26.499732204283266,2025-07-31,8.448948860168457,2026-07-31,6.210000038146973,Yahoo Finance yfinance auto_adjust=True
5139,001379.SZ,腾达科技,A,-26.510232829475466,2025-07-31,20.342967987060547,2026-07-31,14.949999809265137,Yahoo Finance yfinance auto_adjust=True
5140,002387.SZ,维信诺,A,-26.511138875202366,2025-07-31,9.430000305175781,2026-07-31,6.929999828338623,Yahoo Finance yfinance auto_adjust=True
5141,300414.SZ,中光防雷,A,-26.51699945495648,2025-07-31,14.92862319946289,2026-07-31,10.970000267028809,Yahoo Finance yfinance auto_adjust=True
5142,001390.SZ,古麒绒材,A,-26.52245515207172,2025-07-31,24.03455352783203,2026-07-31,17.65999984741211,Yahoo Finance yfinance auto_adjust=True
5143,01125.HK,丽丰控股,HK,-26.530610755402495,2025-08-01,0.9800000190734863,2026-07-31,0.7200000286102295,Yahoo Finance chart adjclose
5144,002614.SZ,奥佳华,A,-26.553812991622305,2025-07-31,6.453704357147217,2026-07-31,4.739999771118164,Yahoo Finance yfinance auto_adjust=True
5145,600371.SH,万向德农,A,-26.558161425559845,2025-07-31,9.231795310974121,2026-07-31,6.78000020980835,Yahoo Finance yfinance auto_adjust=True
5146,300597.SZ,吉大通信,A,-26.572007878162584,2025-07-31,9.859999656677246,2026-07-31,7.239999771118164,Yahoo Finance yfinance auto_adjust=True
5147,603609.SH,禾丰股份,A,-26.58079614831713,2025-07-31,8.539999961853027,2026-07-31,6.269999980926514,Yahoo Finance yfinance auto_adjust=True
5148,301065.SZ,本立科技,A,-26.588073884672404,2025-07-31,24.178632736206055,2026-07-31,17.75,Yahoo Finance yfinance auto_adjust=True
5149,002410.SZ,广联达,A,-26.59201106294343,2025-07-31,12.805145263671875,2026-07-31,9.399999618530273,Yahoo Finance yfinance auto_adjust=True
5150,003019.SZ,宸展光电,A,-26.608464391990506,2025-07-31,30.180591583251953,2026-07-31,22.149999618530273,Yahoo Finance yfinance auto_adjust=True
5151,600138.SH,中青旅,A,-26.621674040220643,2025-07-31,9.812161445617676,2026-07-31,7.199999809265137,Yahoo Finance yfinance auto_adjust=True
5152,300258.SZ,精锻科技,A,-26.649378650253198,2025-07-31,13.469552040100098,2026-07-31,9.880000114440918,Yahoo Finance yfinance auto_adjust=True
5153,000766.SZ,通化金马,A,-26.655126286119124,2025-07-31,23.110000610351562,2026-07-31,16.950000762939453,Yahoo Finance yfinance auto_adjust=True
5154,688613.SH,奥精医疗,A,-26.656313146371048,2025-07-31,19.31999969482422,2026-07-31,14.170000076293945,Yahoo Finance yfinance auto_adjust=True
5155,300729.SZ,乐歌股份,A,-26.658586392357687,2025-07-31,13.975732803344727,2026-07-31,10.25,Yahoo Finance yfinance auto_adjust=True
5156,01105.HK,星岛,HK,-26.6666654249032,2025-08-01,0.23999999463558197,2026-07-31,0.17599999904632568,Yahoo Finance chart adjclose
5157,603180.SH,金牌家居,A,-26.68078656165781,2025-07-31,20.008398056030273,2026-07-31,14.670000076293945,Yahoo Finance yfinance auto_adjust=True
5158,601177.SH,杭齿前进,A,-26.68744722350872,2025-07-31,17.568614959716797,2026-07-31,12.880000114440918,Yahoo Finance yfinance auto_adjust=True
5159,603983.SH,丸美生物,A,-26.68770569999942,2025-07-31,39.10667419433594,2026-07-31,28.670000076293945,Yahoo Finance yfinance auto_adjust=True
5160,300718.SZ,长盛轴承,A,-26.708185071926327,2025-07-31,87.84063720703125,2026-07-31,64.37999725341797,Yahoo Finance yfinance auto_adjust=True
5161,605122.SH,四方新材,A,-26.718636398444463,2025-07-31,14.109999656677246,2026-07-31,10.34000015258789,Yahoo Finance yfinance auto_adjust=True
5162,02271.HK,众安智慧生活,HK,-26.728967265215807,2025-08-01,3.8896679878234863,2026-07-31,2.8499999046325684,Yahoo Finance chart adjclose
5163,688162.SH,巨一科技,A,-26.741259512845662,2025-07-31,29.52548599243164,2026-07-31,21.6299991607666,Yahoo Finance yfinance auto_adjust=True
5164,605138.SH,盛泰集团,A,-26.756541687742484,2025-07-31,7.6047749519348145,2026-07-31,5.570000171661377,Yahoo Finance yfinance auto_adjust=True
5165,601669.SH,中国电建,A,-26.76335168509508,2025-07-31,6.676984786987305,2026-07-31,4.889999866485596,Yahoo Finance yfinance auto_adjust=True
5166,600520.SH,三佳科技,A,-26.778243456956307,2025-07-31,28.68000030517578,2026-07-31,21.0,Yahoo Finance yfinance auto_adjust=True
5167,01901.HK,飞扬集团,HK,-26.77965586297073,2025-08-01,0.29499998688697815,2026-07-31,0.2160000056028366,Yahoo Finance chart adjclose
5168,01303.HK,汇力资源,HK,-26.792446719067776,2025-08-01,0.26499998569488525,2026-07-31,0.1940000057220459,Yahoo Finance chart adjclose
5169,600576.SH,祥源文旅,A,-26.81346827825277,2025-07-31,7.71999979019165,2026-07-31,5.650000095367432,Yahoo Finance yfinance auto_adjust=True
5170,000031.SZ,大悦城,A,-26.821190327658183,2025-07-31,3.0199999809265137,2026-07-31,2.2100000381469727,Yahoo Finance yfinance auto_adjust=True
5171,002251.SZ,步步高,A,-26.824459318879057,2025-07-31,5.070000171661377,2026-07-31,3.7100000381469727,Yahoo Finance yfinance auto_adjust=True
5172,002644.SZ,佛慈制药,A,-26.82916544640048,2025-07-31,10.550651550292969,2026-07-31,7.71999979019165,Yahoo Finance yfinance auto_adjust=True
5173,01460.HK,扬科集团,HK,-26.831291834389404,2025-08-01,0.31980884075164795,2026-07-31,0.23399999737739563,Yahoo Finance chart adjclose
5174,600126.SH,杭钢股份,A,-26.836454086184446,2025-07-31,8.952546119689941,2026-07-31,6.550000190734863,Yahoo Finance yfinance auto_adjust=True
5175,300412.SZ,迦南科技,A,-26.839184811881857,2025-07-31,5.440070629119873,2026-07-31,3.9800000190734863,Yahoo Finance yfinance auto_adjust=True
5176,001222.SZ,源飞宠物,A,-26.841834513675234,2025-07-31,19.40999984741211,2026-07-31,14.199999809265137,Yahoo Finance yfinance auto_adjust=True
5177,02282.HK,美高梅中国,HK,-26.844513539493377,2025-08-01,15.528568267822266,2026-07-31,11.359999656677246,Yahoo Finance chart adjclose
5178,300753.SZ,爱朋医疗,A,-26.85568801876359,2025-07-31,31.389999389648438,2026-07-31,22.959999084472656,Yahoo Finance yfinance auto_adjust=True
5179,688085.SH,三友医疗,A,-26.85730378797475,2025-07-31,17.527381896972656,2026-07-31,12.819999694824219,Yahoo Finance yfinance auto_adjust=True
5180,601238.SH,广汽集团,A,-26.887419318207517,2025-07-31,7.550000190734863,2026-07-31,5.519999980926514,Yahoo Finance yfinance auto_adjust=True
5181,002489.SZ,浙江永强,A,-26.89230983359423,2025-07-31,3.6931819915771484,2026-07-31,2.700000047683716,Yahoo Finance yfinance auto_adjust=True
5182,300910.SZ,瑞丰新材,A,-26.908379535814753,2025-07-31,40.9349250793457,2026-07-31,29.920000076293945,Yahoo Finance yfinance auto_adjust=True
5183,600729.SH,重庆百货,A,-26.910252492059282,2025-07-31,29.032798767089844,2026-07-31,21.219999313354492,Yahoo Finance yfinance auto_adjust=True
5184,002276.SZ,万马股份,A,-26.97209023202153,2025-07-31,14.186356544494629,2026-07-31,10.359999656677246,Yahoo Finance yfinance auto_adjust=True
5185,688608.SH,恒玄科技,A,-26.973601829072802,2025-07-31,169.62359619140625,2026-07-31,123.87000274658203,Yahoo Finance yfinance auto_adjust=True
5186,002124.SZ,天邦食品,A,-26.97368235304083,2025-07-31,3.0399999618530273,2026-07-31,2.2200000286102295,Yahoo Finance yfinance auto_adjust=True
5187,300642.SZ,透景生命,A,-26.9880336658724,2025-07-31,16.846553802490234,2026-07-31,12.300000190734863,Yahoo Finance yfinance auto_adjust=True
5188,08103.HK,HMVOD视频,HK,-26.993864469827212,2025-08-01,0.16300000250339508,2026-07-31,0.11900000274181366,Yahoo Finance chart adjclose
5189,603385.SH,惠达卫浴,A,-26.99564140377817,2025-07-31,6.889999866485596,2026-07-31,5.03000020980835,Yahoo Finance yfinance auto_adjust=True
5190,001269.SZ,欧晶科技,A,-26.99692949109538,2025-07-31,26.040000915527344,2026-07-31,19.010000228881836,Yahoo Finance yfinance auto_adjust=True
5191,688226.SH,威腾电气,A,-26.99724364471947,2025-07-31,36.29999923706055,2026-07-31,26.5,Yahoo Finance yfinance auto_adjust=True
5192,002398.SZ,垒知集团,A,-27.036285134346905,2025-07-31,5.4273552894592285,2026-07-31,3.9600000381469727,Yahoo Finance yfinance auto_adjust=True
5193,06138.HK,哈尔滨银行,HK,-27.058825014371735,2025-08-01,0.42500001192092896,2026-07-31,0.3100000023841858,Yahoo Finance chart adjclose
5194,600557.SH,康缘药业,A,-27.066816388855464,2025-07-31,17.65999984741211,2026-07-31,12.880000114440918,Yahoo Finance yfinance auto_adjust=True
5195,08493.HK,龙皇集团,HK,-27.08333365670923,2025-08-01,0.04800000041723251,2026-07-31,0.03500000014901161,Yahoo Finance chart adjclose
5196,688775.SH,影石创新,A,-27.09794865076488,2025-07-31,175.2899932861328,2026-07-31,127.79000091552734,Yahoo Finance yfinance auto_adjust=True
5197,600481.SH,双良节能,A,-27.109518534026268,2025-07-31,5.570000171661377,2026-07-31,4.059999942779541,Yahoo Finance yfinance auto_adjust=True
5198,301359.SZ,东南电子,A,-27.117371981757888,2025-07-31,20.855449676513672,2026-07-31,15.199999809265137,Yahoo Finance yfinance auto_adjust=True
5199,601089.SH,福元医药,A,-27.12493918323522,2025-07-31,23.478540420532227,2026-07-31,17.110000610351562,Yahoo Finance yfinance auto_adjust=True
5200,605339.SH,南侨食品,A,-27.125060777360932,2025-07-31,17.413393020629883,2026-07-31,12.6899995803833,Yahoo Finance yfinance auto_adjust=True
5201,01292.HK,长安民生物流,HK,-27.21571072069541,2025-08-01,2.857759475708008,2026-07-31,2.0799999237060547,Yahoo Finance chart adjclose
5202,000876.SZ,新 希 望,A,-27.23492636930335,2025-07-31,9.619999885559082,2026-07-31,7.0,Yahoo Finance yfinance auto_adjust=True
5203,02276.HK,康耐特光学,HK,-27.263064665985482,2025-08-01,43.47172546386719,2026-07-31,31.6200008392334,Yahoo Finance chart adjclose
5204,603628.SH,清源股份,A,-27.26803648651228,2025-07-31,12.84167194366455,2026-07-31,9.34000015258789,Yahoo Finance yfinance auto_adjust=True
5205,600197.SH,伊力特,A,-27.278961304223802,2025-07-31,14.59000015258789,2026-07-31,10.609999656677246,Yahoo Finance yfinance auto_adjust=True
5206,600136.SH,ST明诚,A,-27.319591493127028,2025-07-31,1.940000057220459,2026-07-31,1.409999966621399,Yahoo Finance yfinance auto_adjust=True
5207,06166.HK,剑桥科技,HK,-27.32152881736527,2025-10-28,91.98046875,2026-07-31,66.8499984741211,Yahoo Finance chart adjclose
5208,301221.SZ,光庭信息,A,-27.326928144263817,2025-07-31,36.134429931640625,2026-07-31,26.260000228881836,Yahoo Finance yfinance auto_adjust=True
5209,300120.SZ,经纬辉开,A,-27.335638577896717,2025-07-31,8.670000076293945,2026-07-31,6.300000190734863,Yahoo Finance yfinance auto_adjust=True
5210,600229.SH,城市传媒,A,-27.338124757893645,2025-07-31,6.949999809265137,2026-07-31,5.050000190734863,Yahoo Finance yfinance auto_adjust=True
5211,600692.SH,亚通股份,A,-27.341775926254662,2025-07-31,7.900000095367432,2026-07-31,5.739999771118164,Yahoo Finance yfinance auto_adjust=True
5212,688114.SH,华大智造,A,-27.354916353670156,2025-07-31,68.58000183105469,2026-07-31,49.81999969482422,Yahoo Finance yfinance auto_adjust=True
5213,001283.SZ,豪鹏科技,A,-27.374742951726383,2025-07-31,58.450740814208984,2026-07-31,42.45000076293945,Yahoo Finance yfinance auto_adjust=True
5214,000932.SZ,华菱钢铁,A,-27.39121245764021,2025-07-31,5.412568092346191,2026-07-31,3.930000066757202,Yahoo Finance yfinance auto_adjust=True
5215,01978.HK,叙福楼集团,HK,-27.397266090150964,2025-08-01,0.36500000953674316,2026-07-31,0.26499998569488525,Yahoo Finance chart adjclose
5216,600538.SH,国发股份,A,-27.414333457419925,2025-07-31,6.420000076293945,2026-07-31,4.659999847412109,Yahoo Finance yfinance auto_adjust=True
5217,02552.HK,华领医药-B,HK,-27.414333457419925,2025-08-01,3.2100000381469727,2026-07-31,2.3299999237060547,Yahoo Finance chart adjclose
5218,301367.SZ,瑞迈特,A,-27.425712463175998,2025-07-31,61.12357711791992,2026-07-31,44.36000061035156,Yahoo Finance yfinance auto_adjust=True
5219,688015.SH,交控科技,A,-27.42642740050232,2025-07-31,21.19228744506836,2026-07-31,15.380000114440918,Yahoo Finance yfinance auto_adjust=True
5220,002442.SZ,龙星科技,A,-27.439020268268877,2025-07-31,6.559999942779541,2026-07-31,4.760000228881836,Yahoo Finance yfinance auto_adjust=True
5221,02033.HK,时计宝,HK,-27.46512941920133,2025-08-01,0.31984615325927734,2026-07-31,0.23199999332427979,Yahoo Finance chart adjclose
5222,603036.SH,如通股份,A,-27.48636555653604,2025-07-31,15.996992111206055,2026-07-31,11.600000381469727,Yahoo Finance yfinance auto_adjust=True
5223,002605.SZ,姚记科技,A,-27.496848453590804,2025-07-31,25.598886489868164,2026-07-31,18.559999465942383,Yahoo Finance yfinance auto_adjust=True
5224,000936.SZ,华西股份,A,-27.508744323706967,2025-07-31,7.104305267333984,2026-07-31,5.150000095367432,Yahoo Finance yfinance auto_adjust=True
5225,002912.SZ,中新赛克,A,-27.51146219357198,2025-07-31,26.211040496826172,2026-07-31,19.0,Yahoo Finance yfinance auto_adjust=True
5226,000503.SZ,国新健康,A,-27.51173646279408,2025-07-31,10.649999618530273,2026-07-31,7.71999979019165,Yahoo Finance yfinance auto_adjust=True
5227,001255.SZ,博菲电气,A,-27.56415207166254,2025-07-31,32.05595016479492,2026-07-31,23.219999313354492,Yahoo Finance yfinance auto_adjust=True
5228,600779.SH,水井坊,A,-27.5777656898345,2025-07-31,40.45718765258789,2026-07-31,29.299999237060547,Yahoo Finance yfinance auto_adjust=True
5229,08377.HK,维港育马,HK,-27.58620707373557,2025-08-01,0.14499999582767487,2026-07-31,0.10499999672174454,Yahoo Finance chart adjclose
5230,02633.HK,雅各臣科研制药,HK,-27.58849358871189,2025-08-01,1.4776657819747925,2026-07-31,1.0700000524520874,Yahoo Finance chart adjclose
5231,000877.SZ,天山股份,A,-27.59924477646973,2025-07-31,5.289999961853027,2026-07-31,3.8299999237060547,Yahoo Finance yfinance auto_adjust=True
5232,301001.SZ,凯淳股份,A,-27.6100597168079,2025-07-31,31.799999237060547,2026-07-31,23.020000457763672,Yahoo Finance yfinance auto_adjust=True
5233,300578.SZ,会畅通讯,A,-27.619048527308877,2025-07-31,21.0,2026-07-31,15.199999809265137,Yahoo Finance yfinance auto_adjust=True
5234,600327.SH,大东方,A,-27.62097002905438,2025-07-31,4.960000038146973,2026-07-31,3.5899999141693115,Yahoo Finance yfinance auto_adjust=True
5235,08238.HK,惠陶集团,HK,-27.62430861902949,2025-08-01,0.1809999942779541,2026-07-31,0.13099999725818634,Yahoo Finance chart adjclose
5236,688348.SH,昱能科技,A,-27.629792493381757,2025-07-31,44.29999923706055,2026-07-31,32.060001373291016,Yahoo Finance yfinance auto_adjust=True
5237,08646.HK,中国宏光,HK,-27.63636485801253,2025-08-01,0.2750000059604645,2026-07-31,0.19900000095367432,Yahoo Finance chart adjclose
5238,600706.SH,曲江文旅,A,-27.649324218853,2025-07-31,10.380000114440918,2026-07-31,7.510000228881836,Yahoo Finance yfinance auto_adjust=True
5239,603366.SH,日出东方,A,-27.663968754226463,2025-07-31,9.4558687210083,2026-07-31,6.840000152587891,Yahoo Finance yfinance auto_adjust=True
5240,002180.SZ,纳思达,A,-27.697536976147607,2025-07-31,23.540000915527344,2026-07-31,17.020000457763672,Yahoo Finance yfinance auto_adjust=True
5241,002184.SZ,海得控制,A,-27.698113783350532,2025-07-31,13.25,2026-07-31,9.579999923706055,Yahoo Finance yfinance auto_adjust=True
5242,603657.SH,春光科技,A,-27.708823806987315,2025-07-31,29.809999465942383,2026-07-31,21.549999237060547,Yahoo Finance yfinance auto_adjust=True
5243,688788.SH,科思科技,A,-27.709640527572144,2025-07-31,39.95000076293945,2026-07-31,28.8799991607666,Yahoo Finance yfinance auto_adjust=True
5244,01967.HK,信恳智能,HK,-27.710839047420087,2025-08-01,0.41499999165534973,2026-07-31,0.30000001192092896,Yahoo Finance chart adjclose
5245,02433.HK,中天湖南集团,HK,-27.72277585607721,2025-08-01,0.10100000351667404,2026-07-31,0.0729999989271164,Yahoo Finance chart adjclose
5246,01063.HK,新确科技,HK,-27.72277585607721,2025-08-01,0.10100000351667404,2026-07-31,0.0729999989271164,Yahoo Finance chart adjclose
5247,300176.SZ,鸿特科技,A,-27.727150579404668,2025-07-31,7.042755603790283,2026-07-31,5.090000152587891,Yahoo Finance yfinance auto_adjust=True
5248,603136.SH,天目湖,A,-27.737853364226673,2025-07-31,12.316267967224121,2026-07-31,8.899999618530273,Yahoo Finance yfinance auto_adjust=True
5249,300601.SZ,康泰生物,A,-27.74186183503068,2025-07-31,17.3682861328125,2026-07-31,12.550000190734863,Yahoo Finance yfinance auto_adjust=True
5250,688289.SH,圣湘生物,A,-27.745761504614986,2025-07-31,21.368988037109375,2026-07-31,15.4399995803833,Yahoo Finance yfinance auto_adjust=True
5251,002055.SZ,得润电子,A,-27.76242839209715,2025-07-31,7.239999771118164,2026-07-31,5.230000019073486,Yahoo Finance yfinance auto_adjust=True
5252,605300.SH,佳禾食品,A,-27.79994409652685,2025-07-31,13.504144668579102,2026-07-31,9.75,Yahoo Finance yfinance auto_adjust=True
5253,688217.SH,睿昂基因,A,-27.809718938299778,2025-07-31,28.618810653686523,2026-07-31,20.65999984741211,Yahoo Finance yfinance auto_adjust=True
5254,002205.SZ,国统股份,A,-27.826725357549098,2025-07-31,13.619999885559082,2026-07-31,9.829999923706055,Yahoo Finance yfinance auto_adjust=True
5255,300904.SZ,威力传动,A,-27.83123734405025,2025-07-31,54.040000915527344,2026-07-31,39.0,Yahoo Finance yfinance auto_adjust=True
5256,600072.SH,中船科技,A,-27.83504655647556,2025-07-31,12.609999656677246,2026-07-31,9.100000381469727,Yahoo Finance yfinance auto_adjust=True
5257,300425.SZ,中建环能,A,-27.841043535032274,2025-07-31,5.4047346115112305,2026-07-31,3.9000000953674316,Yahoo Finance yfinance auto_adjust=True
5258,01069.HK,中国健康科技集团,HK,-27.848104130971475,2025-08-01,0.39500001072883606,2026-07-31,0.2849999964237213,Yahoo Finance chart adjclose
5259,000596.SZ,古井贡酒,A,-27.857253741511034,2025-07-31,131.6140594482422,2026-07-31,94.94999694824219,Yahoo Finance yfinance auto_adjust=True
5260,000619.SZ,海螺新材,A,-27.858293211697116,2025-07-31,6.210000038146973,2026-07-31,4.480000019073486,Yahoo Finance yfinance auto_adjust=True
5261,002862.SZ,实丰文化,A,-27.873256176884766,2025-07-31,18.6200008392334,2026-07-31,13.430000305175781,Yahoo Finance yfinance auto_adjust=True
5262,300669.SZ,沪宁股份,A,-27.88449762508216,2025-07-31,28.079954147338867,2026-07-31,20.25,Yahoo Finance yfinance auto_adjust=True
5263,301633.SZ,港迪技术,A,-27.909899739284427,2025-07-31,76.47374725341797,2026-07-31,55.130001068115234,Yahoo Finance yfinance auto_adjust=True
5264,002130.SZ,沃尔核材,A,-27.914844835472874,2025-07-31,23.16704559326172,2026-07-31,16.700000762939453,Yahoo Finance yfinance auto_adjust=True
5265,603949.SH,雪龙集团,A,-27.92070770148979,2025-07-31,18.70162582397461,2026-07-31,13.479999542236328,Yahoo Finance yfinance auto_adjust=True
5266,300805.SZ,电声股份,A,-27.92309363911687,2025-07-31,11.432232856750488,2026-07-31,8.239999771118164,Yahoo Finance yfinance auto_adjust=True
5267,300085.SZ,银之杰,A,-27.926177549237664,2025-07-31,41.18000030517578,2026-07-31,29.68000030517578,Yahoo Finance yfinance auto_adjust=True
5268,002370.SZ,亚太药业,A,-27.93462272084415,2025-07-31,6.730000019073486,2026-07-31,4.849999904632568,Yahoo Finance yfinance auto_adjust=True
5269,300891.SZ,惠云钛业,A,-27.952324754328107,2025-07-31,9.229999542236328,2026-07-31,6.650000095367432,Yahoo Finance yfinance auto_adjust=True
5270,000536.SZ,华映科技,A,-27.954545282135324,2025-07-31,4.400000095367432,2026-07-31,3.1700000762939453,Yahoo Finance yfinance auto_adjust=True
5271,01183.HK,澳能建设,HK,-27.95698916116799,2025-08-01,0.1860000044107437,2026-07-31,0.1340000033378601,Yahoo Finance chart adjclose
5272,301126.SZ,达嘉维康,A,-27.98040604613957,2025-07-31,12.496599197387695,2026-07-31,9.0,Yahoo Finance yfinance auto_adjust=True
5273,688566.SH,吉贝尔,A,-27.981482035159654,2025-07-31,33.81074905395508,2026-07-31,24.350000381469727,Yahoo Finance yfinance auto_adjust=True
5274,002302.SZ,西部建设,A,-27.993775458043636,2025-07-31,6.429999828338623,2026-07-31,4.630000114440918,Yahoo Finance yfinance auto_adjust=True
5275,01172.HK,融太集团,HK,-28.000004172325077,2025-08-01,0.02500000037252903,2026-07-31,0.017999999225139618,Yahoo Finance chart adjclose
5276,301132.SZ,满坤科技,A,-28.016962846513692,2025-07-31,38.300689697265625,2026-07-31,27.56999969482422,Yahoo Finance yfinance auto_adjust=True
5277,003042.SZ,中农联合,A,-28.01848398284378,2025-07-31,17.309999465942383,2026-07-31,12.460000038146973,Yahoo Finance yfinance auto_adjust=True
5278,603076.SH,乐惠国际,A,-28.029226593054467,2025-07-31,27.483379364013672,2026-07-31,19.780000686645508,Yahoo Finance yfinance auto_adjust=True
5279,605158.SH,华达新材,A,-28.043892713437568,2025-07-31,9.31123161315918,2026-07-31,6.699999809265137,Yahoo Finance yfinance auto_adjust=True
5280,301479.SZ,弘景光电,A,-28.047615068175567,2025-07-31,62.263397216796875,2026-07-31,44.79999923706055,Yahoo Finance yfinance auto_adjust=True
5281,300015.SZ,爱尔眼科,A,-28.05436665072001,2025-07-31,12.620640754699707,2026-07-31,9.079999923706055,Yahoo Finance yfinance auto_adjust=True
5282,600782.SH,新钢股份,A,-28.06075565675351,2025-07-31,4.128483772277832,2026-07-31,2.9700000286102295,Yahoo Finance yfinance auto_adjust=True
5283,01110.HK,金活医药集团,HK,-28.07017516341346,2025-08-01,0.5699999928474426,2026-07-31,0.4099999964237213,Yahoo Finance chart adjclose
5284,603927.SH,中科软,A,-28.0833882469804,2025-07-31,19.508705139160156,2026-07-31,14.029999732971191,Yahoo Finance yfinance auto_adjust=True
5285,001328.SZ,登康口腔,A,-28.08591061188157,2025-07-31,44.08037567138672,2026-07-31,31.700000762939453,Yahoo Finance yfinance auto_adjust=True
5286,000995.SZ,皇台酒业,A,-28.114358602717125,2025-07-31,14.6899995803833,2026-07-31,10.5600004196167,Yahoo Finance yfinance auto_adjust=True
5287,002469.SZ,三维化学,A,-28.118539824493883,2025-07-31,8.013193130493164,2026-07-31,5.760000228881836,Yahoo Finance yfinance auto_adjust=True
5288,08226.HK,树熊金融集团,HK,-28.12500327418077,2025-08-01,0.12800000607967377,2026-07-31,0.09200000017881393,Yahoo Finance chart adjclose
5289,01666.HK,同仁堂科技,HK,-28.130045919234135,2025-08-01,4.897735118865967,2026-07-31,3.5199999809265137,Yahoo Finance chart adjclose
5290,300784.SZ,利安科技,A,-28.138430398428383,2025-07-31,53.01860046386719,2026-07-31,38.099998474121094,Yahoo Finance yfinance auto_adjust=True
5291,603833.SH,欧派家居,A,-28.153414398030208,2025-07-31,48.43653869628906,2026-07-31,34.79999923706055,Yahoo Finance yfinance auto_adjust=True
5292,06033.HK,电讯数码控股,HK,-28.169013256828947,2025-08-01,0.7099999785423279,2026-07-31,0.5099999904632568,Yahoo Finance chart adjclose
5293,01080.HK,胜利管道,HK,-28.169017779498297,2025-08-01,0.07100000232458115,2026-07-31,0.050999999046325684,Yahoo Finance chart adjclose
5294,01456.HK,国联民生,HK,-28.171359780892523,2025-08-01,5.554887294769287,2026-07-31,3.990000009536743,Yahoo Finance chart adjclose
5295,300359.SZ,全通教育,A,-28.175896688800762,2025-07-31,6.139999866485596,2026-07-31,4.409999847412109,Yahoo Finance yfinance auto_adjust=True
5296,301505.SZ,苏州规划,A,-28.195624414528996,2025-07-31,21.126846313476562,2026-07-31,15.170000076293945,Yahoo Finance yfinance auto_adjust=True
5297,02835.HK,辉立香港新股,HK,-28.24675023083254,2025-08-01,12.319999694824219,2026-07-30,8.84000015258789,Yahoo Finance chart adjclose
5298,600540.SH,新赛股份,A,-28.247420876245812,2025-07-31,4.849999904632568,2026-07-31,3.4800000190734863,Yahoo Finance yfinance auto_adjust=True
5299,300676.SZ,华大基因,A,-28.257189635928416,2025-07-31,53.189998626708984,2026-07-31,38.15999984741211,Yahoo Finance yfinance auto_adjust=True
5300,08348.HK,滨海泰达物流,HK,-28.26086801594735,2025-08-01,0.46000000834465027,2026-07-31,0.33000001311302185,Yahoo Finance chart adjclose
5301,000812.SZ,陕西金叶,A,-28.274426429824985,2025-07-31,4.809999942779541,2026-07-31,3.450000047683716,Yahoo Finance yfinance auto_adjust=True
5302,300232.SZ,洲明科技,A,-28.28536000037085,2025-07-31,7.097574710845947,2026-07-31,5.090000152587891,Yahoo Finance yfinance auto_adjust=True
5303,605555.SH,德昌股份,A,-28.28848285564668,2025-07-31,15.980696678161621,2026-07-31,11.460000038146973,Yahoo Finance yfinance auto_adjust=True
5304,600862.SH,中航高科,A,-28.302557678980143,2025-07-31,26.12366485595703,2026-07-31,18.729999542236328,Yahoo Finance yfinance auto_adjust=True
5305,301153.SZ,中科江南,A,-28.30957746322835,2025-07-31,25.135854721069336,2026-07-31,18.020000457763672,Yahoo Finance yfinance auto_adjust=True
5306,603357.SH,设计总院,A,-28.313788745548006,2025-07-31,8.383760452270508,2026-07-31,6.010000228881836,Yahoo Finance yfinance auto_adjust=True
5307,688426.SH,康为世纪,A,-28.3163253307409,2025-07-31,23.520000457763672,2026-07-31,16.860000610351562,Yahoo Finance yfinance auto_adjust=True
5308,01817.HK,慕尚集团控股,HK,-28.358212341096912,2025-08-01,0.33500000834465027,2026-07-31,0.23999999463558197,Yahoo Finance chart adjclose
5309,002482.SZ,广田集团,A,-28.409091063028523,2025-07-31,1.7599999904632568,2026-07-31,1.2599999904632568,Yahoo Finance yfinance auto_adjust=True
5310,08310.HK,盐城港,HK,-28.409091063028523,2025-08-01,0.4399999976158142,2026-07-31,0.3149999976158142,Yahoo Finance chart adjclose
5311,600810.SH,神马股份,A,-28.41037219210377,2025-07-31,8.869999885559082,2026-07-31,6.349999904632568,Yahoo Finance yfinance auto_adjust=True
5312,08487.HK,ISP GLOBAL,HK,-28.43137226256899,2025-08-01,0.10199999809265137,2026-07-31,0.0729999989271164,Yahoo Finance chart adjclose
5313,000665.SZ,湖北广电,A,-28.440362718227373,2025-07-31,5.449999809265137,2026-07-31,3.9000000953674316,Yahoo Finance yfinance auto_adjust=True
5314,002819.SZ,东方中科,A,-28.480425971226133,2025-07-31,28.551624298095703,2026-07-31,20.420000076293945,Yahoo Finance yfinance auto_adjust=True
5315,600071.SH,凤凰光学,A,-28.517113557948402,2025-07-31,21.040000915527344,2026-07-31,15.039999961853027,Yahoo Finance yfinance auto_adjust=True
5316,603173.SH,福斯达,A,-28.527021261965025,2025-07-31,44.32444381713867,2026-07-31,31.68000030517578,Yahoo Finance yfinance auto_adjust=True
5317,002724.SZ,海洋王,A,-28.529869563485,2025-07-31,7.443669319152832,2026-07-31,5.320000171661377,Yahoo Finance yfinance auto_adjust=True
5318,688133.SH,泰坦科技,A,-28.530259405595693,2025-07-31,27.760000228881836,2026-07-31,19.84000015258789,Yahoo Finance yfinance auto_adjust=True
5319,300979.SZ,华利集团,A,-28.531999151105193,2025-07-31,49.700565338134766,2026-07-31,35.52000045776367,Yahoo Finance yfinance auto_adjust=True
5320,603528.SH,多伦科技,A,-28.538283884065507,2025-07-31,8.619999885559082,2026-07-31,6.159999847412109,Yahoo Finance yfinance auto_adjust=True
5321,603291.SH,联合水务,A,-28.540695589817133,2025-07-31,11.461068153381348,2026-07-31,8.1899995803833,Yahoo Finance yfinance auto_adjust=True
5322,002480.SZ,新筑股份,A,-28.552093299031167,2025-07-31,7.389999866485596,2026-07-31,5.28000020980835,Yahoo Finance yfinance auto_adjust=True
5323,002623.SZ,亚玛顿,A,-28.563724502712283,2025-07-31,20.801755905151367,2026-07-31,14.859999656677246,Yahoo Finance yfinance auto_adjust=True
5324,01561.HK,联洋智能控股,HK,-28.571426881954544,2025-08-01,0.06300000101327896,2026-07-31,0.04500000178813934,Yahoo Finance chart adjclose
5325,01000.HK,北青传媒,HK,-28.571427355007227,2025-08-01,0.699999988079071,2026-07-31,0.5,Yahoo Finance chart adjclose
5326,301195.SZ,北路智控,A,-28.574720181541547,2025-07-31,35.785648345947266,2026-07-31,25.559999465942383,Yahoo Finance yfinance auto_adjust=True
5327,603123.SH,翠微股份,A,-28.582678495732683,2025-07-31,12.699999809265137,2026-07-31,9.069999694824219,Yahoo Finance yfinance auto_adjust=True
5328,600436.SH,片仔癀,A,-28.613595268518278,2025-07-31,195.33131408691406,2026-07-31,139.44000244140625,Yahoo Finance yfinance auto_adjust=True
5329,002165.SZ,红 宝 丽,A,-28.61576306092759,2025-07-31,8.89552116394043,2026-07-31,6.349999904632568,Yahoo Finance yfinance auto_adjust=True
5330,300926.SZ,博俊科技,A,-28.617793482111985,2025-07-31,25.74871253967285,2026-07-31,18.3799991607666,Yahoo Finance yfinance auto_adjust=True
5331,600250.SH,南京商旅,A,-28.620099848240677,2025-07-31,11.739999771118164,2026-07-31,8.380000114440918,Yahoo Finance yfinance auto_adjust=True
5332,600613.SH,神奇制药,A,-28.636687006484507,2025-07-31,6.880285739898682,2026-07-31,4.909999847412109,Yahoo Finance yfinance auto_adjust=True
5333,301315.SZ,威士顿,A,-28.643623082430558,2025-07-31,52.00656509399414,2026-07-31,37.11000061035156,Yahoo Finance yfinance auto_adjust=True
5334,000796.SZ,凯撒旅业,A,-28.651688503545735,2025-07-31,5.340000152587891,2026-07-31,3.809999942779541,Yahoo Finance yfinance auto_adjust=True
5335,605259.SH,绿田机械,A,-28.66868247643457,2025-07-31,25.48670196533203,2026-07-31,18.18000030517578,Yahoo Finance yfinance auto_adjust=True
5336,300339.SZ,润和软件,A,-28.685094635751597,2025-07-31,52.92021560668945,2026-07-31,37.7400016784668,Yahoo Finance yfinance auto_adjust=True
5337,300634.SZ,彩讯股份,A,-28.6945456718973,2025-07-31,28.27273178100586,2026-07-31,20.15999984741211,Yahoo Finance yfinance auto_adjust=True
5338,603092.SH,德力佳,A,-28.695922222978087,2025-11-07,69.75758361816406,2026-07-31,49.7400016784668,Yahoo Finance yfinance auto_adjust=True
5339,605001.SH,威奥股份,A,-28.707774261871975,2025-07-31,7.321976184844971,2026-07-31,5.21999979019165,Yahoo Finance yfinance auto_adjust=True
5340,002607.SZ,中公教育,A,-28.716220678945227,2025-07-31,2.9600000381469727,2026-07-31,2.109999895095825,Yahoo Finance yfinance auto_adjust=True
5341,000521.SZ,长虹美菱,A,-28.73242487191878,2025-07-31,6.987750053405762,2026-07-31,4.980000019073486,Yahoo Finance yfinance auto_adjust=True
5342,300594.SZ,朗进科技,A,-28.741224109751997,2025-07-31,18.510000228881836,2026-07-31,13.1899995803833,Yahoo Finance yfinance auto_adjust=True
5343,300224.SZ,正海磁材,A,-28.746839287486516,2025-07-31,15.634394645690918,2026-07-31,11.140000343322754,Yahoo Finance yfinance auto_adjust=True
5344,603160.SH,汇顶科技,A,-28.769256473687864,2025-07-31,73.5637435913086,2026-07-31,52.400001525878906,Yahoo Finance yfinance auto_adjust=True
5345,688570.SH,天玛智控,A,-28.7723284940691,2025-07-31,20.595928192138672,2026-07-31,14.670000076293945,Yahoo Finance yfinance auto_adjust=True
5346,002530.SZ,金财互联,A,-28.780589715058046,2025-07-31,10.081521034240723,2026-07-31,7.179999828338623,Yahoo Finance yfinance auto_adjust=True
5347,002779.SZ,中坚科技,A,-28.785207909648904,2025-07-31,80.60123443603516,2026-07-31,57.400001525878906,Yahoo Finance yfinance auto_adjust=True
5348,000860.SZ,顺鑫农业,A,-28.798473393516467,2025-07-31,15.729999542236328,2026-07-31,11.199999809265137,Yahoo Finance yfinance auto_adjust=True
5349,688369.SH,致远互联,A,-28.802588117810444,2025-07-31,30.899999618530273,2026-07-31,22.0,Yahoo Finance yfinance auto_adjust=True
5350,688321.SH,微芯生物,A,-28.833424373515637,2025-07-31,37.18037414550781,2026-07-31,26.459999084472656,Yahoo Finance yfinance auto_adjust=True
5351,002965.SZ,祥鑫科技,A,-28.85551448914814,2025-07-31,40.81834411621094,2026-07-31,29.040000915527344,Yahoo Finance yfinance auto_adjust=True
5352,01771.HK,新丰泰集团,HK,-28.870289939197026,2025-08-01,0.23899999260902405,2026-07-31,0.17000000178813934,Yahoo Finance chart adjclose
5353,000409.SZ,云鼎科技,A,-28.883493478865883,2025-07-31,12.359999656677246,2026-07-31,8.789999961853027,Yahoo Finance yfinance auto_adjust=True
5354,08391.HK,基石科技控股,HK,-28.88888859454496,2025-08-01,0.44999998807907104,2026-07-31,0.3199999928474426,Yahoo Finance chart adjclose
5355,002900.SZ,哈三联,A,-28.908192050119254,2025-07-31,16.1200008392334,2026-07-31,11.460000038146973,Yahoo Finance yfinance auto_adjust=True
5356,002793.SZ,罗欣药业,A,-28.92307868370643,2025-07-31,6.5,2026-07-31,4.619999885559082,Yahoo Finance yfinance auto_adjust=True
5357,02512.HK,云工场,HK,-28.927687232893916,2025-08-01,4.010000228881836,2026-07-31,2.8499999046325684,Yahoo Finance chart adjclose
5358,688399.SH,硕世生物,A,-28.942323396269607,2025-07-31,36.857383728027344,2026-07-31,26.190000534057617,Yahoo Finance yfinance auto_adjust=True
5359,603517.SH,ST绝味,A,-28.947366274624954,2025-07-31,15.199999809265137,2026-07-31,10.800000190734863,Yahoo Finance yfinance auto_adjust=True
5360,001319.SZ,铭科精技,A,-28.953540422612257,2025-07-31,26.264503479003906,2026-07-31,18.65999984741211,Yahoo Finance yfinance auto_adjust=True
5361,000822.SZ,山东海化,A,-28.95623317272591,2025-07-31,5.940000057220459,2026-07-31,4.21999979019165,Yahoo Finance yfinance auto_adjust=True
5362,600622.SH,光大嘉宝,A,-28.95623317272591,2025-07-31,2.9700000286102295,2026-07-31,2.109999895095825,Yahoo Finance yfinance auto_adjust=True
5363,301135.SZ,瑞德智能,A,-28.956927350712903,2025-07-31,21.465850830078125,2026-07-31,15.25,Yahoo Finance yfinance auto_adjust=True
5364,300036.SZ,超图软件,A,-28.976357508285,2025-07-31,16.219951629638672,2026-07-31,11.520000457763672,Yahoo Finance yfinance auto_adjust=True
5365,301301.SZ,川宁生物,A,-28.979844160193792,2025-07-31,12.278204917907715,2026-07-31,8.720000267028809,Yahoo Finance yfinance auto_adjust=True
5366,688739.SH,成大生物,A,-28.981681430249218,2025-07-31,28.147666931152344,2026-07-31,19.989999771118164,Yahoo Finance yfinance auto_adjust=True
5367,301558.SZ,三态股份,A,-28.9870652778784,2025-07-31,9.279999732971191,2026-07-31,6.590000152587891,Yahoo Finance yfinance auto_adjust=True
5368,600082.SH,海泰发展,A,-29.000002145767212,2025-07-31,4.0,2026-07-31,2.8399999141693115,Yahoo Finance yfinance auto_adjust=True
5369,300565.SZ,科信技术,A,-29.006410403364512,2025-07-31,12.479999542236328,2026-07-31,8.859999656677246,Yahoo Finance yfinance auto_adjust=True
5370,002735.SZ,王子新材,A,-29.047305422168932,2025-07-31,15.010000228881836,2026-07-31,10.649999618530273,Yahoo Finance yfinance auto_adjust=True
5371,605368.SH,蓝天燃气,A,-29.051327817836903,2025-07-31,9.542109489440918,2026-07-31,6.769999980926514,Yahoo Finance yfinance auto_adjust=True
5372,600963.SH,岳阳林纸,A,-29.052633988229847,2025-07-31,4.75,2026-07-31,3.369999885559082,Yahoo Finance yfinance auto_adjust=True
5373,000504.SZ,*ST生物,A,-29.05341970446643,2025-07-31,10.670000076293945,2026-07-31,7.570000171661377,Yahoo Finance yfinance auto_adjust=True
5374,01082.HK,源宇宙教育,HK,-29.054058190241918,2025-08-01,1.4800000190734863,2026-07-31,1.0499999523162842,Yahoo Finance chart adjclose
5375,002660.SZ,茂硕电源,A,-29.067247587395407,2025-07-31,9.220000267028809,2026-07-31,6.539999961853027,Yahoo Finance yfinance auto_adjust=True
5376,08472.HK,立高控股,HK,-29.069766958318198,2025-08-01,0.4300000071525574,2026-07-31,0.3050000071525574,Yahoo Finance chart adjclose
5377,300231.SZ,银信科技,A,-29.08076084446335,2025-07-31,12.041866302490234,2026-07-31,8.539999961853027,Yahoo Finance yfinance auto_adjust=True
5378,603208.SH,江山欧派,A,-29.084745504088318,2025-07-31,14.75,2026-07-31,10.460000038146973,Yahoo Finance yfinance auto_adjust=True
5379,300463.SZ,迈克生物,A,-29.0951609284533,2025-07-31,12.819999694824219,2026-07-31,9.09000015258789,Yahoo Finance yfinance auto_adjust=True
5380,600567.SH,山鹰国际,A,-29.100526797838512,2025-07-31,1.8899999856948853,2026-07-31,1.340000033378601,Yahoo Finance yfinance auto_adjust=True
5381,603030.SH,全筑股份,A,-29.104480267526988,2025-07-31,2.680000066757202,2026-07-31,1.899999976158142,Yahoo Finance yfinance auto_adjust=True
5382,002873.SZ,新天药业,A,-29.109470382464288,2025-07-31,10.83360481262207,2026-07-31,7.679999828338623,Yahoo Finance yfinance auto_adjust=True
5383,301007.SZ,德迈仕,A,-29.11403458807508,2025-07-31,38.44202423095703,2026-07-31,27.25,Yahoo Finance yfinance auto_adjust=True
5384,300993.SZ,玉马科技,A,-29.167236573324796,2025-07-31,13.665992736816406,2026-07-31,9.680000305175781,Yahoo Finance yfinance auto_adjust=True
5385,600645.SH,中源协和,A,-29.16980959334463,2025-07-31,26.5,2026-07-31,18.770000457763672,Yahoo Finance yfinance auto_adjust=True
5386,002117.SZ,东港股份,A,-29.193702799346088,2025-07-31,11.45378303527832,2026-07-31,8.109999656677246,Yahoo Finance yfinance auto_adjust=True
5387,300741.SZ,华宝股份,A,-29.218380631142814,2025-07-31,18.804317474365234,2026-07-31,13.3100004196167,Yahoo Finance yfinance auto_adjust=True
5388,01827.HK,卓珈控股,HK,-29.24527919941736,2025-08-01,1.059999942779541,2026-07-31,0.75,Yahoo Finance chart adjclose
5389,300167.SZ,ST迪威迅,A,-29.250456416864136,2025-07-31,5.46999979019165,2026-07-31,3.869999885559082,Yahoo Finance yfinance auto_adjust=True
5390,000532.SZ,华金资本,A,-29.253587167274688,2025-07-31,15.053766250610352,2026-07-31,10.649999618530273,Yahoo Finance yfinance auto_adjust=True
5391,01368.HK,特步国际,HK,-29.270788861214868,2025-08-01,5.344326496124268,2026-07-31,3.7799999713897705,Yahoo Finance chart adjclose
5392,301156.SZ,美农生物,A,-29.300173011547137,2025-07-31,14.851521492004395,2026-07-31,10.5,Yahoo Finance yfinance auto_adjust=True
5393,600789.SH,鲁抗医药,A,-29.31868672595186,2025-07-31,10.427083969116211,2026-07-31,7.369999885559082,Yahoo Finance yfinance auto_adjust=True
5394,601800.SH,中国交建,A,-29.342587140866637,2025-07-31,8.958720207214355,2026-07-31,6.329999923706055,Yahoo Finance yfinance auto_adjust=True
5395,688190.SH,云路股份,A,-29.347486726211226,2025-07-31,95.69369506835938,2026-07-31,67.61000061035156,Yahoo Finance yfinance auto_adjust=True
5396,600289.SH,ST信通,A,-29.347823752991243,2025-07-31,6.440000057220459,2026-07-31,4.550000190734863,Yahoo Finance yfinance auto_adjust=True
5397,301119.SZ,正强股份,A,-29.362667175523004,2025-07-31,27.407604217529297,2026-07-31,19.360000610351562,Yahoo Finance yfinance auto_adjust=True
5398,600861.SH,北京人力,A,-29.372754901964626,2025-07-31,19.482566833496094,2026-07-31,13.760000228881836,Yahoo Finance yfinance auto_adjust=True
5399,600812.SH,华北制药,A,-29.37881937402176,2025-07-31,6.825148105621338,2026-07-31,4.820000171661377,Yahoo Finance yfinance auto_adjust=True
5400,688716.SH,中研股份,A,-29.37941931245026,2025-07-31,36.943904876708984,2026-07-31,26.09000015258789,Yahoo Finance yfinance auto_adjust=True
5401,83690.HK,美团-WR,HK,-29.385573555853483,2025-08-01,112.30000305175781,2026-07-31,79.30000305175781,Yahoo Finance chart adjclose
5402,603205.SH,健尔康,A,-29.388458426681506,2025-07-31,29.2586727142334,2026-07-31,20.65999984741211,Yahoo Finance yfinance auto_adjust=True
5403,603477.SH,巨星农牧,A,-29.39761916299204,2025-07-31,20.66502571105957,2026-07-31,14.59000015258789,Yahoo Finance yfinance auto_adjust=True
5404,002098.SZ,浔兴股份,A,-29.40243999870046,2025-07-31,9.334600448608398,2026-07-31,6.590000152587891,Yahoo Finance yfinance auto_adjust=True
5405,000888.SZ,峨眉山Ａ,A,-29.426552070890345,2025-07-31,13.900412559509277,2026-07-31,9.8100004196167,Yahoo Finance yfinance auto_adjust=True
5406,002189.SZ,中光学,A,-29.42989082853288,2025-07-31,25.959999084472656,2026-07-31,18.31999969482422,Yahoo Finance yfinance auto_adjust=True
5407,301199.SZ,迈赫股份,A,-29.43066117837101,2025-07-31,24.99669075012207,2026-07-31,17.639999389648438,Yahoo Finance yfinance auto_adjust=True
5408,08056.HK,生活概念,HK,-29.433956025715023,2025-08-01,0.26499998569488525,2026-07-31,0.18700000643730164,Yahoo Finance chart adjclose
5409,300783.SZ,三只松鼠,A,-29.44868280453784,2025-07-31,25.825172424316406,2026-07-31,18.219999313354492,Yahoo Finance yfinance auto_adjust=True
5410,002019.SZ,亿帆医药,A,-29.45577804379649,2025-07-31,14.558244705200195,2026-07-31,10.270000457763672,Yahoo Finance yfinance auto_adjust=True
5411,301298.SZ,东利机械,A,-29.482904846764125,2025-07-31,16.37900733947754,2026-07-31,11.550000190734863,Yahoo Finance yfinance auto_adjust=True
5412,002088.SZ,鲁阳节能,A,-29.48519179793818,2025-07-31,10.33825397491455,2026-07-31,7.289999961853027,Yahoo Finance yfinance auto_adjust=True
5413,002609.SZ,捷顺科技,A,-29.494234340826196,2025-07-31,10.892725944519043,2026-07-31,7.679999828338623,Yahoo Finance yfinance auto_adjust=True
5414,000931.SZ,中 关 村,A,-29.504510813601335,2025-07-31,5.53226900100708,2026-07-31,3.9000000953674316,Yahoo Finance yfinance auto_adjust=True
5415,02337.HK,众诚能源,HK,-29.50820045894924,2025-08-01,1.8300000429153442,2026-07-31,1.2899999618530273,Yahoo Finance chart adjclose
5416,688259.SH,创耀科技,A,-29.509292843076352,2025-07-31,41.1259880065918,2026-07-31,28.989999771118164,Yahoo Finance yfinance auto_adjust=True
5417,688165.SH,埃夫特,A,-29.509594247989803,2025-07-31,23.450000762939453,2026-07-31,16.530000686645508,Yahoo Finance yfinance auto_adjust=True
5418,300765.SZ,新诺威,A,-29.514272477312133,2025-07-31,53.939998626708984,2026-07-31,38.02000045776367,Yahoo Finance yfinance auto_adjust=True
5419,002917.SZ,金奥博,A,-29.515586052756028,2025-07-31,14.528034210205078,2026-07-31,10.239999771118164,Yahoo Finance yfinance auto_adjust=True
5420,688648.SH,中邮科技,A,-29.524257088170835,2025-07-31,42.880001068115234,2026-07-31,30.219999313354492,Yahoo Finance yfinance auto_adjust=True
5421,06196.HK,郑州银行,HK,-29.54545680320615,2025-08-01,1.3200000524520874,2026-07-31,0.9300000071525574,Yahoo Finance chart adjclose
5422,301509.SZ,金凯生科,A,-29.55574343541828,2025-07-31,38.15782928466797,2026-07-31,26.8799991607666,Yahoo Finance yfinance auto_adjust=True
5423,002882.SZ,金龙羽,A,-29.559241614310793,2025-07-31,32.08369827270508,2026-07-31,22.600000381469727,Yahoo Finance yfinance auto_adjust=True
5424,300233.SZ,金城医药,A,-29.57306621665157,2025-07-31,18.2884578704834,2026-07-31,12.880000114440918,Yahoo Finance yfinance auto_adjust=True
5425,603758.SH,秦安股份,A,-29.573171861926273,2025-07-31,13.119999885559082,2026-07-31,9.239999771118164,Yahoo Finance yfinance auto_adjust=True
5426,002096.SZ,易普力,A,-29.57773454212752,2025-07-31,13.603652000427246,2026-07-31,9.579999923706055,Yahoo Finance yfinance auto_adjust=True
5427,000801.SZ,四川九洲,A,-29.611703731183482,2025-07-31,16.380563735961914,2026-07-31,11.529999732971191,Yahoo Finance yfinance auto_adjust=True
5428,300365.SZ,恒华科技,A,-29.61309275668014,2025-07-31,6.71999979019165,2026-07-31,4.730000019073486,Yahoo Finance yfinance auto_adjust=True
5429,600839.SH,四川长虹,A,-29.614601431343335,2025-07-31,9.859999656677246,2026-07-31,6.940000057220459,Yahoo Finance yfinance auto_adjust=True
5430,06639.HK,瑞尔集团,HK,-29.615380383101986,2025-08-01,2.5999999046325684,2026-07-31,1.8300000429153442,Yahoo Finance chart adjclose
5431,003028.SZ,振邦智能,A,-29.619305589073686,2025-07-31,30.278188705444336,2026-07-31,21.309999465942383,Yahoo Finance yfinance auto_adjust=True
5432,002305.SZ,*ST南置,A,-29.642854922888194,2025-07-31,2.799999952316284,2026-07-31,1.9700000286102295,Yahoo Finance yfinance auto_adjust=True
5433,300009.SZ,安科生物,A,-29.652377283889653,2025-07-31,11.741690635681152,2026-07-31,8.260000228881836,Yahoo Finance yfinance auto_adjust=True
5434,301539.SZ,宏鑫科技,A,-29.663760536153628,2025-07-31,19.833303451538086,2026-07-31,13.949999809265137,Yahoo Finance yfinance auto_adjust=True
5435,01116.HK,慧源同创科技,HK,-29.677421587686993,2025-08-01,0.3100000023841858,2026-07-31,0.21799999475479126,Yahoo Finance chart adjclose
5436,603033.SH,三维股份,A,-29.6889700326038,2025-07-31,10.609999656677246,2026-07-31,7.460000038146973,Yahoo Finance yfinance auto_adjust=True
5437,300902.SZ,国安达,A,-29.70771688367212,2025-07-31,20.8700008392334,2026-07-31,14.670000076293945,Yahoo Finance yfinance auto_adjust=True
5438,002583.SZ,海能达,A,-29.718193719675945,2025-07-31,11.710000038146973,2026-07-31,8.229999542236328,Yahoo Finance yfinance auto_adjust=True
5439,002777.SZ,久远银海,A,-29.721200139828554,2025-07-31,18.86771011352539,2026-07-31,13.260000228881836,Yahoo Finance yfinance auto_adjust=True
5440,01278.HK,中国新城镇,HK,-29.727203438828333,2025-08-01,0.0996118038892746,2026-07-31,0.07000000029802322,Yahoo Finance chart adjclose
5441,300760.SZ,迈瑞医疗,A,-29.73080513349605,2025-07-31,226.1019287109375,2026-07-31,158.8800048828125,Yahoo Finance yfinance auto_adjust=True
5442,600386.SH,北巴传媒,A,-29.742994791187638,2025-07-31,4.640106678009033,2026-07-31,3.259999990463257,Yahoo Finance yfinance auto_adjust=True
5443,300777.SZ,中简科技,A,-29.751896841162228,2025-07-31,34.76250457763672,2026-07-31,24.420000076293945,Yahoo Finance yfinance auto_adjust=True
5444,300466.SZ,赛摩智能,A,-29.766537181563912,2025-07-31,10.279999732971191,2026-07-31,7.21999979019165,Yahoo Finance yfinance auto_adjust=True
5445,300928.SZ,华安鑫创,A,-29.78785250058894,2025-07-31,34.40999984741211,2026-07-31,24.15999984741211,Yahoo Finance yfinance auto_adjust=True
5446,688513.SH,苑东生物,A,-29.809449391086506,2025-07-31,63.65529251098633,2026-07-31,44.68000030517578,Yahoo Finance yfinance auto_adjust=True
5447,603193.SH,润本股份,A,-29.81843280426447,2025-07-31,31.290266036987305,2026-07-31,21.959999084472656,Yahoo Finance yfinance auto_adjust=True
5448,01412.HK,隽思集团,HK,-29.82997225555355,2025-08-01,1.4963653087615967,2026-07-31,1.0499999523162842,Yahoo Finance chart adjclose
5449,01075.HK,首都信息,HK,-29.832684844792603,2025-08-01,2.5652968883514404,2026-07-31,1.7999999523162842,Yahoo Finance chart adjclose
5450,600794.SH,保税科技,A,-29.83728889117907,2025-07-31,4.432553768157959,2026-07-31,3.109999895095825,Yahoo Finance yfinance auto_adjust=True
5451,300338.SZ,ST开元,A,-29.846940140881053,2025-07-31,3.9200000762939453,2026-07-31,2.75,Yahoo Finance yfinance auto_adjust=True
5452,301152.SZ,天力锂能,A,-29.863941813669292,2025-07-31,29.399999618530273,2026-07-31,20.6200008392334,Yahoo Finance yfinance auto_adjust=True
5453,603839.SH,安正时尚,A,-29.87287945101493,2025-07-31,9.4399995803833,2026-07-31,6.619999885559082,Yahoo Finance yfinance auto_adjust=True
5454,000526.SZ,学大教育,A,-29.88165936469416,2025-07-31,50.70000076293945,2026-07-31,35.54999923706055,Yahoo Finance yfinance auto_adjust=True
5455,000880.SZ,潍柴重机,A,-29.88352104811036,2025-07-31,30.9627628326416,2026-07-31,21.709999084472656,Yahoo Finance yfinance auto_adjust=True
5456,688553.SH,汇宇制药,A,-29.894228606247786,2025-07-31,14.906047821044922,2026-07-31,10.449999809265137,Yahoo Finance yfinance auto_adjust=True
5457,000050.SZ,深天马Ａ,A,-29.902490670936267,2025-07-31,9.229999542236328,2026-07-31,6.46999979019165,Yahoo Finance yfinance auto_adjust=True
5458,688280.SH,精进电动,A,-29.907772533476606,2025-07-31,7.590000152587891,2026-07-31,5.320000171661377,Yahoo Finance yfinance auto_adjust=True
5459,605378.SH,野马电池,A,-29.912615664739207,2025-07-31,19.47568702697754,2026-07-31,13.649999618530273,Yahoo Finance yfinance auto_adjust=True
5460,301106.SZ,骏成科技,A,-29.918006808741282,2025-07-31,21.845840454101562,2026-07-31,15.3100004196167,Yahoo Finance yfinance auto_adjust=True
5461,301202.SZ,朗威股份,A,-29.92547286512819,2025-07-31,44.152992248535156,2026-07-31,30.940000534057617,Yahoo Finance yfinance auto_adjust=True
5462,603381.SH,永臻股份,A,-29.966331032037953,2025-07-31,20.790000915527344,2026-07-31,14.5600004196167,Yahoo Finance yfinance auto_adjust=True
5463,300370.SZ,安控科技,A,-29.966333209789163,2025-07-31,2.9700000286102295,2026-07-31,2.0799999237060547,Yahoo Finance yfinance auto_adjust=True
5464,300417.SZ,南华仪器,A,-29.998808370385564,2025-07-31,14.085474014282227,2026-07-31,9.859999656677246,Yahoo Finance yfinance auto_adjust=True
5465,08213.HK,荣晖控股,HK,-29.999996274709616,2025-08-01,0.3199999928474426,2026-07-31,0.2240000069141388,Yahoo Finance chart adjclose
5466,688303.SH,大全能源,A,-30.000002209284162,2025-07-31,25.899999618530273,2026-07-31,18.1299991607666,Yahoo Finance yfinance auto_adjust=True
5467,603266.SH,天龙股份,A,-30.0030946496027,2025-07-31,21.658100128173828,2026-07-31,15.15999984741211,Yahoo Finance yfinance auto_adjust=True
5468,301508.SZ,中机认检,A,-30.020143357627138,2025-07-31,33.62396240234375,2026-07-31,23.530000686645508,Yahoo Finance yfinance auto_adjust=True
5469,002355.SZ,兴民智通,A,-30.031949611872843,2025-07-31,6.260000228881836,2026-07-31,4.380000114440918,Yahoo Finance yfinance auto_adjust=True
5470,01177.HK,中国生物制药,HK,-30.04602753773994,2025-08-01,7.1904425621032715,2026-07-31,5.03000020980835,Yahoo Finance chart adjclose
5471,600588.SH,用友网络,A,-30.050506205987393,2025-07-31,15.84000015258789,2026-07-31,11.079999923706055,Yahoo Finance yfinance auto_adjust=True
5472,300678.SZ,中科信息,A,-30.052572259425503,2025-07-31,33.89688491821289,2026-07-31,23.709999084472656,Yahoo Finance yfinance auto_adjust=True
5473,688439.SH,振华风光,A,-30.060656778270143,2025-07-31,56.30593490600586,2026-07-31,39.380001068115234,Yahoo Finance yfinance auto_adjust=True
5474,002105.SZ,信隆健康,A,-30.066224153374066,2025-07-31,7.550000190734863,2026-07-31,5.28000020980835,Yahoo Finance yfinance auto_adjust=True
5475,300711.SZ,广哈通信,A,-30.08067071128605,2025-07-31,21.5105037689209,2026-07-31,15.039999961853027,Yahoo Finance yfinance auto_adjust=True
5476,300278.SZ,华昌达,A,-30.09345651953611,2025-07-31,5.349999904632568,2026-07-31,3.740000009536743,Yahoo Finance yfinance auto_adjust=True
5477,600771.SH,广誉远,A,-30.09845334860405,2025-07-31,21.329999923706055,2026-07-31,14.90999984741211,Yahoo Finance yfinance auto_adjust=True
5478,603879.SH,永悦科技,A,-30.11204671668559,2025-07-31,7.139999866485596,2026-07-31,4.989999771118164,Yahoo Finance yfinance auto_adjust=True
5479,300019.SZ,硅宝科技,A,-30.119583858694345,2025-07-31,20.66387176513672,2026-07-31,14.4399995803833,Yahoo Finance yfinance auto_adjust=True
5480,301130.SZ,西点药业,A,-30.134624966685596,2025-07-31,32.92045593261719,2026-07-31,23.0,Yahoo Finance yfinance auto_adjust=True
5481,002646.SZ,天佑德酒,A,-30.13958181539519,2025-07-31,9.862523078918457,2026-07-31,6.889999866485596,Yahoo Finance yfinance auto_adjust=True
5482,301236.SZ,软通动力,A,-30.159223108779866,2025-07-31,54.881980895996094,2026-07-31,38.33000183105469,Yahoo Finance yfinance auto_adjust=True
5483,002068.SZ,黑猫股份,A,-30.16453236264278,2025-07-31,10.9399995803833,2026-07-31,7.639999866485596,Yahoo Finance yfinance auto_adjust=True
5484,688058.SH,宝兰德,A,-30.171576170206883,2025-07-31,30.889999389648438,2026-07-31,21.56999969482422,Yahoo Finance yfinance auto_adjust=True
5485,300253.SZ,卫宁健康,A,-30.174790869397416,2025-07-31,10.869999885559082,2026-07-31,7.590000152587891,Yahoo Finance yfinance auto_adjust=True
5486,06887.HK,东阳光药,HK,-30.183641686959707,2025-08-07,59.900001525878906,2026-07-31,41.81999969482422,Yahoo Finance chart adjclose
5487,603230.SH,内蒙新华,A,-30.207750741365402,2025-07-31,12.909743309020996,2026-07-31,9.010000228881836,Yahoo Finance yfinance auto_adjust=True
5488,301192.SZ,泰祥股份,A,-30.247770401215924,2025-07-31,25.748279571533203,2026-07-31,17.959999084472656,Yahoo Finance yfinance auto_adjust=True
5489,688197.SH,首药控股,A,-30.248652277766052,2025-07-31,46.25,2026-07-31,32.2599983215332,Yahoo Finance yfinance auto_adjust=True
5490,601162.SH,天风证券,A,-30.2631594278994,2025-07-31,5.320000171661377,2026-07-31,3.7100000381469727,Yahoo Finance yfinance auto_adjust=True
5491,000635.SZ,英 力 特,A,-30.282488018726074,2025-07-31,8.850000381469727,2026-07-31,6.170000076293945,Yahoo Finance yfinance auto_adjust=True
5492,688252.SH,天德钰,A,-30.291968205905782,2025-07-31,24.65999984741211,2026-07-31,17.190000534057617,Yahoo Finance yfinance auto_adjust=True
5493,08035.HK,骏高控股,HK,-30.30302978990491,2025-08-01,0.06599999964237213,2026-07-31,0.04600000008940697,Yahoo Finance chart adjclose
5494,000557.SZ,西部创业,A,-30.32452254624761,2025-07-31,5.310333251953125,2026-07-31,3.700000047683716,Yahoo Finance yfinance auto_adjust=True
5495,600208.SH,衢州发展,A,-30.339806667989155,2025-07-31,4.119999885559082,2026-07-31,2.869999885559082,Yahoo Finance yfinance auto_adjust=True
5496,600976.SH,健民集团,A,-30.404593161039585,2025-07-31,40.51991653442383,2026-07-31,28.200000762939453,Yahoo Finance yfinance auto_adjust=True
5497,688425.SH,铁建重工,A,-30.41526276131159,2025-07-31,6.179516315460205,2026-07-31,4.300000190734863,Yahoo Finance yfinance auto_adjust=True
5498,300645.SZ,正元智慧,A,-30.434533845883593,2025-07-31,18.284934997558594,2026-07-31,12.720000267028809,Yahoo Finance yfinance auto_adjust=True
5499,002734.SZ,利民股份,A,-30.445959694377976,2025-07-31,19.40936851501465,2026-07-31,13.5,Yahoo Finance yfinance auto_adjust=True
5500,301636.SZ,泽润新能,A,-30.448600836220773,2025-07-31,54.31953811645508,2026-07-31,37.779998779296875,Yahoo Finance yfinance auto_adjust=True
5501,301503.SZ,智迪科技,A,-30.450413170947165,2025-07-31,29.748559951782227,2026-07-31,20.690000534057617,Yahoo Finance yfinance auto_adjust=True
5502,600536.SH,中国软件,A,-30.454062584239562,2025-07-31,47.349998474121094,2026-07-31,32.93000030517578,Yahoo Finance yfinance auto_adjust=True
5503,000909.SZ,ST数源,A,-30.462517595253168,2025-07-31,6.269999980926514,2026-07-31,4.360000133514404,Yahoo Finance yfinance auto_adjust=True
5504,300074.SZ,华平股份,A,-30.495052318948712,2025-07-31,5.050000190734863,2026-07-31,3.509999990463257,Yahoo Finance yfinance auto_adjust=True
5505,000705.SZ,浙江震元,A,-30.499467928773395,2025-07-31,9.40999984741211,2026-07-31,6.539999961853027,Yahoo Finance yfinance auto_adjust=True
5506,08052.HK,陆庆娱乐,HK,-30.508473078021726,2025-08-01,0.05900000035762787,2026-07-31,0.04100000113248825,Yahoo Finance chart adjclose
5507,300989.SZ,蕾奥规划,A,-30.516664665517325,2025-07-31,16.83856964111328,2026-07-31,11.699999809265137,Yahoo Finance yfinance auto_adjust=True
5508,301067.SZ,显盈科技,A,-30.53612947384965,2025-07-31,34.31999969482422,2026-07-31,23.84000015258789,Yahoo Finance yfinance auto_adjust=True
5509,688075.SH,安旭生物,A,-30.53634910079055,2025-07-31,40.19368362426758,2026-07-31,27.920000076293945,Yahoo Finance yfinance auto_adjust=True
5510,688595.SH,芯海科技,A,-30.53674021504833,2025-07-31,38.380001068115234,2026-07-31,26.65999984741211,Yahoo Finance yfinance auto_adjust=True
5511,08181.HK,港深智能管理,HK,-30.555551531322035,2025-08-01,0.07199999690055847,2026-07-31,0.05000000074505806,Yahoo Finance chart adjclose
5512,600217.SH,中再资环,A,-30.561796705344413,2025-07-31,4.449999809265137,2026-07-31,3.0899999141693115,Yahoo Finance yfinance auto_adjust=True
5513,600939.SH,重庆建工,A,-30.563005337124505,2025-07-31,3.7300000190734863,2026-07-31,2.5899999141693115,Yahoo Finance yfinance auto_adjust=True
5514,300310.SZ,宜通世纪,A,-30.573248601094217,2025-07-31,6.28000020980835,2026-07-31,4.360000133514404,Yahoo Finance yfinance auto_adjust=True
5515,08406.HK,中国口腔产业,HK,-30.578512956467364,2025-08-01,0.12099999934434891,2026-07-31,0.08399999886751175,Yahoo Finance chart adjclose
5516,300287.SZ,飞利信,A,-30.586081769712102,2025-07-31,5.460000038146973,2026-07-31,3.7899999618530273,Yahoo Finance yfinance auto_adjust=True
5517,02407.HK,高视医疗,HK,-30.623308859569654,2025-08-01,7.380000114440918,2026-07-31,5.119999885559082,Yahoo Finance chart adjclose
5518,301101.SZ,明月镜片,A,-30.6273980107041,2025-07-31,43.20149230957031,2026-07-31,29.969999313354492,Yahoo Finance yfinance auto_adjust=True
5519,301180.SZ,万祥科技,A,-30.635835565719372,2025-07-31,15.569999694824219,2026-07-31,10.800000190734863,Yahoo Finance yfinance auto_adjust=True
5520,300314.SZ,戴维医疗,A,-30.638166417579015,2025-07-31,14.11439037322998,2026-07-31,9.789999961853027,Yahoo Finance yfinance auto_adjust=True
5521,300758.SZ,七彩化学,A,-30.641718218464053,2025-07-31,14.259292602539062,2026-07-31,9.890000343322754,Yahoo Finance yfinance auto_adjust=True
5522,000789.SZ,万年青,A,-30.645478054022433,2025-07-31,5.868399143218994,2026-07-31,4.070000171661377,Yahoo Finance yfinance auto_adjust=True
5523,002095.SZ,生 意 宝,A,-30.65064786424213,2025-07-31,20.43277931213379,2026-07-31,14.170000076293945,Yahoo Finance yfinance auto_adjust=True
5524,601933.SH,永辉超市,A,-30.655392005003467,2025-07-31,4.730000019073486,2026-07-31,3.2799999713897705,Yahoo Finance yfinance auto_adjust=True
5525,02486.HK,普乐师集团控股,HK,-30.658103395899516,2025-08-01,6.230000019073486,2026-07-31,4.320000171661377,Yahoo Finance chart adjclose
5526,300605.SZ,恒锋信息,A,-30.68682999796706,2025-07-31,15.869999885559082,2026-07-31,11.0,Yahoo Finance yfinance auto_adjust=True
5527,603238.SH,诺邦股份,A,-30.691711277746414,2025-07-31,16.707958221435547,2026-07-31,11.579999923706055,Yahoo Finance yfinance auto_adjust=True
5528,688592.SH,司南导航,A,-30.71687367387349,2025-07-31,31.493959426879883,2026-07-31,21.81999969482422,Yahoo Finance yfinance auto_adjust=True
5529,603348.SH,文灿股份,A,-30.71738071173764,2025-07-31,20.770000457763672,2026-07-31,14.390000343322754,Yahoo Finance yfinance auto_adjust=True
5530,002488.SZ,金固股份,A,-30.72019460409837,2025-07-31,13.135141372680664,2026-07-31,9.100000381469727,Yahoo Finance yfinance auto_adjust=True
5531,603395.SH,红四方,A,-30.72132338110496,2025-07-31,33.34359359741211,2026-07-31,23.100000381469727,Yahoo Finance yfinance auto_adjust=True
5532,01850.HK,鸿盛昌资源,HK,-30.731969839393713,2025-08-01,0.6207770109176636,2026-07-31,0.4300000071525574,Yahoo Finance chart adjclose
5533,002799.SZ,环球印务,A,-30.73592798809187,2025-07-31,9.239999771118164,2026-07-31,6.400000095367432,Yahoo Finance yfinance auto_adjust=True
5534,002827.SZ,高争民爆,A,-30.742439891065466,2025-07-31,49.95844268798828,2026-07-31,34.599998474121094,Yahoo Finance yfinance auto_adjust=True
5535,300541.SZ,先进数通,A,-30.768798809443876,2025-07-31,15.267682075500488,2026-07-31,10.569999694824219,Yahoo Finance yfinance auto_adjust=True
5536,08308.HK,古兜控股,HK,-30.769225478877495,2025-08-01,0.06499999761581421,2026-07-31,0.04500000178813934,Yahoo Finance chart adjclose
5537,603081.SH,大丰实业,A,-30.77485652957106,2025-07-31,12.596579551696777,2026-07-31,8.720000267028809,Yahoo Finance yfinance auto_adjust=True
5538,688529.SH,豪森智能,A,-30.792378028453925,2025-07-31,19.940000534057617,2026-07-31,13.800000190734863,Yahoo Finance yfinance auto_adjust=True
5539,002453.SZ,华软科技,A,-30.820766171110105,2025-07-31,5.96999979019165,2026-07-31,4.130000114440918,Yahoo Finance yfinance auto_adjust=True
5540,003021.SZ,兆威机电,A,-30.852806203033467,2025-07-31,112.1375961303711,2026-07-31,77.54000091552734,Yahoo Finance yfinance auto_adjust=True
5541,603707.SH,健友股份,A,-30.8535768258269,2025-07-31,11.699810028076172,2026-07-31,8.09000015258789,Yahoo Finance yfinance auto_adjust=True
5542,06626.HK,越秀服务,HK,-30.86529475464628,2025-08-01,2.777186870574951,2026-07-31,1.9199999570846558,Yahoo Finance chart adjclose
5543,603815.SH,交建股份,A,-30.867347311149373,2025-07-31,7.840000152587891,2026-07-31,5.420000076293945,Yahoo Finance yfinance auto_adjust=True
5544,01443.HK,富临集团控股,HK,-30.882359064058118,2025-08-01,0.06800000369548798,2026-07-31,0.04699999839067459,Yahoo Finance chart adjclose
5545,301103.SZ,何氏眼科,A,-30.88888764276938,2025-07-31,22.78938865661621,2026-07-31,15.75,Yahoo Finance yfinance auto_adjust=True
5546,02391.HK,涂鸦智能-W,HK,-30.903578659733466,2025-08-01,19.248464584350586,2026-07-31,13.300000190734863,Yahoo Finance chart adjclose
5547,600644.SH,乐山电力,A,-30.919269240633696,2025-07-31,13.534889221191406,2026-07-31,9.350000381469727,Yahoo Finance yfinance auto_adjust=True
5548,688759.SH,必贝特,A,-30.925508164479265,2025-10-28,31.010000228881836,2026-07-31,21.420000076293945,Yahoo Finance yfinance auto_adjust=True
5549,603277.SH,银都股份,A,-30.928819758643744,2025-07-31,15.650522232055664,2026-07-31,10.8100004196167,Yahoo Finance yfinance auto_adjust=True
5550,01592.HK,基石控股,HK,-30.937498195562473,2025-08-01,0.3199999928474426,2026-07-31,0.22100000083446503,Yahoo Finance chart adjclose
5551,688722.SH,同益中,A,-30.96148396678744,2025-07-31,20.206111907958984,2026-07-31,13.949999809265137,Yahoo Finance yfinance auto_adjust=True
5552,002383.SZ,合众思壮,A,-30.978806681070903,2025-07-31,9.90999984741211,2026-07-31,6.840000152587891,Yahoo Finance yfinance auto_adjust=True
5553,600178.SH,东安动力,A,-30.97900331250356,2025-07-31,13.952276229858398,2026-07-31,9.630000114440918,Yahoo Finance yfinance auto_adjust=True
5554,300681.SZ,英搏尔,A,-31.01277712786442,2025-07-31,28.87491226196289,2026-07-31,19.920000076293945,Yahoo Finance yfinance auto_adjust=True
5555,600715.SH,文投控股,A,-31.03447974649527,2025-07-31,2.319999933242798,2026-07-31,1.600000023841858,Yahoo Finance yfinance auto_adjust=True
5556,600720.SH,中交设计,A,-31.0425279185512,2025-07-31,7.685896873474121,2026-07-31,5.300000190734863,Yahoo Finance yfinance auto_adjust=True
5557,02161.HK,健倍苗苗,HK,-31.04592058878254,2025-08-01,2.784461736679077,2026-07-31,1.9199999570846558,Yahoo Finance chart adjclose
5558,08511.HK,民富国际,HK,-31.067961333597825,2025-08-01,1.0299999713897705,2026-07-31,0.7099999785423279,Yahoo Finance chart adjclose
5559,600825.SH,新华传媒,A,-31.07901171110168,2025-07-31,7.1821370124816895,2026-07-31,4.949999809265137,Yahoo Finance yfinance auto_adjust=True
5560,08659.HK,易和国际控股,HK,-31.08108325802206,2025-08-01,0.14800000190734863,2026-07-31,0.10199999809265137,Yahoo Finance chart adjclose
5561,002238.SZ,天威视讯,A,-31.085711887904576,2025-07-31,8.75,2026-07-31,6.03000020980835,Yahoo Finance yfinance auto_adjust=True
5562,300355.SZ,蒙草生态,A,-31.13206995471396,2025-07-31,4.239999771118164,2026-07-31,2.9200000762939453,Yahoo Finance yfinance auto_adjust=True
5563,06169.HK,宇华教育,HK,-31.13206995471396,2025-08-01,0.5299999713897705,2026-07-31,0.36500000953674316,Yahoo Finance chart adjclose
5564,688602.SH,康鹏科技,A,-31.14224083668481,2025-07-31,9.279999732971191,2026-07-31,6.389999866485596,Yahoo Finance yfinance auto_adjust=True
5565,600073.SH,光明肉业,A,-31.143236804409113,2025-07-31,7.610000133514404,2026-07-31,5.239999771118164,Yahoo Finance yfinance auto_adjust=True
5566,301388.SZ,欣灵电气,A,-31.15783792062733,2025-07-31,32.029788970947266,2026-07-31,22.049999237060547,Yahoo Finance yfinance auto_adjust=True
5567,300473.SZ,德尔股份,A,-31.167107646178728,2025-07-31,30.15999984741211,2026-07-31,20.760000228881836,Yahoo Finance yfinance auto_adjust=True
5568,02392.HK,玄武云,HK,-31.168833179444977,2025-08-01,1.5399999618530273,2026-07-31,1.059999942779541,Yahoo Finance chart adjclose
5569,01528.HK,红星美凯龙,HK,-31.168833179444977,2025-08-01,1.5399999618530273,2026-07-31,1.059999942779541,Yahoo Finance chart adjclose
5570,000802.SZ,北京文化,A,-31.20567010121883,2025-07-31,5.639999866485596,2026-07-31,3.880000114440918,Yahoo Finance yfinance auto_adjust=True
5571,08250.HK,都都控股,HK,-31.21019159665652,2025-08-01,0.15700000524520874,2026-07-31,0.1080000028014183,Yahoo Finance chart adjclose
5572,603676.SH,卫信康,A,-31.211771246744334,2025-07-31,12.792886734008789,2026-07-31,8.800000190734863,Yahoo Finance yfinance auto_adjust=True
5573,301613.SZ,新铝时代,A,-31.229291253389345,2025-07-31,53.831058502197266,2026-07-31,37.02000045776367,Yahoo Finance yfinance auto_adjust=True
5574,002590.SZ,万安科技,A,-31.232470451881213,2025-07-31,13.59653377532959,2026-07-31,9.350000381469727,Yahoo Finance yfinance auto_adjust=True
5575,688238.SH,和元生物,A,-31.25778126415889,2025-07-31,8.029999732971191,2026-07-31,5.519999980926514,Yahoo Finance yfinance auto_adjust=True
5576,301459.SZ,丰茂股份,A,-31.272098239280766,2025-07-31,46.90962600708008,2026-07-31,32.2400016784668,Yahoo Finance yfinance auto_adjust=True
5577,603810.SH,丰山集团,A,-31.30693943732138,2025-07-31,15.940474510192871,2026-07-31,10.949999809265137,Yahoo Finance yfinance auto_adjust=True
5578,603896.SH,寿仙谷,A,-31.325302376186958,2025-07-31,21.579999923706055,2026-07-31,14.819999694824219,Yahoo Finance yfinance auto_adjust=True
5579,300735.SZ,光弘科技,A,-31.364157690586335,2025-07-31,27.245241165161133,2026-07-31,18.700000762939453,Yahoo Finance yfinance auto_adjust=True
5580,002846.SZ,英联股份,A,-31.367092458419897,2025-07-31,15.969016075134277,2026-07-31,10.960000038146973,Yahoo Finance yfinance auto_adjust=True
5581,002742.SZ,*ST三圣,A,-31.37254773630904,2025-07-31,5.099999904632568,2026-07-31,3.5,Yahoo Finance yfinance auto_adjust=True
5582,603666.SH,亿嘉和,A,-31.381659057755563,2025-07-31,32.279998779296875,2026-07-31,22.149999618530273,Yahoo Finance yfinance auto_adjust=True
5583,300271.SZ,华宇软件,A,-31.388560982188885,2025-07-31,8.569999694824219,2026-07-31,5.880000114440918,Yahoo Finance yfinance auto_adjust=True
5584,000886.SZ,海南高速,A,-31.39013283514186,2025-07-31,6.690000057220459,2026-07-31,4.590000152587891,Yahoo Finance yfinance auto_adjust=True
5585,301596.SZ,瑞迪智驱,A,-31.403331409211543,2025-07-31,60.5277214050293,2026-07-31,41.52000045776367,Yahoo Finance yfinance auto_adjust=True
5586,600439.SH,瑞贝卡,A,-31.428570779813413,2025-07-31,3.1500000953674316,2026-07-31,2.1600000858306885,Yahoo Finance yfinance auto_adjust=True
5587,603321.SH,梅轮电梯,A,-31.431382671640463,2025-07-31,8.589935302734375,2026-07-31,5.889999866485596,Yahoo Finance yfinance auto_adjust=True
5588,301299.SZ,卓创资讯,A,-31.446977068304626,2025-07-31,63.264896392822266,2026-07-31,43.369998931884766,Yahoo Finance yfinance auto_adjust=True
5589,688297.SH,中无人机,A,-31.47903724517358,2025-07-31,59.485443115234375,2026-07-31,40.7599983215332,Yahoo Finance yfinance auto_adjust=True
5590,600038.SH,中直股份,A,-31.48219671809467,2025-07-31,39.23067855834961,2026-07-31,26.8799991607666,Yahoo Finance yfinance auto_adjust=True
5591,301428.SZ,世纪恒通,A,-31.487804505883197,2025-07-31,41.0,2026-07-31,28.09000015258789,Yahoo Finance yfinance auto_adjust=True
5592,02171.HK,科济药业-B,HK,-31.511747192724727,2025-08-01,19.579999923706055,2026-07-31,13.40999984741211,Yahoo Finance chart adjclose
5593,002997.SZ,瑞鹄模具,A,-31.526050516579396,2025-07-31,38.56941223144531,2026-07-31,26.40999984741211,Yahoo Finance yfinance auto_adjust=True
5594,688750.SH,金天钛业,A,-31.526850147751716,2025-07-31,20.825681686401367,2026-07-31,14.260000228881836,Yahoo Finance yfinance auto_adjust=True
5595,002791.SZ,坚朗五金,A,-31.543320483977666,2025-07-31,22.15999984741211,2026-07-31,15.170000076293945,Yahoo Finance yfinance auto_adjust=True
5596,600615.SH,鑫源智造,A,-31.554156799930055,2025-07-31,12.739999771118164,2026-07-31,8.720000267028809,Yahoo Finance yfinance auto_adjust=True
5597,002287.SZ,奇正藏药,A,-31.555007697256986,2025-07-31,30.65235137939453,2026-07-31,20.979999542236328,Yahoo Finance yfinance auto_adjust=True
5598,001285.SZ,瑞立科密,A,-31.570611184945285,2025-10-09,60.51493453979492,2026-07-31,41.40999984741211,Yahoo Finance yfinance auto_adjust=True
5599,002544.SZ,普天科技,A,-31.594413652302002,2025-07-31,22.995197296142578,2026-07-31,15.729999542236328,Yahoo Finance yfinance auto_adjust=True
5600,000514.SZ,渝 开 发,A,-31.59984539116598,2025-07-31,5.584782600402832,2026-07-31,3.819999933242798,Yahoo Finance yfinance auto_adjust=True
5601,600088.SH,中视传媒,A,-31.610514128207534,2025-07-31,16.756961822509766,2026-07-31,11.460000038146973,Yahoo Finance yfinance auto_adjust=True
5602,603409.SH,汇通控股,A,-31.611973852046948,2025-07-31,24.79966163635254,2026-07-31,16.959999084472656,Yahoo Finance yfinance auto_adjust=True
5603,06808.HK,高鑫零售,HK,-31.63767800326799,2025-08-01,1.740725040435791,2026-07-31,1.190000057220459,Yahoo Finance chart adjclose
5604,301525.SZ,儒竞科技,A,-31.638759565431553,2025-07-31,56.20143508911133,2026-07-31,38.41999816894531,Yahoo Finance yfinance auto_adjust=True
5605,300094.SZ,国联水产,A,-31.658291065952692,2025-07-31,3.9800000190734863,2026-07-31,2.7200000286102295,Yahoo Finance yfinance auto_adjust=True
5606,300514.SZ,友讯达,A,-31.66058392200202,2025-07-31,13.315888404846191,2026-07-31,9.100000381469727,Yahoo Finance yfinance auto_adjust=True
5607,01938.HK,珠江钢管,HK,-31.66666997803569,2025-08-01,0.30000001192092896,2026-07-31,0.20499999821186066,Yahoo Finance chart adjclose
5608,02324.HK,首都创投,HK,-31.677018346106223,2025-08-01,0.16099999845027924,2026-07-31,0.10999999940395355,Yahoo Finance chart adjclose
5609,000910.SZ,大亚圣象,A,-31.68038442773099,2025-07-31,7.52346134185791,2026-07-31,5.139999866485596,Yahoo Finance yfinance auto_adjust=True
5610,300002.SZ,神州泰岳,A,-31.682658964465105,2025-07-31,12.529762268066406,2026-07-31,8.5600004196167,Yahoo Finance yfinance auto_adjust=True
5611,301131.SZ,聚赛龙,A,-31.699743631939338,2025-07-31,45.66600799560547,2026-07-31,31.190000534057617,Yahoo Finance yfinance auto_adjust=True
5612,000590.SZ,古汉医药,A,-31.701249693221577,2025-07-31,12.050000190734863,2026-07-31,8.229999542236328,Yahoo Finance yfinance auto_adjust=True
5613,688051.SH,佳华科技,A,-31.726904199242934,2025-07-31,32.369998931884766,2026-07-31,22.100000381469727,Yahoo Finance yfinance auto_adjust=True
5614,603602.SH,纵横通信,A,-31.73989297229688,2025-07-31,15.279788970947266,2026-07-31,10.430000305175781,Yahoo Finance yfinance auto_adjust=True
5615,301335.SZ,天元宠物,A,-31.770136146578622,2025-07-31,31.26197052001953,2026-07-31,21.329999923706055,Yahoo Finance yfinance auto_adjust=True
5616,688192.SH,迪哲医药,A,-31.77870107190799,2025-07-31,74.83000183105469,2026-07-31,51.04999923706055,Yahoo Finance yfinance auto_adjust=True
5617,002526.SZ,山东矿机,A,-31.780568609319637,2025-07-31,3.884523868560791,2026-07-31,2.6500000953674316,Yahoo Finance yfinance auto_adjust=True
5618,06958.HK,正荣服务,HK,-31.782942512818757,2025-08-01,0.1289999932050705,2026-07-31,0.08799999952316284,Yahoo Finance chart adjclose
5619,002933.SZ,新兴装备,A,-31.795186573509483,2025-07-31,36.65430450439453,2026-07-31,25.0,Yahoo Finance yfinance auto_adjust=True
5620,000858.SZ,五 粮 液,A,-31.81706412751275,2025-07-31,114.39812469482422,2026-07-31,78.0,Yahoo Finance yfinance auto_adjust=True
5621,06908.HK,宏光半导体,HK,-31.818183295982895,2025-08-01,0.550000011920929,2026-07-31,0.375,Yahoo Finance chart adjclose
5622,002707.SZ,众信旅游,A,-31.842106666591373,2025-07-31,7.599999904632568,2026-07-31,5.179999828338623,Yahoo Finance yfinance auto_adjust=True
5623,300968.SZ,格林精密,A,-31.85288134067682,2025-07-31,14.40999984741211,2026-07-31,9.819999694824219,Yahoo Finance yfinance auto_adjust=True
5624,600106.SH,重庆路桥,A,-31.853448859194266,2025-07-31,6.412650108337402,2026-07-31,4.369999885559082,Yahoo Finance yfinance auto_adjust=True
5625,300510.SZ,金冠股份,A,-31.86372241845702,2025-07-31,4.989999771118164,2026-07-31,3.4000000953674316,Yahoo Finance yfinance auto_adjust=True
5626,600822.SH,上海物贸,A,-31.874481966222923,2025-07-31,12.109999656677246,2026-07-31,8.25,Yahoo Finance yfinance auto_adjust=True
5627,01663.HK,汉港控股,HK,-31.88405859698221,2025-08-01,0.0689999982714653,2026-07-31,0.04699999839067459,Yahoo Finance chart adjclose
5628,600048.SH,保利发展,A,-31.891163524000987,2025-07-31,7.752298355102539,2026-07-31,5.28000020980835,Yahoo Finance yfinance auto_adjust=True
5629,02429.HK,友宝在线,HK,-31.89368907603295,2025-08-01,3.009999990463257,2026-07-31,2.049999952316284,Yahoo Finance chart adjclose
5630,002880.SZ,卫光生物,A,-31.92250841401435,2025-07-31,29.260772705078125,2026-07-31,19.920000076293945,Yahoo Finance yfinance auto_adjust=True
5631,002572.SZ,索菲亚,A,-31.924680630789272,2025-07-31,12.691824913024902,2026-07-31,8.640000343322754,Yahoo Finance yfinance auto_adjust=True
5632,002907.SZ,华森制药,A,-31.950445053812725,2025-07-31,18.751041412353516,2026-07-31,12.760000228881836,Yahoo Finance yfinance auto_adjust=True
5633,01890.HK,中国科培,HK,-31.95045719107672,2025-08-01,1.3225657939910889,2026-07-31,0.8999999761581421,Yahoo Finance chart adjclose
5634,000813.SZ,德展健康,A,-31.958762531846084,2025-07-31,4.849999904632568,2026-07-31,3.299999952316284,Yahoo Finance yfinance auto_adjust=True
5635,002771.SZ,真视通,A,-31.96112193105256,2025-07-31,17.489999771118164,2026-07-31,11.899999618530273,Yahoo Finance yfinance auto_adjust=True
5636,688088.SH,虹软科技,A,-31.97009453039177,2025-07-31,49.06665802001953,2026-07-31,33.380001068115234,Yahoo Finance yfinance auto_adjust=True
5637,01759.HK,中油洁能控股,HK,-31.999999284744263,2025-08-01,1.0,2026-07-31,0.6800000071525574,Yahoo Finance chart adjclose
5638,688317.SH,之江生物,A,-32.026972305425915,2025-07-31,23.729999542236328,2026-07-31,16.1299991607666,Yahoo Finance yfinance auto_adjust=True
5639,02865.HK,钧达股份,HK,-32.027028675696954,2025-08-01,22.200000762939453,2026-07-31,15.09000015258789,Yahoo Finance chart adjclose
5640,300384.SZ,三联虹普,A,-32.033352079676646,2025-07-31,18.0529727935791,2026-07-31,12.270000457763672,Yahoo Finance yfinance auto_adjust=True
5641,301270.SZ,汉仪股份,A,-32.063093709106774,2025-07-31,45.336181640625,2026-07-31,30.799999237060547,Yahoo Finance yfinance auto_adjust=True
5642,600643.SH,爱建集团,A,-32.066115637342094,2025-07-31,6.050000190734863,2026-07-31,4.110000133514404,Yahoo Finance yfinance auto_adjust=True
5643,02506.HK,讯飞医疗科技,HK,-32.067931032406484,2025-08-01,100.0999984741211,2026-07-31,68.0,Yahoo Finance chart adjclose
5644,300076.SZ,GQY视讯,A,-32.06950643662374,2025-07-31,6.329999923706055,2026-07-31,4.300000190734863,Yahoo Finance yfinance auto_adjust=True
5645,002459.SZ,晶澳科技,A,-32.09764969301777,2025-07-31,11.0600004196167,2026-07-31,7.510000228881836,Yahoo Finance yfinance auto_adjust=True
5646,300598.SZ,诚迈科技,A,-32.107955756256644,2025-07-31,42.97999954223633,2026-07-31,29.18000030517578,Yahoo Finance yfinance auto_adjust=True
5647,301339.SZ,通行宝,A,-32.11141624218982,2025-07-31,17.05735969543457,2026-07-31,11.579999923706055,Yahoo Finance yfinance auto_adjust=True
5648,688356.SH,键凯科技,A,-32.112491621256126,2025-07-31,95.64351654052734,2026-07-31,64.93000030517578,Yahoo Finance yfinance auto_adjust=True
5649,300622.SZ,博士眼镜,A,-32.12153594430435,2025-07-31,23.556808471679688,2026-07-31,15.989999771118164,Yahoo Finance yfinance auto_adjust=True
5650,02357.HK,中航科工,HK,-32.1256324082027,2025-08-01,4.434663772583008,2026-07-31,3.009999990463257,Yahoo Finance chart adjclose
5651,300637.SZ,扬帆新材,A,-32.14649442646582,2025-07-31,11.834318161010742,2026-07-31,8.029999732971191,Yahoo Finance yfinance auto_adjust=True
5652,300459.SZ,汤姆猫,A,-32.155476719225476,2025-07-31,5.659999847412109,2026-07-31,3.8399999141693115,Yahoo Finance yfinance auto_adjust=True
5653,06922.HK,康沣生物-B,HK,-32.17549944335579,2025-08-01,5.46999979019165,2026-07-31,3.7100000381469727,Yahoo Finance chart adjclose
5654,688026.SH,洁特生物,A,-32.17762909916198,2025-07-31,18.636919021606445,2026-07-31,12.640000343322754,Yahoo Finance yfinance auto_adjust=True
5655,002449.SZ,国星光电,A,-32.177675630034685,2025-07-31,9.229999542236328,2026-07-31,6.260000228881836,Yahoo Finance yfinance auto_adjust=True
5656,02577.HK,英诺赛科,HK,-32.187495819396325,2025-08-01,57.599998474121094,2026-07-31,39.060001373291016,Yahoo Finance chart adjclose
5657,301138.SZ,华研精机,A,-32.188227053807395,2025-07-31,36.675048828125,2026-07-31,24.8700008392334,Yahoo Finance yfinance auto_adjust=True
5658,603883.SH,老百姓,A,-32.188898337206105,2025-07-31,18.89071273803711,2026-07-31,12.8100004196167,Yahoo Finance yfinance auto_adjust=True
5659,002676.SZ,顺威股份,A,-32.248737262209126,2025-07-31,7.2175774574279785,2026-07-31,4.889999866485596,Yahoo Finance yfinance auto_adjust=True
5660,002073.SZ,软控股份,A,-32.26656066585054,2025-07-31,8.54821491241455,2026-07-31,5.789999961853027,Yahoo Finance yfinance auto_adjust=True
5661,688805.SH,C健信,A,-32.28423325871629,2025-12-24,57.80042266845703,2026-07-31,39.13999938964844,Yahoo Finance yfinance auto_adjust=True
5662,000953.SZ,河化股份,A,-32.29427034405998,2025-07-31,8.020000457763672,2026-07-31,5.429999828338623,Yahoo Finance yfinance auto_adjust=True
5663,600760.SH,中航沈飞,A,-32.30103252869655,2025-07-31,64.16641235351562,2026-07-31,43.439998626708984,Yahoo Finance yfinance auto_adjust=True
5664,000963.SZ,华东医药,A,-32.33534553565166,2025-07-31,43.0209846496582,2026-07-31,29.110000610351562,Yahoo Finance yfinance auto_adjust=True
5665,600148.SH,长春一东,A,-32.33677492150328,2025-07-31,21.725242614746094,2026-07-31,14.699999809265137,Yahoo Finance yfinance auto_adjust=True
5666,002294.SZ,信立泰,A,-32.342530059898,2025-07-31,49.18894958496094,2026-07-31,33.279998779296875,Yahoo Finance yfinance auto_adjust=True
5667,01733.HK,易大宗,HK,-32.34511607398436,2025-08-01,0.945977509021759,2026-07-31,0.6399999856948853,Yahoo Finance chart adjclose
5668,02533.HK,黑芝麻智能,HK,-32.359673316824825,2025-08-01,17.459999084472656,2026-07-31,11.8100004196167,Yahoo Finance chart adjclose
5669,600171.SH,上海贝岭,A,-32.364332197500566,2025-07-31,34.020511627197266,2026-07-31,23.010000228881836,Yahoo Finance yfinance auto_adjust=True
5670,300913.SZ,兆龙互连,A,-32.367423867587206,2025-07-31,48.37905502319336,2026-07-31,32.720001220703125,Yahoo Finance yfinance auto_adjust=True
5671,688007.SH,光峰科技,A,-32.37221795519981,2025-07-31,15.260000228881836,2026-07-31,10.319999694824219,Yahoo Finance yfinance auto_adjust=True
5672,002209.SZ,达 意 隆,A,-32.39551767957274,2025-07-31,15.5610990524292,2026-07-31,10.520000457763672,Yahoo Finance yfinance auto_adjust=True
5673,300130.SZ,新国都,A,-32.40749354011939,2025-07-31,29.11565399169922,2026-07-31,19.68000030517578,Yahoo Finance yfinance auto_adjust=True
5674,08295.HK,金慧科技,HK,-32.43243229637363,2025-08-01,0.03700000047683716,2026-07-31,0.02500000037252903,Yahoo Finance chart adjclose
5675,688579.SH,山大地纬,A,-32.45434174276376,2025-07-31,11.444110870361328,2026-07-31,7.730000019073486,Yahoo Finance yfinance auto_adjust=True
5676,603207.SH,小方制药,A,-32.465422032433054,2025-07-31,32.931278228759766,2026-07-31,22.239999771118164,Yahoo Finance yfinance auto_adjust=True
5677,002685.SZ,华东重机,A,-32.467533271777995,2025-07-31,7.699999809265137,2026-07-31,5.199999809265137,Yahoo Finance yfinance auto_adjust=True
5678,300350.SZ,华鹏飞,A,-32.47588503317736,2025-07-31,6.21999979019165,2026-07-31,4.199999809265137,Yahoo Finance yfinance auto_adjust=True
5679,000702.SZ,正虹科技,A,-32.48662863826591,2025-07-31,7.480000019073486,2026-07-31,5.050000190734863,Yahoo Finance yfinance auto_adjust=True
5680,002973.SZ,侨银股份,A,-32.502038477129446,2025-07-31,13.304104804992676,2026-07-31,8.979999542236328,Yahoo Finance yfinance auto_adjust=True
5681,300429.SZ,强力新材,A,-32.50728827509584,2025-07-31,13.720000267028809,2026-07-31,9.260000228881836,Yahoo Finance yfinance auto_adjust=True
5682,300713.SZ,英可瑞,A,-32.51942542446974,2025-07-31,18.020000457763672,2026-07-31,12.15999984741211,Yahoo Finance yfinance auto_adjust=True
5683,300752.SZ,隆利科技,A,-32.54115562488469,2025-07-31,13.919598579406738,2026-07-31,9.390000343322754,Yahoo Finance yfinance auto_adjust=True
5684,600223.SH,福瑞达,A,-32.55073230945729,2025-07-31,8.272884368896484,2026-07-31,5.579999923706055,Yahoo Finance yfinance auto_adjust=True
5685,300169.SZ,天晟新材,A,-32.55813736318509,2025-07-31,8.170000076293945,2026-07-31,5.510000228881836,Yahoo Finance yfinance auto_adjust=True
5686,300213.SZ,佳讯飞鸿,A,-32.563256198673116,2025-07-31,9.09000015258789,2026-07-31,6.130000114440918,Yahoo Finance yfinance auto_adjust=True
5687,605500.SH,森林包装,A,-32.566870599723316,2025-07-31,9.742985725402832,2026-07-31,6.570000171661377,Yahoo Finance yfinance auto_adjust=True
5688,605108.SH,同庆楼,A,-32.575314466548875,2025-07-31,18.939651489257812,2026-07-31,12.770000457763672,Yahoo Finance yfinance auto_adjust=True
5689,300994.SZ,久祺股份,A,-32.575461105922784,2025-07-31,15.854761123657227,2026-07-31,10.6899995803833,Yahoo Finance yfinance auto_adjust=True
5690,605398.SH,新炬网络,A,-32.590634527620956,2025-07-31,29.966163635253906,2026-07-31,20.200000762939453,Yahoo Finance yfinance auto_adjust=True
5691,600318.SH,新力金融,A,-32.60906253796041,2025-07-31,9.71940803527832,2026-07-31,6.550000190734863,Yahoo Finance yfinance auto_adjust=True
5692,002689.SZ,ST远智,A,-32.61054536059342,2025-07-31,3.8581702709198,2026-07-31,2.5999999046325684,Yahoo Finance yfinance auto_adjust=True
5693,002315.SZ,焦点科技,A,-32.61782640610379,2025-07-31,39.90669631958008,2026-07-31,26.889999389648438,Yahoo Finance yfinance auto_adjust=True
5694,600606.SH,绿地控股,A,-32.642487686699205,2025-07-31,1.9299999475479126,2026-07-31,1.2999999523162842,Yahoo Finance yfinance auto_adjust=True
5695,01351.HK,辉煌明天,HK,-32.64705890087107,2025-08-01,0.3400000035762787,2026-07-31,0.2290000021457672,Yahoo Finance chart adjclose
5696,688505.SH,复旦张江,A,-32.65494979447481,2025-07-31,10.8100004196167,2026-07-31,7.28000020980835,Yahoo Finance yfinance auto_adjust=True
5697,301151.SZ,冠龙节能,A,-32.67121629681582,2025-07-31,22.724308013916016,2026-07-31,15.300000190734863,Yahoo Finance yfinance auto_adjust=True
5698,000707.SZ,双环科技,A,-32.674773864685505,2025-07-31,6.579999923706055,2026-07-31,4.429999828338623,Yahoo Finance yfinance auto_adjust=True
5699,002987.SZ,京北方,A,-32.708801291403844,2025-07-31,16.941293716430664,2026-07-31,11.399999618530273,Yahoo Finance yfinance auto_adjust=True
5700,01073.HK,大禹金融,HK,-32.73282843844704,2025-08-01,0.14866092801094055,2026-07-31,0.10000000149011612,Yahoo Finance chart adjclose
5701,301173.SZ,毓恬冠佳,A,-32.75560501777025,2025-07-31,44.107765197753906,2026-07-31,29.65999984741211,Yahoo Finance yfinance auto_adjust=True
5702,300101.SZ,振芯科技,A,-32.82194488374351,2025-07-31,21.510000228881836,2026-07-31,14.449999809265137,Yahoo Finance yfinance auto_adjust=True
5703,603630.SH,拉芳家化,A,-32.850679201658096,2025-07-31,22.100000381469727,2026-07-31,14.84000015258789,Yahoo Finance yfinance auto_adjust=True
5704,300930.SZ,屹通新材,A,-32.85729648718121,2025-07-31,34.47880172729492,2026-07-31,23.149999618530273,Yahoo Finance yfinance auto_adjust=True
5705,603908.SH,牧高笛,A,-32.86151627069116,2025-07-31,26.139999389648438,2026-07-31,17.549999237060547,Yahoo Finance yfinance auto_adjust=True
5706,01713.HK,四川能投发展,HK,-32.89678895752175,2025-08-01,2.742044687271118,2026-07-31,1.840000033378601,Yahoo Finance chart adjclose
5707,300603.SZ,立昂技术,A,-32.8981706550838,2025-07-31,11.489999771118164,2026-07-31,7.710000038146973,Yahoo Finance yfinance auto_adjust=True
5708,300572.SZ,安车检测,A,-32.94886435759421,2025-07-31,26.010000228881836,2026-07-31,17.440000534057617,Yahoo Finance yfinance auto_adjust=True
5709,688078.SH,龙软科技,A,-32.97775418863858,2025-07-31,32.810001373291016,2026-07-31,21.989999771118164,Yahoo Finance yfinance auto_adjust=True
5710,600657.SH,信达地产,A,-32.9870133087112,2025-07-31,3.8499999046325684,2026-07-31,2.5799999237060547,Yahoo Finance yfinance auto_adjust=True
5711,01304.HK,FORTIOR,HK,-32.988557655357184,2025-08-01,149.37747192382812,2026-07-31,100.0999984741211,Yahoo Finance chart adjclose
5712,300876.SZ,蒙泰高新,A,-33.01364959314791,2025-07-31,20.407142639160156,2026-07-31,13.670000076293945,Yahoo Finance yfinance auto_adjust=True
5713,001367.SZ,海森药业,A,-33.01682956219232,2025-07-31,26.424549102783203,2026-07-31,17.700000762939453,Yahoo Finance yfinance auto_adjust=True
5714,603615.SH,茶花股份,A,-33.0360690142898,2025-07-31,22.41505241394043,2026-07-31,15.010000228881836,Yahoo Finance yfinance auto_adjust=True
5715,001221.SZ,悍高集团,A,-33.039498857841224,2025-07-31,59.61723327636719,2026-07-31,39.91999816894531,Yahoo Finance yfinance auto_adjust=True
5716,300859.SZ,西域旅游,A,-33.06565692548896,2025-07-31,38.33607482910156,2026-07-31,25.65999984741211,Yahoo Finance yfinance auto_adjust=True
5717,01008.HK,力图控股,HK,-33.08702578017153,2025-08-01,0.243599995970726,2026-07-31,0.16300000250339508,Yahoo Finance chart adjclose
5718,02669.HK,中海物业,HK,-33.089774227470194,2025-08-01,5.141217231750488,2026-07-31,3.440000057220459,Yahoo Finance chart adjclose
5719,002883.SZ,中设股份,A,-33.12303361085155,2025-07-31,12.680000305175781,2026-07-31,8.479999542236328,Yahoo Finance yfinance auto_adjust=True
5720,688466.SH,金科环境,A,-33.13752805836562,2025-07-31,19.00916862487793,2026-07-31,12.710000038146973,Yahoo Finance yfinance auto_adjust=True
5721,002892.SZ,科力尔,A,-33.14815782944548,2025-07-31,14.210528373718262,2026-07-31,9.5,Yahoo Finance yfinance auto_adjust=True
5722,688552.SH,航天南湖,A,-33.17578639514211,2025-07-31,38.159820556640625,2026-07-31,25.5,Yahoo Finance yfinance auto_adjust=True
5723,301258.SZ,富士莱,A,-33.17926464977483,2025-07-31,34.88438034057617,2026-07-31,23.309999465942383,Yahoo Finance yfinance auto_adjust=True
5724,000565.SZ,渝三峡Ａ,A,-33.21069054649725,2025-07-31,8.369603157043457,2026-07-31,5.590000152587891,Yahoo Finance yfinance auto_adjust=True
5725,300537.SZ,广信材料,A,-33.21692363692669,2025-07-31,25.770000457763672,2026-07-31,17.209999084472656,Yahoo Finance yfinance auto_adjust=True
5726,300121.SZ,阳谷华泰,A,-33.22668638973778,2025-07-31,13.987624168395996,2026-07-31,9.34000015258789,Yahoo Finance yfinance auto_adjust=True
5727,01497.HK,燕之屋,HK,-33.237282872438755,2025-08-01,7.923583984375,2026-07-31,5.289999961853027,Yahoo Finance chart adjclose
5728,01375.HK,中州证券,HK,-33.238683098796294,2025-08-01,2.5913209915161133,2026-07-31,1.7300000190734863,Yahoo Finance chart adjclose
5729,601003.SH,柳钢股份,A,-33.27822778837648,2025-07-31,6.174895763397217,2026-07-31,4.119999885559082,Yahoo Finance yfinance auto_adjust=True
5730,688360.SH,德马科技,A,-33.27927618826947,2025-07-31,21.402645111083984,2026-07-31,14.279999732971191,Yahoo Finance yfinance auto_adjust=True
5731,002038.SZ,双鹭药业,A,-33.292986115583965,2025-07-31,8.424901008605957,2026-07-31,5.619999885559082,Yahoo Finance yfinance auto_adjust=True
5732,600611.SH,大众交通,A,-33.293166350063444,2025-07-31,6.176278591156006,2026-07-31,4.119999885559082,Yahoo Finance yfinance auto_adjust=True
5733,301263.SZ,泰恩康,A,-33.30625476448815,2025-07-31,30.72252082824707,2026-07-31,20.489999771118164,Yahoo Finance yfinance auto_adjust=True
5734,02608.HK,阳光100中国,HK,-33.333333333333336,2025-08-01,0.014999999664723873,2026-07-31,0.009999999776482582,Yahoo Finance chart adjclose
5735,08179.HK,百利达集团控股,HK,-33.333333333333336,2025-08-01,0.014999999664723873,2026-07-31,0.009999999776482582,Yahoo Finance chart adjclose
5736,08445.HK,怡康泰工程集团,HK,-33.33333747254461,2025-08-01,0.18000000715255737,2026-07-31,0.11999999731779099,Yahoo Finance chart adjclose
5737,01701.HK,途屹控股,HK,-33.33333793245704,2025-08-01,0.1080000028014183,2026-07-31,0.07199999690055847,Yahoo Finance chart adjclose
5738,688298.SH,东方生物,A,-33.36860975142908,2025-07-31,28.350000381469727,2026-07-31,18.889999389648438,Yahoo Finance yfinance auto_adjust=True
5739,300892.SZ,品渥食品,A,-33.369022965918504,2025-07-31,33.107723236083984,2026-07-31,22.059999465942383,Yahoo Finance yfinance auto_adjust=True
5740,603210.SH,泰鸿万立,A,-33.37437955757666,2025-07-31,20.382549285888672,2026-07-31,13.579999923706055,Yahoo Finance yfinance auto_adjust=True
5741,002905.SZ,金逸影视,A,-33.393665099792734,2025-07-31,11.050000190734863,2026-07-31,7.360000133514404,Yahoo Finance yfinance auto_adjust=True
5742,02172.HK,微创脑科学,HK,-33.40753897428187,2025-08-01,13.439959526062012,2026-07-31,8.949999809265137,Yahoo Finance chart adjclose
5743,300631.SZ,久吾高科,A,-33.411231568200996,2025-07-31,30.335447311401367,2026-07-31,20.200000762939453,Yahoo Finance yfinance auto_adjust=True
5744,301268.SZ,铭利达,A,-33.42022807831944,2025-07-31,19.18000030517578,2026-07-31,12.770000457763672,Yahoo Finance yfinance auto_adjust=True
5745,300817.SZ,双飞集团,A,-33.49772207088626,2025-07-31,21.99924659729004,2026-07-31,14.630000114440918,Yahoo Finance yfinance auto_adjust=True
5746,301022.SZ,海泰科,A,-33.507329345882944,2025-07-31,32.9810791015625,2026-07-31,21.93000030517578,Yahoo Finance yfinance auto_adjust=True
5747,06865.HK,福莱特玻璃,HK,-33.51312589721799,2025-08-01,10.453190803527832,2026-07-31,6.949999809265137,Yahoo Finance chart adjclose
5748,300032.SZ,金龙机电,A,-33.5216570729005,2025-07-31,5.309999942779541,2026-07-31,3.5299999713897705,Yahoo Finance yfinance auto_adjust=True
5749,08402.HK,高原之宝,HK,-33.57142727898093,2025-08-01,0.14000000059604645,2026-07-31,0.09300000220537186,Yahoo Finance chart adjclose
5750,600609.SH,金杯汽车,A,-33.5756252562683,2025-07-31,4.968055725097656,2026-07-31,3.299999952316284,Yahoo Finance yfinance auto_adjust=True
5751,301296.SZ,新巨丰,A,-33.61702101756242,2025-07-31,9.399999618530273,2026-07-31,6.239999771118164,Yahoo Finance yfinance auto_adjust=True
5752,01951.HK,锦欣生殖,HK,-33.62149540889375,2025-08-01,3.2691307067871094,2026-07-31,2.1700000762939453,Yahoo Finance chart adjclose
5753,002835.SZ,同为股份,A,-33.632863036887805,2025-07-31,17.779884338378906,2026-07-31,11.800000190734863,Yahoo Finance yfinance auto_adjust=True
5754,001391.SZ,国货航,A,-33.64457122670106,2025-07-31,6.570675849914551,2026-07-31,4.360000133514404,Yahoo Finance yfinance auto_adjust=True
5755,300691.SZ,联合光电,A,-33.66596897513274,2025-07-31,19.040000915527344,2026-07-31,12.630000114440918,Yahoo Finance yfinance auto_adjust=True
5756,600192.SH,长城电工,A,-33.67037699641201,2025-07-31,9.890000343322754,2026-07-31,6.559999942779541,Yahoo Finance yfinance auto_adjust=True
5757,688789.SH,宏华数科,A,-33.67484016150816,2025-07-31,70.00360107421875,2026-07-31,46.43000030517578,Yahoo Finance yfinance auto_adjust=True
5758,300624.SZ,万兴科技,A,-33.70090580037227,2025-07-31,80.70999908447266,2026-07-31,53.5099983215332,Yahoo Finance yfinance auto_adjust=True
5759,688581.SH,安杰思,A,-33.704722305358246,2025-07-31,79.10065460205078,2026-07-31,52.439998626708984,Yahoo Finance yfinance auto_adjust=True
5760,000856.SZ,冀东装备,A,-33.71195229207956,2025-07-31,11.404770851135254,2026-07-31,7.559999942779541,Yahoo Finance yfinance auto_adjust=True
5761,001206.SZ,依依股份,A,-33.728856108449214,2025-07-31,23.781089782714844,2026-07-31,15.760000228881836,Yahoo Finance yfinance auto_adjust=True
5762,603039.SH,泛微网络,A,-33.744255474353956,2025-07-31,56.478118896484375,2026-07-31,37.41999816894531,Yahoo Finance yfinance auto_adjust=True
5763,01137.HK,香港科技探索,HK,-33.75000456348055,2025-08-01,1.600000023841858,2026-07-31,1.059999942779541,Yahoo Finance chart adjclose
5764,01777.HK,花样年控股,HK,-33.78378636890119,2025-08-01,0.07400000095367432,2026-07-31,0.04899999871850014,Yahoo Finance chart adjclose
5765,002403.SZ,爱仕达,A,-33.81712581795049,2025-07-31,13.779999732971191,2026-07-31,9.119999885559082,Yahoo Finance yfinance auto_adjust=True
5766,000519.SZ,中兵红箭,A,-33.823235823865794,2025-07-31,21.744792938232422,2026-07-31,14.390000343322754,Yahoo Finance yfinance auto_adjust=True
5767,300547.SZ,川环科技,A,-33.834812302888615,2025-07-31,34.39875411987305,2026-07-31,22.760000228881836,Yahoo Finance yfinance auto_adjust=True
5768,001201.SZ,东瑞股份,A,-33.83986387484048,2025-07-31,17.110000610351562,2026-07-31,11.319999694824219,Yahoo Finance yfinance auto_adjust=True
5769,002194.SZ,武汉凡谷,A,-33.86123449182465,2025-07-31,13.260000228881836,2026-07-31,8.770000457763672,Yahoo Finance yfinance auto_adjust=True
5770,002932.SZ,明德生物,A,-33.8614777919517,2025-07-31,22.09000015258789,2026-07-31,14.609999656677246,Yahoo Finance yfinance auto_adjust=True
5771,603583.SH,捷昌驱动,A,-33.868647715322645,2025-07-31,37.228939056396484,2026-07-31,24.6200008392334,Yahoo Finance yfinance auto_adjust=True
5772,002190.SZ,成飞集成,A,-33.872831879228,2025-07-31,34.599998474121094,2026-07-31,22.8799991607666,Yahoo Finance yfinance auto_adjust=True
5773,688429.SH,时创能源,A,-33.88090298142359,2025-07-31,14.609999656677246,2026-07-31,9.65999984741211,Yahoo Finance yfinance auto_adjust=True
5774,002681.SZ,奋达科技,A,-33.89313286080592,2025-07-31,6.550000190734863,2026-07-31,4.329999923706055,Yahoo Finance yfinance auto_adjust=True
5775,06117.HK,日照港裕廊,HK,-33.89578413332986,2025-08-01,0.8925300240516663,2026-07-31,0.5899999737739563,Yahoo Finance chart adjclose
5776,300474.SZ,景嘉微,A,-33.91959864016583,2025-07-31,79.5999984741211,2026-07-31,52.599998474121094,Yahoo Finance yfinance auto_adjust=True
5777,300778.SZ,新城市,A,-33.9215716951461,2025-07-31,15.300000190734863,2026-07-31,10.109999656677246,Yahoo Finance yfinance auto_adjust=True
5778,002110.SZ,三钢闽光,A,-33.92261152726789,2025-07-31,4.9336090087890625,2026-07-31,3.259999990463257,Yahoo Finance yfinance auto_adjust=True
5779,001388.SZ,信通电子,A,-33.94969227960106,2025-07-31,30.0528507232666,2026-07-31,19.850000381469727,Yahoo Finance yfinance auto_adjust=True
5780,688023.SH,安恒信息,A,-33.973291770329,2025-07-31,59.900001525878906,2026-07-31,39.54999923706055,Yahoo Finance yfinance auto_adjust=True
5781,600930.SH,华电新能,A,-33.97828895180107,2025-07-31,6.437276363372803,2026-07-31,4.25,Yahoo Finance yfinance auto_adjust=True
5782,300240.SZ,飞力达,A,-33.98346049015102,2025-07-31,8.24035930633545,2026-07-31,5.440000057220459,Yahoo Finance yfinance auto_adjust=True
5783,002304.SZ,洋河股份,A,-33.984314463979295,2025-07-31,64.98455810546875,2026-07-31,42.900001525878906,Yahoo Finance yfinance auto_adjust=True
5784,603166.SH,福达股份,A,-34.080019313241785,2025-07-31,16.32282066345215,2026-07-31,10.760000228881836,Yahoo Finance yfinance auto_adjust=True
5785,002161.SZ,远 望 谷,A,-34.092742728954306,2025-07-31,8.238849639892578,2026-07-31,5.429999828338623,Yahoo Finance yfinance auto_adjust=True
5786,02496.HK,友芝友生物-B,HK,-34.107140713200245,2025-08-01,5.599999904632568,2026-07-31,3.690000057220459,Yahoo Finance chart adjclose
5787,02595.HK,劲方医药-B,HK,-34.109261813465466,2025-09-19,42.099998474121094,2026-07-31,27.739999771118164,Yahoo Finance chart adjclose
5788,600104.SH,上汽集团,A,-34.10943251605259,2025-07-31,17.18000030517578,2026-07-31,11.319999694824219,Yahoo Finance yfinance auto_adjust=True
5789,002908.SZ,德生科技,A,-34.143179719574654,2025-07-31,10.249507904052734,2026-07-31,6.75,Yahoo Finance yfinance auto_adjust=True
5790,002721.SZ,金一文化,A,-34.14634067546244,2025-07-31,3.690000057220459,2026-07-31,2.430000066757202,Yahoo Finance yfinance auto_adjust=True
5791,688132.SH,邦彦技术,A,-34.18367669662793,2025-07-31,19.600000381469727,2026-07-31,12.899999618530273,Yahoo Finance yfinance auto_adjust=True
5792,688236.SH,春立医疗,A,-34.19874050476272,2025-07-31,21.67131805419922,2026-07-31,14.260000228881836,Yahoo Finance yfinance auto_adjust=True
5793,603677.SH,奇精机械,A,-34.20079556084797,2025-07-31,19.392332077026367,2026-07-31,12.760000228881836,Yahoo Finance yfinance auto_adjust=True
5794,300766.SZ,每日互动,A,-34.20540164525673,2025-07-31,35.93000030517578,2026-07-31,23.639999389648438,Yahoo Finance yfinance auto_adjust=True
5795,000099.SZ,中信海直,A,-34.20657052169371,2025-07-31,21.97787857055664,2026-07-31,14.460000038146973,Yahoo Finance yfinance auto_adjust=True
5796,688443.SH,智翔金泰,A,-34.221432456141144,2025-07-31,33.779998779296875,2026-07-31,22.219999313354492,Yahoo Finance yfinance auto_adjust=True
5797,002527.SZ,新时达,A,-34.25314944219492,2025-07-31,16.670000076293945,2026-07-31,10.960000038146973,Yahoo Finance yfinance auto_adjust=True
5798,02293.HK,百本医护,HK,-34.2737663963001,2025-08-01,0.5629411339759827,2026-07-31,0.3700000047683716,Yahoo Finance chart adjclose
5799,600560.SH,金自天正,A,-34.28917815868336,2025-07-31,16.31390380859375,2026-07-31,10.720000267028809,Yahoo Finance yfinance auto_adjust=True
5800,600518.SH,康美药业,A,-34.299514098313,2025-07-31,2.069999933242798,2026-07-31,1.3600000143051147,Yahoo Finance yfinance auto_adjust=True
5801,600620.SH,天宸股份,A,-34.29951854036538,2025-07-31,6.210000038146973,2026-07-31,4.079999923706055,Yahoo Finance yfinance auto_adjust=True
5802,603529.SH,爱玛科技,A,-34.34104566333237,2025-07-31,33.171409606933594,2026-07-31,21.780000686645508,Yahoo Finance yfinance auto_adjust=True
5803,600463.SH,空港股份,A,-34.34256161696959,2025-07-31,11.5600004196167,2026-07-31,7.590000152587891,Yahoo Finance yfinance auto_adjust=True
5804,300148.SZ,天舟文化,A,-34.36893103203392,2025-07-31,5.150000095367432,2026-07-31,3.380000114440918,Yahoo Finance yfinance auto_adjust=True
5805,301208.SZ,中亦科技,A,-34.37542673672232,2025-07-31,44.388858795166016,2026-07-31,29.1299991607666,Yahoo Finance yfinance auto_adjust=True
5806,001323.SZ,慕思股份,A,-34.38037657002896,2025-07-31,27.049835205078125,2026-07-31,17.75,Yahoo Finance yfinance auto_adjust=True
5807,300363.SZ,博腾股份,A,-34.4029461462241,2025-07-31,23.690088272094727,2026-07-31,15.539999961853027,Yahoo Finance yfinance auto_adjust=True
5808,600416.SH,湘电股份,A,-34.45559030424739,2025-07-31,13.960000038146973,2026-07-31,9.149999618530273,Yahoo Finance yfinance auto_adjust=True
5809,02580.HK,奥克斯电气,HK,-34.46601643977164,2025-09-02,16.479999542236328,2026-07-31,10.800000190734863,Yahoo Finance chart adjclose
5810,603214.SH,爱婴室,A,-34.4783698720918,2025-07-31,19.810251235961914,2026-07-31,12.979999542236328,Yahoo Finance yfinance auto_adjust=True
5811,08172.HK,拉近网娱,HK,-34.48275755758657,2025-08-01,0.28999999165534973,2026-07-31,0.1899999976158142,Yahoo Finance chart adjclose
5812,603683.SH,晶华新材,A,-34.49140522848712,2025-07-31,21.386507034301758,2026-07-31,14.010000228881836,Yahoo Finance yfinance auto_adjust=True
5813,301522.SZ,上大股份,A,-34.512503071117365,2025-07-31,35.136478424072266,2026-07-31,23.010000228881836,Yahoo Finance yfinance auto_adjust=True
5814,002630.SZ,ST华西,A,-34.53815305266264,2025-07-31,2.490000009536743,2026-07-31,1.6299999952316284,Yahoo Finance yfinance auto_adjust=True
5815,688501.SH,青达环保,A,-34.55598064637616,2025-07-31,25.899999618530273,2026-07-31,16.950000762939453,Yahoo Finance yfinance auto_adjust=True
5816,300925.SZ,法本信息,A,-34.55667241585614,2025-07-31,23.623493194580078,2026-07-31,15.460000038146973,Yahoo Finance yfinance auto_adjust=True
5817,300543.SZ,朗科智能,A,-34.56166922442752,2025-07-31,11.400046348571777,2026-07-31,7.460000038146973,Yahoo Finance yfinance auto_adjust=True
5818,688499.SH,利元亨,A,-34.57640373780504,2025-07-31,52.290000915527344,2026-07-31,34.209999084472656,Yahoo Finance yfinance auto_adjust=True
5819,08293.HK,星亚控股,HK,-34.59119131414094,2025-08-01,0.1589999943971634,2026-07-31,0.10400000214576721,Yahoo Finance chart adjclose
5820,688299.SH,长阳科技,A,-34.6196860789892,2025-07-31,17.8799991607666,2026-07-31,11.6899995803833,Yahoo Finance yfinance auto_adjust=True
5821,603113.SH,金能科技,A,-34.6447614789758,2025-07-31,6.854844570159912,2026-07-31,4.480000019073486,Yahoo Finance yfinance auto_adjust=True
5822,002852.SZ,道道全,A,-34.65590029540354,2025-07-31,11.799076080322266,2026-07-31,7.710000038146973,Yahoo Finance yfinance auto_adjust=True
5823,300779.SZ,惠城环保,A,-34.66216407155171,2025-07-31,121.49162292480469,2026-07-31,79.37999725341797,Yahoo Finance yfinance auto_adjust=True
5824,688755.SH,汉邦科技,A,-34.67885966676335,2025-07-31,36.022029876708984,2026-07-31,23.530000686645508,Yahoo Finance yfinance auto_adjust=True
5825,87001.HK,汇贤产业信托,HK,-34.73626534470935,2025-08-01,0.5745916962623596,2026-07-31,0.375,Yahoo Finance chart adjclose
5826,301009.SZ,可靠股份,A,-34.74159082736252,2025-07-31,13.607441902160645,2026-07-31,8.880000114440918,Yahoo Finance yfinance auto_adjust=True
5827,08329.HK,海王英特龙,HK,-34.75609889064493,2025-08-01,0.164000004529953,2026-07-31,0.10700000077486038,Yahoo Finance chart adjclose
5828,600129.SH,太极集团,A,-34.766434954169625,2025-07-31,24.190000534057617,2026-07-31,15.779999732971191,Yahoo Finance yfinance auto_adjust=True
5829,603313.SH,梦百合,A,-34.787729854641135,2025-07-31,8.479999542236328,2026-07-31,5.53000020980835,Yahoo Finance yfinance auto_adjust=True
5830,002599.SZ,盛通股份,A,-34.808236669804224,2025-07-31,9.433707237243652,2026-07-31,6.150000095367432,Yahoo Finance yfinance auto_adjust=True
5831,688247.SH,宣泰医药,A,-34.82146908717873,2025-07-31,12.672884941101074,2026-07-31,8.260000228881836,Yahoo Finance yfinance auto_adjust=True
5832,01833.HK,平安好医生,HK,-34.83333190282186,2025-08-01,12.0,2026-07-31,7.820000171661377,Yahoo Finance chart adjclose
5833,300500.SZ,启迪设计,A,-34.85074783014177,2025-07-31,13.399999618530273,2026-07-31,8.729999542236328,Yahoo Finance yfinance auto_adjust=True
5834,01120.HK,雅视光学,HK,-34.862389284375716,2025-08-01,1.090000033378601,2026-07-31,0.7099999785423279,Yahoo Finance chart adjclose
5835,06669.HK,先瑞达医疗-B,HK,-34.98349679169635,2025-08-01,12.119999885559082,2026-07-31,7.880000114440918,Yahoo Finance chart adjclose
5836,603322.SH,超讯通信,A,-34.9973983486308,2025-07-31,38.459999084472656,2026-07-31,25.0,Yahoo Finance yfinance auto_adjust=True
5837,002085.SZ,万丰奥威,A,-35.00299540509994,2025-07-31,16.339214324951172,2026-07-31,10.619999885559082,Yahoo Finance yfinance auto_adjust=True
5838,300276.SZ,三丰智能,A,-35.00491559560383,2025-07-31,10.170000076293945,2026-07-31,6.610000133514404,Yahoo Finance yfinance auto_adjust=True
5839,300920.SZ,润阳科技,A,-35.027574360780356,2025-07-31,41.54069900512695,2026-07-31,26.989999771118164,Yahoo Finance yfinance auto_adjust=True
5840,688327.SH,云从科技,A,-35.05782180093643,2025-07-31,16.43000030517578,2026-07-31,10.670000076293945,Yahoo Finance yfinance auto_adjust=True
5841,300614.SZ,百川畅银,A,-35.064935572879584,2025-07-31,14.630000114440918,2026-07-31,9.5,Yahoo Finance yfinance auto_adjust=True
5842,01686.HK,新意网集团,HK,-35.075890603491885,2025-08-01,7.439455032348633,2026-07-31,4.829999923706055,Yahoo Finance chart adjclose
5843,600055.SH,万东医疗,A,-35.0887201013264,2025-07-31,17.469999313354492,2026-07-31,11.34000015258789,Yahoo Finance yfinance auto_adjust=True
5844,300595.SZ,欧普康视,A,-35.089105386261146,2025-07-31,17.670377731323242,2026-07-31,11.470000267028809,Yahoo Finance yfinance auto_adjust=True
5845,300123.SZ,亚光科技,A,-35.09317094412053,2025-07-31,6.440000057220459,2026-07-31,4.179999828338623,Yahoo Finance yfinance auto_adjust=True
5846,301255.SZ,通力科技,A,-35.09380999915797,2025-07-31,29.673595428466797,2026-07-31,19.260000228881836,Yahoo Finance yfinance auto_adjust=True
5847,300075.SZ,数字政通,A,-35.09971032209306,2025-07-31,17.549999237060547,2026-07-31,11.390000343322754,Yahoo Finance yfinance auto_adjust=True
5848,301590.SZ,优优绿能,A,-35.10539659759539,2025-07-31,107.51278686523438,2026-07-31,69.7699966430664,Yahoo Finance yfinance auto_adjust=True
5849,003015.SZ,日久光电,A,-35.1097586387432,2025-07-31,16.07329559326172,2026-07-31,10.430000305175781,Yahoo Finance yfinance auto_adjust=True
5850,300266.SZ,兴源环境,A,-35.12544919257282,2025-07-31,2.7899999618530273,2026-07-31,1.809999942779541,Yahoo Finance yfinance auto_adjust=True
5851,600161.SH,天坛生物,A,-35.149723823433256,2025-07-31,19.784032821655273,2026-07-31,12.829999923706055,Yahoo Finance yfinance auto_adjust=True
5852,002843.SZ,泰嘉股份,A,-35.16059916068494,2025-07-31,23.350000381469727,2026-07-31,15.140000343322754,Yahoo Finance yfinance auto_adjust=True
5853,08003.HK,世大控股,HK,-35.18518659047298,2025-08-01,0.1080000028014183,2026-07-31,0.07000000029802322,Yahoo Finance chart adjclose
5854,02408.HK,遇见小面,HK,-35.195197401254354,2025-12-05,5.030491352081299,2026-07-31,3.259999990463257,Yahoo Finance chart adjclose
5855,688151.SH,华强科技,A,-35.21737026476993,2025-07-31,24.713415145874023,2026-07-31,16.010000228881836,Yahoo Finance yfinance auto_adjust=True
5856,002103.SZ,广博股份,A,-35.23622025071121,2025-07-31,10.15999984741211,2026-07-31,6.579999923706055,Yahoo Finance yfinance auto_adjust=True
5857,002719.SZ,麦趣尔,A,-35.25640849295917,2025-07-31,9.359999656677246,2026-07-31,6.059999942779541,Yahoo Finance yfinance auto_adjust=True
5858,01610.HK,中粮家佳康,HK,-35.260116045074064,2025-08-01,1.7300000190734863,2026-07-31,1.1200000047683716,Yahoo Finance chart adjclose
5859,603275.SH,众辰科技,A,-35.26991545362957,2025-07-31,54.22517013549805,2026-07-31,35.099998474121094,Yahoo Finance yfinance auto_adjust=True
5860,300188.SZ,国投智能,A,-35.27316199664515,2025-07-31,16.84000015258789,2026-07-31,10.899999618530273,Yahoo Finance yfinance auto_adjust=True
5861,301096.SZ,百诚医药,A,-35.295125404336694,2025-07-31,58.45000076293945,2026-07-31,37.81999969482422,Yahoo Finance yfinance auto_adjust=True
5862,301581.SZ,黄山谷捷,A,-35.30501395083068,2025-07-31,53.23441696166992,2026-07-31,34.439998626708984,Yahoo Finance yfinance auto_adjust=True
5863,300256.SZ,星星科技,A,-35.323385150033495,2025-07-31,4.019999980926514,2026-07-31,2.5999999046325684,Yahoo Finance yfinance auto_adjust=True
5864,08286.HK,长城微光,HK,-35.32933797797483,2025-08-01,0.16699999570846558,2026-07-31,0.1080000028014183,Yahoo Finance chart adjclose
5865,605336.SH,帅丰电器,A,-35.34212182413887,2025-07-31,15.930000305175781,2026-07-31,10.300000190734863,Yahoo Finance yfinance auto_adjust=True
5866,000525.SZ,红太阳,A,-35.367547534579955,2025-07-31,7.210000038146973,2026-07-31,4.659999847412109,Yahoo Finance yfinance auto_adjust=True
5867,300027.SZ,华谊兄弟,A,-35.379062304025524,2025-07-31,2.7699999809265137,2026-07-31,1.7899999618530273,Yahoo Finance yfinance auto_adjust=True
5868,688278.SH,特宝生物,A,-35.39151819965206,2025-07-31,90.31321716308594,2026-07-31,58.349998474121094,Yahoo Finance yfinance auto_adjust=True
5869,02490.HK,乐舱物流,HK,-35.40304536964592,2025-08-01,7.95703125,2026-07-31,5.139999866485596,Yahoo Finance chart adjclose
5870,08005.HK,裕兴科技,HK,-35.45454299154359,2025-08-01,0.10999999940395355,2026-07-31,0.07100000232458115,Yahoo Finance chart adjclose
5871,688169.SH,石头科技,A,-35.46517537691034,2025-07-31,172.4805145263672,2026-07-31,111.30999755859375,Yahoo Finance yfinance auto_adjust=True
5872,688606.SH,奥泰生物,A,-35.47110127899706,2025-07-31,69.17830657958984,2026-07-31,44.63999938964844,Yahoo Finance yfinance auto_adjust=True
5873,02179.HK,瑞科生物-B,HK,-35.51281939988699,2025-08-01,7.800000190734863,2026-07-31,5.03000020980835,Yahoo Finance chart adjclose
5874,300653.SZ,正海生物,A,-35.516231376417764,2025-07-31,22.14510726928711,2026-07-31,14.279999732971191,Yahoo Finance yfinance auto_adjust=True
5875,688232.SH,新点软件,A,-35.55640407192787,2025-07-31,29.15728187561035,2026-07-31,18.790000915527344,Yahoo Finance yfinance auto_adjust=True
5876,300479.SZ,神思电子,A,-35.55973818545116,2025-07-31,21.260000228881836,2026-07-31,13.699999809265137,Yahoo Finance yfinance auto_adjust=True
5877,01756.HK,中国科教产业,HK,-35.59321828424083,2025-08-01,0.5899999737739563,2026-07-31,0.3799999952316284,Yahoo Finance chart adjclose
5878,02121.HK,创新奇智,HK,-35.59322218825094,2025-08-01,5.900000095367432,2026-07-31,3.799999952316284,Yahoo Finance chart adjclose
5879,603229.SH,奥翔药业,A,-35.61484599110988,2025-07-31,11.524395942687988,2026-07-31,7.420000076293945,Yahoo Finance yfinance auto_adjust=True
5880,01029.HK,铁货,HK,-35.61644020168252,2025-08-01,0.7300000190734863,2026-07-31,0.4699999988079071,Yahoo Finance chart adjclose
5881,300378.SZ,鼎捷数智,A,-35.620593145853306,2025-07-31,52.37699890136719,2026-07-31,33.720001220703125,Yahoo Finance yfinance auto_adjust=True
5882,300077.SZ,国民技术,A,-35.62623944483489,2025-07-31,25.149999618530273,2026-07-31,16.190000534057617,Yahoo Finance yfinance auto_adjust=True
5883,603176.SH,汇通集团,A,-35.643506727204255,2025-07-31,6.619379043579102,2026-07-31,4.260000228881836,Yahoo Finance yfinance auto_adjust=True
5884,688656.SH,浩欧博,A,-35.649841522892736,2025-07-31,125.09681701660156,2026-07-31,80.5,Yahoo Finance yfinance auto_adjust=True
5885,603273.SH,天元智能,A,-35.666463093008794,2025-07-31,21.031021118164062,2026-07-31,13.529999732971191,Yahoo Finance yfinance auto_adjust=True
5886,002651.SZ,利君股份,A,-35.669082885719035,2025-07-31,12.140352249145508,2026-07-31,7.809999942779541,Yahoo Finance yfinance auto_adjust=True
5887,600592.SH,龙溪股份,A,-35.69838929336208,2025-07-31,21.336946487426758,2026-07-31,13.720000267028809,Yahoo Finance yfinance auto_adjust=True
5888,603589.SH,口子窖,A,-35.70993572148022,2025-07-31,32.415584564208984,2026-07-31,20.84000015258789,Yahoo Finance yfinance auto_adjust=True
5889,300564.SZ,筑博设计,A,-35.720352967014726,2025-07-31,17.96836280822754,2026-07-31,11.550000190734863,Yahoo Finance yfinance auto_adjust=True
5890,300333.SZ,兆日科技,A,-35.72463939881477,2025-07-31,13.800000190734863,2026-07-31,8.869999885559082,Yahoo Finance yfinance auto_adjust=True
5891,301560.SZ,众捷汽车,A,-35.7287339448573,2025-07-31,34.696685791015625,2026-07-31,22.299999237060547,Yahoo Finance yfinance auto_adjust=True
5892,301668.SZ,昊创瑞通,A,-35.74235345669848,2025-09-26,60.4597282409668,2026-07-31,38.849998474121094,Yahoo Finance yfinance auto_adjust=True
5893,603260.SH,合盛硅业,A,-35.74932773746663,2025-07-31,52.20178985595703,2026-07-31,33.540000915527344,Yahoo Finance yfinance auto_adjust=True
5894,002365.SZ,永安药业,A,-35.76375235879784,2025-07-31,19.412715911865234,2026-07-31,12.470000267028809,Yahoo Finance yfinance auto_adjust=True
5895,605499.SH,东鹏饮料,A,-35.80759393094414,2025-07-31,211.707275390625,2026-07-31,135.89999389648438,Yahoo Finance yfinance auto_adjust=True
5896,002649.SZ,博彦科技,A,-35.81688005877742,2025-07-31,14.287245750427246,2026-07-31,9.170000076293945,Yahoo Finance yfinance auto_adjust=True
5897,300267.SZ,尔康制药,A,-35.820896508748845,2025-07-31,4.690000057220459,2026-07-31,3.009999990463257,Yahoo Finance yfinance auto_adjust=True
5898,301533.SZ,威马农机,A,-35.848943021167024,2025-07-31,38.908164978027344,2026-07-31,24.959999084472656,Yahoo Finance yfinance auto_adjust=True
5899,02616.HK,基石药业-B,HK,-35.90503978689764,2025-08-01,6.739999771118164,2026-07-31,4.320000171661377,Yahoo Finance chart adjclose
5900,000056.SZ,皇庭国际,A,-35.906041798776954,2025-07-31,2.9800000190734863,2026-07-31,1.909999966621399,Yahoo Finance yfinance auto_adjust=True
5901,603360.SH,百傲化学,A,-35.91441435795368,2025-07-31,19.6299991607666,2026-07-31,12.579999923706055,Yahoo Finance yfinance auto_adjust=True
5902,002456.SZ,欧菲光,A,-35.93611803965864,2025-07-31,11.270000457763672,2026-07-31,7.21999979019165,Yahoo Finance yfinance auto_adjust=True
5903,01206.HK,同方泰德,HK,-35.942028522291146,2025-08-01,0.3449999988079071,2026-07-31,0.22100000083446503,Yahoo Finance chart adjclose
5904,603616.SH,韩建河山,A,-35.974026617422396,2025-07-31,7.699999809265137,2026-07-31,4.929999828338623,Yahoo Finance yfinance auto_adjust=True
5905,301155.SZ,海力风电,A,-35.98142013616704,2025-07-31,66.30887603759766,2026-07-31,42.45000076293945,Yahoo Finance yfinance auto_adjust=True
5906,000997.SZ,新 大 陆,A,-35.9942877172602,2025-07-31,29.35675621032715,2026-07-31,18.790000915527344,Yahoo Finance yfinance auto_adjust=True
5907,01025.HK,嘉艺控股,HK,-36.00000198682142,2025-08-01,0.30000001192092896,2026-07-31,0.19200000166893005,Yahoo Finance chart adjclose
5908,300134.SZ,大富科技,A,-36.03603670451084,2025-07-31,12.210000038146973,2026-07-31,7.809999942779541,Yahoo Finance yfinance auto_adjust=True
5909,01869.HK,猫屎咖啡控股,HK,-36.04651414635626,2025-08-01,0.0860000029206276,2026-07-31,0.054999999701976776,Yahoo Finance chart adjclose
5910,603809.SH,豪能股份,A,-36.06701068529172,2025-07-31,14.812384605407715,2026-07-31,9.470000267028809,Yahoo Finance yfinance auto_adjust=True
5911,300651.SZ,金陵体育,A,-36.09120277990242,2025-07-31,26.365697860717773,2026-07-31,16.850000381469727,Yahoo Finance yfinance auto_adjust=True
5912,301024.SZ,霍普股份,A,-36.0922039562473,2025-07-31,45.54999923706055,2026-07-31,29.110000610351562,Yahoo Finance yfinance auto_adjust=True
5913,003001.SZ,中岩大地,A,-36.111046543553684,2025-07-31,30.1147518157959,2026-07-31,19.239999771118164,Yahoo Finance yfinance auto_adjust=True
5914,600570.SH,恒生电子,A,-36.111056467373444,2025-07-31,35.874752044677734,2026-07-31,22.920000076293945,Yahoo Finance yfinance auto_adjust=True
5915,02376.HK,鲁商服务,HK,-36.11742005279082,2025-08-01,3.2559735774993896,2026-07-31,2.0799999237060547,Yahoo Finance chart adjclose
5916,600579.SH,中化装备,A,-36.11859784000053,2025-07-31,11.130000114440918,2026-07-31,7.110000133514404,Yahoo Finance yfinance auto_adjust=True
5917,002036.SZ,联创电子,A,-36.124177904487766,2025-07-31,10.630000114440918,2026-07-31,6.789999961853027,Yahoo Finance yfinance auto_adjust=True
5918,605009.SH,豪悦护理,A,-36.128471465230035,2025-07-31,37.79461669921875,2026-07-31,24.139999389648438,Yahoo Finance yfinance auto_adjust=True
5919,601519.SH,大智慧,A,-36.14275019975024,2025-07-31,13.170000076293945,2026-07-31,8.40999984741211,Yahoo Finance yfinance auto_adjust=True
5920,600684.SH,珠江股份,A,-36.1623618184,2025-07-31,5.420000076293945,2026-07-31,3.4600000381469727,Yahoo Finance yfinance auto_adjust=True
5921,688276.SH,百克生物,A,-36.172947526358314,2025-07-31,23.360000610351562,2026-07-31,14.90999984741211,Yahoo Finance yfinance auto_adjust=True
5922,600990.SH,四创电子,A,-36.1992595123733,2025-07-31,27.100000381469727,2026-07-31,17.290000915527344,Yahoo Finance yfinance auto_adjust=True
5923,000096.SZ,广聚能源,A,-36.221121352618646,2025-07-31,12.119999885559082,2026-07-31,7.730000019073486,Yahoo Finance yfinance auto_adjust=True
5924,600650.SH,锦江在线,A,-36.22367661321403,2025-07-31,16.212913513183594,2026-07-31,10.34000015258789,Yahoo Finance yfinance auto_adjust=True
5925,001236.SZ,弘业期货,A,-36.22787631753407,2025-07-31,11.980155944824219,2026-07-31,7.639999866485596,Yahoo Finance yfinance auto_adjust=True
5926,688588.SH,凌志软件,A,-36.252494968466934,2025-07-31,14.902544021606445,2026-07-31,9.5,Yahoo Finance yfinance auto_adjust=True
5927,002086.SZ,东方海洋,A,-36.26760572248261,2025-07-31,2.8399999141693115,2026-07-31,1.809999942779541,Yahoo Finance yfinance auto_adjust=True
5928,603168.SH,莎普爱思,A,-36.27451094972407,2025-07-31,8.15999984741211,2026-07-31,5.199999809265137,Yahoo Finance yfinance auto_adjust=True
5929,300633.SZ,开立医疗,A,-36.28019234615727,2025-07-31,31.764062881469727,2026-07-31,20.239999771118164,Yahoo Finance yfinance auto_adjust=True
5930,300493.SZ,润欣科技,A,-36.30281676459531,2025-07-31,20.12647819519043,2026-07-31,12.819999694824219,Yahoo Finance yfinance auto_adjust=True
5931,002024.SZ,ST易购,A,-36.31578666681725,2025-07-31,1.899999976158142,2026-07-31,1.2100000381469727,Yahoo Finance yfinance auto_adjust=True
5932,301260.SZ,格力博,A,-36.336776734741136,2025-07-31,20.309999465942383,2026-07-31,12.930000305175781,Yahoo Finance yfinance auto_adjust=True
5933,300403.SZ,汉宇集团,A,-36.34896198305449,2025-07-31,14.469520568847656,2026-07-31,9.210000038146973,Yahoo Finance yfinance auto_adjust=True
5934,300755.SZ,华致酒行,A,-36.428575770259656,2025-07-31,18.200000762939453,2026-07-31,11.569999694824219,Yahoo Finance yfinance auto_adjust=True
5935,002075.SZ,沙钢股份,A,-36.43988661956582,2025-07-31,5.884193420410156,2026-07-31,3.740000009536743,Yahoo Finance yfinance auto_adjust=True
5936,08041.HK,中微智码,HK,-36.47058749281413,2025-08-01,0.8500000238418579,2026-07-31,0.5400000214576721,Yahoo Finance chart adjclose
5937,001239.SZ,永达股份,A,-36.49343380808631,2025-07-31,17.510000228881836,2026-07-31,11.119999885559082,Yahoo Finance yfinance auto_adjust=True
5938,01265.HK,天津津燃公用,HK,-36.5217412149072,2025-08-01,0.23000000417232513,2026-07-31,0.1459999978542328,Yahoo Finance chart adjclose
5939,688567.SH,孚能科技,A,-36.550436368365325,2025-07-31,16.059999465942383,2026-07-31,10.1899995803833,Yahoo Finance yfinance auto_adjust=True
5940,002640.SZ,跨境通,A,-36.55303463038755,2025-07-31,5.28000020980835,2026-07-31,3.3499999046325684,Yahoo Finance yfinance auto_adjust=True
5941,02482.HK,维天运通,HK,-36.585367626551026,2025-08-01,0.8199999928474426,2026-07-31,0.5199999809265137,Yahoo Finance chart adjclose
5942,300793.SZ,佳禾智能,A,-36.59378026530584,2025-07-31,17.3799991607666,2026-07-31,11.020000457763672,Yahoo Finance yfinance auto_adjust=True
5943,688013.SH,天臣医疗,A,-36.62688216670125,2025-07-31,36.9399528503418,2026-07-31,23.40999984741211,Yahoo Finance yfinance auto_adjust=True
5944,301368.SZ,丰立智能,A,-36.64636136410099,2025-07-31,62.380001068115234,2026-07-31,39.52000045776367,Yahoo Finance yfinance auto_adjust=True
5945,08540.HK,胜利证券(一千),HK,-36.65129480175915,2025-08-01,7.02461051940918,2026-07-31,4.449999809265137,Yahoo Finance chart adjclose
5946,300515.SZ,三德科技,A,-36.695173423759385,2025-07-31,24.08979034423828,2026-07-31,15.25,Yahoo Finance yfinance auto_adjust=True
5947,300641.SZ,正丹股份,A,-36.70696462068664,2025-07-31,22.735519409179688,2026-07-31,14.390000343322754,Yahoo Finance yfinance auto_adjust=True
5948,600876.SH,凯盛新能,A,-36.79332534038174,2025-07-31,10.789999961853027,2026-07-31,6.820000171661377,Yahoo Finance yfinance auto_adjust=True
5949,600422.SH,昆药集团,A,-36.815584053897055,2025-07-31,14.354804992675781,2026-07-31,9.069999694824219,Yahoo Finance yfinance auto_adjust=True
5950,300674.SZ,宇信科技,A,-36.82091466212821,2025-07-31,26.32200050354004,2026-07-31,16.6299991607666,Yahoo Finance yfinance auto_adjust=True
5951,300168.SZ,万达信息,A,-36.84210589214768,2025-07-31,7.980000019073486,2026-07-31,5.039999961853027,Yahoo Finance yfinance auto_adjust=True
5952,605077.SH,华康股份,A,-36.87029541110785,2025-07-31,17.440284729003906,2026-07-31,11.010000228881836,Yahoo Finance yfinance auto_adjust=True
5953,002809.SZ,红墙股份,A,-36.882730013617646,2025-07-31,12.025235176086426,2026-07-31,7.590000152587891,Yahoo Finance yfinance auto_adjust=True
5954,300374.SZ,中铁装配,A,-36.897151456123886,2025-07-31,17.209999084472656,2026-07-31,10.859999656677246,Yahoo Finance yfinance auto_adjust=True
5955,002395.SZ,双象股份,A,-36.912909531830984,2025-07-31,18.878664016723633,2026-07-31,11.90999984741211,Yahoo Finance yfinance auto_adjust=True
5956,603262.SH,技源集团,A,-36.91426061943446,2025-07-31,29.959226608276367,2026-07-31,18.899999618530273,Yahoo Finance yfinance auto_adjust=True
5957,300583.SZ,赛托生物,A,-36.91809311973425,2025-07-31,18.769248962402344,2026-07-31,11.84000015258789,Yahoo Finance yfinance auto_adjust=True
5958,002989.SZ,中天精装,A,-36.926019446197444,2025-07-31,31.360000610351562,2026-07-31,19.780000686645508,Yahoo Finance yfinance auto_adjust=True
5959,600860.SH,京城股份,A,-36.958232745990685,2025-07-31,12.6899995803833,2026-07-31,8.0,Yahoo Finance yfinance auto_adjust=True
5960,300644.SZ,南京聚隆,A,-36.98943064136184,2025-07-31,32.18507766723633,2026-07-31,20.280000686645508,Yahoo Finance yfinance auto_adjust=True
5961,605199.SH,ST葫芦娃,A,-36.99231627400792,2025-07-31,9.109999656677246,2026-07-31,5.739999771118164,Yahoo Finance yfinance auto_adjust=True
5962,300025.SZ,华星创业,A,-36.994218418427636,2025-07-31,6.920000076293945,2026-07-31,4.360000133514404,Yahoo Finance yfinance auto_adjust=True
5963,003029.SZ,吉大正元,A,-37.02435766879327,2025-07-31,26.280000686645508,2026-07-31,16.549999237060547,Yahoo Finance yfinance auto_adjust=True
5964,300956.SZ,英力股份,A,-37.07734749913075,2025-07-31,15.987883567810059,2026-07-31,10.0600004196167,Yahoo Finance yfinance auto_adjust=True
5965,01858.HK,春立医疗,HK,-37.08596556398142,2025-08-01,14.464181900024414,2026-07-31,9.100000381469727,Yahoo Finance chart adjclose
5966,01878.HK,南戈壁,HK,-37.1093730354914,2025-08-01,2.559999942779541,2026-07-31,1.6100000143051147,Yahoo Finance chart adjclose
5967,002598.SZ,山东章鼓,A,-37.12049383712252,2025-07-31,10.353135108947754,2026-07-31,6.510000228881836,Yahoo Finance yfinance auto_adjust=True
5968,600415.SH,小商品城,A,-37.13679633541885,2025-07-31,20.36167335510254,2026-07-31,12.800000190734863,Yahoo Finance yfinance auto_adjust=True
5969,300195.SZ,长荣股份,A,-37.143844320842355,2025-07-31,8.01830768585205,2026-07-31,5.039999961853027,Yahoo Finance yfinance auto_adjust=True
5970,300149.SZ,睿智医药,A,-37.14887673370828,2025-07-31,14.239999771118164,2026-07-31,8.949999809265137,Yahoo Finance yfinance auto_adjust=True
5971,08521.HK,智云国际控股,HK,-37.168143226691654,2025-08-01,1.1299999952316284,2026-07-31,0.7099999785423279,Yahoo Finance chart adjclose
5972,600080.SH,金花股份,A,-37.19115880667688,2025-07-31,7.690000057220459,2026-07-31,4.829999923706055,Yahoo Finance yfinance auto_adjust=True
5973,01326.HK,传递娱乐,HK,-37.20930282927125,2025-08-01,0.0430000014603138,2026-07-31,0.027000000700354576,Yahoo Finance chart adjclose
5974,601865.SH,福莱特,A,-37.2275528128759,2025-07-31,16.058000564575195,2026-07-31,10.079999923706055,Yahoo Finance yfinance auto_adjust=True
5975,300288.SZ,朗玛信息,A,-37.2380751909329,2025-07-31,15.662362098693848,2026-07-31,9.829999923706055,Yahoo Finance yfinance auto_adjust=True
5976,02621.HK,手回集团,HK,-37.28635803352969,2025-08-01,4.512574672698975,2026-07-31,2.8299999237060547,Yahoo Finance chart adjclose
5977,01575.HK,皇庭智家,HK,-37.28813516514906,2025-08-01,0.05900000035762787,2026-07-31,0.03700000047683716,Yahoo Finance chart adjclose
5978,01129.HK,中国水业集团,HK,-37.30768904530778,2025-08-01,0.25999999046325684,2026-07-31,0.16300000250339508,Yahoo Finance chart adjclose
5979,300789.SZ,唐源电气,A,-37.34300690156647,2025-07-31,30.25998878479004,2026-07-31,18.959999084472656,Yahoo Finance yfinance auto_adjust=True
5980,300539.SZ,横河精密,A,-37.396846636773276,2025-07-31,27.778152465820312,2026-07-31,17.389999389648438,Yahoo Finance yfinance auto_adjust=True
5981,301311.SZ,昆船智能,A,-37.41275033729185,2025-07-31,21.489999771118164,2026-07-31,13.449999809265137,Yahoo Finance yfinance auto_adjust=True
5982,02488.HK,元征科技,HK,-37.414876437383256,2025-08-01,11.040962219238281,2026-07-31,6.909999847412109,Yahoo Finance chart adjclose
5983,300824.SZ,北鼎股份,A,-37.43325783962712,2025-07-31,12.178994178771973,2026-07-31,7.619999885559082,Yahoo Finance yfinance auto_adjust=True
5984,06826.HK,昊海生物科技,HK,-37.45511692239425,2025-08-01,26.349077224731445,2026-07-31,16.479999542236328,Yahoo Finance chart adjclose
5985,08069.HK,飞道旅游科技,HK,-37.49999767169351,2025-08-01,0.6399999856948853,2026-07-31,0.4000000059604645,Yahoo Finance chart adjclose
5986,02297.HK,润迈德-B,HK,-37.50000413921127,2025-08-01,0.36000001430511475,2026-07-31,0.22499999403953552,Yahoo Finance chart adjclose
5987,000625.SZ,长安汽车,A,-37.51919899004568,2025-07-31,12.595869064331055,2026-07-31,7.869999885559082,Yahoo Finance yfinance auto_adjust=True
5988,000868.SZ,安凯客车,A,-37.52151204489853,2025-07-31,5.809999942779541,2026-07-31,3.630000114440918,Yahoo Finance yfinance auto_adjust=True
5989,600405.SH,动力源,A,-37.5384624187763,2025-07-31,6.5,2026-07-31,4.059999942779541,Yahoo Finance yfinance auto_adjust=True
5990,600698.SH,湖南天雁,A,-37.595417485510154,2025-07-31,10.479999542236328,2026-07-31,6.539999961853027,Yahoo Finance yfinance auto_adjust=True
5991,300549.SZ,优德精密,A,-37.60952906258838,2025-07-31,20.948711395263672,2026-07-31,13.069999694824219,Yahoo Finance yfinance auto_adjust=True
5992,688185.SH,康希诺,A,-37.62117922221707,2025-07-31,80.45999908447266,2026-07-31,50.189998626708984,Yahoo Finance yfinance auto_adjust=True
5993,01476.HK,金融街证券,HK,-37.62781642250141,2025-08-01,1.8758361339569092,2026-07-31,1.1699999570846558,Yahoo Finance chart adjclose
5994,603801.SH,志邦家居,A,-37.634778394673226,2025-07-31,9.316089630126953,2026-07-31,5.809999942779541,Yahoo Finance yfinance auto_adjust=True
5995,001279.SZ,强邦新材,A,-37.71215686175463,2025-07-31,39.2692985534668,2026-07-31,24.459999084472656,Yahoo Finance yfinance auto_adjust=True
5996,002550.SZ,千红制药,A,-37.7271297236777,2025-07-31,10.903624534606934,2026-07-31,6.789999961853027,Yahoo Finance yfinance auto_adjust=True
5997,01895.HK,鑫苑服务,HK,-37.736508596275655,2025-08-01,0.46576249599456787,2026-07-31,0.28999999165534973,Yahoo Finance chart adjclose
5998,300238.SZ,冠昊生物,A,-37.758619763574266,2025-07-31,17.399999618530273,2026-07-31,10.829999923706055,Yahoo Finance yfinance auto_adjust=True
5999,688727.SH,恒坤新材,A,-37.77416781185058,2025-11-18,61.54999923706055,2026-07-31,38.29999923706055,Yahoo Finance yfinance auto_adjust=True
6000,603982.SH,泉峰汽车,A,-37.84378437266695,2025-07-31,9.09000015258789,2026-07-31,5.650000095367432,Yahoo Finance yfinance auto_adjust=True
6001,300965.SZ,恒宇信通,A,-37.87703012163388,2025-07-31,65.11279296875,2026-07-31,40.45000076293945,Yahoo Finance yfinance auto_adjust=True
6002,002031.SZ,巨轮智能,A,-37.896068716284844,2025-07-31,7.889999866485596,2026-07-31,4.900000095367432,Yahoo Finance yfinance auto_adjust=True
6003,001306.SZ,夏厦精密,A,-37.916930567342256,2025-07-31,78.25,2026-07-31,48.58000183105469,Yahoo Finance yfinance auto_adjust=True
6004,300047.SZ,天源迪科,A,-37.93083951497431,2025-07-31,16.175504684448242,2026-07-31,10.039999961853027,Yahoo Finance yfinance auto_adjust=True
6005,002869.SZ,金溢科技,A,-37.94070376887825,2025-07-31,24.959999084472656,2026-07-31,15.489999771118164,Yahoo Finance yfinance auto_adjust=True
6006,002878.SZ,元隆雅图,A,-38.01526441919194,2025-07-31,19.649999618530273,2026-07-31,12.180000305175781,Yahoo Finance yfinance auto_adjust=True
6007,002193.SZ,如意集团,A,-38.02588948071738,2025-07-31,6.179999828338623,2026-07-31,3.8299999237060547,Yahoo Finance yfinance auto_adjust=True
6008,300203.SZ,聚光科技,A,-38.03038329414393,2025-07-31,19.09000015258789,2026-07-31,11.829999923706055,Yahoo Finance yfinance auto_adjust=True
6009,301578.SZ,辰奕智能,A,-38.03224940957042,2025-07-31,35.260276794433594,2026-07-31,21.850000381469727,Yahoo Finance yfinance auto_adjust=True
6010,301089.SZ,拓新药业,A,-38.04945524238942,2025-07-31,36.400001525878906,2026-07-31,22.549999237060547,Yahoo Finance yfinance auto_adjust=True
6011,003037.SZ,三和管桩,A,-38.05873424075975,2025-07-31,8.814802169799805,2026-07-31,5.460000038146973,Yahoo Finance yfinance auto_adjust=True
6012,000712.SZ,锦龙股份,A,-38.06541621844969,2025-07-31,14.369999885559082,2026-07-31,8.899999618530273,Yahoo Finance yfinance auto_adjust=True
6013,01107.HK,当代置业,HK,-38.09523598339549,2025-08-01,0.020999999716877937,2026-07-31,0.013000000268220901,Yahoo Finance chart adjclose
6014,002501.SZ,利源股份,A,-38.118811296886136,2025-07-31,2.0199999809265137,2026-07-31,1.25,Yahoo Finance yfinance auto_adjust=True
6015,02168.HK,佳兆业美好,HK,-38.15789411768028,2025-08-01,1.5199999809265137,2026-07-31,0.9399999976158142,Yahoo Finance chart adjclose
6016,000761.SZ,本钢板材,A,-38.15789647049523,2025-07-31,3.799999952316284,2026-07-31,2.3499999046325684,Yahoo Finance yfinance auto_adjust=True
6017,300705.SZ,九典制药,A,-38.21981050715013,2025-07-31,17.821247100830078,2026-07-31,11.010000228881836,Yahoo Finance yfinance auto_adjust=True
6018,300525.SZ,博思软件,A,-38.27469893520758,2025-07-31,15.163959503173828,2026-07-31,9.359999656677246,Yahoo Finance yfinance auto_adjust=True
6019,603072.SH,天和磁材,A,-38.29619211825559,2025-07-31,51.86065673828125,2026-07-31,32.0,Yahoo Finance yfinance auto_adjust=True
6020,301678.SZ,新恒汇,A,-38.30776933471755,2025-07-31,66.11853790283203,2026-07-31,40.790000915527344,Yahoo Finance yfinance auto_adjust=True
6021,605050.SH,福然德,A,-38.332805591715626,2025-07-31,16.589046478271484,2026-07-31,10.229999542236328,Yahoo Finance yfinance auto_adjust=True
6022,300451.SZ,创业慧康,A,-38.34196965866201,2025-07-31,5.789999961853027,2026-07-31,3.569999933242798,Yahoo Finance yfinance auto_adjust=True
6023,300945.SZ,曼卡龙,A,-38.395040957814984,2025-07-31,18.56993293762207,2026-07-31,11.4399995803833,Yahoo Finance yfinance auto_adjust=True
6024,688320.SH,禾川科技,A,-38.42083167019052,2025-07-31,47.2400016784668,2026-07-31,29.09000015258789,Yahoo Finance yfinance auto_adjust=True
6025,01896.HK,猫眼娱乐,HK,-38.460394350689256,2025-08-01,7.344863414764404,2026-07-31,4.519999980926514,Yahoo Finance chart adjclose
6026,08128.HK,中国恒有源集团,HK,-38.461539196309715,2025-08-01,0.039000000804662704,2026-07-31,0.024000000208616257,Yahoo Finance chart adjclose
6027,01937.HK,佳辰控股,HK,-38.49056177268272,2025-08-01,0.26499998569488525,2026-07-31,0.16300000250339508,Yahoo Finance chart adjclose
6028,01053.HK,重庆钢铁股份,HK,-38.51351253389007,2025-08-01,1.4800000190734863,2026-07-31,0.9100000262260437,Yahoo Finance chart adjclose
6029,000564.SZ,供销大集,A,-38.52813886324083,2025-07-31,2.309999942779541,2026-07-31,1.4199999570846558,Yahoo Finance yfinance auto_adjust=True
6030,000821.SZ,京山轻机,A,-38.54986049477078,2025-07-31,11.472716331481934,2026-07-31,7.050000190734863,Yahoo Finance yfinance auto_adjust=True
6031,01697.HK,山东国信,HK,-38.5542167809484,2025-08-01,0.41499999165534973,2026-07-31,0.2549999952316284,Yahoo Finance chart adjclose
6032,600383.SH,金地集团,A,-38.56383115323003,2025-07-31,3.759999990463257,2026-07-31,2.309999942779541,Yahoo Finance yfinance auto_adjust=True
6033,300719.SZ,安达维尔,A,-38.628943155508175,2025-07-31,18.3799991607666,2026-07-31,11.279999732971191,Yahoo Finance yfinance auto_adjust=True
6034,605277.SH,新亚电子,A,-38.67688407358596,2025-07-31,23.889848709106445,2026-07-31,14.649999618530273,Yahoo Finance yfinance auto_adjust=True
6035,600605.SH,汇通能源,A,-38.68881907592395,2025-07-31,36.71434783935547,2026-07-31,22.510000228881836,Yahoo Finance yfinance auto_adjust=True
6036,688660.SH,电气风电,A,-38.691325545535946,2025-07-31,14.0600004196167,2026-07-31,8.619999885559082,Yahoo Finance yfinance auto_adjust=True
6037,300787.SZ,海能实业,A,-38.74337076499277,2025-07-31,13.859724044799805,2026-07-31,8.489999771118164,Yahoo Finance yfinance auto_adjust=True
6038,001696.SZ,宗申动力,A,-38.748589874496155,2025-07-31,23.166812896728516,2026-07-31,14.1899995803833,Yahoo Finance yfinance auto_adjust=True
6039,300275.SZ,梅安森,A,-38.749015512893855,2025-07-31,13.452844619750977,2026-07-31,8.239999771118164,Yahoo Finance yfinance auto_adjust=True
6040,300153.SZ,科泰电源,A,-38.7668903501403,2025-07-31,32.80904769897461,2026-07-31,20.09000015258789,Yahoo Finance yfinance auto_adjust=True
6041,300533.SZ,冰川网络,A,-38.783601379827246,2025-07-31,23.84981918334961,2026-07-31,14.600000381469727,Yahoo Finance yfinance auto_adjust=True
6042,603079.SH,圣达生物,A,-38.7926275222861,2025-07-31,17.840988159179688,2026-07-31,10.920000076293945,Yahoo Finance yfinance auto_adjust=True
6043,001318.SZ,阳光乳业,A,-38.81506832107955,2025-07-31,17.765811920166016,2026-07-31,10.869999885559082,Yahoo Finance yfinance auto_adjust=True
6044,300987.SZ,川网传媒,A,-38.82101285047025,2025-07-31,21.804872512817383,2026-07-31,13.34000015258789,Yahoo Finance yfinance auto_adjust=True
6045,003002.SZ,壶化股份,A,-38.83376018792231,2025-07-31,25.962034225463867,2026-07-31,15.880000114440918,Yahoo Finance yfinance auto_adjust=True
6046,300021.SZ,大禹节水,A,-38.94193570203597,2025-07-31,6.289095401763916,2026-07-31,3.8399999141693115,Yahoo Finance yfinance auto_adjust=True
6047,600843.SH,上工申贝,A,-38.94830889833365,2025-07-31,11.220000267028809,2026-07-31,6.849999904632568,Yahoo Finance yfinance auto_adjust=True
6048,688201.SH,信安世纪,A,-38.94839830630189,2025-07-31,11.580368041992188,2026-07-31,7.070000171661377,Yahoo Finance yfinance auto_adjust=True
6049,600375.SH,汉马科技,A,-38.980507869457284,2025-07-31,6.670000076293945,2026-07-31,4.070000171661377,Yahoo Finance yfinance auto_adjust=True
6050,300865.SZ,大宏立,A,-38.98080705564547,2025-07-31,35.03815460205078,2026-07-31,21.3799991607666,Yahoo Finance yfinance auto_adjust=True
6051,002369.SZ,卓翼科技,A,-39.00226416563226,2025-07-31,8.819999694824219,2026-07-31,5.380000114440918,Yahoo Finance yfinance auto_adjust=True
6052,603117.SH,万林物流,A,-39.00343904452323,2025-07-31,5.820000171661377,2026-07-31,3.549999952316284,Yahoo Finance yfinance auto_adjust=True
6053,01555.HK,MI能源,HK,-39.02439101954287,2025-08-01,0.04100000113248825,2026-07-31,0.02500000037252903,Yahoo Finance chart adjclose
6054,300251.SZ,光线传媒,A,-39.03694300691858,2025-07-31,19.569229125976562,2026-07-31,11.930000305175781,Yahoo Finance yfinance auto_adjust=True
6055,301082.SZ,久盛电气,A,-39.0703357320494,2025-07-31,14.524945259094238,2026-07-31,8.850000381469727,Yahoo Finance yfinance auto_adjust=True
6056,600866.SH,星湖科技,A,-39.10351129423858,2025-07-31,7.504538059234619,2026-07-31,4.570000171661377,Yahoo Finance yfinance auto_adjust=True
6057,002178.SZ,延华智能,A,-39.106900117712314,2025-07-31,7.389999866485596,2026-07-31,4.5,Yahoo Finance yfinance auto_adjust=True
6058,688366.SH,昊海生科,A,-39.16319366301202,2025-07-31,52.15592575073242,2026-07-31,31.729999542236328,Yahoo Finance yfinance auto_adjust=True
6059,01921.HK,达力普控股,HK,-39.17910617054846,2025-08-01,5.360000133514404,2026-07-31,3.259999990463257,Yahoo Finance chart adjclose
6060,301584.SZ,建发致新,A,-39.186257502573795,2025-09-25,36.2418098449707,2026-07-31,22.040000915527344,Yahoo Finance yfinance auto_adjust=True
6061,300615.SZ,欣天科技,A,-39.233694854100854,2025-07-31,14.300687789916992,2026-07-31,8.6899995803833,Yahoo Finance yfinance auto_adjust=True
6062,603729.SH,龙韵股份,A,-39.23611352565103,2025-07-31,17.280000686645508,2026-07-31,10.5,Yahoo Finance yfinance auto_adjust=True
6063,02878.HK,晶门半导体,HK,-39.32583931042917,2025-08-01,0.4449999928474426,2026-07-31,0.27000001072883606,Yahoo Finance chart adjclose
6064,300796.SZ,贝斯美,A,-39.335989887243485,2025-07-31,10.648818016052246,2026-07-31,6.460000038146973,Yahoo Finance yfinance auto_adjust=True
6065,02495.HK,声通科技,HK,-39.354841170772424,2025-08-01,62.0,2026-07-31,37.599998474121094,Yahoo Finance chart adjclose
6066,300183.SZ,东软载波,A,-39.38090570367194,2025-07-31,17.12331771850586,2026-07-31,10.380000114440918,Yahoo Finance yfinance auto_adjust=True
6067,08645.HK,比特元宇宙,HK,-39.42307515962583,2025-08-01,0.5199999809265137,2026-07-31,0.3149999976158142,Yahoo Finance chart adjclose
6068,01313.HK,华润建材科技,HK,-39.423599547587465,2025-08-01,1.8489048480987549,2026-07-31,1.1200000047683716,Yahoo Finance chart adjclose
6069,300530.SZ,领湃科技,A,-39.44315708244249,2025-07-31,34.47999954223633,2026-07-31,20.8799991607666,Yahoo Finance yfinance auto_adjust=True
6070,300579.SZ,数字认证,A,-39.45354980525239,2025-07-31,36.599998474121094,2026-07-31,22.15999984741211,Yahoo Finance yfinance auto_adjust=True
6071,003038.SZ,鑫铂股份,A,-39.46292823347106,2025-07-31,17.1299991607666,2026-07-31,10.369999885559082,Yahoo Finance yfinance auto_adjust=True
6072,603089.SH,正裕工业,A,-39.46368485732867,2025-07-31,13.826411247253418,2026-07-31,8.369999885559082,Yahoo Finance yfinance auto_adjust=True
6073,301277.SZ,新天地,A,-39.46401663525679,2025-07-31,16.05656623840332,2026-07-31,9.720000267028809,Yahoo Finance yfinance auto_adjust=True
6074,01515.HK,华润医疗,HK,-39.471876594017985,2025-08-01,4.196396350860596,2026-07-31,2.5399999618530273,Yahoo Finance chart adjclose
6075,300822.SZ,贝仕达克,A,-39.47975634619064,2025-07-31,18.274877548217773,2026-07-31,11.0600004196167,Yahoo Finance yfinance auto_adjust=True
6076,603069.SH,海汽集团,A,-39.508505278650475,2025-07-31,21.15999984741211,2026-07-31,12.800000190734863,Yahoo Finance yfinance auto_adjust=True
6077,300293.SZ,蓝英装备,A,-39.61089495318535,2025-07-31,25.700000762939453,2026-07-31,15.520000457763672,Yahoo Finance yfinance auto_adjust=True
6078,002743.SZ,富煌钢构,A,-39.635157906240536,2025-07-31,6.03000020980835,2026-07-31,3.640000104904175,Yahoo Finance yfinance auto_adjust=True
6079,300586.SZ,美联新材,A,-39.66480364012852,2025-07-31,12.529999732971191,2026-07-31,7.559999942779541,Yahoo Finance yfinance auto_adjust=True
6080,300841.SZ,康华生物,A,-39.66691640902863,2025-07-31,76.65777587890625,2026-07-31,46.25,Yahoo Finance yfinance auto_adjust=True
6081,600281.SH,华阳新材,A,-39.67551584038221,2025-07-31,6.78000020980835,2026-07-31,4.090000152587891,Yahoo Finance yfinance auto_adjust=True
6082,08143.HK,金威医疗,HK,-39.68254259218941,2025-08-01,0.12600000202655792,2026-07-31,0.07599999755620956,Yahoo Finance chart adjclose
6083,002122.SZ,ST汇洲,A,-39.69466042491286,2025-07-31,3.930000066757202,2026-07-31,2.369999885559082,Yahoo Finance yfinance auto_adjust=True
6084,600316.SH,洪都航空,A,-39.71647372240038,2025-07-31,41.65317153930664,2026-07-31,25.110000610351562,Yahoo Finance yfinance auto_adjust=True
6085,01478.HK,丘钛科技,HK,-39.762124702253,2025-08-01,11.421385765075684,2026-07-31,6.880000114440918,Yahoo Finance chart adjclose
6086,300527.SZ,ST应急,A,-39.76533833899308,2025-07-31,12.501108169555664,2026-07-31,7.53000020980835,Yahoo Finance yfinance auto_adjust=True
6087,300703.SZ,创源股份,A,-39.77188318097898,2025-07-31,21.80044937133789,2026-07-31,13.130000114440918,Yahoo Finance yfinance auto_adjust=True
6088,000032.SZ,深桑达Ａ,A,-39.78181311990162,2025-07-31,22.484901428222656,2026-07-31,13.539999961853027,Yahoo Finance yfinance auto_adjust=True
6089,300587.SZ,天铁科技,A,-39.83169855545763,2025-07-31,7.130000114440918,2026-07-31,4.289999961853027,Yahoo Finance yfinance auto_adjust=True
6090,01948.HK,优矩控股,HK,-39.8420791801367,2025-08-01,6.4995598793029785,2026-07-31,3.9100000858306885,Yahoo Finance chart adjclose
6091,603633.SH,徕木股份,A,-39.87307253780092,2025-07-31,9.596365928649902,2026-07-31,5.769999980926514,Yahoo Finance yfinance auto_adjust=True
6092,600537.SH,亿晶光电,A,-40.0,2025-07-31,3.700000047683716,2026-07-31,2.2200000286102295,Yahoo Finance yfinance auto_adjust=True
6093,06100.HK,同道猎聘,HK,-40.01468343312422,2025-08-01,3.5842106342315674,2026-07-31,2.1500000953674316,Yahoo Finance chart adjclose
6094,01024.HK,快手-W,HK,-40.02330337210422,2025-08-01,72.86163330078125,2026-07-31,43.70000076293945,Yahoo Finance chart adjclose
6095,300220.SZ,金运激光,A,-40.047962727572525,2025-07-31,16.68000030517578,2026-07-31,10.0,Yahoo Finance yfinance auto_adjust=True
6096,300872.SZ,天阳科技,A,-40.06436342432752,2025-07-31,24.860000610351562,2026-07-31,14.899999618530273,Yahoo Finance yfinance auto_adjust=True
6097,01318.HK,毛戈平,HK,-40.08590523192507,2025-08-01,98.05706024169922,2026-07-31,58.75,Yahoo Finance chart adjclose
6098,002575.SZ,群兴玩具,A,-40.094337288532834,2025-07-31,8.479999542236328,2026-07-31,5.079999923706055,Yahoo Finance yfinance auto_adjust=True
6099,600530.SH,交大昂立,A,-40.09604061439066,2025-07-31,8.329999923706055,2026-07-31,4.989999771118164,Yahoo Finance yfinance auto_adjust=True
6100,603325.SH,XD博隆技,A,-40.11570149457572,2025-07-31,88.4873046875,2026-07-31,52.9900016784668,Yahoo Finance yfinance auto_adjust=True
6101,01726.HK,HKE HOLDINGS,HK,-40.119758940250804,2025-08-01,1.6699999570846558,2026-07-31,1.0,Yahoo Finance chart adjclose
6102,603900.SH,莱绅通灵,A,-40.17003474730103,2025-07-31,9.493570327758789,2026-07-31,5.679999828338623,Yahoo Finance yfinance auto_adjust=True
6103,300963.SZ,中洲特材,A,-40.22479396163134,2025-07-31,19.272205352783203,2026-07-31,11.520000457763672,Yahoo Finance yfinance auto_adjust=True
6104,300917.SZ,特发服务,A,-40.23798537212615,2025-07-31,43.08757019042969,2026-07-31,25.75,Yahoo Finance yfinance auto_adjust=True
6105,300896.SZ,爱美客,A,-40.24526511776999,2025-07-31,182.41232299804688,2026-07-31,109.0,Yahoo Finance yfinance auto_adjust=True
6106,300947.SZ,德必集团,A,-40.28331261621191,2025-07-31,22.59000015258789,2026-07-31,13.489999771118164,Yahoo Finance yfinance auto_adjust=True
6107,300484.SZ,蓝海华腾,A,-40.293536202258615,2025-07-31,20.734773635864258,2026-07-31,12.380000114440918,Yahoo Finance yfinance auto_adjust=True
6108,06060.HK,众安在线,HK,-40.31216255045158,2025-08-01,18.579999923706055,2026-07-31,11.09000015258789,Yahoo Finance chart adjclose
6109,02110.HK,天成控股,HK,-40.32257890074853,2025-08-01,0.12399999797344208,2026-07-31,0.07400000095367432,Yahoo Finance chart adjclose
6110,06069.HK,盛业,HK,-40.34434657594915,2025-08-01,11.985452651977539,2026-07-31,7.150000095367432,Yahoo Finance chart adjclose
6111,002717.SZ,ST岭南,A,-40.350879639053794,2025-07-31,1.7100000381469727,2026-07-31,1.0199999809265137,Yahoo Finance yfinance auto_adjust=True
6112,002537.SZ,海联金汇,A,-40.36697599997511,2025-07-31,9.8100004196167,2026-07-31,5.849999904632568,Yahoo Finance yfinance auto_adjust=True
6113,002217.SZ,合力泰,A,-40.40816286810733,2025-07-31,2.450000047683716,2026-07-31,1.4600000381469727,Yahoo Finance yfinance auto_adjust=True
6114,01498.HK,培力农本方,HK,-40.425531510154066,2025-08-01,0.4699999988079071,2026-07-31,0.2800000011920929,Yahoo Finance chart adjclose
6115,02480.HK,绿竹生物-B,HK,-40.42553191489362,2025-08-01,23.5,2026-07-31,14.0,Yahoo Finance chart adjclose
6116,02671.HK,美联股份,HK,-40.455589731017994,2025-12-30,6.885616779327393,2026-07-31,4.099999904632568,Yahoo Finance chart adjclose
6117,603382.SH,海阳科技,A,-40.465777240941,2025-07-31,30.419479370117188,2026-07-31,18.110000610351562,Yahoo Finance yfinance auto_adjust=True
6118,01030.HK,新城发展,HK,-40.49586728006577,2025-08-01,2.4200000762939453,2026-07-31,1.440000057220459,Yahoo Finance chart adjclose
6119,301320.SZ,豪江智能,A,-40.50251736229551,2025-07-31,20.269765853881836,2026-07-31,12.0600004196167,Yahoo Finance yfinance auto_adjust=True
6120,02657.HK,林清轩,HK,-40.53429602226859,2025-12-30,83.30852508544922,2026-07-31,49.540000915527344,Yahoo Finance chart adjclose
6121,002543.SZ,万和电气,A,-40.56016669478417,2025-07-31,11.271902084350586,2026-07-31,6.699999809265137,Yahoo Finance yfinance auto_adjust=True
6122,002343.SZ,慈文传媒,A,-40.576232237672585,2025-07-31,8.329999923706055,2026-07-31,4.949999809265137,Yahoo Finance yfinance auto_adjust=True
6123,600435.SH,北方导航,A,-40.60725917415873,2025-07-31,17.847299575805664,2026-07-31,10.600000381469727,Yahoo Finance yfinance auto_adjust=True
6124,300045.SZ,华力创通,A,-40.62946963791026,2025-07-31,20.969999313354492,2026-07-31,12.449999809265137,Yahoo Finance yfinance auto_adjust=True
6125,01388.HK,安莉芳控股,HK,-40.65934001154234,2025-08-01,0.45500001311302185,2026-07-31,0.27000001072883606,Yahoo Finance chart adjclose
6126,002368.SZ,太极股份,A,-40.66774079700471,2025-07-31,24.860000610351562,2026-07-31,14.75,Yahoo Finance yfinance auto_adjust=True
6127,002362.SZ,汉王科技,A,-40.67077861807815,2025-07-31,25.940000534057617,2026-07-31,15.390000343322754,Yahoo Finance yfinance auto_adjust=True
6128,300973.SZ,立高食品,A,-40.68142509525836,2025-07-31,43.83112716674805,2026-07-31,26.0,Yahoo Finance yfinance auto_adjust=True
6129,300284.SZ,苏交科,A,-40.71718461108673,2025-07-31,9.479981422424316,2026-07-31,5.619999885559082,Yahoo Finance yfinance auto_adjust=True
6130,600992.SH,贵绳股份,A,-40.73604050162785,2025-07-31,15.760000228881836,2026-07-31,9.34000015258789,Yahoo Finance yfinance auto_adjust=True
6131,300591.SZ,万里马,A,-40.78726616308295,2025-07-31,11.9399995803833,2026-07-31,7.070000171661377,Yahoo Finance yfinance auto_adjust=True
6132,01167.HK,加科思-B,HK,-40.811151390119335,2025-08-01,7.889999866485596,2026-07-31,4.670000076293945,Yahoo Finance chart adjclose
6133,301063.SZ,海锅股份,A,-40.861301410278294,2025-07-31,27.799057006835938,2026-07-31,16.440000534057617,Yahoo Finance yfinance auto_adjust=True
6134,02013.HK,微盟集团,HK,-40.88669632531193,2025-08-01,2.0299999713897705,2026-07-31,1.2000000476837158,Yahoo Finance chart adjclose
6135,603258.SH,电魂网络,A,-40.88691629843419,2025-07-31,22.549999237060547,2026-07-31,13.329999923706055,Yahoo Finance yfinance auto_adjust=True
6136,002891.SZ,中宠股份,A,-40.88920625492962,2025-07-31,56.30105209350586,2026-07-31,33.279998779296875,Yahoo Finance yfinance auto_adjust=True
6137,08081.HK,恒泰裕集团,HK,-40.90908936971475,2025-08-01,0.02199999988079071,2026-07-31,0.013000000268220901,Yahoo Finance chart adjclose
6138,01543.HK,中盈盛达融资担保,HK,-40.93750005820767,2025-08-01,0.3199999928474426,2026-07-31,0.1889999955892563,Yahoo Finance chart adjclose
6139,000576.SZ,甘化科工,A,-40.94488346650843,2025-07-31,11.430000305175781,2026-07-31,6.75,Yahoo Finance yfinance auto_adjust=True
6140,603086.SH,先达股份,A,-40.94744637059324,2025-07-31,9.195199012756348,2026-07-31,5.429999828338623,Yahoo Finance yfinance auto_adjust=True
6141,688152.SH,麒麟信安,A,-40.9704097014825,2025-07-31,45.959999084472656,2026-07-31,27.1299991607666,Yahoo Finance yfinance auto_adjust=True
6142,300494.SZ,盛天网络,A,-40.977744525545525,2025-07-31,14.45217514038086,2026-07-31,8.529999732971191,Yahoo Finance yfinance auto_adjust=True
6143,300255.SZ,常山药业,A,-40.99290890151056,2025-07-31,42.29999923706055,2026-07-31,24.959999084472656,Yahoo Finance yfinance auto_adjust=True
6144,600668.SH,尖峰集团,A,-40.996712416401735,2025-07-31,12.355243682861328,2026-07-31,7.289999961853027,Yahoo Finance yfinance auto_adjust=True
6145,01798.HK,大唐新能源,HK,-41.00198542541479,2025-08-01,2.1695644855499268,2026-07-31,1.2799999713897705,Yahoo Finance chart adjclose
6146,003006.SZ,百亚股份,A,-41.009191565369065,2025-07-31,24.91913604736328,2026-07-31,14.699999809265137,Yahoo Finance yfinance auto_adjust=True
6147,301209.SZ,联合化学,A,-41.023467045221416,2025-07-31,66.97579193115234,2026-07-31,39.5,Yahoo Finance yfinance auto_adjust=True
6148,688582.SH,芯动联科,A,-41.068340325125796,2025-07-31,63.98937225341797,2026-07-31,37.709999084472656,Yahoo Finance yfinance auto_adjust=True
6149,08006.HK,华泰瑞银,HK,-41.1347551084033,2025-08-01,0.14100000262260437,2026-07-31,0.08299999684095383,Yahoo Finance chart adjclose
6150,01647.HK,雄岸科技,HK,-41.176470803073265,2025-08-01,0.10199999809265137,2026-07-31,0.05999999865889549,Yahoo Finance chart adjclose
6151,300056.SZ,中创环保,A,-41.24820784135128,2025-07-31,13.9399995803833,2026-07-31,8.1899995803833,Yahoo Finance yfinance auto_adjust=True
6152,300563.SZ,神宇股份,A,-41.25204443752488,2025-07-31,38.02685546875,2026-07-31,22.34000015258789,Yahoo Finance yfinance auto_adjust=True
6153,300609.SZ,汇纳科技,A,-41.252390453957176,2025-07-31,41.84000015258789,2026-07-31,24.579999923706055,Yahoo Finance yfinance auto_adjust=True
6154,603825.SH,ST华扬,A,-41.25816836871044,2025-07-31,12.239999771118164,2026-07-31,7.190000057220459,Yahoo Finance yfinance auto_adjust=True
6155,01229.HK,南南资源,HK,-41.29554680294976,2025-08-01,0.24699999392032623,2026-07-31,0.14499999582767487,Yahoo Finance chart adjclose
6156,688157.SH,松井股份,A,-41.31633672163206,2025-07-31,31.52495765686035,2026-07-31,18.5,Yahoo Finance yfinance auto_adjust=True
6157,688225.SH,亚信安全,A,-41.346152611738084,2025-07-31,20.799999237060547,2026-07-31,12.199999809265137,Yahoo Finance yfinance auto_adjust=True
6158,002977.SZ,天箭科技,A,-41.348813890643235,2025-07-31,36.18000030517578,2026-07-31,21.219999313354492,Yahoo Finance yfinance auto_adjust=True
6159,01168.HK,Z FIN,HK,-41.35736976834311,2025-08-01,9.430000305175781,2026-07-31,5.53000020980835,Yahoo Finance chart adjclose
6160,300600.SZ,国瑞科技,A,-41.4117644814884,2025-07-31,17.0,2026-07-31,9.960000038146973,Yahoo Finance yfinance auto_adjust=True
6161,300261.SZ,雅本化学,A,-41.43019748418346,2025-07-31,8.8100004196167,2026-07-31,5.159999847412109,Yahoo Finance yfinance auto_adjust=True
6162,688522.SH,纳睿雷达,A,-41.439269593161335,2025-07-31,32.530330657958984,2026-07-31,19.049999237060547,Yahoo Finance yfinance auto_adjust=True
6163,300294.SZ,博雅生物,A,-41.442489622414115,2025-07-31,26.674631118774414,2026-07-31,15.619999885559082,Yahoo Finance yfinance auto_adjust=True
6164,301050.SZ,雷电微力,A,-41.48985984054161,2025-07-31,51.49534606933594,2026-07-31,30.1299991607666,Yahoo Finance yfinance auto_adjust=True
6165,600543.SH,莫高股份,A,-41.49765851376772,2025-07-31,6.409999847412109,2026-07-31,3.75,Yahoo Finance yfinance auto_adjust=True
6166,01338.HK,霸王集团,HK,-41.50943422750376,2025-08-01,0.05299999937415123,2026-07-31,0.03099999949336052,Yahoo Finance chart adjclose
6167,688575.SH,亚辉龙,A,-41.537158526427156,2025-07-31,15.685176849365234,2026-07-31,9.170000076293945,Yahoo Finance yfinance auto_adjust=True
6168,300485.SZ,赛升药业,A,-41.557731876296664,2025-07-31,15.057595252990723,2026-07-31,8.800000190734863,Yahoo Finance yfinance auto_adjust=True
6169,600571.SH,信雅达,A,-41.55871702470086,2025-07-31,17.881195068359375,2026-07-31,10.449999809265137,Yahoo Finance yfinance auto_adjust=True
6170,02517.HK,锅圈,HK,-41.5948266400626,2025-08-01,3.475719451904297,2026-07-31,2.0299999713897705,Yahoo Finance chart adjclose
6171,001356.SZ,富岭股份,A,-41.596110638457354,2025-07-31,14.707924842834473,2026-07-31,8.59000015258789,Yahoo Finance yfinance auto_adjust=True
6172,06078.HK,海吉亚医疗,HK,-41.6178174094873,2025-08-01,17.059999465942383,2026-07-31,9.960000038146973,Yahoo Finance chart adjclose
6173,688695.SH,中创股份,A,-41.63997529122043,2025-07-31,31.219999313354492,2026-07-31,18.219999313354492,Yahoo Finance yfinance auto_adjust=True
6174,02100.HK,百奥家庭互动,HK,-41.73225232841751,2025-08-01,0.6006753444671631,2026-07-31,0.3499999940395355,Yahoo Finance chart adjclose
6175,600446.SH,金证股份,A,-41.74553282314266,2025-07-31,19.020000457763672,2026-07-31,11.079999923706055,Yahoo Finance yfinance auto_adjust=True
6176,688590.SH,新致软件,A,-41.78793508094925,2025-07-31,22.555461883544922,2026-07-31,13.130000114440918,Yahoo Finance yfinance auto_adjust=True
6177,01803.HK,北京体育文化,HK,-41.791045025080656,2025-08-01,0.1340000033378601,2026-07-31,0.07800000160932541,Yahoo Finance chart adjclose
6178,300528.SZ,幸福蓝海,A,-41.817396087898054,2025-07-31,23.219999313354492,2026-07-31,13.510000228881836,Yahoo Finance yfinance auto_adjust=True
6179,000078.SZ,海王生物,A,-41.818180951205164,2025-07-31,2.75,2026-07-31,1.600000023841858,Yahoo Finance yfinance auto_adjust=True
6180,600603.SH,广汇物流,A,-41.84210352950477,2025-07-31,7.599999904632568,2026-07-31,4.420000076293945,Yahoo Finance yfinance auto_adjust=True
6181,002093.SZ,国脉科技,A,-41.852267350519554,2025-07-31,11.952314376831055,2026-07-31,6.949999809265137,Yahoo Finance yfinance auto_adjust=True
6182,600501.SH,航天晨光,A,-41.85948915154361,2025-07-31,23.770000457763672,2026-07-31,13.819999694824219,Yahoo Finance yfinance auto_adjust=True
6183,06820.HK,友谊时光,HK,-41.8657955279738,2025-08-01,0.6794623136520386,2026-07-31,0.39500001072883606,Yahoo Finance chart adjclose
6184,300177.SZ,中海达,A,-41.86915980310813,2025-07-31,10.699999809265137,2026-07-31,6.21999979019165,Yahoo Finance yfinance auto_adjust=True
6185,605286.SH,同力天启,A,-41.903348806182336,2025-07-31,37.8679313659668,2026-07-31,22.0,Yahoo Finance yfinance auto_adjust=True
6186,300781.SZ,因赛集团,A,-41.90356037595612,2025-07-31,47.4900016784668,2026-07-31,27.59000015258789,Yahoo Finance yfinance auto_adjust=True
6187,02367.HK,巨子生物,HK,-41.90526751119913,2025-08-01,52.98242950439453,2026-07-31,30.780000686645508,Yahoo Finance chart adjclose
6188,01159.HK,智数科技集团,HK,-41.92139453840288,2025-08-01,4.579999923706055,2026-07-31,2.6600000858306885,Yahoo Finance chart adjclose
6189,000710.SZ,贝瑞基因,A,-41.93989207195056,2025-07-31,14.640000343322754,2026-07-31,8.5,Yahoo Finance yfinance auto_adjust=True
6190,300377.SZ,赢时胜,A,-41.95402303350482,2025-07-31,24.360000610351562,2026-07-31,14.140000343322754,Yahoo Finance yfinance auto_adjust=True
6191,01349.HK,复旦张江,HK,-41.96642609069923,2025-08-01,4.170000076293945,2026-07-31,2.4200000762939453,Yahoo Finance chart adjclose
6192,688696.SH,极米科技,A,-42.00786428320223,2025-07-31,112.3083267211914,2026-07-31,65.12999725341797,Yahoo Finance yfinance auto_adjust=True
6193,601010.SH,文峰股份,A,-42.06303736085006,2025-07-31,2.571760654449463,2026-07-31,1.4900000095367432,Yahoo Finance yfinance auto_adjust=True
6194,301667.SZ,C纳百川,A,-42.08427026643856,2025-12-23,114.83927154541016,2026-07-31,66.51000213623047,Yahoo Finance yfinance auto_adjust=True
6195,688393.SH,安必平,A,-42.19517768553628,2025-07-31,30.98357391357422,2026-07-31,17.90999984741211,Yahoo Finance yfinance auto_adjust=True
6196,688186.SH,广大特材,A,-42.22945543799608,2025-07-31,24.579999923706055,2026-07-31,14.199999809265137,Yahoo Finance yfinance auto_adjust=True
6197,08356.HK,进业控股,HK,-42.24137620962749,2025-08-01,0.5799999833106995,2026-07-31,0.33500000834465027,Yahoo Finance chart adjclose
6198,600678.SH,四川金顶,A,-42.24599064114043,2025-07-31,9.350000381469727,2026-07-31,5.400000095367432,Yahoo Finance yfinance auto_adjust=True
6199,02210.HK,京城佳业,HK,-42.25692292843989,2025-08-01,3.290437698364258,2026-07-31,1.899999976158142,Yahoo Finance chart adjclose
6200,01799.HK,新特能源,HK,-42.261901256245984,2025-08-01,6.71999979019165,2026-07-31,3.880000114440918,Yahoo Finance chart adjclose
6201,688316.SH,青云科技,A,-42.276112391189336,2025-07-31,79.16999816894531,2026-07-31,45.70000076293945,Yahoo Finance yfinance auto_adjust=True
6202,02525.HK,禾赛-W,HK,-42.35897227230235,2025-09-16,29.25,2026-07-31,16.860000610351562,Yahoo Finance chart adjclose
6203,000403.SZ,派林生物,A,-42.40750991905512,2025-07-31,18.110000610351562,2026-07-31,10.430000305175781,Yahoo Finance yfinance auto_adjust=True
6204,001277.SZ,速达股份,A,-42.409966448447555,2025-07-31,47.24775695800781,2026-07-31,27.209999084472656,Yahoo Finance yfinance auto_adjust=True
6205,08349.HK,硅鑫集团,HK,-42.41071623388905,2025-08-01,2.240000009536743,2026-07-31,1.2899999618530273,Yahoo Finance chart adjclose
6206,300254.SZ,仟源医药,A,-42.42647276411413,2025-07-31,13.600000381469727,2026-07-31,7.829999923706055,Yahoo Finance yfinance auto_adjust=True
6207,002123.SZ,梦网科技,A,-42.43902432540669,2025-07-31,14.350000381469727,2026-07-31,8.260000228881836,Yahoo Finance yfinance auto_adjust=True
6208,000818.SZ,航锦科技,A,-42.477062382026546,2025-07-31,21.799999237060547,2026-07-31,12.539999961853027,Yahoo Finance yfinance auto_adjust=True
6209,301318.SZ,维海德,A,-42.47981206935669,2025-07-31,34.77040100097656,2026-07-31,20.0,Yahoo Finance yfinance auto_adjust=True
6210,08307.HK,密迪斯肌,HK,-42.523363314608694,2025-08-01,0.21400000154972076,2026-07-31,0.12300000339746475,Yahoo Finance chart adjclose
6211,000158.SZ,常山北明,A,-42.53639359555127,2025-07-31,23.145084381103516,2026-07-31,13.300000190734863,Yahoo Finance yfinance auto_adjust=True
6212,600774.SH,汉商集团,A,-42.54192168827122,2025-07-31,11.329999923706055,2026-07-31,6.510000228881836,Yahoo Finance yfinance auto_adjust=True
6213,301592.SZ,六九一二,A,-42.57143030165169,2025-07-31,161.26119995117188,2026-07-31,92.61000061035156,Yahoo Finance yfinance auto_adjust=True
6214,603955.SH,大千生态,A,-42.60355012890405,2025-07-31,33.79999923706055,2026-07-31,19.399999618530273,Yahoo Finance yfinance auto_adjust=True
6215,002857.SZ,三晖电气,A,-42.609656555609476,2025-07-31,27.1299991607666,2026-07-31,15.569999694824219,Yahoo Finance yfinance auto_adjust=True
6216,603200.SH,上海洗霸,A,-42.65119413144589,2025-07-31,62.2680778503418,2026-07-31,35.709999084472656,Yahoo Finance yfinance auto_adjust=True
6217,688591.SH,泰凌微,A,-42.68738715889434,2025-07-31,47.197288513183594,2026-07-31,27.049999237060547,Yahoo Finance yfinance auto_adjust=True
6218,06998.HK,嘉和生物-B,HK,-42.75862372304247,2026-01-02,2.9000000953674316,2026-07-31,1.659999966621399,Yahoo Finance chart adjclose
6219,300158.SZ,振东制药,A,-42.80742582609825,2025-07-31,8.619999885559082,2026-07-31,4.929999828338623,Yahoo Finance yfinance auto_adjust=True
6220,603579.SH,荣泰健康,A,-42.8112025862272,2025-07-31,30.3555965423584,2026-07-31,17.360000610351562,Yahoo Finance yfinance auto_adjust=True
6221,600438.SH,通威股份,A,-42.82917214535359,2025-07-31,20.43000030517578,2026-07-31,11.680000305175781,Yahoo Finance yfinance auto_adjust=True
6222,01321.HK,中国新城市,HK,-42.857141032510846,2025-08-01,1.399999976158142,2026-07-31,0.800000011920929,Yahoo Finance chart adjclose
6223,02112.HK,恩典生命科技,HK,-42.85714623609091,2025-08-01,0.06300000101327896,2026-07-31,0.035999998450279236,Yahoo Finance chart adjclose
6224,688288.SH,鸿泉技术,A,-42.86188596288767,2025-07-31,28.964902877807617,2026-07-31,16.549999237060547,Yahoo Finance yfinance auto_adjust=True
6225,002570.SZ,贝因美,A,-42.87581920155271,2025-07-31,7.650000095367432,2026-07-31,4.369999885559082,Yahoo Finance yfinance auto_adjust=True
6226,000903.SZ,ST云动,A,-42.95081846754384,2025-07-31,3.049999952316284,2026-07-31,1.7400000095367432,Yahoo Finance yfinance auto_adjust=True
6227,300229.SZ,拓尔思,A,-42.99634413216912,2025-07-31,24.6299991607666,2026-07-31,14.039999961853027,Yahoo Finance yfinance auto_adjust=True
6228,600212.SH,绿能慧充,A,-42.998894705099076,2025-07-31,9.069999694824219,2026-07-31,5.170000076293945,Yahoo Finance yfinance auto_adjust=True
6229,300248.SZ,新开普,A,-43.03092324670226,2025-07-31,14.446433067321777,2026-07-31,8.229999542236328,Yahoo Finance yfinance auto_adjust=True
6230,603535.SH,嘉诚国际,A,-43.03683659120644,2025-07-31,11.130000114440918,2026-07-31,6.340000152587891,Yahoo Finance yfinance auto_adjust=True
6231,688311.SH,盟升电子,A,-43.04920385244434,2025-07-31,37.189998626708984,2026-07-31,21.18000030517578,Yahoo Finance yfinance auto_adjust=True
6232,002547.SZ,春兴精工,A,-43.05239006757945,2025-07-31,4.389999866485596,2026-07-31,2.5,Yahoo Finance yfinance auto_adjust=True
6233,002535.SZ,林州重机,A,-43.069307573425256,2025-07-31,4.039999961853027,2026-07-31,2.299999952316284,Yahoo Finance yfinance auto_adjust=True
6234,02858.HK,易鑫集团,HK,-43.07189205515871,2025-08-01,2.3538460731506348,2026-07-31,1.340000033378601,Yahoo Finance chart adjclose
6235,01842.HK,植华集团,HK,-43.07692025540133,2025-08-01,0.06499999761581421,2026-07-31,0.03700000047683716,Yahoo Finance chart adjclose
6236,300662.SZ,科锐国际,A,-43.0977464483918,2025-07-31,35.39402770996094,2026-07-31,20.139999389648438,Yahoo Finance yfinance auto_adjust=True
6237,01588.HK,畅捷通,HK,-43.13343579267972,2025-08-01,7.649486064910889,2026-07-31,4.349999904632568,Yahoo Finance chart adjclose
6238,300698.SZ,万马科技,A,-43.17377866498548,2025-07-31,42.40999984741211,2026-07-31,24.100000381469727,Yahoo Finance yfinance auto_adjust=True
6239,06677.HK,远洋服务,HK,-43.17563994717107,2025-08-01,0.5807368755340576,2026-07-31,0.33000001311302185,Yahoo Finance chart adjclose
6240,301078.SZ,孩子王,A,-43.203089769421545,2025-07-31,13.310583114624023,2026-07-31,7.559999942779541,Yahoo Finance yfinance auto_adjust=True
6241,605218.SH,伟时电子,A,-43.22571734799088,2025-07-31,22.193147659301758,2026-07-31,12.600000381469727,Yahoo Finance yfinance auto_adjust=True
6242,301141.SZ,中科磁业,A,-43.23614204994634,2025-07-31,62.22269058227539,2026-07-31,35.31999969482422,Yahoo Finance yfinance auto_adjust=True
6243,301602.SZ,超研股份,A,-43.287844863408566,2025-07-31,26.484622955322266,2026-07-31,15.020000457763672,Yahoo Finance yfinance auto_adjust=True
6244,02419.HK,德康农牧,HK,-43.30357131453193,2025-08-01,89.5999984741211,2026-07-31,50.79999923706055,Yahoo Finance chart adjclose
6245,300348.SZ,长亮科技,A,-43.30639151200552,2025-07-31,16.968402862548828,2026-07-31,9.619999885559082,Yahoo Finance yfinance auto_adjust=True
6246,300960.SZ,通业科技,A,-43.315907707404754,2025-07-31,26.780000686645508,2026-07-31,15.180000305175781,Yahoo Finance yfinance auto_adjust=True
6247,02728.HK,金泰能源控股,HK,-43.333328987161224,2025-08-01,0.029999999329447746,2026-07-31,0.017000000923871994,Yahoo Finance chart adjclose
6248,02195.HK,盈汇企业控股,HK,-43.333332891817435,2025-08-01,0.44999998807907104,2026-07-31,0.2549999952316284,Yahoo Finance chart adjclose
6249,02590.HK,极智嘉-W,HK,-43.34511104296477,2025-08-01,16.979999542236328,2026-07-31,9.619999885559082,Yahoo Finance chart adjclose
6250,603202.SH,天有为,A,-43.371680965750215,2025-07-31,96.1356430053711,2026-07-31,54.439998626708984,Yahoo Finance yfinance auto_adjust=True
6251,688070.SH,纵横股份,A,-43.39095877455965,2025-07-31,57.27000045776367,2026-07-31,32.41999816894531,Yahoo Finance yfinance auto_adjust=True
6252,002431.SZ,棕榈股份,A,-43.40425119620186,2025-07-31,2.3499999046325684,2026-07-31,1.3300000429153442,Yahoo Finance yfinance auto_adjust=True
6253,603418.SH,友升股份,A,-43.41504481770411,2025-09-23,78.27169036865234,2026-07-31,44.290000915527344,Yahoo Finance yfinance auto_adjust=True
6254,301449.SZ,C天溯计量,A,-43.4908984573642,2025-12-23,71.17437744140625,2026-07-31,40.220001220703125,Yahoo Finance yfinance auto_adjust=True
6255,300546.SZ,雄帝科技,A,-43.515283011168094,2025-07-31,28.042984008789062,2026-07-31,15.84000015258789,Yahoo Finance yfinance auto_adjust=True
6256,01911.HK,华兴资本控股,HK,-43.533697015051374,2025-08-01,5.489999771118164,2026-07-31,3.0999999046325684,Yahoo Finance chart adjclose
6257,300426.SZ,华智数媒,A,-43.54838849230437,2025-07-31,9.920000076293945,2026-07-31,5.599999904632568,Yahoo Finance yfinance auto_adjust=True
6258,688168.SH,安博通,A,-43.55070575474854,2025-07-31,55.64285659790039,2026-07-31,31.40999984741211,Yahoo Finance yfinance auto_adjust=True
6259,300087.SZ,荃银高科,A,-43.61233558833199,2025-07-31,9.079999923706055,2026-07-31,5.119999885559082,Yahoo Finance yfinance auto_adjust=True
6260,02237.HK,中国石墨,HK,-43.661969288831784,2025-08-01,0.35499998927116394,2026-07-31,0.20000000298023224,Yahoo Finance chart adjclose
6261,000911.SZ,广农糖业,A,-43.66577108680569,2025-07-31,7.420000076293945,2026-07-31,4.179999828338623,Yahoo Finance yfinance auto_adjust=True
6262,06682.HK,第四范式,HK,-43.69230637183556,2025-08-01,52.0,2026-07-31,29.280000686645508,Yahoo Finance chart adjclose
6263,688708.SH,佳驰科技,A,-43.707485751498666,2025-07-31,83.26151275634766,2026-07-31,46.869998931884766,Yahoo Finance yfinance auto_adjust=True
6264,08275.HK,中国新消费集团,HK,-43.749997412992734,2025-08-01,0.14399999380111694,2026-07-31,0.08100000023841858,Yahoo Finance chart adjclose
6265,02211.HK,大健康国际,HK,-43.801654073174404,2025-08-01,1.2100000381469727,2026-07-31,0.6800000071525574,Yahoo Finance chart adjclose
6266,002102.SZ,能特科技,A,-43.811881129688615,2025-07-31,4.039999961853027,2026-07-31,2.2699999809265137,Yahoo Finance yfinance auto_adjust=True
6267,01530.HK,三生制药,HK,-43.818218850468874,2025-08-01,29.760536193847656,2026-07-31,16.719999313354492,Yahoo Finance chart adjclose
6268,301000.SZ,肇民科技,A,-43.85036939081011,2025-07-31,42.81417465209961,2026-07-31,24.040000915527344,Yahoo Finance yfinance auto_adjust=True
6269,02581.HK,明基医院,HK,-43.85592768723765,2025-12-22,4.71999979019165,2026-07-31,2.6500000953674316,Yahoo Finance chart adjclose
6270,300492.SZ,华图山鼎,A,-43.995825209626624,2025-07-31,46.87150573730469,2026-07-31,26.25,Yahoo Finance yfinance auto_adjust=True
6271,300663.SZ,科蓝软件,A,-44.07582931248367,2025-07-31,18.989999771118164,2026-07-31,10.619999885559082,Yahoo Finance yfinance auto_adjust=True
6272,02566.HK,九源基因,HK,-44.115092512309786,2025-08-01,9.591140747070312,2026-07-31,5.360000133514404,Yahoo Finance chart adjclose
6273,300916.SZ,朗特智能,A,-44.11734877418587,2025-07-31,34.30402755737305,2026-07-31,19.170000076293945,Yahoo Finance yfinance auto_adjust=True
6274,603712.SH,七一二,A,-44.124587757522434,2025-07-31,21.190000534057617,2026-07-31,11.84000015258789,Yahoo Finance yfinance auto_adjust=True
6275,01586.HK,力鸿检验,HK,-44.15584184363828,2025-08-01,3.0799999237060547,2026-07-31,1.7200000286102295,Yahoo Finance chart adjclose
6276,300468.SZ,四方精创,A,-44.21195178523375,2025-07-31,39.9189453125,2026-07-31,22.270000457763672,Yahoo Finance yfinance auto_adjust=True
6277,01609.HK,创建集团控股,HK,-44.23255742982376,2026-05-05,215.0,2026-07-31,119.9000015258789,Yahoo Finance chart adjclose
6278,688177.SH,百奥泰,A,-44.24894000453313,2025-07-31,30.690000534057617,2026-07-31,17.110000610351562,Yahoo Finance yfinance auto_adjust=True
6279,300995.SZ,奇德新材,A,-44.26115635701051,2025-07-31,43.09382629394531,2026-07-31,24.020000457763672,Yahoo Finance yfinance auto_adjust=True
6280,300399.SZ,天利科技,A,-44.29083013581323,2025-07-31,30.92848014831543,2026-07-31,17.229999542236328,Yahoo Finance yfinance auto_adjust=True
6281,01459.HK,巨匠建设,HK,-44.303799282948596,2025-08-01,0.39500001072883606,2026-07-31,0.2199999988079071,Yahoo Finance chart adjclose
6282,300366.SZ,ST创意,A,-44.30693016719752,2025-07-31,8.079999923706055,2026-07-31,4.5,Yahoo Finance yfinance auto_adjust=True
6283,300942.SZ,易瑞生物,A,-44.31910962105094,2025-07-31,11.18875789642334,2026-07-31,6.230000019073486,Yahoo Finance yfinance auto_adjust=True
6284,600239.SH,云南城投,A,-44.354839329913055,2025-07-31,2.4800000190734863,2026-07-31,1.3799999952316284,Yahoo Finance yfinance auto_adjust=True
6285,300810.SZ,中科海讯,A,-44.39620458681092,2025-07-31,42.40717697143555,2026-07-31,23.579999923706055,Yahoo Finance yfinance auto_adjust=True
6286,01973.HK,天图投资,HK,-44.44444297272479,2025-08-01,3.5999999046325684,2026-07-31,2.0,Yahoo Finance chart adjclose
6287,301383.SZ,天键股份,A,-44.526706209605,2025-07-31,37.81999969482422,2026-07-31,20.979999542236328,Yahoo Finance yfinance auto_adjust=True
6288,81024.HK,快手-WR,HK,-44.590613230275586,2025-08-01,67.6419677734375,2026-07-31,37.47999954223633,Yahoo Finance chart adjclose
6289,002427.SZ,尤夫股份,A,-44.5910309823374,2025-07-31,7.579999923706055,2026-07-31,4.199999809265137,Yahoo Finance yfinance auto_adjust=True
6290,300542.SZ,新晨科技,A,-44.60465187250182,2025-07-31,21.5,2026-07-31,11.90999984741211,Yahoo Finance yfinance auto_adjust=True
6291,300682.SZ,朗新集团,A,-44.65662143315993,2025-07-31,20.05660057067871,2026-07-31,11.100000381469727,Yahoo Finance yfinance auto_adjust=True
6292,300722.SZ,新余国科,A,-44.66885401674489,2025-07-31,38.893104553222656,2026-07-31,21.520000457763672,Yahoo Finance yfinance auto_adjust=True
6293,301220.SZ,亚香股份,A,-44.699189450680365,2025-07-31,47.95589828491211,2026-07-31,26.520000457763672,Yahoo Finance yfinance auto_adjust=True
6294,688068.SH,热景生物,A,-44.71794715294472,2025-07-31,195.0,2026-07-31,107.80000305175781,Yahoo Finance yfinance auto_adjust=True
6295,002017.SZ,东信和平,A,-44.72052275798094,2025-07-31,24.62034797668457,2026-07-31,13.609999656677246,Yahoo Finance yfinance auto_adjust=True
6296,02185.HK,百心安-B,HK,-44.76885870596144,2025-08-01,4.110000133514404,2026-07-31,2.2699999809265137,Yahoo Finance chart adjclose
6297,08452.HK,富银融资股份,HK,-44.85714086221185,2025-08-01,0.3499999940395355,2026-07-31,0.19300000369548798,Yahoo Finance chart adjclose
6298,600610.SH,中毅达,A,-44.88000106811524,2025-07-31,12.5,2026-07-31,6.889999866485596,Yahoo Finance yfinance auto_adjust=True
6299,688373.SH,盟科药业,A,-44.890510186738005,2025-07-31,8.220000267028809,2026-07-31,4.53000020980835,Yahoo Finance yfinance auto_adjust=True
6300,301036.SZ,双乐股份,A,-44.902298767600435,2025-07-31,36.462501525878906,2026-07-31,20.09000015258789,Yahoo Finance yfinance auto_adjust=True
6301,300941.SZ,创识科技,A,-44.93203521795277,2025-07-31,26.29477882385254,2026-07-31,14.479999542236328,Yahoo Finance yfinance auto_adjust=True
6302,01471.HK,众淼控股,HK,-44.99545551460986,2025-08-01,14.635154724121094,2026-07-31,8.050000190734863,Yahoo Finance chart adjclose
6303,600967.SH,内蒙一机,A,-44.99869228415092,2025-07-31,21.090408325195312,2026-07-31,11.600000381469727,Yahoo Finance yfinance auto_adjust=True
6304,301011.SZ,华立科技,A,-45.07384961133093,2025-07-31,26.83603286743164,2026-07-31,14.739999771118164,Yahoo Finance yfinance auto_adjust=True
6305,02489.HK,集海资源,HK,-45.07692233127183,2025-08-01,1.4019607305526733,2026-07-31,0.7699999809265137,Yahoo Finance chart adjclose
6306,301004.SZ,嘉益股份,A,-45.095487571386464,2025-07-31,68.48252868652344,2026-07-31,37.599998474121094,Yahoo Finance yfinance auto_adjust=True
6307,002097.SZ,山河智能,A,-45.101601209556605,2025-07-31,13.20621395111084,2026-07-31,7.25,Yahoo Finance yfinance auto_adjust=True
6308,002221.SZ,东华能源,A,-45.12670576173572,2025-07-31,10.260000228881836,2026-07-31,5.630000114440918,Yahoo Finance yfinance auto_adjust=True
6309,301331.SZ,恩威医药,A,-45.14814991015555,2025-07-31,36.644161224365234,2026-07-31,20.100000381469727,Yahoo Finance yfinance auto_adjust=True
6310,301656.SZ,联合动力,A,-45.1747777421577,2025-09-25,30.825227737426758,2026-07-31,16.899999618530273,Yahoo Finance yfinance auto_adjust=True
6311,600764.SH,中国海防,A,-45.24789149441558,2025-07-31,34.06261444091797,2026-07-31,18.649999618530273,Yahoo Finance yfinance auto_adjust=True
6312,600581.SH,八一钢铁,A,-45.30516904883753,2025-07-31,4.260000228881836,2026-07-31,2.3299999237060547,Yahoo Finance yfinance auto_adjust=True
6313,02369.HK,酷派集团,HK,-45.31249970896168,2025-08-01,1.2799999713897705,2026-07-31,0.699999988079071,Yahoo Finance chart adjclose
6314,688050.SH,爱博医疗,A,-45.32685605765913,2025-07-31,76.49093627929688,2026-07-31,41.81999969482422,Yahoo Finance yfinance auto_adjust=True
6315,603108.SH,润达医疗,A,-45.330417690612215,2025-07-31,18.309999465942383,2026-07-31,10.010000228881836,Yahoo Finance yfinance auto_adjust=True
6316,01150.HK,米兰站,HK,-45.33333399560714,2025-08-01,0.15000000596046448,2026-07-31,0.0820000022649765,Yahoo Finance chart adjclose
6317,688076.SH,ST诺泰,A,-45.374233119218644,2025-07-31,48.67666244506836,2026-07-31,26.59000015258789,Yahoo Finance yfinance auto_adjust=True
6318,02138.HK,医思健康,HK,-45.384615031925165,2025-08-01,0.6499999761581421,2026-07-31,0.35499998927116394,Yahoo Finance chart adjclose
6319,01126.HK,德林国际,HK,-45.401248424357455,2025-08-01,12.747544288635254,2026-07-31,6.960000038146973,Yahoo Finance chart adjclose
6320,600818.SH,中路股份,A,-45.42986329661471,2025-07-31,11.050000190734863,2026-07-31,6.03000020980835,Yahoo Finance yfinance auto_adjust=True
6321,688408.SH,中信博,A,-45.447201446211615,2025-07-31,49.529998779296875,2026-07-31,27.020000457763672,Yahoo Finance yfinance auto_adjust=True
6322,003005.SZ,竞业达,A,-45.45115668952403,2025-07-31,24.25349235534668,2026-07-31,13.229999542236328,Yahoo Finance yfinance auto_adjust=True
6323,08269.HK,富誉控股,HK,-45.45454381254424,2025-08-01,0.4950000047683716,2026-07-31,0.27000001072883606,Yahoo Finance chart adjclose
6324,01195.HK,京维集团,HK,-45.45454468485737,2025-08-01,0.02199999988079071,2026-07-31,0.012000000104308128,Yahoo Finance chart adjclose
6325,600238.SH,*ST椰岛,A,-45.45454831019972,2025-07-31,7.590000152587891,2026-07-31,4.139999866485596,Yahoo Finance yfinance auto_adjust=True
6326,301091.SZ,深城交,A,-45.45620367881418,2025-07-31,30.39759063720703,2026-07-31,16.579999923706055,Yahoo Finance yfinance auto_adjust=True
6327,688244.SH,永信至诚,A,-45.50147759734001,2025-07-31,27.1200008392334,2026-07-31,14.779999732971191,Yahoo Finance yfinance auto_adjust=True
6328,300386.SZ,飞天诚信,A,-45.53141255480585,2025-07-31,18.744749069213867,2026-07-31,10.210000038146973,Yahoo Finance yfinance auto_adjust=True
6329,002229.SZ,鸿博股份,A,-45.531463385260416,2025-07-31,18.90999984741211,2026-07-31,10.300000190734863,Yahoo Finance yfinance auto_adjust=True
6330,688776.SH,国光电气,A,-45.546509498773624,2025-07-31,86.0,2026-07-31,46.83000183105469,Yahoo Finance yfinance auto_adjust=True
6331,002401.SZ,中远海科,A,-45.55416517591367,2025-07-31,22.48105812072754,2026-07-31,12.239999771118164,Yahoo Finance yfinance auto_adjust=True
6332,01253.HK,绿博生态,HK,-45.55555914287199,2025-08-01,0.18000000715255737,2026-07-31,0.09799999743700027,Yahoo Finance chart adjclose
6333,600165.SH,*ST宁科,A,-45.56075211476712,2025-07-31,4.28000020980835,2026-07-31,2.3299999237060547,Yahoo Finance yfinance auto_adjust=True
6334,300809.SZ,华辰装备,A,-45.58819241775996,2025-07-31,41.73726272583008,2026-07-31,22.709999084472656,Yahoo Finance yfinance auto_adjust=True
6335,002045.SZ,国光电器,A,-45.59154127078311,2025-07-31,15.365257263183594,2026-07-31,8.359999656677246,Yahoo Finance yfinance auto_adjust=True
6336,002773.SZ,康弘药业,A,-45.59163242003632,2025-07-31,39.589500427246094,2026-07-31,21.540000915527344,Yahoo Finance yfinance auto_adjust=True
6337,000678.SZ,襄阳轴承,A,-45.624196718096144,2025-07-31,15.539999961853027,2026-07-31,8.449999809265137,Yahoo Finance yfinance auto_adjust=True
6338,001233.SZ,海安集团,A,-45.64667292841747,2025-11-25,80.87821197509766,2026-07-31,43.959999084472656,Yahoo Finance yfinance auto_adjust=True
6339,300046.SZ,台基股份,A,-45.682761068424504,2025-07-31,42.06767654418945,2026-07-31,22.850000381469727,Yahoo Finance yfinance auto_adjust=True
6340,688212.SH,澳华内镜,A,-45.76035213056227,2025-07-31,50.2400016784668,2026-07-31,27.25,Yahoo Finance yfinance auto_adjust=True
6341,06860.HK,指尖悦动,HK,-45.762709617032584,2025-08-01,0.23600000143051147,2026-07-31,0.12800000607967377,Yahoo Finance chart adjclose
6342,01393.HK,恒鼎实业,HK,-45.83332988399032,2025-08-01,0.07199999690055847,2026-07-31,0.039000000804662704,Yahoo Finance chart adjclose
6343,08246.HK,中华燃气,HK,-45.83333747254461,2025-08-01,1.2000000476837158,2026-07-31,0.6499999761581421,Yahoo Finance chart adjclose
6344,300122.SZ,智飞生物,A,-45.86965595991417,2025-07-31,24.09000015258789,2026-07-31,13.039999961853027,Yahoo Finance yfinance auto_adjust=True
6345,001325.SZ,元创股份,A,-45.939728568301476,2025-12-18,66.22238159179688,2026-07-31,35.79999923706055,Yahoo Finance yfinance auto_adjust=True
6346,01428.HK,耀才证券金融,HK,-45.945945837098904,2025-08-01,11.84000015258789,2026-07-31,6.400000095367432,Yahoo Finance chart adjclose
6347,02555.HK,茶百道,HK,-45.98100061669269,2025-08-01,8.867250442504883,2026-07-31,4.789999961853027,Yahoo Finance chart adjclose
6348,002765.SZ,蓝黛科技,A,-46.02942161699816,2025-07-31,12.469757080078125,2026-07-31,6.730000019073486,Yahoo Finance yfinance auto_adjust=True
6349,301061.SZ,匠心家居,A,-46.033315197989765,2025-07-31,69.82085418701172,2026-07-31,37.68000030517578,Yahoo Finance yfinance auto_adjust=True
6350,01810.HK,小米集团-W,HK,-46.10486916803169,2025-08-01,53.400001525878906,2026-07-31,28.780000686645508,Yahoo Finance chart adjclose
6351,002629.SZ,仁智股份,A,-46.11528595918334,2025-07-31,7.980000019073486,2026-07-31,4.300000190734863,Yahoo Finance yfinance auto_adjust=True
6352,300922.SZ,天秦装备,A,-46.13954646034255,2025-07-31,29.9477596282959,2026-07-31,16.1299991607666,Yahoo Finance yfinance auto_adjust=True
6353,301501.SZ,恒鑫生活,A,-46.15185521456118,2025-07-31,51.998077392578125,2026-07-31,28.0,Yahoo Finance yfinance auto_adjust=True
6354,02157.HK,乐普生物-B,HK,-46.16351808184541,2025-08-01,7.949999809265137,2026-07-31,4.28000020980835,Yahoo Finance chart adjclose
6355,08462.HK,中安控股集团,HK,-46.21211915961966,2025-08-01,0.13199999928474426,2026-07-31,0.07100000232458115,Yahoo Finance chart adjclose
6356,02001.HK,新高教集团,HK,-46.2264128663268,2025-08-01,1.059999942779541,2026-07-31,0.5699999928474426,Yahoo Finance chart adjclose
6357,01477.HK,欧康维视生物-B,HK,-46.2845021040566,2025-08-01,9.420000076293945,2026-07-31,5.059999942779541,Yahoo Finance chart adjclose
6358,02415.HK,梅斯健康,HK,-46.285466895844486,2025-08-01,1.3404194116592407,2026-07-31,0.7200000286102295,Yahoo Finance chart adjclose
6359,688302.SH,海创药业,A,-46.29508471879803,2025-07-31,61.0,2026-07-31,32.7599983215332,Yahoo Finance yfinance auto_adjust=True
6360,300950.SZ,德固特,A,-46.2956236257827,2025-07-31,29.457561492919922,2026-07-31,15.819999694824219,Yahoo Finance yfinance auto_adjust=True
6361,002855.SZ,捷荣技术,A,-46.305692591332736,2025-07-31,17.729999542236328,2026-07-31,9.520000457763672,Yahoo Finance yfinance auto_adjust=True
6362,02586.HK,多点数智,HK,-46.363634874888525,2025-08-01,9.899999618530273,2026-07-31,5.309999942779541,Yahoo Finance chart adjclose
6363,08111.HK,中国科技产业集团,HK,-46.37680955980781,2025-08-01,0.1379999965429306,2026-07-31,0.07400000095367432,Yahoo Finance chart adjclose
6364,002094.SZ,青岛金王,A,-46.39175173267229,2025-07-31,8.729999542236328,2026-07-31,4.679999828338623,Yahoo Finance yfinance auto_adjust=True
6365,02508.HK,圣贝拉,HK,-46.4135039207616,2025-08-01,7.110000133514404,2026-07-31,3.809999942779541,Yahoo Finance chart adjclose
6366,688489.SH,三未信安,A,-46.454410870323294,2025-07-31,41.459999084472656,2026-07-31,22.200000762939453,Yahoo Finance yfinance auto_adjust=True
6367,605333.SH,沪光股份,A,-46.50476012933667,2025-07-31,32.6384162902832,2026-07-31,17.459999084472656,Yahoo Finance yfinance auto_adjust=True
6368,02543.HK,大行科工,HK,-46.51228730093324,2025-09-09,54.62936782836914,2026-07-31,29.219999313354492,Yahoo Finance chart adjclose
6369,01563.HK,友联国际教育租赁,HK,-46.52173862340096,2025-08-01,0.23000000417232513,2026-07-31,0.12300000339746475,Yahoo Finance chart adjclose
6370,600325.SH,华发股份,A,-46.57015618905421,2025-07-31,4.772613525390625,2026-07-31,2.549999952316284,Yahoo Finance yfinance auto_adjust=True
6371,603887.SH,城地香江,A,-46.574515207896425,2025-07-31,16.639999389648438,2026-07-31,8.890000343322754,Yahoo Finance yfinance auto_adjust=True
6372,002657.SZ,中科金财,A,-46.65540622175828,2025-07-31,29.600000381469727,2026-07-31,15.789999961853027,Yahoo Finance yfinance auto_adjust=True
6373,600119.SH,长江投资,A,-46.690738812947515,2025-07-31,8.3100004196167,2026-07-31,4.429999828338623,Yahoo Finance yfinance auto_adjust=True
6374,02149.HK,贝克微,HK,-46.7613117793116,2025-08-01,56.349998474121094,2026-07-31,30.0,Yahoo Finance chart adjclose
6375,06185.HK,康希诺生物,HK,-46.788569859095986,2025-08-01,43.75,2026-07-31,23.280000686645508,Yahoo Finance chart adjclose
6376,300869.SZ,康泰医学,A,-46.81159505755309,2025-07-31,20.700000762939453,2026-07-31,11.010000228881836,Yahoo Finance yfinance auto_adjust=True
6377,06608.HK,百融云-W,HK,-46.81295386727405,2025-08-01,9.569999694824219,2026-07-31,5.090000152587891,Yahoo Finance chart adjclose
6378,02015.HK,理想汽车-W,HK,-46.86567012350358,2025-08-01,100.5,2026-07-31,53.400001525878906,Yahoo Finance chart adjclose
6379,300695.SZ,兆丰股份,A,-46.86690589141993,2025-07-31,84.95646667480469,2026-07-31,45.13999938964844,Yahoo Finance yfinance auto_adjust=True
6380,01247.HK,米格国际控股,HK,-46.90721953557537,2025-08-01,1.940000057220459,2026-07-31,1.0299999713897705,Yahoo Finance chart adjclose
6381,600418.SH,江淮汽车,A,-46.92929200451783,2025-07-31,49.5,2026-07-31,26.270000457763672,Yahoo Finance yfinance auto_adjust=True
6382,002175.SZ,东方智造,A,-46.966292219110215,2025-07-31,4.449999809265137,2026-07-31,2.359999895095825,Yahoo Finance yfinance auto_adjust=True
6383,300918.SZ,南山智尚,A,-46.998505578581586,2025-07-31,19.01833152770996,2026-07-31,10.079999923706055,Yahoo Finance yfinance auto_adjust=True
6384,603716.SH,塞力医疗,A,-47.06862058287099,2025-07-31,30.020000457763672,2026-07-31,15.890000343322754,Yahoo Finance yfinance auto_adjust=True
6385,01011.HK,泰凌医药,HK,-47.18309699531298,2025-08-01,0.7099999785423279,2026-07-31,0.375,Yahoo Finance chart adjclose
6386,01003.HK,欢喜传媒,HK,-47.200000286102295,2025-08-01,0.375,2026-07-31,0.1979999989271164,Yahoo Finance chart adjclose
6387,000016.SZ,深康佳Ａ,A,-47.204969097397594,2025-07-31,4.829999923706055,2026-07-31,2.549999952316284,Yahoo Finance yfinance auto_adjust=True
6388,08206.HK,神通机器人教育,HK,-47.22222164733172,2025-08-01,0.07199999690055847,2026-07-31,0.03799999877810478,Yahoo Finance chart adjclose
6389,02176.HK,赛迪顾问,HK,-47.23334840285851,2025-08-01,1.6108659505844116,2026-07-31,0.8500000238418579,Yahoo Finance chart adjclose
6390,01098.HK,路劲,HK,-47.252749951906914,2025-08-01,0.9100000262260437,2026-07-31,0.47999998927116394,Yahoo Finance chart adjclose
6391,300961.SZ,深水海纳,A,-47.29011563681325,2025-07-31,18.81999969482422,2026-07-31,9.920000076293945,Yahoo Finance yfinance auto_adjust=True
6392,688022.SH,瀚川智能,A,-47.298197358290295,2025-07-31,14.989999771118164,2026-07-31,7.900000095367432,Yahoo Finance yfinance auto_adjust=True
6393,300411.SZ,金盾股份,A,-47.30627478981335,2025-07-31,13.550000190734863,2026-07-31,7.139999866485596,Yahoo Finance yfinance auto_adjust=True
6394,01181.HK,唐宫中国,HK,-47.36841960792064,2025-08-01,0.1899999976158142,2026-07-31,0.10000000149011612,Yahoo Finance chart adjclose
6395,08156.HK,国药科技股份,HK,-47.419354435556514,2025-08-01,0.3100000023841858,2026-07-31,0.16300000250339508,Yahoo Finance chart adjclose
6396,02779.HK,中国新华教育,HK,-47.45762437898776,2025-08-01,0.5899999737739563,2026-07-31,0.3100000023841858,Yahoo Finance chart adjclose
6397,01736.HK,中国育儿网络,HK,-47.50000242143866,2025-08-01,0.800000011920929,2026-07-31,0.41999998688697815,Yahoo Finance chart adjclose
6398,603918.SH,金桥信息,A,-47.533426305951195,2025-07-31,21.690000534057617,2026-07-31,11.380000114440918,Yahoo Finance yfinance auto_adjust=True
6399,02002.HK,阳光纸业,HK,-47.6439781426331,2025-08-01,1.909999966621399,2026-07-31,1.0,Yahoo Finance chart adjclose
6400,301187.SZ,欧圣电气,A,-47.68678183898301,2025-07-31,29.457181930541992,2026-07-31,15.40999984741211,Yahoo Finance yfinance auto_adjust=True
6401,300173.SZ,ST福能,A,-47.723440229827474,2025-07-31,5.929999828338623,2026-07-31,3.0999999046325684,Yahoo Finance yfinance auto_adjust=True
6402,603392.SH,万泰生物,A,-47.72804936298988,2025-07-31,58.540000915527344,2026-07-31,30.600000381469727,Yahoo Finance yfinance auto_adjust=True
6403,02192.HK,医脉通,HK,-47.74700659390422,2025-08-01,14.927374839782715,2026-07-31,7.800000190734863,Yahoo Finance chart adjclose
6404,301586.SZ,佳力奇,A,-47.768737708500254,2025-07-31,57.60917663574219,2026-07-31,30.09000015258789,Yahoo Finance yfinance auto_adjust=True
6405,600624.SH,ST复华,A,-47.84422850964912,2025-07-31,7.190000057220459,2026-07-31,3.75,Yahoo Finance yfinance auto_adjust=True
6406,08482.HK,万励达,HK,-47.938144052747035,2025-08-01,0.1940000057220459,2026-07-31,0.10100000351667404,Yahoo Finance chart adjclose
6407,08191.HK,鸿伟亚洲,HK,-47.979797637714384,2025-08-01,0.1979999989271164,2026-07-31,0.10300000011920929,Yahoo Finance chart adjclose
6408,301229.SZ,纽泰格,A,-47.99924149601864,2025-07-31,21.71122169494629,2026-07-31,11.289999961853027,Yahoo Finance yfinance auto_adjust=True
6409,600793.SH,宜宾纸业,A,-48.024190565053594,2025-07-31,24.799999237060547,2026-07-31,12.890000343322754,Yahoo Finance yfinance auto_adjust=True
6410,603008.SH,喜临门,A,-48.03995511476663,2025-07-31,15.454181671142578,2026-07-31,8.029999732971191,Yahoo Finance yfinance auto_adjust=True
6411,08262.HK,宏强控股,HK,-48.101266777834354,2025-08-01,0.07900000363588333,2026-07-31,0.04100000113248825,Yahoo Finance chart adjclose
6412,000002.SZ,万  科Ａ,A,-48.13664775632199,2025-07-31,6.440000057220459,2026-07-31,3.3399999141693115,Yahoo Finance yfinance auto_adjust=True
6413,02531.HK,广联科技控股,HK,-48.162475295777384,2025-08-01,10.34000015258789,2026-07-31,5.360000133514404,Yahoo Finance chart adjclose
6414,01066.HK,威高股份,HK,-48.169077498309676,2025-08-01,6.482616424560547,2026-07-31,3.359999895095825,Yahoo Finance chart adjclose
6415,002104.SZ,恒宝股份,A,-48.23582547047827,2025-07-31,19.839977264404297,2026-07-31,10.270000457763672,Yahoo Finance yfinance auto_adjust=True
6416,002992.SZ,宝明科技,A,-48.273595458189554,2025-07-31,60.81999969482422,2026-07-31,31.459999084472656,Yahoo Finance yfinance auto_adjust=True
6417,02593.HK,草姬集团,HK,-48.33333156726973,2025-08-01,1.7999999523162842,2026-07-31,0.9300000071525574,Yahoo Finance chart adjclose
6418,02329.HK,国瑞健康,HK,-48.36956596561832,2025-08-01,0.18400000035762787,2026-07-31,0.0949999988079071,Yahoo Finance chart adjclose
6419,02652.HK,长风药业,HK,-48.38960820978338,2025-10-08,38.5,2026-07-31,19.8700008392334,Yahoo Finance chart adjclose
6420,601026.SH,道生天合,A,-48.39517359175278,2025-10-17,29.028291702270508,2026-07-31,14.979999542236328,Yahoo Finance yfinance auto_adjust=True
6421,01238.HK,宝龙地产,HK,-48.450703137546625,2025-08-01,0.35499998927116394,2026-07-31,0.18299999833106995,Yahoo Finance chart adjclose
6422,301038.SZ,深水规院,A,-48.49846958279357,2025-07-31,30.445697784423828,2026-07-31,15.680000305175781,Yahoo Finance yfinance auto_adjust=True
6423,02402.HK,亿华通,HK,-48.60040457457265,2025-08-01,24.649999618530273,2026-07-31,12.670000076293945,Yahoo Finance chart adjclose
6424,02186.HK,绿叶制药,HK,-48.607596281418665,2025-08-01,3.950000047683716,2026-07-31,2.0299999713897705,Yahoo Finance chart adjclose
6425,02255.HK,海昌海洋公园,HK,-48.66666793823242,2025-08-01,0.75,2026-07-31,0.38499999046325684,Yahoo Finance chart adjclose
6426,688793.SH,倍轻松,A,-48.69752000260939,2025-07-31,32.630001068115234,2026-07-31,16.739999771118164,Yahoo Finance yfinance auto_adjust=True
6427,300061.SZ,旗天科技,A,-48.73817158074672,2025-07-31,12.680000305175781,2026-07-31,6.5,Yahoo Finance yfinance auto_adjust=True
6428,688639.SH,华恒生物,A,-48.76167132835696,2025-07-31,33.178287506103516,2026-07-31,17.0,Yahoo Finance yfinance auto_adjust=True
6429,600117.SH,西宁特钢,A,-48.87892484554646,2025-07-31,4.460000038146973,2026-07-31,2.2799999713897705,Yahoo Finance yfinance auto_adjust=True
6430,603248.SH,C锡华,A,-48.935831354909666,2025-12-23,36.503089904785156,2026-07-31,18.639999389648438,Yahoo Finance yfinance auto_adjust=True
6431,08606.HK,倢冠控股,HK,-48.93616802042664,2025-08-01,0.09399999678134918,2026-07-31,0.04800000041723251,Yahoo Finance chart adjclose
6432,02371.HK,创联控股,HK,-48.94736627462495,2025-08-01,0.3799999952316284,2026-07-31,0.1940000057220459,Yahoo Finance chart adjclose
6433,300152.SZ,ST新动力,A,-48.951045744774234,2025-07-31,2.859999895095825,2026-07-31,1.4600000381469727,Yahoo Finance yfinance auto_adjust=True
6434,603121.SH,华培动力,A,-48.99999878623269,2025-07-31,22.0,2026-07-31,11.220000267028809,Yahoo Finance yfinance auto_adjust=True
6435,01868.HK,同方友友,HK,-49.041096013445504,2025-08-01,0.36500000953674316,2026-07-31,0.1860000044107437,Yahoo Finance chart adjclose
6436,000558.SZ,天府文旅,A,-49.10447488199703,2025-07-31,6.699999809265137,2026-07-31,3.4100000858306885,Yahoo Finance yfinance auto_adjust=True
6437,688159.SH,有方科技,A,-49.10804324641917,2025-07-31,59.41999816894531,2026-07-31,30.239999771118164,Yahoo Finance yfinance auto_adjust=True
6438,301575.SZ,艾芬达,A,-49.11250031146186,2025-09-10,52.665191650390625,2026-07-31,26.799999237060547,Yahoo Finance yfinance auto_adjust=True
6439,300340.SZ,科恒股份,A,-49.134738028381534,2025-07-31,16.18000030517578,2026-07-31,8.229999542236328,Yahoo Finance yfinance auto_adjust=True
6440,02125.HK,稻草熊娱乐,HK,-49.13793183181008,2025-08-01,0.5799999833106995,2026-07-31,0.29499998688697815,Yahoo Finance chart adjclose
6441,08173.HK,客思控股,HK,-49.295773219157326,2025-08-01,0.21299999952316284,2026-07-31,0.1080000028014183,Yahoo Finance chart adjclose
6442,01250.HK,山高新能源,HK,-49.31506916424819,2025-08-01,2.190000057220459,2026-07-31,1.1100000143051147,Yahoo Finance chart adjclose
6443,300844.SZ,山水比德,A,-49.36470480526195,2025-07-31,42.5,2026-07-31,21.520000457763672,Yahoo Finance yfinance auto_adjust=True
6444,300180.SZ,华峰超纤,A,-49.36869370142275,2025-07-31,8.670524597167969,2026-07-31,4.389999866485596,Yahoo Finance yfinance auto_adjust=True
6445,300879.SZ,大叶股份,A,-49.37499761581421,2025-07-31,32.0,2026-07-31,16.200000762939453,Yahoo Finance yfinance auto_adjust=True
6446,02202.HK,万科企业,HK,-49.38775569783901,2025-08-01,4.900000095367432,2026-07-31,2.4800000190734863,Yahoo Finance chart adjclose
6447,600965.SH,福成股份,A,-49.4230728671394,2025-07-31,5.199999809265137,2026-07-31,2.630000114440918,Yahoo Finance yfinance auto_adjust=True
6448,06913.HK,华南职业教育,HK,-49.43039470192687,2025-08-01,0.27684614062309265,2026-07-31,0.14000000059604645,Yahoo Finance chart adjclose
6449,300100.SZ,双林股份,A,-49.468975312132144,2025-07-31,44.151092529296875,2026-07-31,22.309999465942383,Yahoo Finance yfinance auto_adjust=True
6450,605088.SH,冠盛股份,A,-49.510613479377895,2025-07-31,40.04801940917969,2026-07-31,20.219999313354492,Yahoo Finance yfinance auto_adjust=True
6451,300732.SZ,设研院,A,-49.56369816257917,2025-07-31,11.460000038146973,2026-07-31,5.78000020980835,Yahoo Finance yfinance auto_adjust=True
6452,688091.SH,上海谊众,A,-49.58344478514122,2025-07-31,72.0199966430664,2026-07-31,36.310001373291016,Yahoo Finance yfinance auto_adjust=True
6453,603151.SH,邦基科技,A,-49.62479399103129,2025-07-31,23.940349578857422,2026-07-31,12.0600004196167,Yahoo Finance yfinance auto_adjust=True
6454,81810.HK,小米集团-WR,HK,-49.72588786013841,2025-08-01,49.25,2026-07-31,24.760000228881836,Yahoo Finance chart adjclose
6455,06108.HK,新锐医药,HK,-49.74999949708582,2025-08-01,0.4000000059604645,2026-07-31,0.20100000500679016,Yahoo Finance chart adjclose
6456,002225.SZ,濮耐股份,A,-49.77272437576773,2025-07-31,7.107691764831543,2026-07-31,3.569999933242798,Yahoo Finance yfinance auto_adjust=True
6457,02170.HK,贝康医疗-B,HK,-49.820788698925014,2025-08-01,2.7899999618530273,2026-07-31,1.399999976158142,Yahoo Finance chart adjclose
6458,603636.SH,南威软件,A,-49.850968846402296,2025-07-31,13.420000076293945,2026-07-31,6.730000019073486,Yahoo Finance yfinance auto_adjust=True
6459,000679.SZ,大连友谊,A,-50.0,2025-07-31,11.260000228881836,2026-07-31,5.630000114440918,Yahoo Finance yfinance auto_adjust=True
6460,002564.SZ,天沃科技,A,-50.0,2025-07-31,8.720000267028809,2026-07-31,4.360000133514404,Yahoo Finance yfinance auto_adjust=True
6461,01559.HK,均安控股,HK,-50.0,2025-08-01,0.10000000149011612,2026-07-31,0.05000000074505806,Yahoo Finance chart adjclose
6462,01301.HK,德基科技控股,HK,-50.0,2025-08-01,0.6700000166893005,2026-07-31,0.33500000834465027,Yahoo Finance chart adjclose
6463,01689.HK,华禧控股,HK,-50.0,2025-08-01,0.5600000023841858,2026-07-31,0.2800000011920929,Yahoo Finance chart adjclose
6464,01719.HK,中国通商集团,HK,-50.0,2025-08-01,0.5400000214576721,2026-07-31,0.27000001072883606,Yahoo Finance chart adjclose
6465,002265.SZ,建设工业,A,-50.22619808881763,2025-07-31,38.99641799926758,2026-07-31,19.40999984741211,Yahoo Finance yfinance auto_adjust=True
6466,02137.HK,腾盛博药-B,HK,-50.2645500142578,2025-08-01,1.8899999856948853,2026-07-31,0.9399999976158142,Yahoo Finance chart adjclose
6467,688636.SH,智明达,A,-50.33052688094364,2025-07-31,35.69596862792969,2026-07-31,17.729999542236328,Yahoo Finance yfinance auto_adjust=True
6468,02167.HK,天润云,HK,-50.339487161078445,2025-08-01,6.322931289672852,2026-07-31,3.140000104904175,Yahoo Finance chart adjclose
6469,601127.SH,赛力斯,A,-50.37248469430953,2025-07-31,125.4344482421875,2026-07-31,62.25,Yahoo Finance yfinance auto_adjust=True
6470,06068.HK,光正教育,HK,-50.38168017079688,2025-08-01,0.13099999725818634,2026-07-31,0.06499999761581421,Yahoo Finance chart adjclose
6471,301498.SZ,乖宝宠物,A,-50.40653720679238,2025-07-31,89.64891052246094,2026-07-31,44.459999084472656,Yahoo Finance yfinance auto_adjust=True
6472,02799.HK,中信金融资产,HK,-50.42017265511332,2025-08-01,1.190000057220459,2026-07-31,0.5899999737739563,Yahoo Finance chart adjclose
6473,01061.HK,亿胜生物科技,HK,-50.448880060952014,2025-08-01,4.92420768737793,2026-07-31,2.440000057220459,Yahoo Finance chart adjclose
6474,01370.HK,奥威控股,HK,-50.52631424844869,2025-08-01,0.2849999964237213,2026-07-31,0.14100000262260437,Yahoo Finance chart adjclose
6475,001386.SZ,马可波罗,A,-50.571668905485936,2025-10-22,30.46835708618164,2026-07-31,15.0600004196167,Yahoo Finance yfinance auto_adjust=True
6476,02291.HK,心泰医疗,HK,-50.57544550217719,2025-08-01,24.11756706237793,2026-07-31,11.920000076293945,Yahoo Finance chart adjclose
6477,02026.HK,小马智行-W,HK,-50.59476606588058,2025-11-06,126.0999984741211,2026-07-31,62.29999923706055,Yahoo Finance chart adjclose
6478,02540.HK,乐思集团,HK,-50.617283360112495,2025-08-01,1.6200000047683716,2026-07-31,0.800000011920929,Yahoo Finance chart adjclose
6479,06959.HK,长久股份,HK,-50.62761612015498,2025-08-01,7.170000076293945,2026-07-31,3.5399999618530273,Yahoo Finance chart adjclose
6480,301622.SZ,英思特,A,-50.659819612382464,2025-07-31,82.9952392578125,2026-07-31,40.95000076293945,Yahoo Finance yfinance auto_adjust=True
6481,08071.HK,中彩网通控股,HK,-50.66666603088379,2025-08-01,1.5,2026-07-31,0.7400000095367432,Yahoo Finance chart adjclose
6482,02150.HK,奈雪的茶,HK,-50.67567502259338,2025-08-01,1.4800000190734863,2026-07-31,0.7300000190734863,Yahoo Finance chart adjclose
6483,301556.SZ,托普云农,A,-50.75746552239011,2025-07-31,120.38372802734375,2026-07-31,59.279998779296875,Yahoo Finance yfinance auto_adjust=True
6484,603334.SH,丰倍生物,A,-50.79995602091634,2025-11-05,66.19912719726562,2026-07-31,32.56999969482422,Yahoo Finance yfinance auto_adjust=True
6485,02519.HK,傲基股份,HK,-50.92024310154093,2025-08-01,8.149999618530273,2026-07-31,4.0,Yahoo Finance chart adjclose
6486,02551.HK,晶科电子股份,HK,-50.95009300015617,2025-08-01,3.2212090492248535,2026-07-31,1.5800000429153442,Yahoo Finance chart adjclose
6487,600749.SH,西藏旅游,A,-50.99291020946881,2025-07-31,28.200000762939453,2026-07-31,13.819999694824219,Yahoo Finance yfinance auto_adjust=True
6488,06181.HK,老铺黄金,HK,-51.0346625979406,2025-08-01,663.3263549804688,2026-07-31,324.79998779296875,Yahoo Finance chart adjclose
6489,02257.HK,圣诺医药-B,HK,-51.050680303383956,2025-08-01,8.09000015258789,2026-07-31,3.9600000381469727,Yahoo Finance chart adjclose
6490,02097.HK,蜜雪集团,HK,-51.058314016519304,2025-08-01,463.0,2026-07-31,226.60000610351562,Yahoo Finance chart adjclose
6491,01749.HK,杉杉品牌,HK,-51.063828775385154,2025-08-01,0.9399999976158142,2026-07-31,0.46000000834465027,Yahoo Finance chart adjclose
6492,000639.SZ,西王食品,A,-51.09718135432214,2025-07-31,3.190000057220459,2026-07-31,1.559999942779541,Yahoo Finance yfinance auto_adjust=True
6493,003040.SZ,楚天龙,A,-51.12582317195229,2025-07-31,22.772762298583984,2026-07-31,11.130000114440918,Yahoo Finance yfinance auto_adjust=True
6494,01282.HK,中泽丰,HK,-51.1764729600464,2025-08-01,0.17000000178813934,2026-07-31,0.08299999684095383,Yahoo Finance chart adjclose
6495,301325.SZ,曼恩斯特,A,-51.204222294785225,2025-07-31,60.619998931884766,2026-07-31,29.579999923706055,Yahoo Finance yfinance auto_adjust=True
6496,01108.HK,凯盛新能,HK,-51.22950699533775,2025-08-01,4.880000114440918,2026-07-31,2.380000114440918,Yahoo Finance chart adjclose
6497,08430.HK,春能控股,HK,-51.26582529181518,2025-08-01,0.15800000727176666,2026-07-31,0.07699999958276749,Yahoo Finance chart adjclose
6498,301491.SZ,汉桑科技,A,-51.281750548729256,2025-08-06,82.5152816772461,2026-07-31,40.20000076293945,Yahoo Finance yfinance auto_adjust=True
6499,01717.HK,澳优,HK,-51.28471580724479,2025-08-01,2.4222376346588135,2026-07-31,1.1799999475479126,Yahoo Finance chart adjclose
6500,603406.SH,天富龙,A,-51.32427038134513,2025-08-08,56.12653350830078,2026-07-31,27.31999969482422,Yahoo Finance yfinance auto_adjust=True
6501,002198.SZ,嘉应制药,A,-51.33531034459339,2025-07-31,6.739999771118164,2026-07-31,3.2799999713897705,Yahoo Finance yfinance auto_adjust=True
6502,02012.HK,阳光油砂,HK,-51.37254890502759,2025-08-01,0.5099999904632568,2026-07-31,0.24799999594688416,Yahoo Finance chart adjclose
6503,01060.HK,大麦娱乐,HK,-51.40187332375872,2025-08-01,1.0700000524520874,2026-07-31,0.5199999809265137,Yahoo Finance chart adjclose
6504,08193.HK,亚太金融投资,HK,-51.49999929219485,2025-08-01,0.20000000298023224,2026-07-31,0.09700000286102295,Yahoo Finance chart adjclose
6505,301030.SZ,仕净科技,A,-51.52354365736282,2025-07-31,18.049999237060547,2026-07-31,8.75,Yahoo Finance yfinance auto_adjust=True
6506,600476.SH,湘邮科技,A,-51.545257580999944,2025-07-31,18.1200008392334,2026-07-31,8.779999732971191,Yahoo Finance yfinance auto_adjust=True
6507,002691.SZ,冀凯股份,A,-51.58150985666461,2025-07-31,8.220000267028809,2026-07-31,3.9800000190734863,Yahoo Finance yfinance auto_adjust=True
6508,08203.HK,凯顺控股,HK,-51.59817337616974,2025-08-01,0.21899999678134918,2026-07-31,0.10599999874830246,Yahoo Finance chart adjclose
6509,688573.SH,信宇人,A,-51.63185381840746,2025-07-31,30.639999389648438,2026-07-31,14.819999694824219,Yahoo Finance yfinance auto_adjust=True
6510,06118.HK,奥星生命科技,HK,-51.70068267185154,2025-08-01,1.4700000286102295,2026-07-31,0.7099999785423279,Yahoo Finance chart adjclose
6511,08153.HK,嘉鼎国际集团,HK,-51.948050138499525,2025-08-01,1.5399999618530273,2026-07-31,0.7400000095367432,Yahoo Finance chart adjclose
6512,002581.SZ,ST未名,A,-51.966290291233655,2025-07-31,7.119999885559082,2026-07-31,3.4200000762939453,Yahoo Finance yfinance auto_adjust=True
6513,603567.SH,珍宝岛,A,-52.03298674954626,2025-07-31,12.863006591796875,2026-07-31,6.170000076293945,Yahoo Finance yfinance auto_adjust=True
6514,002755.SZ,奥赛康,A,-52.043022783142604,2025-07-31,27.191038131713867,2026-07-31,13.039999961853027,Yahoo Finance yfinance auto_adjust=True
6515,603367.SH,辰欣药业,A,-52.05750437567013,2025-07-31,29.389375686645508,2026-07-31,14.09000015258789,Yahoo Finance yfinance auto_adjust=True
6516,01698.HK,腾讯音乐-SW,HK,-52.10829357836823,2025-08-01,80.38970184326172,2026-07-31,38.5,Yahoo Finance chart adjclose
6517,688246.SH,嘉和美康,A,-52.15009554505821,2025-07-31,36.5099983215332,2026-07-31,17.469999313354492,Yahoo Finance yfinance auto_adjust=True
6518,603109.SH,神驰机电,A,-52.1911734946893,2025-07-31,34.930789947509766,2026-07-31,16.700000762939453,Yahoo Finance yfinance auto_adjust=True
6519,01753.HK,兑吧,HK,-52.20338681688654,2025-08-01,0.29499998688697815,2026-07-31,0.14100000262260437,Yahoo Finance chart adjclose
6520,01458.HK,周黑鸭,HK,-52.20588460873978,2025-08-01,2.7200000286102295,2026-07-31,1.2999999523162842,Yahoo Finance chart adjclose
6521,300940.SZ,南极光,A,-52.24475315132035,2025-07-31,27.6200008392334,2026-07-31,13.1899995803833,Yahoo Finance yfinance auto_adjust=True
6522,08245.HK,烽翼集团,HK,-52.29357584950976,2025-08-01,0.21799999475479126,2026-07-31,0.10400000214576721,Yahoo Finance chart adjclose
6523,002037.SZ,保利联合,A,-52.36363497647372,2025-07-31,13.75,2026-07-31,6.550000190734863,Yahoo Finance yfinance auto_adjust=True
6524,06969.HK,思摩尔国际,HK,-52.45165144383967,2025-08-01,19.348726272583008,2026-07-31,9.199999809265137,Yahoo Finance chart adjclose
6525,01413.HK,铸帝控股,HK,-52.57142956889407,2025-08-01,0.3499999940395355,2026-07-31,0.16599999368190765,Yahoo Finance chart adjclose
6526,06110.HK,滔搏,HK,-52.58394778614116,2025-08-01,2.868227005004883,2026-07-31,1.3600000143051147,Yahoo Finance chart adjclose
6527,601595.SH,上海电影,A,-52.596592156410246,2025-07-31,37.655521392822266,2026-07-31,17.850000381469727,Yahoo Finance yfinance auto_adjust=True
6528,01068.HK,雨润食品,HK,-52.69460738562244,2025-08-01,0.16699999570846558,2026-07-31,0.07900000363588333,Yahoo Finance chart adjclose
6529,603370.SH,华新精科,A,-52.709021036226474,2025-09-05,68.82919311523438,2026-07-31,32.54999923706055,Yahoo Finance yfinance auto_adjust=True
6530,01405.HK,达势股份,HK,-52.751042661234315,2025-08-01,84.1500015258789,2026-07-31,39.7599983215332,Yahoo Finance chart adjclose
6531,01847.HK,云南建投混凝土,HK,-52.77777520226836,2025-08-01,0.8999999761581421,2026-07-31,0.42500001192092896,Yahoo Finance chart adjclose
6532,08491.HK,COOL LINK,HK,-52.8301861329449,2025-08-01,0.5299999713897705,2026-07-31,0.25,Yahoo Finance chart adjclose
6533,02583.HK,西普尼,HK,-52.83018867924528,2025-09-30,106.0,2026-07-31,50.0,Yahoo Finance chart adjclose
6534,603189.SH,网达软件,A,-52.83695768816257,2025-07-31,18.57386589050293,2026-07-31,8.760000228881836,Yahoo Finance yfinance auto_adjust=True
6535,06928.HK,万马控股,HK,-53.02732541628519,2025-08-01,0.3938460052013397,2026-07-31,0.1850000023841858,Yahoo Finance chart adjclose
6536,06855.HK,亚盛医药-B,HK,-53.05555661519368,2025-08-01,72.0,2026-07-31,33.79999923706055,Yahoo Finance chart adjclose
6537,02609.HK,佰泽医疗,HK,-53.067485402895585,2025-08-01,6.519999980926514,2026-07-31,3.059999942779541,Yahoo Finance chart adjclose
6538,01795.HK,亚东集团,HK,-53.08642047986154,2025-08-01,0.8100000023841858,2026-07-31,0.3799999952316284,Yahoo Finance chart adjclose
6539,600363.SH,联创光电,A,-53.099928443124256,2025-07-31,54.84000015258789,2026-07-31,25.719999313354492,Yahoo Finance yfinance auto_adjust=True
6540,300808.SZ,久量股份,A,-53.14917478721208,2025-07-31,36.20000076293945,2026-07-31,16.959999084472656,Yahoo Finance yfinance auto_adjust=True
6541,01384.HK,滴普科技,HK,-53.263476216962616,2025-10-28,66.80000305175781,2026-07-31,31.219999313354492,Yahoo Finance chart adjclose
6542,02432.HK,越疆,HK,-53.4028437465288,2025-08-01,52.75,2026-07-31,24.579999923706055,Yahoo Finance chart adjclose
6543,08198.HK,加幂科技,HK,-53.591160202800694,2025-08-01,3.619999885559082,2026-07-31,1.6799999475479126,Yahoo Finance chart adjclose
6544,600187.SH,国中水务,A,-53.5947717765379,2025-07-31,3.059999942779541,2026-07-31,1.4199999570846558,Yahoo Finance yfinance auto_adjust=True
6545,01317.HK,枫叶教育,HK,-53.60000133514404,2025-08-01,0.375,2026-07-31,0.17399999499320984,Yahoo Finance chart adjclose
6546,02772.HK,中梁控股,HK,-53.65853935551026,2025-08-01,0.0820000022649765,2026-07-31,0.03799999877810478,Yahoo Finance chart adjclose
6547,301632.SZ,广东建科,A,-53.696558027585326,2025-08-12,33.77718734741211,2026-07-31,15.640000343322754,Yahoo Finance yfinance auto_adjust=True
6548,06839.HK,云南水务,HK,-53.703704214717455,2025-08-01,0.2160000056028366,2026-07-31,0.10000000149011612,Yahoo Finance chart adjclose
6549,603590.SH,康辰药业,A,-53.71177993845488,2025-07-31,64.29281616210938,2026-07-31,29.760000228881836,Yahoo Finance yfinance auto_adjust=True
6550,08622.HK,华康生物医学,HK,-53.76623181593838,2025-08-01,0.38499999046325684,2026-07-31,0.17800000309944153,Yahoo Finance chart adjclose
6551,01418.HK,盛诺集团,HK,-53.96631563029997,2025-08-01,0.2932635247707367,2026-07-31,0.13500000536441803,Yahoo Finance chart adjclose
6552,600053.SH,九鼎投资,A,-53.97123052616699,2025-07-31,15.989999771118164,2026-07-31,7.360000133514404,Yahoo Finance yfinance auto_adjust=True
6553,01516.HK,融创服务,HK,-54.01297224785666,2025-08-01,1.7396210432052612,2026-07-31,0.800000011920929,Yahoo Finance chart adjclose
6554,01549.HK,永丰集团控股,HK,-54.05405214923069,2025-08-01,0.14800000190734863,2026-07-31,0.06800000369548798,Yahoo Finance chart adjclose
6555,01889.HK,三爱健康集团,HK,-54.11764659477354,2025-08-01,0.3400000035762787,2026-07-31,0.15600000321865082,Yahoo Finance chart adjclose
6556,688687.SH,凯因科技,A,-54.12813270965562,2025-07-31,34.68356704711914,2026-07-31,15.90999984741211,Yahoo Finance yfinance auto_adjust=True
6557,08328.HK,信义储电,HK,-54.16666666666667,2025-08-01,0.7200000286102295,2026-07-31,0.33000001311302185,Yahoo Finance chart adjclose
6558,603922.SH,金鸿顺,A,-54.198820526118254,2025-07-31,22.030000686645508,2026-07-31,10.09000015258789,Yahoo Finance yfinance auto_adjust=True
6559,300396.SZ,迪瑞医疗,A,-54.246577713676935,2025-07-31,14.600000381469727,2026-07-31,6.679999828338623,Yahoo Finance yfinance auto_adjust=True
6560,300683.SZ,海特生物,A,-54.251731546089374,2025-07-31,56.33000183105469,2026-07-31,25.770000457763672,Yahoo Finance yfinance auto_adjust=True
6561,02563.HK,华昊中天医药-B,HK,-54.25257928339242,2025-08-01,7.760000228881836,2026-07-31,3.549999952316284,Yahoo Finance chart adjclose
6562,002227.SZ,奥 特 迅,A,-54.40956761989193,2025-07-31,13.380000114440918,2026-07-31,6.099999904632568,Yahoo Finance yfinance auto_adjust=True
6563,301601.SZ,惠通科技,A,-54.41915673369622,2025-07-31,34.40041732788086,2026-07-31,15.680000305175781,Yahoo Finance yfinance auto_adjust=True
6564,603300.SH,海南华铁,A,-54.43946100891732,2025-07-31,11.149999618530273,2026-07-31,5.079999923706055,Yahoo Finance yfinance auto_adjust=True
6565,08159.HK,新华联合投资,HK,-54.44444499633928,2025-08-01,0.09000000357627869,2026-07-31,0.04100000113248825,Yahoo Finance chart adjclose
6566,01333.HK,博雷顿,HK,-54.48148162276656,2025-08-01,27.0,2026-07-31,12.289999961853027,Yahoo Finance chart adjclose
6567,300723.SZ,一品红,A,-54.48684844221058,2025-07-31,77.55999755859375,2026-07-31,35.29999923706055,Yahoo Finance yfinance auto_adjust=True
6568,688500.SH,慧辰股份,A,-54.56588927517001,2025-07-31,71.18000030517578,2026-07-31,32.34000015258789,Yahoo Finance yfinance auto_adjust=True
6569,01727.HK,河北建设,HK,-54.629630549454355,2025-08-01,0.5400000214576721,2026-07-31,0.24500000476837158,Yahoo Finance chart adjclose
6570,301551.SZ,无线传媒,A,-54.735064575386104,2025-07-31,47.2993049621582,2026-07-31,21.40999984741211,Yahoo Finance yfinance auto_adjust=True
6571,688520.SH,神州细胞,A,-54.74599319107165,2025-07-31,74.80000305175781,2026-07-31,33.849998474121094,Yahoo Finance yfinance auto_adjust=True
6572,02286.HK,辰兴发展,HK,-54.893617439507466,2025-08-01,0.23499999940395355,2026-07-31,0.10599999874830246,Yahoo Finance chart adjclose
6573,002988.SZ,豪美新材,A,-54.917666114834276,2025-07-31,44.939998626708984,2026-07-31,20.260000228881836,Yahoo Finance yfinance auto_adjust=True
6574,000010.SZ,美丽生态,A,-54.98575364079096,2025-07-31,3.509999990463257,2026-07-31,1.5800000429153442,Yahoo Finance yfinance auto_adjust=True
6575,600745.SH,闻泰科技,A,-55.11363483892089,2025-07-31,36.959999084472656,2026-07-31,16.59000015258789,Yahoo Finance yfinance auto_adjust=True
6576,01696.HK,复锐医疗科技,HK,-55.12284602886086,2025-08-01,5.637612342834473,2026-07-31,2.5299999713897705,Yahoo Finance chart adjclose
6577,08030.HK,丰银禾控股,HK,-55.300861360553036,2025-08-01,3.490000009536743,2026-07-31,1.559999942779541,Yahoo Finance chart adjclose
6578,08413.HK,亚洲富思,HK,-55.33980579012828,2025-08-01,0.10300000011920929,2026-07-31,0.04600000008940697,Yahoo Finance chart adjclose
6579,06909.HK,百得利控股,HK,-55.354240524115475,2025-08-01,0.555483877658844,2026-07-31,0.24799999594688416,Yahoo Finance chart adjclose
6580,601718.SH,际华集团,A,-55.55555882604346,2025-07-31,4.050000190734863,2026-07-31,1.7999999523162842,Yahoo Finance yfinance auto_adjust=True
6581,08225.HK,中国医疗集团,HK,-55.61797625826491,2025-08-01,0.17800000309944153,2026-07-31,0.07900000363588333,Yahoo Finance chart adjclose
6582,300652.SZ,雷迪克,A,-55.65983633602287,2025-07-31,62.20094299316406,2026-07-31,27.579999923706055,Yahoo Finance yfinance auto_adjust=True
6583,02342.HK,京信通信,HK,-55.7626414567367,2025-08-01,1.7858209609985352,2026-07-31,0.7900000214576721,Yahoo Finance chart adjclose
6584,301052.SZ,果麦文化,A,-55.88407201923615,2025-07-31,54.379451751708984,2026-07-31,23.989999771118164,Yahoo Finance yfinance auto_adjust=True
6585,01596.HK,翼辰实业,HK,-55.996311316756284,2025-08-01,0.840838611125946,2026-07-31,0.3700000047683716,Yahoo Finance chart adjclose
6586,000610.SZ,西安旅游,A,-56.00624024380736,2025-07-31,12.819999694824219,2026-07-31,5.639999866485596,Yahoo Finance yfinance auto_adjust=True
6587,300581.SZ,晨曦航空,A,-56.2279146882698,2025-07-31,22.639999389648438,2026-07-31,9.90999984741211,Yahoo Finance yfinance auto_adjust=True
6588,688631.SH,莱斯信息,A,-56.46654882148021,2025-07-31,95.4668197631836,2026-07-31,41.560001373291016,Yahoo Finance yfinance auto_adjust=True
6589,300352.SZ,北信源,A,-56.797020806616686,2025-07-31,5.369999885559082,2026-07-31,2.319999933242798,Yahoo Finance yfinance auto_adjust=True
6590,002940.SZ,昂利康,A,-57.1110486731523,2025-07-31,56.75121307373047,2026-07-31,24.34000015258789,Yahoo Finance yfinance auto_adjust=True
6591,08305.HK,圣唐控股,HK,-57.19999969005585,2025-08-01,0.25,2026-07-31,0.10700000077486038,Yahoo Finance chart adjclose
6592,01328.HK,金涌投资,HK,-57.204301747879896,2025-08-01,9.300000190734863,2026-07-31,3.9800000190734863,Yahoo Finance chart adjclose
6593,300911.SZ,亿田智能,A,-57.26854317843089,2025-07-31,50.0099983215332,2026-07-31,21.3700008392334,Yahoo Finance yfinance auto_adjust=True
6594,002542.SZ,中化岩土,A,-57.28900459269784,2025-07-31,3.9100000858306885,2026-07-31,1.6699999570846558,Yahoo Finance yfinance auto_adjust=True
6595,002694.SZ,顾地科技,A,-57.56929668960128,2025-07-31,4.690000057220459,2026-07-31,1.9900000095367432,Yahoo Finance yfinance auto_adjust=True
6596,01707.HK,致浩达控股,HK,-57.57575791784117,2025-08-01,0.0989999994635582,2026-07-31,0.041999999433755875,Yahoo Finance chart adjclose
6597,600734.SH,实达集团,A,-57.57575930898109,2025-07-31,3.9600000381469727,2026-07-31,1.6799999475479126,Yahoo Finance yfinance auto_adjust=True
6598,01950.HK,帝王实业控股,HK,-57.600000500679016,2025-08-01,0.25,2026-07-31,0.10599999874830246,Yahoo Finance chart adjclose
6599,300204.SZ,舒泰神,A,-57.74187612220443,2025-07-31,51.9900016784668,2026-07-31,21.969999313354492,Yahoo Finance yfinance auto_adjust=True
6600,08117.HK,中国基础能源,HK,-57.77778081319938,2025-08-01,0.09000000357627869,2026-07-31,0.03799999877810478,Yahoo Finance chart adjclose
6601,08087.HK,中国三三传媒,HK,-57.8947337600552,2025-08-01,5.699999809265137,2026-07-31,2.4000000953674316,Yahoo Finance chart adjclose
6602,688382.SH,益方生物,A,-57.91231898704579,2025-07-31,47.900001525878906,2026-07-31,20.15999984741211,Yahoo Finance yfinance auto_adjust=True
6603,01611.HK,新火科技控股,HK,-58.027523236788035,2025-08-01,4.360000133514404,2026-07-31,1.8300000429153442,Yahoo Finance chart adjclose
6604,06090.HK,不同集团,HK,-58.087805771246195,2025-09-23,102.5,2026-07-31,42.959999084472656,Yahoo Finance chart adjclose
6605,08232.HK,CLASSIFIED GP,HK,-58.14977990919088,2025-08-01,2.2699999809265137,2026-07-31,0.949999988079071,Yahoo Finance chart adjclose
6606,01966.HK,中骏集团控股,HK,-58.18181787394294,2025-08-01,0.10999999940395355,2026-07-31,0.04600000008940697,Yahoo Finance chart adjclose
6607,02575.HK,轩竹生物-B,HK,-58.21292741472157,2025-10-15,26.299999237060547,2026-07-31,10.989999771118164,Yahoo Finance chart adjclose
6608,06168.HK,周六福,HK,-58.507622829628424,2025-08-01,35.74150466918945,2026-07-31,14.829999923706055,Yahoo Finance chart adjclose
6609,08268.HK,智城发展控股,HK,-58.5999995470047,2025-08-01,0.5,2026-07-31,0.2070000022649765,Yahoo Finance chart adjclose
6610,02459.HK,升能集团,HK,-58.64661697939984,2025-08-01,1.3300000429153442,2026-07-31,0.550000011920929,Yahoo Finance chart adjclose
6611,01357.HK,美图公司,HK,-58.68105304373017,2025-08-01,11.423330307006836,2026-07-31,4.71999979019165,Yahoo Finance chart adjclose
6612,01542.HK,台州水务,HK,-58.78787775889134,2025-08-01,1.649999976158142,2026-07-31,0.6800000071525574,Yahoo Finance chart adjclose
6613,688790.SH,昂瑞微,A,-58.80583256521463,2025-12-16,216.0500030517578,2026-07-31,89.0,Yahoo Finance yfinance auto_adjust=True
6614,02561.HK,维昇药业-B,HK,-58.89007287904047,2025-08-01,46.849998474121094,2026-07-31,19.260000228881836,Yahoo Finance chart adjclose
6615,08635.HK,大象控股集团,HK,-58.90909251496807,2025-08-01,0.550000011920929,2026-07-31,0.22599999606609344,Yahoo Finance chart adjclose
6616,02598.HK,连连数字,HK,-58.92857244225587,2025-08-01,10.079999923706055,2026-07-31,4.139999866485596,Yahoo Finance chart adjclose
6617,688084.SH,晶品特装,A,-58.99021330701579,2025-07-31,97.05000305175781,2026-07-31,39.79999923706055,Yahoo Finance yfinance auto_adjust=True
6618,08613.HK,东方支付集团控股,HK,-59.03614079299854,2025-08-01,0.08299999684095383,2026-07-31,0.03400000184774399,Yahoo Finance chart adjclose
6619,02550.HK,宜搜科技,HK,-59.17160033222475,2025-08-01,5.070000171661377,2026-07-31,2.069999933242798,Yahoo Finance chart adjclose
6620,01952.HK,云顶新耀,HK,-59.25925948677148,2025-08-01,62.099998474121094,2026-07-31,25.299999237060547,Yahoo Finance chart adjclose
6621,06698.HK,星空华文,HK,-59.31372554748619,2025-08-01,2.0399999618530273,2026-07-31,0.8299999833106995,Yahoo Finance chart adjclose
6622,08519.HK,新享时代,HK,-59.318180432743276,2025-08-01,0.4399999976158142,2026-07-31,0.17900000512599945,Yahoo Finance chart adjclose
6623,01958.HK,北京汽车,HK,-59.34579616259745,2025-08-01,2.140000104904175,2026-07-31,0.8700000047683716,Yahoo Finance chart adjclose
6624,02352.HK,东原仁知服务,HK,-59.42783013857606,2025-08-01,7.690000057220459,2026-07-31,3.119999885559082,Yahoo Finance chart adjclose
6625,688066.SH,航天宏图,A,-59.508281127680384,2025-07-31,19.93000030517578,2026-07-31,8.069999694824219,Yahoo Finance yfinance auto_adjust=True
6626,02629.HK,MIRXES-B,HK,-59.51060358281599,2025-08-01,30.649999618530273,2026-07-31,12.40999984741211,Yahoo Finance chart adjclose
6627,02438.HK,出门问问,HK,-59.615383439750545,2025-08-01,0.7799999713897705,2026-07-31,0.3149999976158142,Yahoo Finance chart adjclose
6628,02693.HK,金岩高岭新材,HK,-59.62626948945048,2025-12-03,7.00950813293457,2026-07-31,2.8299999237060547,Yahoo Finance chart adjclose
6629,603376.SH,大明电子,A,-59.66163250012565,2025-11-06,64.05812072753906,2026-07-31,25.84000015258789,Yahoo Finance yfinance auto_adjust=True
6630,02145.HK,上美股份,HK,-59.733373447616,2025-08-01,73.8576889038086,2026-07-31,29.739999771118164,Yahoo Finance chart adjclose
6631,300081.SZ,恒信东方,A,-59.77175690203058,2025-07-31,7.010000228881836,2026-07-31,2.819999933242798,Yahoo Finance yfinance auto_adjust=True
6632,002726.SZ,龙大美食,A,-59.88909172831176,2025-07-31,5.409999847412109,2026-07-31,2.1700000762939453,Yahoo Finance yfinance auto_adjust=True
6633,08123.HK,华亿金控,HK,-59.999934931488816,2025-08-01,0.5999990105628967,2026-07-31,0.23999999463558197,Yahoo Finance chart adjclose
6634,06885.HK,金马能源,HK,-60.000002466399,2025-08-01,1.4500000476837158,2026-07-31,0.5799999833106995,Yahoo Finance chart adjclose
6635,01675.HK,亚信科技,HK,-60.12192740553781,2025-08-01,11.359626770019531,2026-07-31,4.53000020980835,Yahoo Finance chart adjclose
6636,01026.HK,环球实业科技,HK,-60.666667991214275,2025-08-01,0.15000000596046448,2026-07-31,0.05900000035762787,Yahoo Finance chart adjclose
6637,02262.HK,梁志天设计集团,HK,-60.79999923706054,2025-08-01,1.25,2026-07-31,0.49000000953674316,Yahoo Finance chart adjclose
6638,688658.SH,悦康药业,A,-60.81684852207261,2025-07-31,31.34000015258789,2026-07-31,12.279999732971191,Yahoo Finance yfinance auto_adjust=True
6639,02410.HK,同源康医药-B,HK,-60.907003944007165,2025-08-01,17.420000076293945,2026-07-31,6.809999942779541,Yahoo Finance chart adjclose
6640,02188.HK,泰坦能源技术,HK,-61.071429673810385,2025-08-01,0.2800000011920929,2026-07-31,0.10899999737739563,Yahoo Finance chart adjclose
6641,603718.SH,海利生物,A,-61.40350939285566,2025-07-31,7.409999847412109,2026-07-31,2.859999895095825,Yahoo Finance yfinance auto_adjust=True
6642,08315.HK,新都酒店,HK,-61.57894745097596,2025-08-01,0.1899999976158142,2026-07-31,0.0729999989271164,Yahoo Finance chart adjclose
6643,06687.HK,聚水潭,HK,-62.058048719016654,2025-10-21,37.900001525878906,2026-07-31,14.380000114440918,Yahoo Finance chart adjclose
6644,06628.HK,创胜集团-B,HK,-62.105260384049686,2025-08-01,2.8499999046325684,2026-07-31,1.0800000429153442,Yahoo Finance chart adjclose
6645,06988.HK,乐享集团,HK,-62.12121135152404,2025-08-01,0.13199999928474426,2026-07-31,0.05000000074505806,Yahoo Finance chart adjclose
6646,02098.HK,卓尔智联,HK,-62.222221670327386,2025-08-01,0.18000000715255737,2026-07-31,0.06800000369548798,Yahoo Finance chart adjclose
6647,01725.HK,中国技术集团,HK,-62.676057224826124,2025-08-01,0.7099999785423279,2026-07-31,0.26499998569488525,Yahoo Finance chart adjclose
6648,688189.SH,南新制药,A,-62.718785915798904,2025-07-31,17.139999389648438,2026-07-31,6.389999866485596,Yahoo Finance yfinance auto_adjust=True
6649,08217.HK,菊福堂生物,HK,-62.75861865204092,2025-08-01,0.28999999165534973,2026-07-31,0.1080000028014183,Yahoo Finance chart adjclose
6650,688765.SH,禾元生物,A,-62.89791459583596,2025-10-28,91.0999984741211,2026-07-31,33.79999923706055,Yahoo Finance yfinance auto_adjust=True
6651,01788.HK,国泰君安国际,HK,-62.902378229093124,2025-08-01,5.606828212738037,2026-07-31,2.0799999237060547,Yahoo Finance chart adjclose
6652,06960.HK,双登股份,HK,-63.17139927501113,2025-08-26,18.87120246887207,2026-07-31,6.949999809265137,Yahoo Finance chart adjclose
6653,06989.HK,卓越商企服务,HK,-63.19444789378718,2025-08-01,1.440000057220459,2026-07-31,0.5299999713897705,Yahoo Finance chart adjclose
6654,02443.HK,汽车街,HK,-63.260342058138164,2025-08-01,4.110000133514404,2026-07-31,1.5099999904632568,Yahoo Finance chart adjclose
6655,02573.HK,新琪安,HK,-63.290112205887304,2025-08-01,12.34000015258789,2026-07-31,4.53000020980835,Yahoo Finance chart adjclose
6656,01004.HK,中国智慧能源,HK,-63.33333498901784,2025-08-01,0.30000001192092896,2026-07-31,0.10999999940395355,Yahoo Finance chart adjclose
6657,02007.HK,碧桂园,HK,-63.440860111681154,2025-08-01,0.4650000035762787,2026-07-31,0.17000000178813934,Yahoo Finance chart adjclose
6658,02169.HK,沧港铁路,HK,-63.53383468755381,2025-08-01,1.3300000429153442,2026-07-31,0.48500001430511475,Yahoo Finance chart adjclose
6659,01996.HK,弘阳地产,HK,-63.63636171214343,2025-08-01,0.04399999976158142,2026-07-31,0.01600000075995922,Yahoo Finance chart adjclose
6660,600326.SH,西藏天路,A,-63.75979010200581,2025-07-31,19.149999618530273,2026-07-31,6.940000057220459,Yahoo Finance yfinance auto_adjust=True
6661,300212.SZ,易华录,A,-63.87068292582122,2025-07-31,22.889999389648438,2026-07-31,8.270000457763672,Yahoo Finance yfinance auto_adjust=True
6662,01518.HK,新世纪医疗,HK,-63.88888925681881,2025-08-01,0.8999999761581421,2026-07-31,0.32499998807907104,Yahoo Finance chart adjclose
6663,08249.HK,瑞远智控,HK,-63.888891648363064,2025-08-01,0.18000000715255737,2026-07-31,0.06499999761581421,Yahoo Finance chart adjclose
6664,01166.HK,星凯控股,HK,-63.928570326189615,2025-08-01,0.5600000023841858,2026-07-31,0.20200000703334808,Yahoo Finance chart adjclose
6665,600491.SH,龙元建设,A,-63.95348869445454,2025-07-31,3.440000057220459,2026-07-31,1.2400000095367432,Yahoo Finance yfinance auto_adjust=True
6666,08163.HK,声扬集团,HK,-64.15094412563535,2025-08-01,0.10599999874830246,2026-07-31,0.03799999877810478,Yahoo Finance chart adjclose
6667,02655.HK,果下科技,HK,-64.15525095265097,2025-12-16,43.79999923706055,2026-07-31,15.699999809265137,Yahoo Finance chart adjclose
6668,02656.HK,健康160,HK,-64.17434478145819,2025-09-17,28.219999313354492,2026-07-31,10.109999656677246,Yahoo Finance chart adjclose
6669,01918.HK,融创中国,HK,-64.2857126269579,2025-08-01,1.5399999618530273,2026-07-31,0.550000011920929,Yahoo Finance chart adjclose
6670,600180.SH,瑞茂通,A,-64.29007728394387,2025-07-31,4.4805474281311035,2026-07-31,1.600000023841858,Yahoo Finance yfinance auto_adjust=True
6671,08107.HK,细叶榕科技,HK,-64.51612949743479,2025-08-01,0.3100000023841858,2026-07-31,0.10999999940395355,Yahoo Finance chart adjclose
6672,01769.HK,思考乐教育,HK,-64.68825447781174,2025-08-01,2.8602380752563477,2026-07-31,1.0099999904632568,Yahoo Finance chart adjclose
6673,08455.HK,礼建德集团,HK,-64.91228150437156,2025-08-01,0.05700000002980232,2026-07-31,0.019999999552965164,Yahoo Finance chart adjclose
6674,08267.HK,蓝港互动,HK,-65.09090954410142,2025-08-01,0.550000011920929,2026-07-31,0.19200000166893005,Yahoo Finance chart adjclose
6675,02565.HK,派格生物医药-B,HK,-65.10416501744957,2025-08-01,15.359999656677246,2026-07-31,5.360000133514404,Yahoo Finance chart adjclose
6676,02522.HK,一脉阳光,HK,-65.11278345907134,2025-08-01,13.300000190734863,2026-07-31,4.639999866485596,Yahoo Finance chart adjclose
6677,02105.HK,来凯医药-B,HK,-65.46803634326439,2025-08-01,17.520000457763672,2026-07-31,6.050000190734863,Yahoo Finance chart adjclose
6678,01676.HK,高地股份,HK,-65.66666799121428,2025-08-01,0.6000000238418579,2026-07-31,0.20600000023841858,Yahoo Finance chart adjclose
6679,02643.HK,曹操出行,HK,-66.06407399360302,2025-08-01,43.70000076293945,2026-07-31,14.829999923706055,Yahoo Finance chart adjclose
6680,688166.SH,博瑞医药,A,-66.29987419954121,2025-07-31,97.74443817138672,2026-07-31,32.939998626708984,Yahoo Finance yfinance auto_adjust=True
6681,688136.SH,科兴制药,A,-66.35731092571172,2025-07-31,52.55228042602539,2026-07-31,17.68000030517578,Yahoo Finance yfinance auto_adjust=True
6682,603359.SH,东珠生态,A,-66.36225296188809,2025-07-31,6.570000171661377,2026-07-31,2.2100000381469727,Yahoo Finance yfinance auto_adjust=True
6683,02536.HK,百乐皇宫,HK,-66.64336144817189,2025-08-01,2.578197479248047,2026-07-31,0.8600000143051147,Yahoo Finance chart adjclose
6684,02393.HK,巨星医疗控股,HK,-66.66666666666667,2025-08-01,0.17399999499320984,2026-07-31,0.057999998331069946,Yahoo Finance chart adjclose
6685,02650.HK,挚达科技,HK,-66.75191686106014,2025-10-10,39.099998474121094,2026-07-31,13.0,Yahoo Finance chart adjclose
6686,02126.HK,药明巨诺-B,HK,-66.80412276364598,2025-08-01,4.849999904632568,2026-07-31,1.6100000143051147,Yahoo Finance chart adjclose
6687,01232.HK,金轮天地控股,HK,-66.88311668205552,2025-08-01,0.7699999809265137,2026-07-31,0.2549999952316284,Yahoo Finance chart adjclose
6688,02500.HK,启明医疗-B,HK,-67.05539436621774,2025-08-01,3.430000066757202,2026-07-31,1.1299999952316284,Yahoo Finance chart adjclose
6689,002514.SZ,宝馨科技,A,-67.14801326743456,2025-07-31,5.539999961853027,2026-07-31,1.8200000524520874,Yahoo Finance yfinance auto_adjust=True
6690,01773.HK,天立国际控股,HK,-67.42891283769244,2025-08-01,3.9605677127838135,2026-07-31,1.2899999618530273,Yahoo Finance chart adjclose
6691,01961.HK,多牛科技,HK,-67.54098454363657,2025-08-01,0.3050000071525574,2026-07-31,0.0989999994635582,Yahoo Finance chart adjclose
6692,01371.HK,中国生态旅游,HK,-67.57575551778267,2025-08-01,3.299999952316284,2026-07-31,1.0700000524520874,Yahoo Finance chart adjclose
6693,08189.HK,泰达生物,HK,-67.77777785136377,2025-08-01,0.44999998807907104,2026-07-31,0.14499999582767487,Yahoo Finance chart adjclose
6694,06660.HK,艾美疫苗,HK,-67.9287276029894,2025-08-01,4.489999771118164,2026-07-31,1.440000057220459,Yahoo Finance chart adjclose
6695,01738.HK,飞尚无烟煤,HK,-67.94871813241076,2025-08-01,0.15600000321865082,2026-07-31,0.05000000074505806,Yahoo Finance chart adjclose
6696,01354.HK,经发物业,HK,-67.98029558578777,2025-08-01,6.090000152587891,2026-07-31,1.9500000476837158,Yahoo Finance chart adjclose
6697,06683.HK,巨星传奇,HK,-68.01195685201091,2025-08-01,13.380000114440918,2026-07-31,4.28000020980835,Yahoo Finance chart adjclose
6698,01520.HK,天机控股,HK,-68.15286730601822,2025-08-01,1.5700000524520874,2026-07-31,0.5,Yahoo Finance chart adjclose
6699,08296.HK,中国生命集团,HK,-68.36734731114937,2025-08-01,0.49000000953674316,2026-07-31,0.1550000011920929,Yahoo Finance chart adjclose
6700,01969.HK,中国春来,HK,-68.57798250423275,2025-08-01,4.360000133514404,2026-07-31,1.3700000047683716,Yahoo Finance chart adjclose
6701,300245.SZ,天玑科技,A,-68.70443102870063,2025-07-31,17.829999923706055,2026-07-31,5.579999923706055,Yahoo Finance yfinance auto_adjust=True
6702,000677.SZ,恒天海龙,A,-68.91385919124133,2025-07-31,5.340000152587891,2026-07-31,1.659999966621399,Yahoo Finance yfinance auto_adjust=True
6703,06128.HK,烯石电车新材料,HK,-69.78021933035981,2025-08-01,0.18199999630451202,2026-07-31,0.054999999701976776,Yahoo Finance chart adjclose
6704,08496.HK,环球友饮智能,HK,-70.07299067622343,2025-08-01,0.13699999451637268,2026-07-31,0.04100000113248825,Yahoo Finance chart adjclose
6705,01121.HK,金阳新能源,HK,-70.1342288591127,2025-08-01,1.4900000095367432,2026-07-31,0.4449999928474426,Yahoo Finance chart adjclose
6706,01541.HK,宜明昂科-B,HK,-70.70312434516379,2025-08-01,10.239999771118164,2026-07-31,3.0,Yahoo Finance chart adjclose
6707,02246.HK,快狗打车,HK,-70.70707183214562,2025-08-01,3.9600000381469727,2026-07-31,1.159999966621399,Yahoo Finance chart adjclose
6708,08401.HK,源想集团,HK,-70.73170938544766,2025-08-01,0.12300000339746475,2026-07-31,0.035999998450279236,Yahoo Finance chart adjclose
6709,01244.HK,思路迪医药股份,HK,-70.81081002711205,2025-08-01,7.400000095367432,2026-07-31,2.1600000858306885,Yahoo Finance chart adjclose
6710,08446.HK,耀星科技集团,HK,-70.98039124022075,2025-08-01,0.2549999952316284,2026-07-31,0.07400000095367432,Yahoo Finance chart adjclose
6711,02567.HK,七牛智能,HK,-71.13821270193374,2025-08-01,1.2300000190734863,2026-07-31,0.35499998927116394,Yahoo Finance chart adjclose
6712,01813.HK,合景泰富集团,HK,-71.17647164523805,2025-08-01,0.3400000035762787,2026-07-31,0.09799999743700027,Yahoo Finance chart adjclose
6713,08619.HK,NIU HOLDINGS,HK,-71.29032230153913,2025-08-01,0.3100000023841858,2026-07-31,0.08900000154972076,Yahoo Finance chart adjclose
6714,01198.HK,皇朝家居,HK,-71.32075409101562,2025-08-01,0.26499998569488525,2026-07-31,0.07599999755620956,Yahoo Finance chart adjclose
6715,06955.HK,博安生物,HK,-71.37637157474397,2025-08-01,16.420000076293945,2026-07-31,4.699999809265137,Yahoo Finance chart adjclose
6716,300068.SZ,南都电源,A,-71.37978170108785,2025-07-31,14.640000343322754,2026-07-31,4.190000057220459,Yahoo Finance yfinance auto_adjust=True
6717,01280.HK,奇点国峰,HK,-71.42857185538593,2025-08-01,3.990000009536743,2026-07-31,1.1399999856948853,Yahoo Finance chart adjclose
6718,01662.HK,义合控股,HK,-71.51580286615967,2025-08-01,2.141538381576538,2026-07-31,0.6100000143051147,Yahoo Finance chart adjclose
6719,08066.HK,品创控股,HK,-71.53846012770066,2025-08-01,0.7799999713897705,2026-07-31,0.22200000286102295,Yahoo Finance chart adjclose
6720,01632.HK,民商创科,HK,-71.66666832235119,2025-08-01,0.18000000715255737,2026-07-31,0.050999999046325684,Yahoo Finance chart adjclose
6721,08375.HK,数盟资本,HK,-71.75000011920929,2025-08-01,4.0,2026-07-31,1.1299999952316284,Yahoo Finance chart adjclose
6722,08082.HK,擎华控股,HK,-71.79487252964304,2025-08-01,0.07800000160932541,2026-07-31,0.02199999988079071,Yahoo Finance chart adjclose
6723,01010.HK,天玺曜11,HK,-71.87499951493616,2025-08-01,0.09600000083446503,2026-07-31,0.027000000700354576,Yahoo Finance chart adjclose
6724,01709.HK,德林控股,HK,-72.14076351415552,2025-08-01,3.4100000858306885,2026-07-31,0.949999988079071,Yahoo Finance chart adjclose
6725,08547.HK,PACIFIC LEGEND,HK,-72.15686131284491,2025-08-01,0.2549999952316284,2026-07-31,0.07100000232458115,Yahoo Finance chart adjclose
6726,300290.SZ,荣科科技,A,-72.19904202911907,2025-07-31,18.5245418548584,2026-07-31,5.150000095367432,Yahoo Finance yfinance auto_adjust=True
6727,08283.HK,中食民安,HK,-72.36842156859977,2025-08-01,0.7599999904632568,2026-07-31,0.20999999344348907,Yahoo Finance chart adjclose
6728,02487.HK,科笛-B,HK,-72.5352137506397,2025-08-01,8.520000457763672,2026-07-31,2.3399999141693115,Yahoo Finance chart adjclose
6729,688089.SH,嘉必优,A,-72.60638251616392,2025-07-31,26.31999969482422,2026-07-31,7.210000038146973,Yahoo Finance yfinance auto_adjust=True
6730,02659.HK,宝济药业-B,HK,-72.61904761904762,2025-12-10,63.0,2026-07-31,17.25,Yahoo Finance chart adjclose
6731,08019.HK,皓文控股,HK,-72.72727272727273,2025-08-01,0.24199999868869781,2026-07-31,0.06599999964237213,Yahoo Finance chart adjclose
6732,08158.HK,中国再生医学,HK,-72.97618985953243,2025-08-01,0.8399999737739563,2026-07-31,0.22699999809265137,Yahoo Finance chart adjclose
6733,06681.HK,脑动极光-B,HK,-73.08411060019718,2025-08-01,5.349999904632568,2026-07-31,1.440000057220459,Yahoo Finance chart adjclose
6734,02635.HK,诺比侃,HK,-73.15363760703517,2025-12-23,37.099998474121094,2026-07-31,9.960000038146973,Yahoo Finance chart adjclose
6735,01628.HK,禹洲集团,HK,-73.17073161867245,2025-08-01,0.4099999964237213,2026-07-31,0.10999999940395355,Yahoo Finance chart adjclose
6736,08532.HK,宝发控股,HK,-73.33333147068815,2025-08-01,0.23999999463558197,2026-07-31,0.06400000303983688,Yahoo Finance chart adjclose
6737,02312.HK,LONG投资集团,HK,-73.36065733954968,2025-08-01,1.2200000286102295,2026-07-31,0.32499998807907104,Yahoo Finance chart adjclose
6738,02587.HK,健康之路,HK,-73.58490622622188,2025-08-01,7.949999809265137,2026-07-31,2.0999999046325684,Yahoo Finance chart adjclose
6739,02250.HK,小黄鸭德盈,HK,-73.68420915040062,2025-08-01,1.1399999856948853,2026-07-31,0.30000001192092896,Yahoo Finance chart adjclose
6740,02440.HK,迷策略,HK,-73.83721043059089,2025-08-01,3.440000057220459,2026-07-31,0.8999999761581421,Yahoo Finance chart adjclose
6741,02003.HK,维信金科,HK,-74.00105074027528,2025-08-01,3.307826042175293,2026-07-31,0.8600000143051147,Yahoo Finance chart adjclose
6742,01721.HK,FSM HOLDINGS,HK,-74.07407499389879,2025-08-01,0.5400000214576721,2026-07-31,0.14000000059604645,Yahoo Finance chart adjclose
6743,02617.HK,药捷安康-B,HK,-74.12223768053711,2025-08-01,38.45000076293945,2026-07-31,9.949999809265137,Yahoo Finance chart adjclose
6744,01636.HK,中国金属利用,HK,-74.16666749450891,2025-08-01,1.2000000476837158,2026-07-31,0.3100000023841858,Yahoo Finance chart adjclose
6745,06877.HK,TE HEALTHCARE,HK,-74.37499871943143,2025-08-01,0.3199999928474426,2026-07-31,0.0820000022649765,Yahoo Finance chart adjclose
6746,02539.HK,乐摩科技,HK,-75.25064205136309,2025-12-03,52.526615142822266,2026-07-31,13.0,Yahoo Finance chart adjclose
6747,300010.SZ,豆神教育,A,-75.25309378265517,2025-07-31,8.890000343322754,2026-07-31,2.200000047683716,Yahoo Finance yfinance auto_adjust=True
6748,01499.HK,欧科云链,HK,-75.28089861303337,2025-08-01,0.4449999928474426,2026-07-31,0.10999999940395355,Yahoo Finance chart adjclose
6749,08021.HK,汇隆控股,HK,-75.69444582418153,2025-08-01,0.7200000286102295,2026-07-31,0.17499999701976776,Yahoo Finance chart adjclose
6750,06113.HK,比特策略,HK,-76.02739829488262,2025-08-01,5.840000152587891,2026-07-31,1.399999976158142,Yahoo Finance chart adjclose
6751,08500.HK,天泓文创,HK,-76.05263176469592,2025-08-01,0.3799999952316284,2026-07-31,0.09099999815225601,Yahoo Finance chart adjclose
6752,01401.HK,未来机器有限公司,HK,-76.50000005960464,2025-08-01,1.0,2026-07-31,0.23499999940395355,Yahoo Finance chart adjclose
6753,06980.HK,八马茶业,HK,-76.60417727950744,2025-10-28,93.3499984741211,2026-07-31,21.84000015258789,Yahoo Finance chart adjclose
6754,02777.HK,富力地产,HK,-76.62921262530872,2025-08-01,0.8899999856948853,2026-07-31,0.20800000429153442,Yahoo Finance chart adjclose
6755,08513.HK,加和国际控股,HK,-76.92307515962582,2025-08-01,1.4299999475479126,2026-07-31,0.33000001311302185,Yahoo Finance chart adjclose
6756,06158.HK,正荣地产,HK,-76.92307719861614,2025-08-01,0.052000001072883606,2026-07-31,0.012000000104308128,Yahoo Finance chart adjclose
6757,01745.HK,驴迹科技,HK,-77.05263087623997,2025-08-01,9.5,2026-07-31,2.180000066757202,Yahoo Finance chart adjclose
6758,02592.HK,拨康视云-B,HK,-77.05882394190067,2025-08-01,5.099999904632568,2026-07-31,1.1699999570846558,Yahoo Finance chart adjclose
6759,01608.HK,伟能集团,HK,-77.09090921898519,2025-08-01,0.2750000059604645,2026-07-31,0.06300000101327896,Yahoo Finance chart adjclose
6760,01638.HK,佳兆业集团,HK,-77.19298249436022,2025-08-01,0.17100000381469727,2026-07-31,0.039000000804662704,Yahoo Finance chart adjclose
6761,08368.HK,中国创意控股,HK,-77.20930330072497,2025-08-01,0.8600000143051147,2026-07-31,0.19599999487400055,Yahoo Finance chart adjclose
6762,08292.HK,VSING,HK,-77.34375014551915,2025-08-01,0.6399999856948853,2026-07-31,0.14499999582767487,Yahoo Finance chart adjclose
6763,02216.HK,堃博医疗-B,HK,-77.40740727658788,2025-08-01,2.700000047683716,2026-07-31,0.6100000143051147,Yahoo Finance chart adjclose
6764,02685.HK,量化派,HK,-77.67567505707612,2025-11-27,18.5,2026-07-31,4.130000114440918,Yahoo Finance chart adjclose
6765,01119.HK,创梦天地,HK,-77.73109470987265,2025-08-01,1.190000057220459,2026-07-31,0.26499998569488525,Yahoo Finance chart adjclose
6766,08223.HK,紫元元,HK,-77.77777696015576,2025-08-01,0.8100000023841858,2026-07-31,0.18000000715255737,Yahoo Finance chart adjclose
6767,300430.SZ,诚益通,A,-78.03067660388115,2025-07-31,20.209999084472656,2026-07-31,4.440000057220459,Yahoo Finance yfinance auto_adjust=True
6768,02505.HK,EDA集团控股,HK,-78.21590757794412,2025-08-01,2.8920185565948486,2026-07-31,0.6299999952316284,Yahoo Finance chart adjclose
6769,01274.HK,知行科技,HK,-78.24267885383512,2025-08-01,14.34000015258789,2026-07-31,3.119999885559082,Yahoo Finance chart adjclose
6770,688121.SH,卓然股份,A,-79.1540782615122,2025-07-31,13.239999771118164,2026-07-31,2.759999990463257,Yahoo Finance yfinance auto_adjust=True
6771,01683.HK,旷逸国际,HK,-79.42857196379683,2025-08-01,0.699999988079071,2026-07-31,0.14399999380111694,Yahoo Finance chart adjclose
6772,06676.HK,找钢集团-W,HK,-80.21108159501654,2025-08-01,3.7899999618530273,2026-07-31,0.75,Yahoo Finance chart adjclose
6773,01176.HK,珠光控股,HK,-80.28169017779499,2025-08-01,0.07100000232458115,2026-07-31,0.014000000432133675,Yahoo Finance chart adjclose
6774,06086.HK,方舟健客,HK,-80.48780440527746,2025-08-01,3.690000057220459,2026-07-31,0.7200000286102295,Yahoo Finance chart adjclose
6775,01268.HK,美东汽车,HK,-80.69306983280248,2025-08-01,2.0199999809265137,2026-07-31,0.38999998569488525,Yahoo Finance chart adjclose
6776,02322.HK,新质数字,HK,-80.97560919763642,2025-08-01,0.4099999964237213,2026-07-31,0.07800000160932541,Yahoo Finance chart adjclose
6777,02431.HK,佑驾创新,HK,-81.13289856313075,2025-08-01,22.950000762939453,2026-07-31,4.329999923706055,Yahoo Finance chart adjclose
6778,08176.HK,超人智能,HK,-81.25000097012767,2025-08-01,0.09600000083446503,2026-07-31,0.017999999225139618,Yahoo Finance chart adjclose
6779,02405.HK,力盟科技,HK,-81.99999982660466,2025-08-01,2.75,2026-07-31,0.4950000047683716,Yahoo Finance chart adjclose
6780,02605.HK,METALIGHT,HK,-82.05128257378607,2025-08-01,5.849999904632568,2026-07-31,1.0499999523162842,Yahoo Finance chart adjclose
6781,08300.HK,今米房集团,HK,-82.39436651125736,2025-08-01,0.1420000046491623,2026-07-31,0.02500000037252903,Yahoo Finance chart adjclose
6782,301139.SZ,元道通信,A,-82.57993278856482,2025-07-31,18.139999389648438,2026-07-31,3.1600000858306885,Yahoo Finance yfinance auto_adjust=True
6783,02160.HK,微创心通-B,HK,-82.79069694373248,2025-08-01,6.449999809265137,2026-07-31,1.1100000143051147,Yahoo Finance chart adjclose
6784,06603.HK,IFBH,HK,-82.8697554367976,2025-08-01,35.95978927612305,2026-07-31,6.159999847412109,Yahoo Finance chart adjclose
6785,01723.HK,恒月控股,HK,-83.24175833173022,2025-08-01,3.640000104904175,2026-07-31,0.6100000143051147,Yahoo Finance chart adjclose
6786,02503.HK,中深建业,HK,-83.46666693687439,2025-08-01,1.5,2026-07-31,0.24799999594688416,Yahoo Finance chart adjclose
6787,02718.HK,明略科技-W,HK,-84.22574012739041,2025-11-03,290.6000061035156,2026-07-31,45.84000015258789,Yahoo Finance chart adjclose
6788,002731.SZ,萃华珠宝,A,-84.64227418632359,2025-07-31,12.827420234680176,2026-07-31,1.9700000286102295,Yahoo Finance yfinance auto_adjust=True
6789,01468.HK,嘉高达资本,HK,-84.66666724615625,2025-08-01,1.2000000476837158,2026-07-31,0.18400000035762787,Yahoo Finance chart adjclose
6790,02048.HK,易居企业控股,HK,-84.74576346098914,2025-08-01,0.11800000071525574,2026-07-31,0.017999999225139618,Yahoo Finance chart adjclose
6791,02325.HK,云康集团,HK,-85.25000065565109,2025-08-01,4.0,2026-07-31,0.5899999737739563,Yahoo Finance chart adjclose
6792,01233.HK,时代中国控股,HK,-85.41666634329077,2025-08-01,0.19200000166893005,2026-07-31,0.02800000086426735,Yahoo Finance chart adjclose
6793,02665.HK,图达通,HK,-85.66350594425005,2025-12-16,16.8799991607666,2026-07-31,2.4200000762939453,Yahoo Finance chart adjclose
6794,08471.HK,新达控股,HK,-86.32478612884731,2025-08-01,2.3399999141693115,2026-07-31,0.3199999928474426,Yahoo Finance chart adjclose
6795,01680.HK,澳门励骏,HK,-86.35135105202197,2025-08-01,0.7400000095367432,2026-07-31,0.10100000351667404,Yahoo Finance chart adjclose
6796,01271.HK,佳明集团控股,HK,-86.41791106186561,2025-08-01,1.340000033378601,2026-07-31,0.18199999630451202,Yahoo Finance chart adjclose
6797,01942.HK,马可数字科技,HK,-86.42857192274259,2025-08-01,0.5600000023841858,2026-07-31,0.07599999755620956,Yahoo Finance chart adjclose
6798,02396.HK,华芢生物-B,HK,-86.5555551317003,2025-12-22,27.0,2026-07-31,3.630000114440918,Yahoo Finance chart adjclose
6799,06610.HK,飞天云动(新),HK,-87.09090948104858,2025-08-01,5.5,2026-07-31,0.7099999785423279,Yahoo Finance chart adjclose
6800,02453.HK,美中嘉和,HK,-87.09677350439767,2025-08-01,5.579999923706055,2026-07-31,0.7200000286102295,Yahoo Finance chart adjclose
6801,01931.HK,华检医疗,HK,-87.22466986378632,2025-08-01,4.539999961853027,2026-07-31,0.5799999833106995,Yahoo Finance chart adjclose
6802,02699.HK,新明中国,HK,-87.31210186223315,2025-08-01,39.25,2026-07-31,4.980000019073486,Yahoo Finance chart adjclose
6803,02591.HK,银诺医药-B,HK,-87.31877689278282,2025-08-15,57.25,2026-07-31,7.260000228881836,Yahoo Finance chart adjclose
6804,02582.HK,国富氢能,HK,-87.6838904383697,2025-08-01,82.25,2026-07-31,10.130000114440918,Yahoo Finance chart adjclose
6805,02738.HK,华津国际控股,HK,-87.81249947613104,2025-08-01,0.3199999928474426,2026-07-31,0.039000000804662704,Yahoo Finance chart adjclose
6806,08427.HK,万顺瑞强集团,HK,-87.81250037252903,2025-08-01,35.20000076293945,2026-07-31,4.289999961853027,Yahoo Finance chart adjclose
6807,02570.HK,重塑能源,HK,-88.31739921175563,2025-08-01,156.89999389648438,2026-07-31,18.329999923706055,Yahoo Finance chart adjclose
6808,02469.HK,粉笔,HK,-89.65014628682533,2025-08-01,3.430000066757202,2026-07-31,0.35499998927116394,Yahoo Finance chart adjclose
6809,02661.HK,轻松健康,HK,-89.89778577297301,2025-12-23,58.70000076293945,2026-07-31,5.929999828338623,Yahoo Finance chart adjclose
6810,02477.HK,经纬天地,HK,-90.18666664759319,2025-08-01,1.875,2026-07-31,0.18400000035762787,Yahoo Finance chart adjclose
6811,688496.SH,清越科技,A,-90.63829754315225,2025-07-31,9.399999618530273,2026-07-31,0.8799999952316284,Yahoo Finance yfinance auto_adjust=True
6812,02215.HK,德信服务集团,HK,-90.68965519603832,2025-08-01,0.8700000047683716,2026-07-31,0.08100000023841858,Yahoo Finance chart adjclose
6813,08549.HK,金叶国际集团,HK,-90.93023329312376,2025-10-10,2.1500000953674316,2026-07-31,0.19499999284744263,Yahoo Finance chart adjclose
6814,06978.HK,永泰生物-B,HK,-91.1250002682209,2025-08-01,4.0,2026-07-31,0.35499998927116394,Yahoo Finance chart adjclose
6815,01640.HK,千循科技,HK,-91.21338978134025,2025-08-01,4.78000020980835,2026-07-31,0.41999998688697815,Yahoo Finance chart adjclose
6816,02562.HK,狮腾控股,HK,-91.48809516375837,2025-08-01,16.799999237060547,2026-07-31,1.4299999475479126,Yahoo Finance chart adjclose
6817,02473.HK,喜相逢集团,HK,-92.40924071471753,2025-08-01,6.059999942779541,2026-07-31,0.46000000834465027,Yahoo Finance chart adjclose
6818,01341.HK,昊天国际建投,HK,-92.52336418500362,2025-08-01,0.21400000154972076,2026-07-31,0.01600000075995922,Yahoo Finance chart adjclose
6819,08178.HK,中国信息科技,HK,-93.77162627616839,2025-08-01,2.890000104904175,2026-07-31,0.18000000715255737,Yahoo Finance chart adjclose
6820,01796.HK,中国数智科技,HK,-94.109195485969,2025-08-01,3.4800000190734863,2026-07-31,0.20499999821186066,Yahoo Finance chart adjclose
6821,01939.HK,上善黄金,HK,-95.05632012460549,2025-08-01,7.989999771118164,2026-07-31,0.39500001072883606,Yahoo Finance chart adjclose
6822,02231.HK,景业名邦集团,HK,-96.50793650042773,2025-08-01,0.3149999976158142,2026-07-31,0.010999999940395355,Yahoo Finance chart adjclose
6823,01855.HK,中庆股份,HK,-96.70710574967272,2025-08-01,5.769999980926514,2026-07-31,0.1899999976158142,Yahoo Finance chart adjclose
6824,01142.HK,能源及能量环球,HK,-98.54077240510532,2025-08-01,4.659999847412109,2026-07-31,0.06800000369548798,Yahoo Finance chart adjclose
