rank,code,name,market,return_pct,start_date,start_price,end_date,end_price,source
1,01757.HK,俊裕地基,HK,4549.122971898044,2025-08-01,0.11400000005960464,2026-07-31,5.300000190734863,Yahoo Finance chart adjclose
2,02028.HK,映美控股,HK,3040.0000581145277,2025-08-01,0.05000000074505806,2026-07-31,1.5700000524520874,Yahoo Finance chart adjclose
3,02442.HK,怡俊集团控股,HK,2978.1249893285953,2025-08-01,1.9199999570846558,2026-07-31,59.099998474121094,Yahoo Finance chart adjclose
4,01417.HK,浦江中国,HK,2900.000184490573,2025-08-01,0.20999999344348907,2026-07-31,6.300000190734863,Yahoo Finance chart adjclose
5,09929.HK,澳达控股,HK,2752.458999974534,2025-08-01,0.061000000685453415,2026-07-31,1.7400000095367432,Yahoo Finance chart adjclose
6,01959.HK,世纪联合控股,HK,1771.428661646489,2025-08-01,0.20999999344348907,2026-07-31,3.930000066757202,Yahoo Finance chart adjclose
7,09963.HK,高科桥,HK,1524.9999757856135,2025-08-01,0.4000000059604645,2026-07-31,6.5,Yahoo Finance chart adjclose
8,08460.HK,基地锦标集团,HK,1103.3897868452045,2025-08-01,0.05900000035762787,2026-07-31,0.7099999785423279,Yahoo Finance chart adjclose
9,01953.HK,RIMBACO,HK,1085.717903564929,2025-08-01,0.101204514503479,2026-07-31,1.2000000476837158,Yahoo Finance chart adjclose
10,02339.HK,京西国际,HK,1041.5385151473747,2025-08-01,0.32499998807907104,2026-07-31,3.7100000381469727,Yahoo Finance chart adjclose
11,09978.HK,方圆生活服务,HK,955.0458750713958,2025-08-01,0.10899999737739563,2026-07-31,1.149999976158142,Yahoo Finance chart adjclose
12,83161.HK,A华夏人民币-R,HK,912.9238746279763,2025-08-01,105.0,2026-07-31,1063.570068359375,Yahoo Finance chart adjclose
13,01716.HK,毛记葵涌,HK,889.1304583033448,2025-08-01,0.46000000834465027,2026-07-31,4.550000190734863,Yahoo Finance chart adjclose
14,01570.HK,伟业控股,HK,884.552802348675,2025-08-01,1.2300000190734863,2026-07-31,12.109999656677246,Yahoo Finance chart adjclose
15,03161.HK,A华夏人民币,HK,832.5471634373467,2025-08-01,114.05000305175781,2026-07-31,1063.570068359375,Yahoo Finance chart adjclose
16,02623.HK,爱德新能源,HK,784.2104972564609,2025-08-01,0.4749999940395355,2026-07-31,4.199999809265137,Yahoo Finance chart adjclose
17,03006.HK,AGX AI科技,HK,747.4109143237811,2025-12-15,14.514800071716309,2026-07-30,123.0,Yahoo Finance chart adjclose
18,03034.HK,南方纳指一百,HK,746.9647346759077,2025-12-15,1.375499963760376,2026-07-30,11.649999618530273,Yahoo Finance chart adjclose
19,01626.HK,嘉耀控股,HK,718.1159420915823,2025-08-01,2.759999990463257,2026-07-31,22.579999923706055,Yahoo Finance chart adjclose
20,08321.HK,泰锦控股,HK,686.9564825848513,2025-08-01,0.23000000417232513,2026-07-31,1.809999942779541,Yahoo Finance chart adjclose
21,03139.HK,AGX电车机器人,HK,672.3704929236376,2025-12-15,10.510499954223633,2026-07-30,81.18000030517578,Yahoo Finance chart adjclose
22,03928.HK,中国新零售供应链,HK,671.4285714285714,2025-08-01,3.5,2026-07-31,27.0,Yahoo Finance chart adjclose
23,03893.HK,易纬集团,HK,651.6339854003679,2025-08-01,0.15299999713897705,2026-07-31,1.149999976158142,Yahoo Finance chart adjclose
24,07522.HK,华夏两倍看空纳斯达克100,HK,603.1719622924484,2025-08-01,0.5989999771118164,2026-07-30,4.211999893188477,Yahoo Finance chart adjclose
25,01255.HK,TATA健康,HK,599.9999403953576,2025-08-01,0.30000001192092896,2026-07-31,2.0999999046325684,Yahoo Finance chart adjclose
26,02836.HK,安硕印度,HK,594.249241148189,2025-08-01,5.116318225860596,2026-07-30,35.52000045776367,Yahoo Finance chart adjclose
27,02422.HK,润歌互动,HK,577.4999994412065,2025-08-01,0.4000000059604645,2026-07-31,2.7100000381469727,Yahoo Finance chart adjclose
28,01500.HK,现恒建筑,HK,569.4915395500809,2025-08-01,0.05900000035762787,2026-07-31,0.39500001072883606,Yahoo Finance chart adjclose
29,01633.HK,上谕集团,HK,564.3835910043526,2025-08-01,0.0729999989271164,2026-07-31,0.48500001430511475,Yahoo Finance chart adjclose
30,08450.HK,钜京控股,HK,561.0169208998382,2025-08-01,0.11800000071525574,2026-07-31,0.7799999713897705,Yahoo Finance chart adjclose
31,06063.HK,智中国际,HK,548.809552424991,2025-08-01,0.1679999977350235,2026-07-31,1.090000033378601,Yahoo Finance chart adjclose
32,08507.HK,爱世纪集团,HK,547.5409939184331,2025-08-01,0.12200000137090683,2026-07-31,0.7900000214576721,Yahoo Finance chart adjclose
33,03816.HK,KFM金德,HK,538.4317696484723,2025-08-01,0.31326761841773987,2026-07-31,2.0,Yahoo Finance chart adjclose
34,82840.HK,SPDR金-R,HK,531.8687426501427,2025-12-15,396.9178771972656,2026-07-30,2508.0,Yahoo Finance chart adjclose
35,01831.HK,十方控股,HK,515.3846471267351,2025-08-01,0.12999999523162842,2026-07-31,0.800000011920929,Yahoo Finance chart adjclose
36,08395.HK,中显智能齐家控股,HK,506.7961158025657,2025-08-01,0.20600000023841858,2026-07-31,1.25,Yahoo Finance chart adjclose
37,08239.HK,首都金融控股,HK,479.48718540889155,2025-08-01,3.509999990463257,2026-07-31,20.34000015258789,Yahoo Finance chart adjclose
38,02436.HK,凌雄科技,HK,472.88133374098874,2025-08-01,2.950000047683716,2026-07-31,16.899999618530273,Yahoo Finance chart adjclose
39,01630.HK,建成控股,HK,466.0377650254139,2025-08-01,0.05299999937415123,2026-07-31,0.30000001192092896,Yahoo Finance chart adjclose
40,08247.HK,中生北控生物科技,HK,451.7241620280378,2025-08-01,0.5799999833106995,2026-07-31,3.200000047683716,Yahoo Finance chart adjclose
41,02427.HK,GUANZE MEDICAL,HK,451.7241568306443,2025-08-01,0.4350000023841858,2026-07-31,2.4000000953674316,Yahoo Finance chart adjclose
42,08448.HK,环球印馆,HK,426.7856746094732,2025-08-01,0.2240000069141388,2026-07-31,1.1799999475479126,Yahoo Finance chart adjclose
43,01657.HK,桦欣控股,HK,421.8068473815104,2025-08-01,9.630000114440918,2026-07-31,50.25,Yahoo Finance chart adjclose
44,02372.HK,伟立控股,HK,394.9999973922968,2025-08-01,0.20000000298023224,2026-07-31,0.9900000095367432,Yahoo Finance chart adjclose
45,03938.HK,LFG投资控股,HK,389.2307974459867,2025-08-01,0.6499999761581421,2026-07-31,3.180000066757202,Yahoo Finance chart adjclose
46,08237.HK,华星控股,HK,387.6847477949034,2025-08-01,0.2029999941587448,2026-07-31,0.9900000095367432,Yahoo Finance chart adjclose
47,01653.HK,MOS HOUSE,HK,380.0,2025-08-01,0.32499998807907104,2026-07-31,1.559999942779541,Yahoo Finance chart adjclose
48,06162.HK,天瑞汽车内饰,HK,369.56522753198095,2025-08-01,0.11500000208616257,2026-07-31,0.5400000214576721,Yahoo Finance chart adjclose
49,08431.HK,浩柏国际,HK,362.7450861228697,2025-08-01,0.2549999952316284,2026-07-31,1.1799999475479126,Yahoo Finance chart adjclose
50,02113.HK,世纪集团国际,HK,360.465098146235,2025-08-01,0.0430000014603138,2026-07-31,0.1979999989271164,Yahoo Finance chart adjclose
51,02310.HK,时代环球集团,HK,358.97436264821516,2025-08-01,0.039000000804662704,2026-07-31,0.17900000512599945,Yahoo Finance chart adjclose
52,02515.HK,天津建发,HK,354.9019562011037,2025-08-01,0.5099999904632568,2026-07-31,2.319999933242798,Yahoo Finance chart adjclose
53,02270.HK,德商产投服务,HK,349.101807948119,2025-08-01,1.6699999570846558,2026-07-31,7.5,Yahoo Finance chart adjclose
54,01780.HK,荣尊国际控股,HK,347.1004441258485,2025-08-01,0.9751724004745483,2026-07-31,4.360000133514404,Yahoo Finance chart adjclose
55,08120.HK,国农金融投资,HK,330.0000190734863,2025-08-01,0.5,2026-07-31,2.1500000953674316,Yahoo Finance chart adjclose
56,09747.HK,XL二南三星-U,HK,320.0636668700311,2025-08-01,1.5700000524520874,2026-07-30,6.59499979019165,Yahoo Finance chart adjclose
57,08365.HK,亦辰集团,HK,319.9999809265137,2025-08-01,0.25,2026-07-31,1.0499999523162842,Yahoo Finance chart adjclose
58,07747.HK,XL二南三星,HK,319.5634762007373,2025-08-01,12.369999885559082,2026-07-30,51.900001525878906,Yahoo Finance chart adjclose
59,01710.HK,致丰工业电子,HK,317.64015403204337,2025-08-01,0.15563637018203735,2026-07-31,0.6499999761581421,Yahoo Finance chart adjclose
60,02370.HK,力高健康生活,HK,311.11110007321435,2025-08-01,0.27000001072883606,2026-07-31,1.1100000143051147,Yahoo Finance chart adjclose
61,01703.HK,维力生活科技,HK,304.16668762142507,2025-08-01,0.47999998927116394,2026-07-31,1.940000057220459,Yahoo Finance chart adjclose
62,03460.HK,华夏SOL,HK,302.679080553528,2025-11-17,0.7315999865531921,2026-07-30,2.946000099182129,Yahoo Finance chart adjclose
63,06696.HK,多想云,HK,297.2972999096265,2025-08-01,0.7400000095367432,2026-07-31,2.940000057220459,Yahoo Finance chart adjclose
64,01473.HK,环联连讯,HK,296.0297901561944,2025-08-01,0.3181578814983368,2026-07-31,1.2599999904632568,Yahoo Finance chart adjclose
65,08439.HK,新百利融资,HK,293.85788089026335,2025-08-01,0.30467844009399414,2026-07-31,1.2000000476837158,Yahoo Finance chart adjclose
66,01300.HK,俊知集团,HK,284.61539872299335,2025-08-01,0.32499998807907104,2026-07-31,1.25,Yahoo Finance chart adjclose
67,01410.HK,安领国际,HK,280.09048443540007,2025-08-01,0.22100000083446503,2026-07-31,0.8399999737739563,Yahoo Finance chart adjclose
68,01020.HK,赛伯乐国际控股,HK,273.68420949437945,2025-08-01,0.05700000002980232,2026-07-31,0.21299999952316284,Yahoo Finance chart adjclose
69,02197.HK,三叶草生物-B,HK,270.3703556531747,2025-08-01,0.5400000214576721,2026-07-31,2.0,Yahoo Finance chart adjclose
70,01028.HK,千百度,HK,262.3188366152481,2025-08-01,0.2070000022649765,2026-07-31,0.75,Yahoo Finance chart adjclose
71,06869.HK,长飞光纤光缆,HK,260.9522418876789,2025-08-01,26.804100036621094,2026-07-31,96.75,Yahoo Finance chart adjclose
72,01429.HK,天任集团,HK,252.3809616730598,2025-08-01,0.041999999433755875,2026-07-31,0.14800000190734863,Yahoo Finance chart adjclose
73,02330.HK,中国上城,HK,252.04082431705353,2025-08-01,0.09799999743700027,2026-07-31,0.3449999988079071,Yahoo Finance chart adjclose
74,01087.HK,威讯控股,HK,242.59258339434533,2025-08-01,0.5400000214576721,2026-07-31,1.850000023841858,Yahoo Finance chart adjclose
75,01557.HK,剑虹集团控股,HK,241.61491752484864,2025-08-01,0.16099999845027924,2026-07-31,0.550000011920929,Yahoo Finance chart adjclose
76,01348.HK,滉达富控股,HK,235.2112643540415,2025-08-01,0.07100000232458115,2026-07-31,0.23800000548362732,Yahoo Finance chart adjclose
77,01201.HK,天臣控股,HK,234.84847732264615,2025-08-01,0.6600000262260437,2026-07-31,2.2100000381469727,Yahoo Finance chart adjclose
78,02381.HK,蚬壳电业,HK,234.11180812267403,2025-08-01,0.09577631950378418,2026-07-31,0.3199999928474426,Yahoo Finance chart adjclose
79,06163.HK,彭顺国际,HK,230.00000819563854,2025-08-01,0.20000000298023224,2026-07-31,0.6600000262260437,Yahoo Finance chart adjclose
80,02521.HK,升辉清洁,HK,225.80644603078252,2025-08-01,0.3100000023841858,2026-07-31,1.0099999904632568,Yahoo Finance chart adjclose
81,01718.HK,宏基集团控股,HK,225.4901956201104,2025-08-01,0.2549999952316284,2026-07-31,0.8299999833106995,Yahoo Finance chart adjclose
82,01347.HK,华虹半导体,HK,225.22180119268032,2025-08-01,39.45000076293945,2026-07-31,128.3000030517578,Yahoo Finance chart adjclose
83,09938.HK,华和控股,HK,223.52943067044708,2025-08-01,0.10199999809265137,2026-07-31,0.33000001311302185,Yahoo Finance chart adjclose
84,01152.HK,正乾金融控股,HK,219.178080514037,2025-08-01,0.0729999989271164,2026-07-31,0.2329999953508377,Yahoo Finance chart adjclose
85,01652.HK,福森药业,HK,215.62500407453635,2025-08-01,0.3199999928474426,2026-07-31,1.0099999904632568,Yahoo Finance chart adjclose
86,01613.HK,协同通信,HK,214.81481113551587,2025-08-01,0.27000001072883606,2026-07-31,0.8500000238418579,Yahoo Finance chart adjclose
87,03789.HK,御佳控股,HK,211.11109797075756,2025-08-01,0.06300000101327896,2026-07-31,0.19599999487400055,Yahoo Finance chart adjclose
88,02528.HK,尚晋国际控股,HK,211.1110890353176,2025-08-01,0.27000001072883606,2026-07-31,0.8399999737739563,Yahoo Finance chart adjclose
89,02178.HK,百勤油服,HK,210.1449375517154,2025-08-01,0.0689999982714653,2026-07-31,0.21400000154972076,Yahoo Finance chart adjclose
90,01481.HK,竣球控股,HK,206.12244302160997,2025-08-01,0.49000000953674316,2026-07-31,1.5,Yahoo Finance chart adjclose
91,01637.HK,顺兴集团控股,HK,204.108078613976,2025-08-01,0.14468540251255035,2026-07-31,0.4399999976158142,Yahoo Finance chart adjclose
92,09893.HK,比优集团,HK,203.872907504006,2025-08-01,0.5594444274902344,2026-07-31,1.7000000476837158,Yahoo Finance chart adjclose
93,02227.HK,守益控股,HK,203.03031671364673,2025-08-01,0.0989999994635582,2026-07-31,0.30000001192092896,Yahoo Finance chart adjclose
94,01941.HK,烨星集团,HK,202.85713166606652,2025-08-01,0.17499999701976776,2026-07-31,0.5299999713897705,Yahoo Finance chart adjclose
95,09900.HK,智云科技建设,HK,196.51161743022757,2025-08-01,1.7200000286102295,2026-07-31,5.099999904632568,Yahoo Finance chart adjclose
96,01888.HK,建滔积层板,HK,196.36797961006067,2025-08-01,9.926848411560059,2026-07-31,29.420000076293945,Yahoo Finance chart adjclose
97,03830.HK,童园国际,HK,193.9394042019017,2025-08-01,0.06599999964237213,2026-07-31,0.1940000057220459,Yahoo Finance chart adjclose
98,08100.HK,名科国际,HK,188.1355945045528,2025-08-01,0.11800000071525574,2026-07-31,0.3400000035762787,Yahoo Finance chart adjclose
99,01027.HK,中国集成控股,HK,186.61418579303088,2025-08-01,1.2699999809265137,2026-07-31,3.640000104904175,Yahoo Finance chart adjclose
100,02336.HK,硕奥国际,HK,186.51684358586226,2025-08-01,0.08900000154972076,2026-07-31,0.2549999952316284,Yahoo Finance chart adjclose
101,08208.HK,WMCH GLOBAL,HK,186.0465098146235,2025-08-01,0.0430000014603138,2026-07-31,0.12300000339746475,Yahoo Finance chart adjclose
102,03997.HK,电讯首科,HK,185.71429057997108,2025-08-01,0.699999988079071,2026-07-31,2.0,Yahoo Finance chart adjclose
103,01156.HK,CHINANEWENERGY,HK,183.65382769271855,2025-08-01,0.10400000214576721,2026-07-31,0.29499998688697815,Yahoo Finance chart adjclose
104,08186.HK,曼妠,HK,178.48101113014854,2025-08-01,0.39500001072883606,2026-07-31,1.100000023841858,Yahoo Finance chart adjclose
105,08281.HK,中国金典集团,HK,178.3505183146019,2025-08-01,0.09700000286102295,2026-07-31,0.27000001072883606,Yahoo Finance chart adjclose
106,08131.HK,辰罡科技,HK,177.90695871208922,2025-08-01,0.0860000029206276,2026-07-31,0.23899999260902405,Yahoo Finance chart adjclose
107,06036.HK,光丽科技,HK,175.86207841532215,2025-08-01,0.4350000023841858,2026-07-31,1.2000000476837158,Yahoo Finance chart adjclose
108,01102.HK,环能国际,HK,175.5102222348595,2025-08-01,0.04899999871850014,2026-07-31,0.13500000536441803,Yahoo Finance chart adjclose
109,08637.HK,元续科技,HK,173.076929425347,2025-08-01,1.2999999523162842,2026-07-31,3.549999952316284,Yahoo Finance chart adjclose
110,02863.HK,高丰集团控股,HK,171.64179210701082,2025-08-01,0.33500000834465027,2026-07-31,0.9100000262260437,Yahoo Finance chart adjclose
111,01851.HK,银杏教育,HK,171.17647083572862,2025-08-01,1.7000000476837158,2026-07-31,4.610000133514404,Yahoo Finance chart adjclose
112,01693.HK,璋利国际,HK,170.04048579088024,2025-08-01,2.4700000286102295,2026-07-31,6.670000076293945,Yahoo Finance chart adjclose
113,02099.HK,中国黄金国际,HK,169.47852534859535,2025-08-01,65.27421569824219,2026-07-31,175.89999389648438,Yahoo Finance chart adjclose
114,01667.HK,迪米生活控股,HK,169.23077452112253,2025-08-01,0.12999999523162842,2026-07-31,0.3499999940395355,Yahoo Finance chart adjclose
115,01750.HK,全达电器集团控股,HK,166.66666666666666,2025-08-01,0.032999999821186066,2026-07-31,0.08799999952316284,Yahoo Finance chart adjclose
116,02025.HK,瑞丰动力,HK,163.89893835740926,2025-08-01,4.289520740509033,2026-07-31,11.319999694824219,Yahoo Finance chart adjclose
117,01327.HK,励时集团,HK,162.29507972463045,2025-08-01,0.6100000143051147,2026-07-31,1.600000023841858,Yahoo Finance chart adjclose
118,01380.HK,中国金石,HK,161.90476401660453,2025-08-01,0.1679999977350235,2026-07-31,0.4399999976158142,Yahoo Finance chart adjclose
119,02789.HK,远大中国,HK,159.95712013780272,2025-08-01,0.06578008085489273,2026-07-31,0.17100000381469727,Yahoo Finance chart adjclose
120,08146.HK,怡园酒业,HK,157.4626792643008,2025-08-01,0.1340000033378601,2026-07-31,0.3449999988079071,Yahoo Finance chart adjclose
121,08279.HK,亚博科技控股,HK,156.14036078378226,2025-08-01,0.2849999964237213,2026-07-31,0.7300000190734863,Yahoo Finance chart adjclose
122,01286.HK,鹰普精密,HK,156.05961172769292,2025-08-01,2.8391826152801514,2026-07-31,7.269999980926514,Yahoo Finance chart adjclose
123,09936.HK,稀美资源,HK,155.27457827454754,2025-08-01,4.51670503616333,2026-07-31,11.529999732971191,Yahoo Finance chart adjclose
124,01228.HK,北海康成-B,HK,155.12821570891168,2025-08-01,0.7799999713897705,2026-07-31,1.9900000095367432,Yahoo Finance chart adjclose
125,01631.HK,REF HOLDINGS,HK,154.7169993805615,2025-08-01,0.5299999713897705,2026-07-31,1.350000023841858,Yahoo Finance chart adjclose
126,01037.HK,云智汇科技,HK,154.1666783081991,2025-08-01,0.23999999463558197,2026-07-31,0.6100000143051147,Yahoo Finance chart adjclose
127,01486.HK,思城控股,HK,152.8409063970008,2025-08-01,0.17599999904632568,2026-07-31,0.4449999928474426,Yahoo Finance chart adjclose
128,03302.HK,精技集团,HK,151.99999809265137,2025-08-01,0.125,2026-07-31,0.3149999976158142,Yahoo Finance chart adjclose
129,02597.HK,讯众通信,HK,150.00001784570247,2025-08-01,13.359999656677246,2026-07-31,33.400001525878906,Yahoo Finance chart adjclose
130,08031.HK,易通讯集团,HK,146.4285695279131,2025-08-01,0.14000000059604645,2026-07-31,0.3449999988079071,Yahoo Finance chart adjclose
131,01740.HK,新石文化,HK,146.376820357751,2025-08-01,0.0689999982714653,2026-07-31,0.17000000178813934,Yahoo Finance chart adjclose
132,02668.HK,百德国际,HK,143.24323366470293,2025-08-01,0.1850000023841858,2026-07-31,0.44999998807907104,Yahoo Finance chart adjclose
133,01651.HK,津上机床中国,HK,142.16380922061967,2025-08-01,21.473068237304688,2026-07-31,52.0,Yahoo Finance chart adjclose
134,06083.HK,环宇物流(亚洲),HK,140.99007384252408,2025-08-01,0.32781434059143066,2026-07-31,0.7900000214576721,Yahoo Finance chart adjclose
135,01597.HK,纳泉能源科技,HK,140.0,2025-08-01,2.4000000953674316,2026-07-31,5.760000228881836,Yahoo Finance chart adjclose
136,06933.HK,新娱科控股,HK,136.7816013205649,2025-08-01,0.4350000023841858,2026-07-31,1.0299999713897705,Yahoo Finance chart adjclose
137,08403.HK,天平道合,HK,136.71875305590228,2025-08-01,1.2799999713897705,2026-07-31,3.0299999713897705,Yahoo Finance chart adjclose
138,08070.HK,侨洋国际控股,HK,136.55914309286962,2025-08-01,0.4650000035762787,2026-07-31,1.100000023841858,Yahoo Finance chart adjclose
139,01362.HK,新龙移动,HK,136.14456720966376,2025-08-01,0.3557142913341522,2026-07-31,0.8399999737739563,Yahoo Finance chart adjclose
140,02225.HK,今海医疗科技,HK,134.83872366993577,2025-08-01,1.5499999523162842,2026-07-31,3.640000104904175,Yahoo Finance chart adjclose
141,02450.HK,淮北绿金股份,HK,133.33333333333334,2025-08-01,3.0,2026-07-31,7.0,Yahoo Finance chart adjclose
142,03336.HK,巨腾国际,HK,133.07087264580423,2025-08-01,1.2699999809265137,2026-07-31,2.9600000381469727,Yahoo Finance chart adjclose
143,01835.HK,瑞威资管,HK,131.89188684138884,2025-08-01,1.850000023841858,2026-07-31,4.289999961853027,Yahoo Finance chart adjclose
144,01720.HK,普天通信集团,HK,131.81817873942947,2025-08-01,0.10999999940395355,2026-07-31,0.2549999952316284,Yahoo Finance chart adjclose
145,01396.HK,粤港湾控股,HK,131.40703502536644,2025-08-01,3.9800000190734863,2026-07-31,9.210000038146973,Yahoo Finance chart adjclose
146,08221.HK,高裕金融,HK,130.68181618062917,2025-08-01,0.8799999952316284,2026-07-31,2.0299999713897705,Yahoo Finance chart adjclose
147,02108.HK,K2 F&B,HK,128.80749494877213,2025-08-01,0.19448663294315338,2026-07-31,0.4449999928474426,Yahoo Finance chart adjclose
148,01940.HK,CGII HLDGS,HK,128.57142509593916,2025-08-01,0.49000000953674316,2026-07-31,1.1200000047683716,Yahoo Finance chart adjclose
149,08229.HK,未来数据集团,HK,128.1690216518496,2025-08-01,0.35499998927116394,2026-07-31,0.8100000023841858,Yahoo Finance chart adjclose
150,01793.HK,伟工控股,HK,128.03582010609978,2025-08-01,0.17760367691516876,2026-07-31,0.4050000011920929,Yahoo Finance chart adjclose
151,08148.HK,悟喜生活,HK,127.39724976011173,2025-08-01,0.7300000190734863,2026-07-31,1.659999966621399,Yahoo Finance chart adjclose
152,01416.HK,CTR HOLDINGS,HK,127.38095502075564,2025-08-01,0.08399999886751175,2026-07-31,0.19099999964237213,Yahoo Finance chart adjclose
153,01138.HK,中远海能,HK,127.04989396798227,2025-08-01,6.126406669616699,2026-07-31,13.90999984741211,Yahoo Finance chart adjclose
154,01208.HK,五矿资源,HK,125.53764190311605,2025-08-01,3.7200000286102295,2026-07-31,8.390000343322754,Yahoo Finance chart adjclose
155,09399.HK,南方两倍做空MSTR-U,HK,124.59985250235803,2025-08-01,2.874000072479248,2026-07-30,6.454999923706055,Yahoo Finance chart adjclose
156,08007.HK,环球战略集团,HK,124.48979641486582,2025-08-01,0.24500000476837158,2026-07-31,0.550000011920929,Yahoo Finance chart adjclose
157,01645.HK,海纳智能,HK,124.29906333812065,2025-08-01,1.0700000524520874,2026-07-31,2.4000000953674316,Yahoo Finance chart adjclose
158,01133.HK,哈尔滨电气,HK,124.18483757488401,2025-08-01,7.034374237060547,2026-07-31,15.770000457763672,Yahoo Finance chart adjclose
159,01751.HK,景联集团,HK,122.85713847802602,2025-08-01,0.3499999940395355,2026-07-31,0.7799999713897705,Yahoo Finance chart adjclose
160,07399.HK,南方两倍做空MSTR,HK,122.52409929179025,2025-08-01,22.81999969482422,2026-07-30,50.779998779296875,Yahoo Finance chart adjclose
161,06939.HK,美佳音控股,HK,122.22222810910085,2025-08-01,0.44999998807907104,2026-07-31,1.0,Yahoo Finance chart adjclose
162,01832.HK,海天地悦旅,HK,122.22222489807604,2025-08-01,0.4950000047683716,2026-07-31,1.100000023841858,Yahoo Finance chart adjclose
163,02122.HK,凯知乐国际,HK,122.2222195941515,2025-08-01,0.06300000101327896,2026-07-31,0.14000000059604645,Yahoo Finance chart adjclose
164,80992.HK,联想集团-R,HK,120.19333056962421,2025-08-01,9.3100004196167,2026-07-31,20.5,Yahoo Finance chart adjclose
165,08526.HK,荣丰集团亚洲,HK,120.00000000000001,2025-08-01,0.10999999940395355,2026-07-31,0.24199999868869781,Yahoo Finance chart adjclose
166,01690.HK,立基工程控股,HK,119.95177890642586,2025-08-01,0.05592134967446327,2026-07-31,0.12300000339746475,Yahoo Finance chart adjclose
167,01742.HK,HPC HOLDINGS,HK,118.57142355369064,2025-08-01,0.07000000029802322,2026-07-31,0.15299999713897705,Yahoo Finance chart adjclose
168,03191.HK,GX中国半导,HK,118.12321881090355,2025-08-01,38.96879959106445,2026-07-30,85.0,Yahoo Finance chart adjclose
169,02166.HK,芯智控股,HK,116.87062978097549,2025-08-01,1.7521966695785522,2026-07-31,3.799999952316284,Yahoo Finance chart adjclose
170,01617.HK,南方通信,HK,116.10168956436331,2025-08-01,0.11800000071525574,2026-07-31,0.2549999952316284,Yahoo Finance chart adjclose
171,01656.HK,亿仕登控股,HK,115.10660971231572,2025-08-01,1.817703366279602,2026-07-31,3.9100000858306885,Yahoo Finance chart adjclose
172,03317.HK,迅策,HK,113.4020618556701,2025-12-30,48.5,2026-07-31,103.5,Yahoo Finance chart adjclose
173,03393.HK,威胜控股,HK,113.24654777504767,2025-08-01,8.300251960754395,2026-07-31,17.700000762939453,Yahoo Finance chart adjclose
174,03119.HK,GX亚洲半导体,HK,112.79718417788516,2025-08-01,68.13999938964844,2026-07-30,145.0,Yahoo Finance chart adjclose
175,02848.HK,TR韩国,HK,111.83263735130117,2025-08-01,666.7999877929688,2026-07-30,1412.5,Yahoo Finance chart adjclose
176,01679.HK,瑞斯康集团,HK,109.82353491725902,2025-08-01,0.5814409852027893,2026-07-31,1.2200000286102295,Yahoo Finance chart adjclose
177,01258.HK,中国有色矿业,HK,107.74314712044001,2025-08-01,7.100113868713379,2026-07-31,14.75,Yahoo Finance chart adjclose
178,01449.HK,立德教育,HK,107.54718551350639,2025-08-01,0.26499998569488525,2026-07-31,0.550000011920929,Yahoo Finance chart adjclose
179,08510.HK,TOPSTANDARDCORP,HK,107.31706962494685,2025-08-01,0.0820000022649765,2026-07-31,0.17000000178813934,Yahoo Finance chart adjclose
180,01843.HK,快餐帝国,HK,107.03122899067337,2025-08-01,0.12800000607967377,2026-07-31,0.26499998569488525,Yahoo Finance chart adjclose
181,02338.HK,潍柴动力,HK,106.16280706328371,2025-08-01,15.977663040161133,2026-07-31,32.939998626708984,Yahoo Finance chart adjclose
182,01837.HK,五谷磨房,HK,105.98491208884707,2025-08-01,0.7621917724609375,2026-07-31,1.5700000524520874,Yahoo Finance chart adjclose
183,01912.HK,康特隆(新),HK,105.06328617298277,2025-08-01,0.7900000214576721,2026-07-31,1.6200000047683716,Yahoo Finance chart adjclose
184,03389.HK,亨得利,HK,103.99999618530273,2025-08-01,0.125,2026-07-31,0.2549999952316284,Yahoo Finance chart adjclose
185,01408.HK,濠江机电,HK,103.91440698245572,2025-08-01,0.16918863356113434,2026-07-31,0.3449999988079071,Yahoo Finance chart adjclose
186,02585.HK,梦金园,HK,103.70493435794867,2025-08-01,12.459197044372559,2026-07-31,25.3799991607666,Yahoo Finance chart adjclose
187,01775.HK,精英汇集团,HK,103.48836171701224,2025-08-01,0.1720000058412552,2026-07-31,0.3499999940395355,Yahoo Finance chart adjclose
188,01050.HK,嘉利国际,HK,102.20649330463579,2025-08-01,0.9050154685974121,2026-07-31,1.8300000429153442,Yahoo Finance chart adjclose
189,01705.HK,宾仕国际,HK,101.63432718430326,2025-08-01,0.39179837703704834,2026-07-31,0.7900000214576721,Yahoo Finance chart adjclose
190,02258.HK,华滋国际海洋,HK,101.54655071840976,2025-08-01,0.1736571490764618,2026-07-31,0.3499999940395355,Yahoo Finance chart adjclose
191,06188.HK,迪信通,HK,100.0,2025-08-01,0.32499998807907104,2026-07-31,0.6499999761581421,Yahoo Finance chart adjclose
192,01985.HK,美高域,HK,99.87181782824841,2025-08-01,1.485952377319336,2026-07-31,2.9700000286102295,Yahoo Finance chart adjclose
193,03132.HK,三星环球半导体,HK,99.35760063442144,2025-08-01,28.020000457763672,2026-07-30,55.86000061035156,Yahoo Finance chart adjclose
194,01841.HK,优越集团控股,HK,98.01979803615981,2025-08-01,0.20200000703334808,2026-07-31,0.4000000059604645,Yahoo Finance chart adjclose
195,08501.HK,庄皇集团公司,HK,97.72727488239936,2025-08-01,0.4399999976158142,2026-07-31,0.8700000047683716,Yahoo Finance chart adjclose
196,02315.HK,百奥赛图-B,HK,97.0530452749842,2025-08-01,25.450000762939453,2026-07-31,50.150001525878906,Yahoo Finance chart adjclose
197,08040.HK,快意智能,HK,96.55172732724029,2025-08-01,0.28999999165534973,2026-07-31,0.5699999928474426,Yahoo Finance chart adjclose
198,01239.HK,TEAMWAY INTL GP,HK,96.29627789980174,2025-08-01,0.13500000536441803,2026-07-31,0.26499998569488525,Yahoo Finance chart adjclose
199,01669.HK,环球信贷集团,HK,95.66693393590397,2025-08-01,0.6746158003807068,2026-07-31,1.3200000524520874,Yahoo Finance chart adjclose
200,03076.HK,富邦台湾半导体,HK,95.58638795243535,2025-08-01,7.929999828338623,2026-07-30,15.510000228881836,Yahoo Finance chart adjclose
201,08132.HK,百能国际能源,HK,95.1219414686039,2025-08-01,0.04100000113248825,2026-07-31,0.07999999821186066,Yahoo Finance chart adjclose
202,09191.HK,GX中国半导-U,HK,94.98606413579047,2025-08-01,5.385000228881836,2026-07-30,10.5,Yahoo Finance chart adjclose
203,01013.HK,伟俊集团控股,HK,94.71153501729823,2025-08-01,0.20800000429153442,2026-07-31,0.4050000011920929,Yahoo Finance chart adjclose
204,03330.HK,灵宝黄金,HK,94.64566389916578,2025-08-01,9.91545295715332,2026-07-31,19.299999237060547,Yahoo Finance chart adjclose
205,08620.HK,亚洲速运,HK,94.52055717279653,2025-08-01,0.0729999989271164,2026-07-31,0.1420000046491623,Yahoo Finance chart adjclose
206,01933.HK,元力控股,HK,94.07894498206812,2025-08-01,0.15199999511241913,2026-07-31,0.29499998688697815,Yahoo Finance chart adjclose
207,01711.HK,欧化,HK,93.84616407417019,2025-08-01,0.06499999761581421,2026-07-31,0.12600000202655792,Yahoo Finance chart adjclose
208,06816.HK,瑞港建设,HK,93.7984598205184,2025-08-01,0.1289999932050705,2026-07-31,0.25,Yahoo Finance chart adjclose
209,06193.HK,泰林科建,HK,93.62745986036151,2025-08-01,0.20399999618530273,2026-07-31,0.39500001072883606,Yahoo Finance chart adjclose
210,01616.HK,一元宇宙,HK,93.54838593383235,2025-08-01,0.03099999949336052,2026-07-31,0.05999999865889549,Yahoo Finance chart adjclose
211,07262.HK,南方两倍做多日经,HK,93.42793251185813,2025-08-01,80.33999633789062,2026-07-30,155.39999389648438,Yahoo Finance chart adjclose
212,03993.HK,洛阳钼业,HK,93.15055928814205,2025-08-01,8.744473457336426,2026-07-31,16.889999389648438,Yahoo Finance chart adjclose
213,08042.HK,高奥士国际,HK,92.68293037505313,2025-08-01,0.04100000113248825,2026-07-31,0.07900000363588333,Yahoo Finance chart adjclose
214,01399.HK,锐信控股,HK,90.9547705580612,2025-08-01,0.19900000095367432,2026-07-31,0.3799999952316284,Yahoo Finance chart adjclose
215,01470.HK,富一国际控股,HK,90.27777835266828,2025-08-01,0.07199999690055847,2026-07-31,0.13699999451637268,Yahoo Finance chart adjclose
216,03600.HK,现代牙科,HK,89.82613718129397,2025-08-01,4.051075458526611,2026-07-31,7.690000057220459,Yahoo Finance chart adjclose
217,06890.HK,康利国际控股,HK,88.88889919092652,2025-08-01,0.44999998807907104,2026-07-31,0.8500000238418579,Yahoo Finance chart adjclose
218,02223.HK,卡撒天娇,HK,88.67925546822038,2025-08-01,0.26499998569488525,2026-07-31,0.5,Yahoo Finance chart adjclose
219,01943.HK,金石控股集团,HK,88.50574444899206,2025-08-01,0.4350000023841858,2026-07-31,0.8199999928474426,Yahoo Finance chart adjclose
220,09881.HK,容大科技,HK,88.4984037889408,2025-08-01,9.390000343322754,2026-07-31,17.700000762939453,Yahoo Finance chart adjclose
221,02546.HK,智汇矿业,HK,88.48098724494132,2025-12-19,8.531364440917969,2026-07-31,16.079999923706055,Yahoo Finance chart adjclose
222,01538.HK,中奥到家,HK,88.39046780778561,2025-08-01,0.3928011953830719,2026-07-31,0.7400000095367432,Yahoo Finance chart adjclose
223,01987.HK,BENG SOON MACH,HK,87.44390072630735,2025-08-01,0.14404310286045074,2026-07-31,0.27000001072883606,Yahoo Finance chart adjclose
224,01545.HK,设计都会,HK,87.3417659440767,2025-08-01,0.07900000363588333,2026-07-31,0.14800000190734863,Yahoo Finance chart adjclose
225,07234.HK,博时两倍做多中国创业板,HK,87.0051107302682,2025-08-01,4.294000148773193,2026-07-30,8.029999732971191,Yahoo Finance chart adjclose
226,01472.HK,生兴控股,HK,86.44067582574533,2025-08-01,0.05900000035762787,2026-07-31,0.10999999940395355,Yahoo Finance chart adjclose
227,01903.HK,JBB BUILDERS,HK,86.23187986398739,2025-08-01,1.3799999952316284,2026-07-31,2.569999933242798,Yahoo Finance chart adjclose
228,01752.HK,澳洲成峰高教,HK,85.68181654353711,2025-08-01,0.05116279050707817,2026-07-31,0.0949999988079071,Yahoo Finance chart adjclose
229,01865.HK,鹏高控股集团,HK,84.31372846928258,2025-08-01,0.2549999952316284,2026-07-31,0.4699999988079071,Yahoo Finance chart adjclose
230,01546.HK,德莱建业,HK,84.28570379408042,2025-08-01,0.07000000029802322,2026-07-31,0.1289999932050705,Yahoo Finance chart adjclose
231,08290.HK,亚势备份,HK,84.21053302337609,2025-08-01,0.01899999938905239,2026-07-31,0.03500000014901161,Yahoo Finance chart adjclose
232,06136.HK,康达环保,HK,84.12242800401289,2025-08-01,0.40733766555786133,2026-07-31,0.75,Yahoo Finance chart adjclose
233,01762.HK,万咖壹联,HK,84.05796888620256,2025-08-01,0.6899999976158142,2026-07-31,1.2699999809265137,Yahoo Finance chart adjclose
234,01580.HK,大森控股,HK,83.67347683523259,2025-08-01,0.1469999998807907,2026-07-31,0.27000001072883606,Yahoo Finance chart adjclose
235,06088.HK,鸿腾精密,HK,83.59374665305943,2025-08-01,2.559999942779541,2026-07-31,4.699999809265137,Yahoo Finance chart adjclose
236,08616.HK,新威工程集团,HK,83.33334023201937,2025-08-01,0.035999998450279236,2026-07-31,0.06599999964237213,Yahoo Finance chart adjclose
237,01452.HK,迪诺斯环保,HK,83.33333333333333,2025-08-01,0.09000000357627869,2026-07-31,0.16500000655651093,Yahoo Finance chart adjclose
238,08417.HK,大地教育,HK,83.33333074632621,2025-08-01,0.012000000104308128,2026-07-31,0.02199999988079071,Yahoo Finance chart adjclose
239,01489.HK,GC CONSTRUCTION,HK,83.3333300219643,2025-08-01,0.30000001192092896,2026-07-31,0.550000011920929,Yahoo Finance chart adjclose
240,02193.HK,万景控股,HK,82.6923016304449,2025-08-01,0.20800000429153442,2026-07-31,0.3799999952316284,Yahoo Finance chart adjclose
241,02132.HK,誉燊丰控股,HK,82.41757917859067,2025-08-01,0.09099999815225601,2026-07-31,0.16599999368190765,Yahoo Finance chart adjclose
242,03858.HK,佳鑫国际资源,HK,81.93803719618997,2025-08-28,30.34000015258789,2026-07-31,55.20000076293945,Yahoo Finance chart adjclose
243,03808.HK,中国重汽,HK,81.05482408920103,2025-08-01,22.446239471435547,2026-07-31,40.63999938964844,Yahoo Finance chart adjclose
244,03773.HK,银盛数惠,HK,80.98591626151597,2025-08-01,1.4199999570846558,2026-07-31,2.569999933242798,Yahoo Finance chart adjclose
245,01273.HK,香港信贷,HK,80.3512857382972,2025-08-01,0.38813140988349915,2026-07-31,0.699999988079071,Yahoo Finance chart adjclose
246,01685.HK,博耳电力,HK,80.12582669785677,2025-08-01,0.3775138854980469,2026-07-31,0.6800000071525574,Yahoo Finance chart adjclose
247,03728.HK,正利控股,HK,79.41175697171607,2025-08-01,0.03400000184774399,2026-07-31,0.061000000685453415,Yahoo Finance chart adjclose
248,06812.HK,永顺控股香港,HK,79.31034341011542,2025-08-01,0.14499999582767487,2026-07-31,0.25999999046325684,Yahoo Finance chart adjclose
249,01927.HK,久久王,HK,78.35819899677378,2025-08-01,0.1340000033378601,2026-07-31,0.23899999260902405,Yahoo Finance chart adjclose
250,01132.HK,橙天嘉禾,HK,77.77776673988103,2025-08-01,0.04500000178813934,2026-07-31,0.07999999821186066,Yahoo Finance chart adjclose
251,02356.HK,大新银行集团,HK,77.45269446781788,2025-08-01,8.492403984069824,2026-07-31,15.069999694824219,Yahoo Finance chart adjclose
252,01134.HK,恒发光学,HK,77.41935768145629,2025-08-01,0.1860000044107437,2026-07-31,0.33000001311302185,Yahoo Finance chart adjclose
253,01621.HK,域高国际控股,HK,77.27272173097307,2025-08-01,0.10999999940395355,2026-07-31,0.19499999284744263,Yahoo Finance chart adjclose
254,08333.HK,阿仕特朗金融,HK,77.21518204201132,2025-08-01,0.39500001072883606,2026-07-31,0.699999988079071,Yahoo Finance chart adjclose
255,01661.HK,中国前沿科技集团,HK,76.92307339617497,2025-08-01,0.9100000262260437,2026-07-31,1.6100000143051147,Yahoo Finance chart adjclose
256,01615.HK,奥邦建筑,HK,75.55556497456139,2025-08-01,0.22499999403953552,2026-07-31,0.39500001072883606,Yahoo Finance chart adjclose
257,01792.HK,CMON,HK,75.51056652627919,2025-08-01,0.489998996257782,2026-07-31,0.8600000143051147,Yahoo Finance chart adjclose
258,08125.HK,中新控股,HK,75.43859869269237,2025-08-01,0.2849999964237213,2026-07-31,0.5,Yahoo Finance chart adjclose
259,01184.HK,S.A.S. DRAGON,HK,75.35340495586102,2025-08-01,4.351212978363037,2026-07-31,7.630000114440918,Yahoo Finance chart adjclose
260,03368.HK,百盛集团,HK,74.69604241957693,2025-08-01,0.0955946072936058,2026-07-31,0.16699999570846558,Yahoo Finance chart adjclose
261,08350.HK,立桥证券控股,HK,73.80953377742105,2025-08-01,0.20999999344348907,2026-07-31,0.36500000953674316,Yahoo Finance chart adjclose
262,02881.HK,武汉有机,HK,73.18931644645889,2025-08-01,6.322560787200928,2026-07-31,10.949999809265137,Yahoo Finance chart adjclose
263,08447.HK,MS CONCEPT,HK,72.7272737535235,2025-08-01,0.032999999821186066,2026-07-31,0.05700000002980232,Yahoo Finance chart adjclose
264,08437.HK,德斯控股,HK,72.41379806459602,2025-08-01,0.14499999582767487,2026-07-31,0.25,Yahoo Finance chart adjclose
265,02320.HK,合丰集团,HK,72.22221670327384,2025-08-01,0.09000000357627869,2026-07-31,0.1550000011920929,Yahoo Finance chart adjclose
266,02198.HK,中国三江化工,HK,72.03947561172035,2025-08-01,1.6682217121124268,2026-07-31,2.869999885559082,Yahoo Finance chart adjclose
267,08201.HK,宝联控股,HK,70.66666799121428,2025-08-01,0.07500000298023224,2026-07-31,0.12800000607967377,Yahoo Finance chart adjclose
268,09998.HK,光荣控股,HK,70.11799836568284,2025-08-01,0.2145569622516632,2026-07-31,0.36500000953674316,Yahoo Finance chart adjclose
269,01308.HK,海丰国际,HK,69.45209271049228,2025-08-01,23.298620223999023,2026-07-31,39.47999954223633,Yahoo Finance chart adjclose
270,01917.HK,豆盟科技,HK,69.38775308501562,2025-08-01,0.04899999871850014,2026-07-31,0.08299999684095383,Yahoo Finance chart adjclose
271,01581.HK,进升集团控股,HK,69.08212087433103,2025-08-01,0.2070000022649765,2026-07-31,0.3499999940395355,Yahoo Finance chart adjclose
272,02888.HK,渣打集团,HK,68.80003260798631,2025-08-01,140.75827026367188,2026-07-31,237.60000610351562,Yahoo Finance chart adjclose
273,01070.HK,TCL电子,HK,68.54532206614586,2025-08-01,9.59385871887207,2026-07-31,16.170000076293945,Yahoo Finance chart adjclose
274,02689.HK,玖龙纸业,HK,68.52678925426181,2025-08-01,4.480000019073486,2026-07-31,7.550000190734863,Yahoo Finance chart adjclose
275,08187.HK,积木集团,HK,68.42105098048073,2025-08-01,0.2849999964237213,2026-07-31,0.47999998927116394,Yahoo Finance chart adjclose
276,01947.HK,美皓集团,HK,68.25396044484367,2025-08-01,0.3149999976158142,2026-07-31,0.5299999713897705,Yahoo Finance chart adjclose
277,01650.HK,HYGIEIA GROUP,HK,68.02252928493179,2025-08-01,0.08332215994596481,2026-07-31,0.14000000059604645,Yahoo Finance chart adjclose
278,01861.HK,保宝龙科技,HK,67.7048118716249,2025-08-01,1.520528793334961,2026-07-31,2.549999952316284,Yahoo Finance chart adjclose
279,01845.HK,维港环保科技,HK,67.692309808449,2025-08-01,0.12999999523162842,2026-07-31,0.21799999475479126,Yahoo Finance chart adjclose
280,03036.HK,TR台湾,HK,67.10874993384992,2025-08-01,603.2000122070312,2026-07-30,1008.0,Yahoo Finance chart adjclose
281,01213.HK,万保刚集团,HK,66.46425698885213,2025-08-01,0.28534653782844543,2026-07-31,0.4749999940395355,Yahoo Finance chart adjclose
282,09074.HK,安硕MS台湾-U,HK,66.25878281139126,2025-08-01,30.975807189941406,2026-07-30,51.5,Yahoo Finance chart adjclose
283,08115.HK,上海青浦消防,HK,66.07143480558794,2025-08-01,5.599999904632568,2026-07-31,9.300000190734863,Yahoo Finance chart adjclose
284,03378.HK,翰思艾泰-B,HK,66.0465011576053,2025-12-23,17.200000762939453,2026-07-31,28.559999465942383,Yahoo Finance chart adjclose
285,03074.HK,安硕MS台湾,HK,65.83555920366967,2025-08-01,242.89120483398438,2026-07-30,402.79998779296875,Yahoo Finance chart adjclose
286,06651.HK,五一视界,HK,65.57294357049703,2025-12-30,39.619998931884766,2026-07-31,65.5999984741211,Yahoo Finance chart adjclose
287,03698.HK,徽商银行,HK,65.37315295577525,2025-08-01,3.071840763092041,2026-07-31,5.079999923706055,Yahoo Finance chart adjclose
288,01343.HK,伟源控股,HK,65.27778870069734,2025-08-01,0.07199999690055847,2026-07-31,0.11900000274181366,Yahoo Finance chart adjclose
289,09159.HK,PP台50A-U,HK,65.27415273629833,2025-08-01,11.489999771118164,2026-07-30,18.989999771118164,Yahoo Finance chart adjclose
290,08400.HK,亚洲先锋娱乐,HK,65.00000279396778,2025-08-01,0.03999999910593033,2026-07-31,0.06599999964237213,Yahoo Finance chart adjclose
291,03453.HK,PP台湾50,HK,64.23484906910359,2025-08-01,88.83619689941406,2026-07-30,145.89999389648438,Yahoo Finance chart adjclose
292,06805.HK,金茂源环保,HK,63.84982666660379,2025-08-01,1.7699134349822998,2026-07-31,2.9000000953674316,Yahoo Finance chart adjclose
293,08425.HK,兴铭控股,HK,63.63637102536923,2025-08-01,0.054999999701976776,2026-07-31,0.09000000357627869,Yahoo Finance chart adjclose
294,02683.HK,华新手袋国际控股,HK,63.413083651155056,2025-08-01,0.6670212745666504,2026-07-31,1.090000033378601,Yahoo Finance chart adjclose
295,03833.HK,新疆新鑫矿业,HK,63.16080820793148,2025-08-01,1.0786904096603394,2026-07-31,1.7599999904632568,Yahoo Finance chart adjclose
296,02899.HK,紫金矿业,HK,63.072386957079104,2025-08-01,20.383586883544922,2026-07-31,33.2400016784668,Yahoo Finance chart adjclose
297,03109.HK,南方科创板50,HK,63.04117365381623,2025-08-01,9.470000267028809,2026-07-30,15.4399995803833,Yahoo Finance chart adjclose
298,01340.HK,惠生国际,HK,62.79069283899599,2025-08-01,0.3440000116825104,2026-07-31,0.5600000023841858,Yahoo Finance chart adjclose
299,01161.HK,奥思集团,HK,62.78125635119882,2025-08-01,0.8109042048454285,2026-07-31,1.3200000524520874,Yahoo Finance chart adjclose
300,09151.HK,PP科创50-U,HK,62.64236209264165,2025-08-01,0.878000020980835,2026-07-30,1.4279999732971191,Yahoo Finance chart adjclose
301,02832.HK,博时科创50,HK,62.552594201419495,2025-08-01,7.130000114440918,2026-07-30,11.59000015258789,Yahoo Finance chart adjclose
302,09968.HK,汇景控股,HK,62.50000194025536,2025-08-01,0.024000000208616257,2026-07-31,0.039000000804662704,Yahoo Finance chart adjclose
303,03603.HK,信基沙溪,HK,62.49999767169352,2025-08-01,0.03999999910593033,2026-07-31,0.06499999761581421,Yahoo Finance chart adjclose
304,06182.HK,乙德投资控股,HK,62.49999161809696,2025-08-01,0.4000000059604645,2026-07-31,0.6499999761581421,Yahoo Finance chart adjclose
305,03151.HK,PP科创50,HK,62.29150995413995,2025-08-01,6.894999980926514,2026-07-30,11.1899995803833,Yahoo Finance chart adjclose
306,08411.HK,K W NELSON GP,HK,62.26320311389992,2025-08-01,0.06470967829227448,2026-07-31,0.10499999672174454,Yahoo Finance chart adjclose
307,02885.HK,彼岸控股,HK,61.7594495136347,2025-08-01,0.5501996874809265,2026-07-31,0.8899999856948853,Yahoo Finance chart adjclose
308,07709.HK,XL二南方海力士,HK,61.73469462229875,2025-11-10,15.680000305175781,2026-07-30,25.360000610351562,Yahoo Finance chart adjclose
309,01262.HK,蜡笔小新食品,HK,61.538462478968725,2025-08-01,1.9500000476837158,2026-07-31,3.1500000953674316,Yahoo Finance chart adjclose
310,01826.HK,丰展控股,HK,61.5384608036903,2025-08-01,0.07800000160932541,2026-07-31,0.12600000202655792,Yahoo Finance chart adjclose
311,08018.HK,汇财金融投资,HK,61.29032762005979,2025-08-01,0.03099999949336052,2026-07-31,0.05000000074505806,Yahoo Finance chart adjclose
312,02359.HK,药明康德,HK,60.640078022655274,2025-08-01,100.03730010986328,2026-07-31,160.6999969482422,Yahoo Finance chart adjclose
313,01064.HK,中华国际,HK,60.52632275504442,2025-08-01,0.03799999877810478,2026-07-31,0.061000000685453415,Yahoo Finance chart adjclose
314,02416.HK,易点云,HK,60.47619231433834,2025-08-01,2.0999999046325684,2026-07-31,3.369999885559082,Yahoo Finance chart adjclose
315,01968.HK,兴纺控股,HK,60.3773620713008,2025-08-01,0.10599999874830246,2026-07-31,0.17000000178813934,Yahoo Finance chart adjclose
316,09869.HK,海伦司,HK,60.15234700891916,2025-08-01,1.0989536046981812,2026-07-31,1.7599999904632568,Yahoo Finance chart adjclose
317,08059.HK,朝威控股,HK,60.00000496705384,2025-08-01,0.014999999664723873,2026-07-31,0.024000000208616257,Yahoo Finance chart adjclose
318,08200.HK,修身堂,HK,59.59596239344316,2025-08-01,0.4950000047683716,2026-07-31,0.7900000214576721,Yahoo Finance chart adjclose
319,01202.HK,四威科技,HK,59.54038817284817,2025-08-01,0.9527367949485779,2026-07-31,1.5199999809265137,Yahoo Finance chart adjclose
320,06288.HK,FAST RETAIL-DRS,HK,59.4514221169584,2025-08-01,23.856796264648438,2026-07-31,38.040000915527344,Yahoo Finance chart adjclose
321,08073.HK,水发兴业新材料,HK,59.34065799107944,2025-08-01,0.18199999630451202,2026-07-31,0.28999999165534973,Yahoo Finance chart adjclose
322,03321.HK,伟鸿集团控股,HK,58.823534052264684,2025-08-01,0.6800000071525574,2026-07-31,1.0800000429153442,Yahoo Finance chart adjclose
323,02314.HK,理文造纸,HK,58.55357229046505,2025-08-01,2.52911376953125,2026-07-31,4.010000228881836,Yahoo Finance chart adjclose
324,03839.HK,正大企业国际,HK,58.377414839575835,2025-08-01,5.670000076293945,2026-07-31,8.979999542236328,Yahoo Finance chart adjclose
325,08483.HK,名仕快相,HK,58.01527221180216,2025-08-01,0.13099999725818634,2026-07-31,0.2070000022649765,Yahoo Finance chart adjclose
326,01660.HK,七元投资,HK,57.85124022919463,2025-08-01,0.12099999934434891,2026-07-31,0.19099999964237213,Yahoo Finance chart adjclose
327,08241.HK,英记茶庄集团,HK,57.6576529409522,2025-08-01,0.11100000143051147,2026-07-31,0.17499999701976776,Yahoo Finance chart adjclose
328,02146.HK,荣万家,HK,57.48031732574699,2025-08-01,1.2699999809265137,2026-07-31,2.0,Yahoo Finance chart adjclose
329,01936.HK,利特米,HK,57.40740556775794,2025-08-01,0.5400000214576721,2026-07-31,0.8500000238418579,Yahoo Finance chart adjclose
330,02129.HK,LEGION CONSO,HK,57.36434484615589,2025-08-01,0.1289999932050705,2026-07-31,0.2029999941587448,Yahoo Finance chart adjclose
331,08392.HK,舍图控股,HK,57.14285144088238,2025-08-01,0.02800000086426735,2026-07-31,0.04399999976158142,Yahoo Finance chart adjclose
332,08168.HK,宝积资本,HK,56.86274452513798,2025-08-01,0.050999999046325684,2026-07-31,0.07999999821186066,Yahoo Finance chart adjclose
333,03750.HK,宁德时代,HK,56.83018213388469,2025-08-01,396.9261474609375,2026-07-31,622.5,Yahoo Finance chart adjclose
334,03097.HK,FGX原油,HK,56.77179997361914,2025-08-01,5.389999866485596,2026-07-30,8.449999809265137,Yahoo Finance chart adjclose
335,01960.HK,TBKS HLDGS,HK,56.71641282057327,2025-08-01,0.20100000500679016,2026-07-31,0.3149999976158142,Yahoo Finance chart adjclose
336,02388.HK,中银香港,HK,55.9726820465509,2025-08-01,33.46739959716797,2026-07-31,52.20000076293945,Yahoo Finance chart adjclose
337,06038.HK,信越控股,HK,55.94865242246032,2025-08-01,0.22122666239738464,2026-07-31,0.3449999988079071,Yahoo Finance chart adjclose
338,09882.HK,永联丰控股,HK,55.73769931157615,2025-08-01,0.6100000143051147,2026-07-31,0.949999988079071,Yahoo Finance chart adjclose
339,02116.HK,江苏创新,HK,55.55555702727521,2025-08-01,0.44999998807907104,2026-07-31,0.699999988079071,Yahoo Finance chart adjclose
340,03380.HK,龙光集团,HK,55.43477408771042,2025-08-01,0.9200000166893005,2026-07-31,1.4299999475479126,Yahoo Finance chart adjclose
341,08270.HK,中国煤层气,HK,55.35714304720869,2025-08-01,0.2800000011920929,2026-07-31,0.4350000023841858,Yahoo Finance chart adjclose
342,02687.HK,卓越睿新,HK,55.300633450995406,2025-12-08,126.4000015258789,2026-07-31,196.3000030517578,Yahoo Finance chart adjclose
343,02892.HK,万城控股,HK,54.99999888241294,2025-08-01,0.4000000059604645,2026-07-31,0.6200000047683716,Yahoo Finance chart adjclose
344,01284.HK,新传企划,HK,54.766703338965605,2025-08-01,0.27137619256973267,2026-07-31,0.41999998688697815,Yahoo Finance chart adjclose
345,06699.HK,时代天使,HK,53.336433448860475,2025-08-01,52.107643127441406,2026-07-31,79.9000015258789,Yahoo Finance chart adjclose
346,02212.HK,高鹏矿业,HK,53.06123457492193,2025-08-01,0.09799999743700027,2026-07-31,0.15000000596046448,Yahoo Finance chart adjclose
347,09879.HK,米高集团,HK,53.054639294693004,2025-08-01,6.017458915710449,2026-07-31,9.210000038146973,Yahoo Finance chart adjclose
348,09986.HK,大山教育,HK,52.84552569745187,2025-08-01,1.2300000190734863,2026-07-31,1.8799999952316284,Yahoo Finance chart adjclose
349,08311.HK,圆美光电,HK,52.50000512227429,2025-08-01,0.03999999910593033,2026-07-31,0.061000000685453415,Yahoo Finance chart adjclose
350,03696.HK,英矽智能,HK,52.43496151011118,2025-12-30,29.979999542236328,2026-07-31,45.70000076293945,Yahoo Finance chart adjclose
351,83151.HK,PP科创50-R,HK,51.89274262887991,2025-08-01,6.340000152587891,2026-07-30,9.630000114440918,Yahoo Finance chart adjclose
352,02501.HK,迈越科技,HK,51.68539837535149,2025-08-01,0.8899999856948853,2026-07-31,1.350000023841858,Yahoo Finance chart adjclose
353,82832.HK,博时科创50-R,HK,51.554210819294475,2025-08-01,6.59499979019165,2026-07-30,9.994999885559082,Yahoo Finance chart adjclose
354,01540.HK,澳狮环球,HK,51.47727445656942,2025-08-01,0.40930232405662537,2026-07-31,0.6200000047683716,Yahoo Finance chart adjclose
355,08222.HK,壹照明,HK,51.42856899572878,2025-08-01,0.03500000014901161,2026-07-31,0.05299999937415123,Yahoo Finance chart adjclose
356,01440.HK,应星控股,HK,51.2941136079676,2025-08-01,8.5,2026-07-31,12.859999656677246,Yahoo Finance chart adjclose
357,08152.HK,明梁控股,HK,50.877198027478386,2025-08-01,0.05700000002980232,2026-07-31,0.0860000029206276,Yahoo Finance chart adjclose
358,01085.HK,亨鑫科技,HK,50.86207330652152,2025-08-01,1.159999966621399,2026-07-31,1.75,Yahoo Finance chart adjclose
359,01741.HK,成志控股,HK,50.000009313225945,2025-08-01,0.11999999731779099,2026-07-31,0.18000000715255737,Yahoo Finance chart adjclose
360,01643.HK,现代中药集团,HK,49.999995484496786,2025-08-01,0.6600000262260437,2026-07-31,0.9900000095367432,Yahoo Finance chart adjclose
361,02451.HK,绿源集团控股,HK,49.70059196332408,2025-08-01,8.350000381469727,2026-07-31,12.5,Yahoo Finance chart adjclose
362,01867.HK,标准发展集团,HK,49.33333200878573,2025-08-01,0.15000000596046448,2026-07-31,0.2240000069141388,Yahoo Finance chart adjclose
363,01182.HK,胜龙国际,HK,48.88889654183113,2025-08-01,0.44999998807907104,2026-07-31,0.6700000166893005,Yahoo Finance chart adjclose
364,02102.HK,德利机械,HK,48.876188724496636,2025-08-01,0.18471725285053253,2026-07-31,0.2750000059604645,Yahoo Finance chart adjclose
365,03939.HK,万国黄金集团-新,HK,48.4786209507186,2025-08-01,7.091929912567139,2026-07-31,10.529999732971191,Yahoo Finance chart adjclose
366,02343.HK,太平洋航运,HK,48.443862494321664,2025-08-01,2.2095894813537598,2026-07-31,3.2799999713897705,Yahoo Finance chart adjclose
367,03147.HK,X南方中创业,HK,48.441933876490054,2025-08-01,8.824999809265137,2026-07-30,13.100000381469727,Yahoo Finance chart adjclose
368,01218.HK,永义国际,HK,48.38709826275913,2025-08-01,1.5499999523162842,2026-07-31,2.299999952316284,Yahoo Finance chart adjclose
369,01160.HK,金石资本集团,HK,48.14814446884923,2025-08-01,0.27000001072883606,2026-07-31,0.4000000059604645,Yahoo Finance chart adjclose
370,08280.HK,中国数字视频,HK,47.7611895485482,2025-08-01,0.06700000166893005,2026-07-31,0.0989999994635582,Yahoo Finance chart adjclose
371,08188.HK,骏杰集团控股,HK,47.674265631245035,2025-08-01,0.8803158402442932,2026-07-31,1.2999999523162842,Yahoo Finance chart adjclose
372,02465.HK,龙蟠科技,HK,47.66916622550268,2025-08-01,6.650000095367432,2026-07-31,9.819999694824219,Yahoo Finance chart adjclose
373,01622.HK,力高集团,HK,46.66667045108868,2025-08-01,0.10499999672174454,2026-07-31,0.15399999916553497,Yahoo Finance chart adjclose
374,07376.HK,南方一倍做空比特币,HK,46.56488883051442,2025-08-01,3.930000066757202,2026-07-30,5.760000228881836,Yahoo Finance chart adjclose
375,03822.HK,三和建筑集团,HK,46.36948757194552,2025-08-01,0.6217142939567566,2026-07-31,0.9100000262260437,Yahoo Finance chart adjclose
376,06693.HK,赤峰黄金,HK,46.3057875055249,2025-08-01,22.815229415893555,2026-07-31,33.380001068115234,Yahoo Finance chart adjclose
377,09181.HK,PP亚洲创科-U,HK,46.20798138165263,2025-08-01,12.789999961853027,2026-07-30,18.700000762939453,Yahoo Finance chart adjclose
378,01737.HK,亚洲实业集团,HK,46.15383843874805,2025-08-01,0.10400000214576721,2026-07-31,0.15199999511241913,Yahoo Finance chart adjclose
379,03181.HK,PP亚洲创科,HK,46.08869789003711,2025-08-01,100.3499984741211,2026-07-30,146.60000610351562,Yahoo Finance chart adjclose
380,01866.HK,中国心连心化肥,HK,45.95119413022361,2025-08-01,6.282922267913818,2026-07-31,9.170000076293945,Yahoo Finance chart adjclose
381,02266.HK,黎氏企业,HK,45.73763416107961,2025-08-01,0.2744658291339874,2026-07-31,0.4000000059604645,Yahoo Finance chart adjclose
382,03878.HK,VICON HOLDINGS,HK,45.62500034924597,2025-08-01,0.1599999964237213,2026-07-31,0.2329999953508377,Yahoo Finance chart adjclose
383,09638.HK,法拉帝,HK,45.3194968628031,2025-08-01,24.773000717163086,2026-07-31,36.0,Yahoo Finance chart adjclose
384,02350.HK,数科集团,HK,45.238103178623554,2025-08-01,0.41999998688697815,2026-07-31,0.6100000143051147,Yahoo Finance chart adjclose
385,02600.HK,中国铝业,HK,45.08560193998026,2025-08-01,5.831040382385254,2026-07-31,8.460000038146973,Yahoo Finance chart adjclose
386,08161.HK,医汇集团,HK,45.054946638452066,2025-08-01,0.45500001311302185,2026-07-31,0.6600000262260437,Yahoo Finance chart adjclose
387,08160.HK,GOLDWAY EDU,HK,44.99999366700658,2025-08-01,0.4000000059604645,2026-07-31,0.5799999833106995,Yahoo Finance chart adjclose
388,82388.HK,中银香港-R,HK,44.6391061578888,2025-08-01,31.028953552246094,2026-07-31,44.880001068115234,Yahoo Finance chart adjclose
389,01079.HK,松景科技,HK,44.52555244697742,2025-08-01,0.13699999451637268,2026-07-31,0.1979999989271164,Yahoo Finance chart adjclose
390,06616.HK,环球新材国际,HK,44.422699053147,2025-08-01,5.110000133514404,2026-07-31,7.380000114440918,Yahoo Finance chart adjclose
391,01722.HK,建鹏控股,HK,44.28571869524156,2025-08-01,0.07000000029802322,2026-07-31,0.10100000351667404,Yahoo Finance chart adjclose
392,01323.HK,华盛国际控股,HK,44.242421834155856,2025-08-01,0.16500000655651093,2026-07-31,0.23800000548362732,Yahoo Finance chart adjclose
393,09886.HK,叮当健康,HK,44.23077452112252,2025-08-01,0.5199999809265137,2026-07-31,0.75,Yahoo Finance chart adjclose
394,03175.HK,F三星原油期,HK,43.937230002021636,2025-08-01,7.010000228881836,2026-07-30,10.09000015258789,Yahoo Finance chart adjclose
395,01277.HK,力量发展,HK,43.53712045061149,2025-08-01,1.1773958206176758,2026-07-31,1.690000057220459,Yahoo Finance chart adjclose
396,06080.HK,荣智控股,HK,43.15790431321174,2025-08-01,0.0949999988079071,2026-07-31,0.13600000739097595,Yahoo Finance chart adjclose
397,08218.HK,毅高国际控股,HK,43.05556187935109,2025-08-01,0.07199999690055847,2026-07-31,0.10300000011920929,Yahoo Finance chart adjclose
398,08271.HK,环球数码创意,HK,42.857147201504844,2025-08-01,0.04899999871850014,2026-07-31,0.07000000029802322,Yahoo Finance chart adjclose
399,08147.HK,汇思太平洋,HK,42.85713764390873,2025-08-01,0.24500000476837158,2026-07-31,0.3499999940395355,Yahoo Finance chart adjclose
400,02425.HK,澳亚集团,HK,42.44604600363717,2025-08-01,1.3899999856948853,2026-07-31,1.9800000190734863,Yahoo Finance chart adjclose
401,08027.HK,吉辉控股,HK,42.105270587836706,2025-08-01,0.0949999988079071,2026-07-31,0.13500000536441803,Yahoo Finance chart adjclose
402,01319.HK,霭华押业信贷,HK,41.74476202129496,2025-08-01,0.20459309220314026,2026-07-31,0.28999999165534973,Yahoo Finance chart adjclose
403,02809.HK,GX中国洁能,HK,41.3833263417593,2025-08-01,70.72969818115234,2026-07-30,100.0,Yahoo Finance chart adjclose
404,03160.HK,华夏日股对冲,HK,41.30681927565492,2025-08-01,22.29191780090332,2026-07-30,31.5,Yahoo Finance chart adjclose
405,01332.HK,透云生物,HK,41.00000052154063,2025-08-01,0.10000000149011612,2026-07-31,0.14100000262260437,Yahoo Finance chart adjclose
406,01772.HK,赣锋锂业,HK,40.356034046452784,2025-08-01,26.233285903930664,2026-07-31,36.81999969482422,Yahoo Finance chart adjclose
407,08309.HK,万成环球控股,HK,40.35087398251376,2025-08-01,0.05700000002980232,2026-07-31,0.07999999821186066,Yahoo Finance chart adjclose
408,02722.HK,重庆机电,HK,40.32556539877588,2025-08-01,1.3112365007400513,2026-07-31,1.840000033378601,Yahoo Finance chart adjclose
409,06666.HK,恒大物业,HK,40.25974930750238,2025-08-01,0.7699999809265137,2026-07-31,1.0800000429153442,Yahoo Finance chart adjclose
410,01112.HK,H&H国际控股,HK,40.16072505436685,2025-08-01,10.837557792663574,2026-07-31,15.1899995803833,Yahoo Finance chart adjclose
411,01729.HK,汇聚科技,HK,39.90028448962561,2025-08-01,9.428143501281738,2026-07-31,13.1899995803833,Yahoo Finance chart adjclose
412,01171.HK,兖矿能源,HK,39.727298252536755,2025-08-01,8.487961769104004,2026-07-31,11.859999656677246,Yahoo Finance chart adjclose
413,01113.HK,长实集团,HK,39.6687678101507,2025-08-01,34.25246810913086,2026-07-31,47.84000015258789,Yahoo Finance chart adjclose
414,09995.HK,荣昌生物,HK,39.386185631944755,2025-08-01,58.650001525878906,2026-07-31,81.75,Yahoo Finance chart adjclose
415,03153.HK,南方日经225,HK,39.36880952006434,2025-08-01,86.81999969482422,2026-07-30,121.0,Yahoo Finance chart adjclose
416,01823.HK,华昱高速,HK,39.32584600758038,2025-08-01,0.8899999856948853,2026-07-31,1.2400000095367432,Yahoo Finance chart adjclose
417,08429.HK,华美乐乐,HK,39.02438647650606,2025-08-01,0.04100000113248825,2026-07-31,0.05700000002980232,Yahoo Finance chart adjclose
418,83147.HK,X南方中创业-R,HK,39.00184905879451,2025-08-01,8.114999771118164,2026-07-30,11.279999732971191,Yahoo Finance chart adjclose
419,03628.HK,仁恒实业控股,HK,38.88889693735593,2025-08-01,0.14399999380111694,2026-07-31,0.20000000298023224,Yahoo Finance chart adjclose
420,01906.HK,博尼控股,HK,38.46153987229934,2025-08-01,0.32499998807907104,2026-07-31,0.44999998807907104,Yahoo Finance chart adjclose
421,01179.HK,华住集团-S,HK,38.36933532646838,2025-08-01,24.051570892333984,2026-07-31,33.279998779296875,Yahoo Finance chart adjclose
422,02678.HK,天虹国际集团,HK,38.31579308760793,2025-08-01,4.75,2026-07-31,6.570000171661377,Yahoo Finance chart adjclose
423,09440.HK,GX03月债-U,HK,38.28998233865724,2025-08-01,5.087136268615723,2026-07-30,7.034999847412109,Yahoo Finance chart adjclose
424,01712.HK,龙资源,HK,38.28571864536829,2025-08-01,3.5,2026-07-31,4.840000152587891,Yahoo Finance chart adjclose
425,02280.HK,慧聪集团,HK,38.25503006684221,2025-08-01,0.14900000393390656,2026-07-31,0.20600000023841858,Yahoo Finance chart adjclose
426,03440.HK,GX03月债,HK,38.085993673392224,2025-08-01,39.98957443237305,2026-07-30,55.220001220703125,Yahoo Finance chart adjclose
427,02208.HK,金风科技,HK,37.907462963798544,2025-08-01,7.069958209991455,2026-07-31,9.75,Yahoo Finance chart adjclose
428,02136.HK,利福中国,HK,37.88820709565397,2025-08-01,0.4351351261138916,2026-07-31,0.6000000238418579,Yahoo Finance chart adjclose
429,03003.HK,南方明晟A50,HK,37.673129754832615,2025-08-01,5.414999961853027,2026-07-30,7.454999923706055,Yahoo Finance chart adjclose
430,02038.HK,富智康集团,HK,37.461936064338985,2025-08-01,14.040249824523926,2026-07-31,19.299999237060547,Yahoo Finance chart adjclose
431,08065.HK,高萌科技,HK,37.25490511174119,2025-08-01,0.10199999809265137,2026-07-31,0.14000000059604645,Yahoo Finance chart adjclose
432,01088.HK,中国神华,HK,37.19815862104554,2025-08-01,31.676809310913086,2026-07-31,43.459999084472656,Yahoo Finance chart adjclose
433,01629.HK,冠均国际控股,HK,37.19007816644289,2025-08-01,0.12099999934434891,2026-07-31,0.16599999368190765,Yahoo Finance chart adjclose
434,03441.HK,南方东西精选,HK,37.06293347549698,2025-08-01,9.295000076293945,2026-07-30,12.739999771118164,Yahoo Finance chart adjclose
435,08668.HK,瀛海集团,HK,36.956523675718024,2025-08-01,0.09200000017881393,2026-07-31,0.12600000202655792,Yahoo Finance chart adjclose
436,02628.HK,中国人寿,HK,36.94334376726695,2025-08-01,21.32268714904785,2026-07-31,29.200000762939453,Yahoo Finance chart adjclose
437,02663.HK,应力控股,HK,36.52967436270276,2025-08-01,0.3332608938217163,2026-07-31,0.45500001311302185,Yahoo Finance chart adjclose
438,09075.HK,GX亚洲美债-U,HK,36.3593831468864,2025-08-01,5.423169136047363,2026-07-30,7.394999980926514,Yahoo Finance chart adjclose
439,01871.HK,向中国际,HK,36.1607132759896,2025-08-01,0.2240000069141388,2026-07-31,0.3050000071525574,Yahoo Finance chart adjclose
440,03111.HK,易方达A50,HK,36.05041009997152,2025-08-01,2.380000114440918,2026-07-30,3.23799991607666,Yahoo Finance chart adjclose
441,03075.HK,GX亚洲美债,HK,36.04308108995844,2025-08-01,42.692359924316406,2026-07-30,58.08000183105469,Yahoo Finance chart adjclose
442,02839.HK,华夏A50,HK,36.00960222015743,2025-08-01,23.307178497314453,2026-07-30,31.700000762939453,Yahoo Finance chart adjclose
443,01891.HK,兴合控股,HK,36.000001430511475,2025-08-01,0.125,2026-07-31,0.17000000178813934,Yahoo Finance chart adjclose
444,03396.HK,联想控股,HK,35.9945276021115,2025-08-01,9.676859855651855,2026-07-31,13.15999984741211,Yahoo Finance chart adjclose
445,09839.HK,华夏A50-U,HK,35.69778380416775,2025-08-01,2.9772040843963623,2026-07-30,4.039999961853027,Yahoo Finance chart adjclose
446,03401.HK,GXAI基础设施,HK,35.56348113176835,2025-08-01,67.26000213623047,2026-07-30,91.18000030517578,Yahoo Finance chart adjclose
447,02361.HK,中康控股,HK,35.4705464054502,2025-08-01,3.557969093322754,2026-07-31,4.820000171661377,Yahoo Finance chart adjclose
448,06811.HK,太兴集团,HK,35.39475684651923,2025-08-01,0.8715255856513977,2026-07-31,1.1799999475479126,Yahoo Finance chart adjclose
449,08416.HK,HM INTL HLDGS,HK,35.294116787706955,2025-08-01,0.10199999809265137,2026-07-31,0.1379999965429306,Yahoo Finance chart adjclose
450,02815.HK,GX中国小巨人,HK,35.237389920652596,2025-08-01,53.91999816894531,2026-07-30,72.91999816894531,Yahoo Finance chart adjclose
451,01389.HK,美捷汇控股,HK,35.135133393582365,2025-08-01,0.3700000047683716,2026-07-31,0.5,Yahoo Finance chart adjclose
452,02142.HK,和铂医药-B,HK,35.033255953908984,2025-08-01,9.020000457763672,2026-07-31,12.180000305175781,Yahoo Finance chart adjclose
453,08535.HK,荧德控股,HK,34.831455312674066,2025-08-01,0.08900000154972076,2026-07-31,0.11999999731779099,Yahoo Finance chart adjclose
454,02458.HK,望尘科技控股,HK,34.65552944952286,2025-08-01,4.789999961853027,2026-07-31,6.449999809265137,Yahoo Finance chart adjclose
455,02199.HK,维珍妮,HK,34.64989799803546,2025-08-01,1.7526934146881104,2026-07-31,2.359999895095825,Yahoo Finance chart adjclose
456,08118.HK,濠亮环球,HK,34.374991753914784,2025-08-01,0.09600000083446503,2026-07-31,0.1289999932050705,Yahoo Finance chart adjclose
457,01141.HK,民银资本,HK,34.328351304429816,2025-08-01,0.6700000166893005,2026-07-31,0.8999999761581421,Yahoo Finance chart adjclose
458,08092.HK,ITE HOLDINGS,HK,34.084301475604775,2025-08-01,0.030577778816223145,2026-07-31,0.04100000113248825,Yahoo Finance chart adjclose
459,02107.HK,第一服务控股,HK,34.038805674236315,2025-08-01,0.28349998593330383,2026-07-31,0.3799999952316284,Yahoo Finance chart adjclose
460,02845.HK,GX中国电车,HK,33.54055796948418,2025-08-01,78.17849731445312,2026-07-30,104.4000015258789,Yahoo Finance chart adjclose
461,01200.HK,美联集团,HK,33.36909398729979,2025-08-01,1.6945455074310303,2026-07-31,2.259999990463257,Yahoo Finance chart adjclose
462,01673.HK,华章科技,HK,33.33334216365132,2025-08-01,0.22499999403953552,2026-07-31,0.30000001192092896,Yahoo Finance chart adjclose
463,09689.HK,金泰丰国际控股,HK,33.33334216365132,2025-08-01,0.44999998807907104,2026-07-31,0.6000000238418579,Yahoo Finance chart adjclose
464,08611.HK,九福来,HK,33.33333621278478,2025-08-01,0.6899999976158142,2026-07-31,0.9200000166893005,Yahoo Finance chart adjclose
465,08080.HK,北亚策略,HK,33.333327312662384,2025-08-01,0.33000001311302185,2026-07-31,0.4399999976158142,Yahoo Finance chart adjclose
466,01746.HK,万顺集团控股,HK,33.33332505491078,2025-08-01,0.36000001430511475,2026-07-31,0.47999998927116394,Yahoo Finance chart adjclose
467,08502.HK,远航港口,HK,33.216373686840875,2025-08-01,0.2514705955982208,2026-07-31,0.33500000834465027,Yahoo Finance chart adjclose
468,02317.HK,味丹国际,HK,33.058637037967074,2025-08-01,0.533599317073822,2026-07-31,0.7099999785423279,Yahoo Finance chart adjclose
469,03318.HK,中国波顿,HK,33.000004291534424,2025-08-01,2.0,2026-07-31,2.6600000858306885,Yahoo Finance chart adjclose
470,02846.HK,安硕沪深三百,HK,32.906055610773755,2025-08-01,26.99651336669922,2026-07-30,35.880001068115234,Yahoo Finance chart adjclose
471,09104.HK,AGX亚洲-U,HK,32.75862439688637,2025-08-01,7.539999961853027,2026-07-30,10.010000228881836,Yahoo Finance chart adjclose
472,01231.HK,新矿资源,HK,32.74337041722526,2025-08-01,0.22599999606609344,2026-07-31,0.30000001192092896,Yahoo Finance chart adjclose
473,03104.HK,AGX亚洲,HK,32.63584323383342,2025-08-01,59.2599983215332,2026-07-30,78.5999984741211,Yahoo Finance chart adjclose
474,08340.HK,紫荆国际金融,HK,32.60869635638757,2025-08-01,0.46000000834465027,2026-07-31,0.6100000143051147,Yahoo Finance chart adjclose
475,01623.HK,海隆控股,HK,32.53012480800168,2025-08-01,0.16599999368190765,2026-07-31,0.2199999988079071,Yahoo Finance chart adjclose
476,01398.HK,工商银行,HK,32.42040874941272,2025-08-01,5.671331405639648,2026-07-31,7.510000228881836,Yahoo Finance chart adjclose
477,01466.HK,佰金生命-八千,HK,32.35293627816507,2025-08-01,0.6800000071525574,2026-07-31,0.8999999761581421,Yahoo Finance chart adjclose
478,09901.HK,新东方-S,HK,32.202829926523656,2025-08-01,34.25040054321289,2026-07-31,45.279998779296875,Yahoo Finance chart adjclose
479,02651.HK,大众口腔,HK,31.85055897268656,2025-08-01,14.106880187988281,2026-07-31,18.600000381469727,Yahoo Finance chart adjclose
480,01047.HK,毅兴行,HK,31.746030094101553,2025-08-01,0.3149999976158142,2026-07-31,0.41499999165534973,Yahoo Finance chart adjclose
481,09809.HK,GX中国洁能-U,HK,31.48434147047279,2025-08-01,9.734999656677246,2026-07-30,12.800000190734863,Yahoo Finance chart adjclose
482,01397.HK,碧瑶绿色集团,HK,31.171170443589126,2025-08-01,0.6937500238418579,2026-07-31,0.9100000262260437,Yahoo Finance chart adjclose
483,02637.HK,海西新药,HK,31.134975463070337,2025-12-08,130.39999389648438,2026-07-31,171.0,Yahoo Finance chart adjclose
484,01157.HK,中联重科,HK,30.928103128397844,2025-08-01,5.78179931640625,2026-07-31,7.570000171661377,Yahoo Finance chart adjclose
485,02299.HK,百宏实业,HK,30.72006909468401,2025-08-01,4.360462665557861,2026-07-31,5.699999809265137,Yahoo Finance chart adjclose
486,01884.HK,EPRINT集团,HK,30.55555459740478,2025-08-01,0.1080000028014183,2026-07-31,0.14100000262260437,Yahoo Finance chart adjclose
487,08026.HK,朗华国际集团,HK,30.43478542555027,2025-08-01,0.23000000417232513,2026-07-31,0.30000001192092896,Yahoo Finance chart adjclose
488,02239.HK,国微控股,HK,30.227750313997248,2025-08-01,1.044324278831482,2026-07-31,1.3600000143051147,Yahoo Finance chart adjclose
489,02418.HK,德银天下,HK,30.212724579662755,2025-08-01,2.150327444076538,2026-07-31,2.799999952316284,Yahoo Finance chart adjclose
490,08418.HK,傲迪玛汽车,HK,30.18868582322567,2025-08-01,0.5299999713897705,2026-07-31,0.6899999976158142,Yahoo Finance chart adjclose
491,80016.HK,新鸿基地产-R,HK,30.157299477785358,2025-08-01,81.20942687988281,2026-07-31,105.69999694824219,Yahoo Finance chart adjclose
492,03348.HK,中国鹏飞集团,HK,30.140670629233956,2025-08-01,1.0142871141433716,2026-07-31,1.3200000524520874,Yahoo Finance chart adjclose
493,02648.HK,安井食品,HK,30.078494234625943,2025-08-01,57.81124496459961,2026-07-31,75.19999694824219,Yahoo Finance chart adjclose
494,01620.HK,富盈环球集团,HK,30.000006773255116,2025-08-01,0.10999999940395355,2026-07-31,0.14300000667572021,Yahoo Finance chart adjclose
495,01822.HK,中木国际,HK,29.999996806894046,2025-08-01,0.14000000059604645,2026-07-31,0.18199999630451202,Yahoo Finance chart adjclose
496,06999.HK,领地控股,HK,29.99999337726196,2025-08-01,0.09000000357627869,2026-07-31,0.11699999868869781,Yahoo Finance chart adjclose
497,03010.HK,安硕亚洲除日,HK,29.981034733802158,2025-08-01,62.56297302246094,2026-07-30,81.31999969482422,Yahoo Finance chart adjclose
498,09010.HK,安硕亚洲除日-U,HK,29.84953311769134,2025-08-01,7.9784650802612305,2026-07-30,10.359999656677246,Yahoo Finance chart adjclose
499,01783.HK,晋景新能,HK,29.729733212835296,2025-08-01,3.700000047683716,2026-07-31,4.800000190734863,Yahoo Finance chart adjclose
500,01288.HK,农业银行,HK,29.513196654293793,2025-08-01,4.8720903396606445,2026-07-31,6.309999942779541,Yahoo Finance chart adjclose
501,01875.HK,东曜药业-B,HK,29.43548441367392,2025-08-01,2.4800000190734863,2026-07-31,3.2100000381469727,Yahoo Finance chart adjclose
502,02349.HK,中国城市基础设施,HK,29.23077222863608,2025-08-01,0.06499999761581421,2026-07-31,0.08399999886751175,Yahoo Finance chart adjclose
503,03422.HK,GX创新蓝筹十强,HK,29.216333676394868,2025-08-01,78.86000061035156,2026-07-30,101.9000015258789,Yahoo Finance chart adjclose
504,01104.HK,亚太资源,HK,29.002923143183136,2025-08-01,1.2325302362442017,2026-07-31,1.590000033378601,Yahoo Finance chart adjclose
505,03988.HK,中国银行,HK,28.897604040907467,2025-08-01,4.2747111320495605,2026-07-31,5.510000228881836,Yahoo Finance chart adjclose
506,02139.HK,甘肃银行,HK,28.878178971092417,2025-08-01,0.1800149530172348,2026-07-31,0.23199999332427979,Yahoo Finance chart adjclose
507,09064.HK,GX亚太-U,HK,28.852682498826198,2025-08-01,7.364999771118164,2026-07-30,9.489999771118164,Yahoo Finance chart adjclose
508,01490.HK,车市科技,HK,28.78787707746082,2025-08-01,0.1979999989271164,2026-07-31,0.2549999952316284,Yahoo Finance chart adjclose
509,03173.HK,PP中新经济,HK,28.76712946990314,2025-08-01,8.029999732971191,2026-07-30,10.34000015258789,Yahoo Finance chart adjclose
510,03064.HK,GX亚太,HK,28.759072267744546,2025-08-01,57.86000061035156,2026-07-30,74.5,Yahoo Finance chart adjclose
511,09173.HK,PP中新经济-U,HK,28.710927381871933,2025-08-01,1.0240000486373901,2026-07-30,1.3179999589920044,Yahoo Finance chart adjclose
512,03708.HK,中国供应链产业,HK,27.999996026357167,2025-08-01,0.15000000596046448,2026-07-31,0.19200000166893005,Yahoo Finance chart adjclose
513,03433.HK,南方美国国债20,HK,27.724277136464014,2025-08-01,50.452430725097656,2026-07-30,64.44000244140625,Yahoo Finance chart adjclose
514,01285.HK,嘉士利集团,HK,27.67296406770543,2025-08-01,0.8615763187408447,2026-07-31,1.100000023841858,Yahoo Finance chart adjclose
515,08320.HK,沛然环保,HK,27.65957598585849,2025-08-01,0.09399999678134918,2026-07-31,0.11999999731779099,Yahoo Finance chart adjclose
516,03005.HK,X南方中五百,HK,27.501309366350625,2025-08-01,19.09000015258789,2026-07-30,24.34000015258789,Yahoo Finance chart adjclose
517,01552.HK,BHCC HOLDING,HK,27.499995715916214,2025-08-01,0.20000000298023224,2026-07-31,0.2549999952316284,Yahoo Finance chart adjclose
518,01378.HK,中国宏桥,HK,27.396834632218447,2025-08-01,19.262645721435547,2026-07-31,24.540000915527344,Yahoo Finance chart adjclose
519,03339.HK,中国龙工,HK,27.354045376606084,2025-08-01,2.4498631954193115,2026-07-31,3.119999885559082,Yahoo Finance chart adjclose
520,01310.HK,香港宽频,HK,27.351268426771803,2025-08-01,4.750639915466309,2026-07-31,6.050000190734863,Yahoo Finance chart adjclose
521,83111.HK,易方达A50-R,HK,27.347306429705686,2025-08-01,2.194000005722046,2026-07-30,2.7939999103546143,Yahoo Finance chart adjclose
522,82839.HK,华夏A50-R,HK,27.331335195774752,2025-08-01,21.440126419067383,2026-07-30,27.299999237060547,Yahoo Finance chart adjclose
523,03866.HK,青岛银行,HK,27.300316607674844,2025-08-01,3.825599193572998,2026-07-31,4.869999885559082,Yahoo Finance chart adjclose
524,01463.HK,C-LINK SQ,HK,27.118648348509367,2025-08-01,0.23600000143051147,2026-07-31,0.30000001192092896,Yahoo Finance chart adjclose
525,02670.HK,云迹,HK,27.053946973871888,2025-10-16,120.5,2026-07-31,153.10000610351562,Yahoo Finance chart adjclose
526,03410.HK,恒生日本东证一百,HK,26.722532092384576,2025-08-01,5.369999885559082,2026-07-30,6.804999828338623,Yahoo Finance chart adjclose
527,07299.HK,南方两倍做多黄金,HK,26.67075735074762,2025-08-01,16.309999465942383,2026-07-30,20.65999984741211,Yahoo Finance chart adjclose
528,02700.HK,格林国际控股,HK,26.530610755402485,2025-08-01,0.49000000953674316,2026-07-31,0.6200000047683716,Yahoo Finance chart adjclose
529,01117.HK,现代牧业,HK,26.49573276577484,2025-08-01,1.1699999570846558,2026-07-31,1.4800000190734863,Yahoo Finance chart adjclose
530,02180.HK,万宝盛华,HK,26.407622647815575,2025-08-01,4.13740873336792,2026-07-31,5.230000019073486,Yahoo Finance chart adjclose
531,03426.HK,A都会WEB3,HK,26.22535819408114,2025-08-01,9.895000457763672,2026-07-30,12.489999771118164,Yahoo Finance chart adjclose
532,02804.HK,PP越南,HK,26.100958560445587,2025-08-01,74.4800033569336,2026-07-30,93.91999816894531,Yahoo Finance chart adjclose
533,01523.HK,珩湾科技,HK,26.053297663182295,2025-08-01,6.616249084472656,2026-07-31,8.34000015258789,Yahoo Finance chart adjclose
534,08370.HK,智升集团控股,HK,25.818183205344457,2025-08-01,5.5,2026-07-31,6.920000076293945,Yahoo Finance chart adjclose
535,01532.HK,中国派对文化,HK,25.714288958076015,2025-08-01,0.10499999672174454,2026-07-31,0.13199999928474426,Yahoo Finance chart adjclose
536,06119.HK,天源集团,HK,25.714287173991334,2025-08-01,0.3499999940395355,2026-07-31,0.4399999976158142,Yahoo Finance chart adjclose
537,03718.HK,北控城市资源,HK,25.511135584087796,2025-08-01,0.3226805329322815,2026-07-31,0.4050000011920929,Yahoo Finance chart adjclose
538,09804.HK,PP越南-U,HK,25.235599992450485,2025-08-01,9.550000190734863,2026-07-30,11.960000038146973,Yahoo Finance chart adjclose
539,01420.HK,川控股,HK,25.000002450848967,2025-08-01,0.15199999511241913,2026-07-31,0.1899999976158142,Yahoo Finance chart adjclose
540,01536.HK,煜荣集团,HK,25.000001724671385,2025-08-01,0.1080000028014183,2026-07-31,0.13500000536441803,Yahoo Finance chart adjclose
541,02502.HK,金源氢化,HK,25.0,2025-08-01,0.5199999809265137,2026-07-31,0.6499999761581421,Yahoo Finance chart adjclose
542,01732.HK,象兴国际,HK,24.999997782565273,2025-08-01,0.1679999977350235,2026-07-31,0.20999999344348907,Yahoo Finance chart adjclose
543,01259.HK,未来发展控股,HK,24.99999611948931,2025-08-01,0.024000000208616257,2026-07-31,0.029999999329447746,Yahoo Finance chart adjclose
544,01860.HK,汇量科技,HK,24.86001385764558,2025-08-01,8.930000305175781,2026-07-31,11.149999618530273,Yahoo Finance chart adjclose
545,07261.HK,华夏两倍做多纳斯达克100,HK,24.7969685650965,2025-08-01,36.939998626708984,2026-07-30,46.099998474121094,Yahoo Finance chart adjclose
546,07266.HK,南方两倍做多纳斯达克100,HK,24.714279174804688,2025-08-01,28.0,2026-07-30,34.91999816894531,Yahoo Finance chart adjclose
547,01977.HK,安乐工程,HK,24.65652941702343,2025-08-01,0.7540720105171204,2026-07-31,0.9399999976158142,Yahoo Finance chart adjclose
548,02457.HK,步阳国际,HK,24.528313557335846,2025-08-01,0.26499998569488525,2026-07-31,0.33000001311302185,Yahoo Finance chart adjclose
549,06979.HK,珍酒李渡,HK,24.50205289863925,2025-08-01,6.401500701904297,2026-07-31,7.96999979019165,Yahoo Finance chart adjclose
550,01355.HK,朸浚国际,HK,24.390238140538667,2025-08-01,0.12300000339746475,2026-07-31,0.15299999713897705,Yahoo Finance chart adjclose
551,03466.HK,恒生高息股,HK,24.287917201603104,2025-08-01,16.60660171508789,2026-07-30,20.639999389648438,Yahoo Finance chart adjclose
552,02576.HK,太美医疗科技,HK,24.263043280812767,2025-08-01,4.409999847412109,2026-07-31,5.480000019073486,Yahoo Finance chart adjclose
553,01579.HK,颐海国际,HK,24.242735959449526,2025-08-01,12.515822410583496,2026-07-31,15.550000190734863,Yahoo Finance chart adjclose
554,01501.HK,瑛泰医疗,HK,24.229062178629324,2025-08-01,26.837520599365234,2026-07-31,33.34000015258789,Yahoo Finance chart adjclose
555,03012.HK,东汇香港35,HK,24.196061465334594,2025-08-01,17.665616989135742,2026-07-30,21.940000534057617,Yahoo Finance chart adjclose
556,01091.HK,南方锰业,HK,24.193544355565155,2025-08-01,0.3100000023841858,2026-07-31,0.38499999046325684,Yahoo Finance chart adjclose
557,01975.HK,新兴印刷,HK,23.893398797267484,2025-08-01,0.33496537804603577,2026-07-31,0.41499999165534973,Yahoo Finance chart adjclose
558,09888.HK,百度集团-SW,HK,23.85965090746072,2025-08-01,85.5,2026-07-31,105.9000015258789,Yahoo Finance chart adjclose
559,06663.HK,国际永胜集团,HK,23.78345833012161,2025-08-01,0.23024077713489532,2026-07-31,0.2849999964237213,Yahoo Finance chart adjclose
560,01334.HK,瑞昌国际控股,HK,23.623219597798073,2025-08-01,0.9302459359169006,2026-07-31,1.149999976158142,Yahoo Finance chart adjclose
561,02269.HK,药明生物,HK,23.572571633412576,2025-08-01,31.350000381469727,2026-07-31,38.7400016784668,Yahoo Finance chart adjclose
562,01986.HK,彩客新能源,HK,23.318681087414728,2025-08-01,0.7703617811203003,2026-07-31,0.949999988079071,Yahoo Finance chart adjclose
563,03306.HK,江南布衣,HK,23.31141104639891,2025-08-01,16.80298614501953,2026-07-31,20.719999313354492,Yahoo Finance chart adjclose
564,03145.HK,华夏亚洲高息股,HK,23.125134237144152,2025-08-01,11.930951118469238,2026-07-30,14.6899995803833,Yahoo Finance chart adjclose
565,01163.HK,虎视传媒,HK,23.021586744269907,2025-08-01,0.13899999856948853,2026-07-31,0.17100000381469727,Yahoo Finance chart adjclose
566,01223.HK,新沣集团,HK,23.010135365063,2025-08-01,1.0649528503417969,2026-07-31,1.309999942779541,Yahoo Finance chart adjclose
567,80883.HK,中国海洋石油-R,HK,22.876588823994194,2025-08-04,16.63457679748535,2026-07-31,20.440000534057617,Yahoo Finance chart adjclose
568,02571.HK,赛目科技,HK,22.861591077345732,2025-08-01,12.859999656677246,2026-07-31,15.800000190734863,Yahoo Finance chart adjclose
569,02378.HK,保诚,HK,22.740107942425958,2025-08-01,96.6269302368164,2026-07-31,118.5999984741211,Yahoo Finance chart adjclose
570,01972.HK,太古地产,HK,22.709896098200954,2025-08-01,19.476831436157227,2026-07-31,23.899999618530273,Yahoo Finance chart adjclose
571,01072.HK,东方电气,HK,22.34014545479781,2025-08-01,17.590301513671875,2026-07-31,21.520000457763672,Yahoo Finance chart adjclose
572,03038.HK,恒生A股低碳,HK,22.290214270328825,2025-08-01,28.097097396850586,2026-07-30,34.36000061035156,Yahoo Finance chart adjclose
573,02840.HK,SPDR金,HK,22.24558452481076,2025-08-01,2378.0,2026-07-30,2907.0,Yahoo Finance chart adjclose
574,09846.HK,安硕沪深三百-U,HK,22.162550759071785,2025-08-01,3.740917444229126,2026-07-30,4.570000171661377,Yahoo Finance chart adjclose
575,03470.HK,GX大中华,HK,22.15532913877414,2025-08-01,66.44000244140625,2026-07-30,81.16000366210938,Yahoo Finance chart adjclose
576,09840.HK,SPDR金-U,HK,22.094162953209118,2025-08-01,303.70001220703125,2026-07-30,370.79998779296875,Yahoo Finance chart adjclose
577,03133.HK,南方沪深三百,HK,22.01058164749108,2025-08-01,9.449999809265137,2026-07-30,11.529999732971191,Yahoo Finance chart adjclose
578,02232.HK,晶苑国际,HK,21.9174005729861,2025-08-01,5.3150739669799805,2026-07-31,6.480000019073486,Yahoo Finance chart adjclose
579,07233.HK,南方两倍做多沪深300,HK,21.88976701185421,2025-08-01,3.809999942779541,2026-07-30,4.644000053405762,Yahoo Finance chart adjclose
580,02631.HK,天岳先进,HK,21.87088029037938,2025-08-20,45.540000915527344,2026-07-31,55.5,Yahoo Finance chart adjclose
581,02827.HK,标智沪深300,HK,21.793536176575536,2025-08-01,38.36000061035156,2026-07-30,46.720001220703125,Yahoo Finance chart adjclose
582,03899.HK,中集安瑞科,HK,21.763602601449627,2025-08-01,6.389430046081543,2026-07-31,7.78000020980835,Yahoo Finance chart adjclose
583,01235.HK,专业旅运,HK,21.646333261017283,2025-08-01,0.15619048476219177,2026-07-31,0.1899999976158142,Yahoo Finance chart adjclose
584,83010.HK,安硕亚洲除日-R,HK,21.608242953040225,2025-08-01,57.578330993652344,2026-07-30,70.0199966430664,Yahoo Finance chart adjclose
585,03150.HK,GX日本全球领导,HK,21.59155561411672,2025-08-01,70.12000274658203,2026-07-30,85.26000213623047,Yahoo Finance chart adjclose
586,03860.HK,EPS创健科技,HK,21.575748218978053,2025-08-01,0.4852941334247589,2026-07-31,0.5899999737739563,Yahoo Finance chart adjclose
587,08220.HK,比高集团,HK,21.51299865978322,2025-08-01,4.230000019073486,2026-07-31,5.139999866485596,Yahoo Finance chart adjclose
588,08529.HK,优博控股,HK,21.4858256883365,2025-08-01,0.1662745475769043,2026-07-31,0.20200000703334808,Yahoo Finance chart adjclose
589,08331.HK,倍搏集团,HK,21.463414705062036,2025-08-01,0.20499999821186066,2026-07-31,0.24899999797344208,Yahoo Finance chart adjclose
590,02319.HK,蒙牛乳业,HK,21.38114954885275,2025-08-01,15.570786476135254,2026-07-31,18.899999618530273,Yahoo Finance chart adjclose
591,06968.HK,港龙中国地产,HK,21.111103384583394,2025-08-01,0.09000000357627869,2026-07-31,0.10899999737739563,Yahoo Finance chart adjclose
592,06899.HK,联众,HK,21.052635293918343,2025-08-01,0.1899999976158142,2026-07-31,0.23000000417232513,Yahoo Finance chart adjclose
593,03190.HK,富邦沪深港高股息,HK,21.008529732167624,2025-08-01,14.395679473876953,2026-07-30,17.420000076293945,Yahoo Finance chart adjclose
594,03413.HK,A都会人工智能,HK,20.96412409825925,2025-08-01,8.920000076293945,2026-07-30,10.789999961853027,Yahoo Finance chart adjclose
595,01577.HK,汇鑫小贷,HK,20.907993878381646,2025-08-01,0.8518874049186707,2026-07-31,1.0299999713897705,Yahoo Finance chart adjclose
596,08051.HK,讯智海,HK,20.833332505491086,2025-08-01,2.4000000953674316,2026-07-31,2.9000000953674316,Yahoo Finance chart adjclose
597,08627.HK,旅橙文化,HK,20.754724142601578,2025-08-01,0.05299999937415123,2026-07-31,0.06400000303983688,Yahoo Finance chart adjclose
598,03431.HK,南方港韩科技,HK,20.592197108441447,2025-10-20,7.429999828338623,2026-07-30,8.960000038146973,Yahoo Finance chart adjclose
599,03070.HK,平安香港高息,HK,20.588332025361456,2025-08-01,35.260459899902344,2026-07-30,42.52000045776367,Yahoo Finance chart adjclose
600,01109.HK,华润置地,HK,20.485067250394962,2025-08-01,27.555282592773438,2026-07-31,33.20000076293945,Yahoo Finance chart adjclose
601,03188.HK,华夏沪深三百,HK,20.47556897110674,2025-08-01,45.41999816894531,2026-07-30,54.720001220703125,Yahoo Finance chart adjclose
602,09070.HK,平安香港高息-U,HK,20.190277394643807,2025-08-01,4.501195907592773,2026-07-30,5.409999847412109,Yahoo Finance chart adjclose
603,02228.HK,晶泰控股,HK,20.000006692451567,2025-08-01,5.699999809265137,2026-07-31,6.840000152587891,Yahoo Finance chart adjclose
604,01038.HK,长江基建集团,HK,19.971192667713655,2025-08-01,52.17919158935547,2026-07-31,62.599998474121094,Yahoo Finance chart adjclose
605,03998.HK,波司登,HK,19.941633419110705,2025-08-01,4.1186699867248535,2026-07-31,4.940000057220459,Yahoo Finance chart adjclose
606,01009.HK,国际娱乐,HK,19.834710906644748,2025-08-01,1.2100000381469727,2026-07-31,1.4500000476837158,Yahoo Finance chart adjclose
607,01854.HK,中国万天控股,HK,19.811325422934335,2025-08-01,1.059999942779541,2026-07-31,1.2699999809265137,Yahoo Finance chart adjclose
608,03165.HK,华夏欧优股对冲,HK,19.804526089454132,2025-08-01,16.81071662902832,2026-07-30,20.139999389648438,Yahoo Finance chart adjclose
609,08451.HK,日光控股,HK,19.67212804396674,2025-08-01,0.061000000685453415,2026-07-31,0.0729999989271164,Yahoo Finance chart adjclose
610,01919.HK,中远海控,HK,19.615994328816512,2025-08-01,13.183856010437012,2026-07-31,15.770000457763672,Yahoo Finance chart adjclose
611,08023.HK,邝文记,HK,19.606030303462376,2025-08-01,0.2800862193107605,2026-07-31,0.33500000834465027,Yahoo Finance chart adjclose
612,08422.HK,WT集团,HK,19.565216511037264,2025-08-01,0.09200000017881393,2026-07-31,0.10999999940395355,Yahoo Finance chart adjclose
613,01991.HK,大洋集团,HK,19.444441684970258,2025-08-01,0.7200000286102295,2026-07-31,0.8600000143051147,Yahoo Finance chart adjclose
614,06990.HK,科伦博泰生物-B,HK,19.397821623405576,2025-08-01,405.20001220703125,2026-07-31,483.79998779296875,Yahoo Finance chart adjclose
615,01957.HK,大人国际,HK,19.369361387252447,2025-08-01,0.22200000286102295,2026-07-31,0.26499998569488525,Yahoo Finance chart adjclose
616,08420.HK,NEXION TECH,HK,19.354842198502944,2025-08-01,0.03099999949336052,2026-07-31,0.03700000047683716,Yahoo Finance chart adjclose
617,01815.HK,珠峰黄金,HK,19.33333079020183,2025-08-01,1.5,2026-07-31,1.7899999618530273,Yahoo Finance chart adjclose
618,83005.HK,X南方中五百-R,HK,19.31817923202994,2025-08-01,17.600000381469727,2026-07-30,21.0,Yahoo Finance chart adjclose
619,08095.HK,北大青鸟环宇,HK,19.298248365865444,2025-08-01,0.5699999928474426,2026-07-31,0.6800000071525574,Yahoo Finance chart adjclose
620,01164.HK,中广核矿业,HK,19.225718848245332,2025-08-01,2.0297634601593018,2026-07-31,2.4200000762939453,Yahoo Finance chart adjclose
621,01655.HK,OKURA HOLDINGS,HK,19.178080514037,2025-08-01,0.1459999978542328,2026-07-31,0.17399999499320984,Yahoo Finance chart adjclose
622,06655.HK,华新建材,HK,19.140581872806916,2025-08-01,12.455873489379883,2026-07-31,14.84000015258789,Yahoo Finance chart adjclose
623,08512.HK,凯富善集团控股,HK,19.04761994867188,2025-08-01,0.3149999976158142,2026-07-31,0.375,Yahoo Finance chart adjclose
624,01963.HK,重庆银行,HK,18.99563501138477,2025-08-01,7.193541526794434,2026-07-31,8.5600004196167,Yahoo Finance chart adjclose
625,09455.HK,景顺QQQ-U,HK,18.973160606247184,2025-08-01,558.1090698242188,2026-07-30,664.0,Yahoo Finance chart adjclose
626,03007.HK,TRMSCI中国,HK,18.95825309953276,2025-08-01,261.1000061035156,2026-07-30,310.6000061035156,Yahoo Finance chart adjclose
627,09858.HK,优然牧业,HK,18.941506490663727,2025-08-01,3.5899999141693115,2026-07-31,4.269999980926514,Yahoo Finance chart adjclose
628,03455.HK,景顺QQQ,HK,18.915517455792386,2025-08-01,4377.89794921875,2026-07-30,5206.0,Yahoo Finance chart adjclose
629,03004.HK,南方东英越南30,HK,18.84517303439921,2025-08-01,7.880000114440918,2026-07-30,9.364999771118164,Yahoo Finance chart adjclose
630,02162.HK,康诺亚-B,HK,18.765230512149287,2025-08-01,61.54999923706055,2026-07-31,73.0999984741211,Yahoo Finance chart adjclose
631,08299.HK,大唐黄金,HK,18.75000116415324,2025-08-01,0.23999999463558197,2026-07-31,0.2849999964237213,Yahoo Finance chart adjclose
632,08049.HK,吉林长龙药业,HK,18.748524522733522,2025-08-01,1.9284449815750122,2026-07-31,2.2899999618530273,Yahoo Finance chart adjclose
633,09834.HK,安硕纳指一百-U,HK,18.73445617610423,2025-08-01,56.2599983215332,2026-07-30,66.80000305175781,Yahoo Finance chart adjclose
634,03041.HK,GX中国政银债券,HK,18.591264139394493,2025-12-15,51.690147399902344,2026-07-30,61.29999923706055,Yahoo Finance chart adjclose
635,02834.HK,安硕纳指一百,HK,18.577261361903986,2025-08-01,441.3999938964844,2026-07-30,523.4000244140625,Yahoo Finance chart adjclose
636,08227.HK,海天天线,HK,18.57143130837664,2025-08-01,0.20999999344348907,2026-07-31,0.24899999797344208,Yahoo Finance chart adjclose
637,09086.HK,华夏纳指-U,HK,18.527273976317925,2025-08-01,5.990182399749756,2026-07-30,7.099999904632568,Yahoo Finance chart adjclose
638,03086.HK,华夏纳指,HK,18.452964998851694,2025-08-01,47.022884368896484,2026-07-30,55.70000076293945,Yahoo Finance chart adjclose
639,02499.HK,佛朗斯股份,HK,18.383845642700415,2025-08-01,4.949999809265137,2026-07-31,5.860000133514404,Yahoo Finance chart adjclose
640,02676.HK,纳芯微,HK,18.37837287971564,2025-12-08,111.0,2026-07-31,131.39999389648438,Yahoo Finance chart adjclose
641,08436.HK,德宝集团控股,HK,18.257261564723358,2025-08-01,0.2409999966621399,2026-07-31,0.2849999964237213,Yahoo Finance chart adjclose
642,08219.HK,恒伟集团控股,HK,18.22916464556734,2025-08-01,0.19200000166893005,2026-07-31,0.22699999809265137,Yahoo Finance chart adjclose
643,02236.HK,惠生工程,HK,18.181824515251677,2025-08-01,0.38499999046325684,2026-07-31,0.45500001311302185,Yahoo Finance chart adjclose
644,03193.HK,南方中证5G,HK,18.103443765727967,2026-01-20,12.760000228881836,2026-07-30,15.069999694824219,Yahoo Finance chart adjclose
645,03116.HK,GX亚太高股息率,HK,18.073180439298554,2025-08-01,87.06465148925781,2026-07-30,102.80000305175781,Yahoo Finance chart adjclose
646,02660.HK,禅游科技,HK,17.984459162030596,2025-08-01,2.0511176586151123,2026-07-31,2.4200000762939453,Yahoo Finance chart adjclose
647,01205.HK,中信资源,HK,17.948724414705296,2025-08-01,0.38999998569488525,2026-07-31,0.46000000834465027,Yahoo Finance chart adjclose
648,02843.HK,东汇A50,HK,17.93138733095865,2025-08-01,14.762821197509766,2026-07-30,17.40999984741211,Yahoo Finance chart adjclose
649,09845.HK,GX中国电车-U,HK,17.920141777804698,2025-08-01,10.770000457763672,2026-07-30,12.699999809265137,Yahoo Finance chart adjclose
650,02788.HK,创新实业,HK,17.835507722480614,2025-11-24,14.163812637329102,2026-07-31,16.690000534057617,Yahoo Finance chart adjclose
651,03128.HK,恒生A股龙头,HK,17.546924635180126,2025-08-01,57.406864166259766,2026-07-30,67.4800033569336,Yahoo Finance chart adjclose
652,02823.HK,安硕A50,HK,17.51547781803726,2025-08-01,14.202384948730469,2026-07-30,16.690000534057617,Yahoo Finance chart adjclose
653,02187.HK,智欣集团控股,HK,17.391306882995238,2025-08-01,0.46000000834465027,2026-07-31,0.5400000214576721,Yahoo Finance chart adjclose
654,03108.HK,嘉实ESG领,HK,17.312078633165264,2025-08-01,8.779999732971191,2026-07-30,10.300000190734863,Yahoo Finance chart adjclose
655,08162.HK,港银控股,HK,17.307699361496674,2025-08-01,0.5199999809265137,2026-07-31,0.6100000143051147,Yahoo Finance chart adjclose
656,03020.HK,XTR美国,HK,17.208672086720878,2025-08-01,1476.0,2026-07-30,1730.0,Yahoo Finance chart adjclose
657,01767.HK,TS WONDERS,HK,17.18034703327107,2025-08-01,0.27308332920074463,2026-07-31,0.3199999928474426,Yahoo Finance chart adjclose
658,03087.HK,XTR越南,HK,17.15817186737536,2025-08-01,261.1000061035156,2026-07-30,305.8999938964844,Yahoo Finance chart adjclose
659,01883.HK,中信国际电讯,HK,17.147993095399006,2025-08-01,2.3730666637420654,2026-07-31,2.7799999713897705,Yahoo Finance chart adjclose
660,02680.HK,创陞控股,HK,17.021281344688965,2025-08-01,4.699999809265137,2026-07-31,5.5,Yahoo Finance chart adjclose
661,02318.HK,中国平安,HK,16.826873466693183,2025-08-01,50.202491760253906,2026-07-31,58.650001525878906,Yahoo Finance chart adjclose
662,02822.HK,南方A50,HK,16.820719808434383,2025-08-01,13.216833114624023,2026-07-30,15.4399995803833,Yahoo Finance chart adjclose
663,03689.HK,康华医疗,HK,16.742428889744044,2025-08-01,1.7217390537261963,2026-07-31,2.009999990463257,Yahoo Finance chart adjclose
664,06198.HK,青岛港,HK,16.73515802098857,2025-08-01,6.090710163116455,2026-07-31,7.110000133514404,Yahoo Finance chart adjclose
665,09195.HK,恒生标普五百-U,HK,16.692914612731258,2025-08-01,1.2699999809265137,2026-07-30,1.4819999933242798,Yahoo Finance chart adjclose
666,01330.HK,绿色动力环保,HK,16.672284969088345,2025-08-01,4.7740559577941895,2026-07-31,5.570000171661377,Yahoo Finance chart adjclose
667,01432.HK,中国圣牧,HK,16.666660043928626,2025-08-01,0.30000001192092896,2026-07-31,0.3499999940395355,Yahoo Finance chart adjclose
668,03195.HK,恒生标普五百,HK,16.641535821331765,2025-08-01,9.944999694824219,2026-07-30,11.600000381469727,Yahoo Finance chart adjclose
669,02321.HK,双财庄,HK,16.621643217645232,2025-08-01,0.4458863437175751,2026-07-31,0.5199999809265137,Yahoo Finance chart adjclose
670,02420.HK,子不语,HK,16.578948853292165,2025-08-01,3.4225733280181885,2026-07-31,3.990000009536743,Yahoo Finance chart adjclose
671,01898.HK,中煤能源,HK,16.48877023364037,2025-08-01,9.194019317626953,2026-07-31,10.710000038146973,Yahoo Finance chart adjclose
672,83012.HK,东汇香港35-R,HK,16.438406278709493,2025-08-01,16.214580535888672,2026-07-30,18.8799991607666,Yahoo Finance chart adjclose
673,02017.HK,沧海控股,HK,16.363631240592635,2025-08-01,0.2750000059604645,2026-07-31,0.3199999928474426,Yahoo Finance chart adjclose
674,02265.HK,鸿承环保科技,HK,16.346161781683776,2025-08-01,1.0399999618530273,2026-07-31,1.2100000381469727,Yahoo Finance chart adjclose
675,01118.HK,高力集团,HK,16.33537851615843,2025-08-01,0.9799254536628723,2026-07-31,1.1399999856948853,Yahoo Finance chart adjclose
676,02778.HK,冠君产业信托,HK,16.256800373440615,2025-08-01,2.004183769226074,2026-07-31,2.3299999237060547,Yahoo Finance chart adjclose
677,03110.HK,GX恒生高股息率,HK,16.094267102841165,2025-08-01,27.598262786865234,2026-07-30,32.040000915527344,Yahoo Finance chart adjclose
678,02630.HK,旺山旺水-B,HK,16.036587226681597,2025-11-06,82.0,2026-07-31,95.1500015258789,Yahoo Finance chart adjclose
679,01298.HK,云能国际,HK,15.78947764684624,2025-08-01,0.949999988079071,2026-07-31,1.100000023841858,Yahoo Finance chart adjclose
680,01046.HK,寰宇娱乐文化,HK,15.789474509759627,2025-08-01,0.3799999952316284,2026-07-31,0.4399999976158142,Yahoo Finance chart adjclose
681,08060.HK,国联通信,HK,15.7303351974295,2025-08-01,0.08900000154972076,2026-07-31,0.10300000011920929,Yahoo Finance chart adjclose
682,01715.HK,智慧健康科技,HK,15.714288025486267,2025-08-01,0.3499999940395355,2026-07-31,0.4050000011920929,Yahoo Finance chart adjclose
683,89888.HK,百度集团-SWR,HK,15.678780790613423,2025-08-11,78.44999694824219,2026-07-31,90.75,Yahoo Finance chart adjclose
684,03112.HK,A潘渡区块链,HK,15.673078598355472,2025-08-01,20.799999237060547,2026-07-30,24.059999465942383,Yahoo Finance chart adjclose
685,01180.HK,汇彩控股,HK,15.65208094204118,2025-08-01,0.8646623492240906,2026-07-31,1.0,Yahoo Finance chart adjclose
686,01097.HK,有线宽频,HK,15.51724758074502,2025-08-01,0.057999998331069946,2026-07-31,0.06700000166893005,Yahoo Finance chart adjclose
687,03118.HK,嘉实明晟A股,HK,15.46325965036166,2025-08-01,15.649999618530273,2026-07-30,18.06999969482422,Yahoo Finance chart adjclose
688,83168.HK,恒生人币金ETF,HK,15.40084177650285,2025-08-01,47.400001525878906,2026-07-30,54.70000076293945,Yahoo Finance chart adjclose
689,01997.HK,九龙仓置业,HK,15.352641694133018,2025-08-01,23.04238510131836,2026-07-31,26.579999923706055,Yahoo Finance chart adjclose
690,03908.HK,中金公司,HK,15.110575412554361,2025-08-01,18.76456642150879,2026-07-31,21.600000381469727,Yahoo Finance chart adjclose
691,02263.HK,富石金融,HK,15.094348534692825,2025-08-01,0.26499998569488525,2026-07-31,0.3050000071525574,Yahoo Finance chart adjclose
692,08113.HK,时腾科技,HK,15.000000372529021,2025-08-01,0.4000000059604645,2026-07-31,0.46000000834465027,Yahoo Finance chart adjclose
693,83038.HK,恒生A股低碳-R,HK,14.932337188855138,2025-08-01,25.806488037109375,2026-07-30,29.65999984741211,Yahoo Finance chart adjclose
694,01945.HK,清科控股,HK,14.925367424816983,2025-08-01,1.340000033378601,2026-07-31,1.5399999618530273,Yahoo Finance chart adjclose
695,02057.HK,中通快递-W,HK,14.924042198340604,2025-08-01,162.54214477539062,2026-07-31,186.8000030517578,Yahoo Finance chart adjclose
696,08316.HK,中国红包,HK,14.893623935577516,2025-08-01,0.18799999356269836,2026-07-31,0.2160000056028366,Yahoo Finance chart adjclose
697,08149.HK,浩德控股,HK,14.887787701368582,2025-08-01,0.10444974154233932,2026-07-31,0.11999999731779099,Yahoo Finance chart adjclose
698,02986.HK,飞天云动(旧),HK,14.58333837799739,2026-07-10,0.47999998927116394,2026-07-31,0.550000011920929,Yahoo Finance chart adjclose
699,03050.HK,GX中国全球领导,HK,14.567399904686296,2025-08-01,49.70000076293945,2026-07-30,56.939998626708984,Yahoo Finance chart adjclose
700,02803.HK,PP中国基石,HK,14.525142105467847,2025-08-01,8.949999809265137,2026-07-30,10.25,Yahoo Finance chart adjclose
701,03788.HK,中国罕王,HK,14.410477257782329,2025-08-01,2.2899999618530273,2026-07-31,2.619999885559082,Yahoo Finance chart adjclose
702,02530.HK,纽曼思,HK,14.389149561144787,2025-08-01,0.62943035364151,2026-07-31,0.7200000286102295,Yahoo Finance chart adjclose
703,08050.HK,城市酷选(新),HK,14.2857240170853,2025-08-01,1.0499999523162842,2026-07-31,1.2000000476837158,Yahoo Finance chart adjclose
704,01862.HK,景瑞控股,HK,14.285716186372532,2025-08-01,0.014000000432133675,2026-07-31,0.01600000075995922,Yahoo Finance chart adjclose
705,01209.HK,华润万象生活,HK,14.276984411167849,2025-08-01,34.93266677856445,2026-07-31,39.91999816894531,Yahoo Finance chart adjclose
706,02588.HK,中银航空租赁,HK,14.176505530119154,2025-08-01,67.78977966308594,2026-07-31,77.4000015258789,Yahoo Finance chart adjclose
707,03328.HK,交通银行,HK,14.154238882171178,2025-08-01,6.622618675231934,2026-07-31,7.559999942779541,Yahoo Finance chart adjclose
708,03024.HK,标智上证50,HK,14.097884326755716,2025-08-01,27.3799991607666,2026-07-30,31.239999771118164,Yahoo Finance chart adjclose
709,09803.HK,PP中国基石-U,HK,14.035084967467881,2025-08-01,1.1399999856948853,2026-07-30,1.2999999523162842,Yahoo Finance chart adjclose
710,02510.HK,德翔海运,HK,14.031690879547721,2025-08-01,7.796078681945801,2026-07-31,8.890000343322754,Yahoo Finance chart adjclose
711,03134.HK,南方太阳能,HK,13.978495250156552,2025-08-01,4.0920000076293945,2026-07-30,4.664000034332275,Yahoo Finance chart adjclose
712,02691.HK,南华期货股份,HK,13.952035452270263,2025-12-22,6.221916198730469,2026-07-31,7.090000152587891,Yahoo Finance chart adjclose
713,03448.HK,GX中国科技,HK,13.86036939271822,2025-08-01,97.4000015258789,2026-07-30,110.9000015258789,Yahoo Finance chart adjclose
714,01299.HK,友邦保险,HK,13.77203284841142,2025-08-01,69.6568374633789,2026-07-31,79.25,Yahoo Finance chart adjclose
715,03618.HK,重庆农村商业银行,HK,13.701129042642357,2025-08-01,5.769511699676514,2026-07-31,6.559999942779541,Yahoo Finance chart adjclose
716,01036.HK,万科海外,HK,13.349376716381212,2025-08-01,1.4468539953231812,2026-07-31,1.6399999856948853,Yahoo Finance chart adjclose
717,01215.HK,开源控股,HK,13.333342025677553,2025-08-01,0.014999999664723873,2026-07-31,0.017000000923871994,Yahoo Finance chart adjclose
718,01044.HK,恒安国际,HK,13.332926495382647,2025-08-01,21.847137451171875,2026-07-31,24.760000228881836,Yahoo Finance chart adjclose
719,03483.HK,易方达高股息,HK,13.250782337738665,2025-12-08,16.149999618530273,2026-07-30,18.290000915527344,Yahoo Finance chart adjclose
720,03680.HK,瑞和数智,HK,13.106795554673889,2025-08-01,2.059999942779541,2026-07-31,2.3299999237060547,Yahoo Finance chart adjclose
721,01899.HK,兴达国际,HK,13.076037457016131,2025-08-01,1.034701943397522,2026-07-31,1.1699999570846558,Yahoo Finance chart adjclose
722,83188.HK,华夏沪深三百-R,HK,12.895486807292333,2025-08-01,41.720001220703125,2026-07-30,47.099998474121094,Yahoo Finance chart adjclose
723,02483.HK,K CASH集团,HK,12.791147496603639,2025-08-01,1.5870039463043213,2026-07-31,1.7899999618530273,Yahoo Finance chart adjclose
724,09990.HK,祖龙娱乐,HK,12.716764519346778,2025-08-01,1.7300000190734863,2026-07-31,1.9500000476837158,Yahoo Finance chart adjclose
725,08169.HK,环康集团,HK,12.499989813659829,2025-08-01,0.03200000151991844,2026-07-31,0.035999998450279236,Yahoo Finance chart adjclose
726,01335.HK,顺泰控股,HK,12.173905099948247,2025-08-01,0.11500000208616257,2026-07-31,0.1289999932050705,Yahoo Finance chart adjclose
727,08432.HK,太平洋酒吧,HK,12.121214173713678,2025-08-01,0.032999999821186066,2026-07-31,0.03700000047683716,Yahoo Finance chart adjclose
728,08079.HK,仍志集团控股,HK,12.068964631322142,2025-08-01,0.5799999833106995,2026-07-31,0.6499999761581421,Yahoo Finance chart adjclose
729,02810.HK,PP新兴东盟,HK,12.014458863181133,2025-08-01,66.41999816894531,2026-07-30,74.4000015258789,Yahoo Finance chart adjclose
730,02218.HK,安德利果汁,HK,11.969061574016425,2025-08-01,17.75490379333496,2026-07-31,19.8799991607666,Yahoo Finance chart adjclose
731,03369.HK,秦港股份,HK,11.947200012175308,2025-08-01,2.0992038249969482,2026-07-31,2.3499999046325684,Yahoo Finance chart adjclose
732,09483.HK,易方达高股息-U,HK,11.911618851832472,2025-12-08,2.0820000171661377,2026-07-30,2.3299999237060547,Yahoo Finance chart adjclose
733,09810.HK,PP新兴东盟-U,HK,11.74734184404127,2025-08-01,8.470000267028809,2026-07-30,9.46500015258789,Yahoo Finance chart adjclose
734,02520.HK,山西安装,HK,11.744067428131855,2025-08-01,2.0672237873077393,2026-07-31,2.309999942779541,Yahoo Finance chart adjclose
735,06823.HK,香港电讯-SS,HK,11.742194306535026,2025-08-01,11.875550270080566,2026-07-31,13.270000457763672,Yahoo Finance chart adjclose
736,01225.HK,隆成金融,HK,11.62790262486375,2025-08-01,0.2150000035762787,2026-07-31,0.23999999463558197,Yahoo Finance chart adjclose
737,02189.HK,嘉涛(香港)控股,HK,11.5512380042611,2025-08-01,0.43477779626846313,2026-07-31,0.48500001430511475,Yahoo Finance chart adjclose
738,01553.HK,迈科管业,HK,11.510789084030982,2025-08-01,1.3899999856948853,2026-07-31,1.5499999523162842,Yahoo Finance chart adjclose
739,02101.HK,福禄控股,HK,11.432157260650966,2025-08-01,1.3102142810821533,2026-07-31,1.4600000381469727,Yahoo Finance chart adjclose
740,02638.HK,港灯-SS,HK,11.431938361555272,2025-08-01,5.797260761260986,2026-07-31,6.460000038146973,Yahoo Finance chart adjclose
741,83455.HK,景顺QQQ-R,HK,11.35498494543321,2025-08-01,4028.557861328125,2026-07-30,4486.0,Yahoo Finance chart adjclose
742,03415.HK,AGX标普兑,HK,11.35171177556995,2025-09-15,70.0483169555664,2026-07-30,78.0,Yahoo Finance chart adjclose
743,02613.HK,汇舸环保,HK,11.186438091730677,2025-08-01,29.5,2026-07-31,32.79999923706055,Yahoo Finance chart adjclose
744,01790.HK,达力环保,HK,11.11111405455043,2025-08-01,0.44999998807907104,2026-07-31,0.5,Yahoo Finance chart adjclose
745,01913.HK,普拉达,HK,11.044167878339284,2025-08-01,38.95746994018555,2026-07-31,43.2599983215332,Yahoo Finance chart adjclose
746,03798.HK,家乡互动,HK,11.016949238156638,2025-08-01,1.1799999475479126,2026-07-31,1.309999942779541,Yahoo Finance chart adjclose
747,02031.HK,澳至尊,HK,10.982344077179128,2025-08-01,0.373933345079422,2026-07-31,0.41499999165534973,Yahoo Finance chart adjclose
748,02768.HK,佳源国际控股,HK,10.982316599233876,2026-02-04,26.851123809814453,2026-07-31,29.799999237060547,Yahoo Finance chart adjclose
749,09908.HK,嘉兴燃气,HK,10.962389228632063,2025-08-01,7.570132255554199,2026-07-31,8.399999618530273,Yahoo Finance chart adjclose
750,06821.HK,凯莱英,HK,10.954776177819525,2025-08-01,100.31114196777344,2026-07-31,111.30000305175781,Yahoo Finance chart adjclose
751,01451.HK,万成集团股份,HK,10.774410910520228,2025-08-01,0.8846808671951294,2026-07-31,0.9800000190734863,Yahoo Finance chart adjclose
752,01508.HK,中国再保险,HK,10.724738579276384,2025-08-01,1.237302541732788,2026-07-31,1.3700000047683716,Yahoo Finance chart adjclose
753,09415.HK,AGX标普兑-U,HK,10.716316588910878,2025-09-15,8.995964050292969,2026-07-30,9.960000038146973,Yahoo Finance chart adjclose
754,08277.HK,骏东控股,HK,10.714289832378787,2025-08-01,0.08399999886751175,2026-07-31,0.09300000220537186,Yahoo Finance chart adjclose
755,02886.HK,滨海投资,HK,10.629081072031642,2025-08-01,0.9762352108955383,2026-07-31,1.0800000429153442,Yahoo Finance chart adjclose
756,08489.HK,裕程物流,HK,10.559009200495307,2025-08-01,0.16099999845027924,2026-07-31,0.17800000309944153,Yahoo Finance chart adjclose
757,83108.HK,嘉实ESG领-R,HK,10.487358784417577,2025-08-01,8.104999542236328,2026-07-31,8.954999923706055,Yahoo Finance chart adjclose
758,06613.HK,蓝思科技,HK,10.479786932428725,2025-08-01,18.68214988708496,2026-07-31,20.639999389648438,Yahoo Finance chart adjclose
759,01982.HK,南旋控股,HK,10.377361633151772,2025-08-01,0.7157264947891235,2026-07-31,0.7900000214576721,Yahoo Finance chart adjclose
760,82846.HK,安硕沪深三百-R,HK,10.298951416275393,2025-08-18,28.359291076660156,2026-07-31,31.280000686645508,Yahoo Finance chart adjclose
761,01897.HK,美亨实业,HK,10.099705550892724,2025-08-01,0.43596845865249634,2026-07-31,0.47999998927116394,Yahoo Finance chart adjclose
762,01571.HK,信邦控股,HK,9.991764294207805,2025-08-01,3.545720100402832,2026-07-31,3.9000000953674316,Yahoo Finance chart adjclose
763,82823.HK,安硕A50-R,HK,9.955946937115634,2025-08-01,13.059775352478027,2026-07-30,14.359999656677246,Yahoo Finance chart adjclose
764,08371.HK,尝高美集团,HK,9.886940427056334,2025-08-01,1.7017490863800049,2026-07-31,1.8700000047683716,Yahoo Finance chart adjclose
765,82822.HK,南方A50-R,HK,9.85784372838312,2025-08-01,12.115657806396484,2026-07-30,13.3100004196167,Yahoo Finance chart adjclose
766,03454.HK,南方美股七巨头,HK,9.845653986064073,2025-08-01,9.395000457763672,2026-07-30,10.319999694824219,Yahoo Finance chart adjclose
767,02285.HK,泉峰控股,HK,9.81687090113368,2025-08-01,17.383485794067383,2026-07-31,19.09000015258789,Yahoo Finance chart adjclose
768,06133.HK,维太创科,HK,9.756098890644926,2025-08-01,0.2460000067949295,2026-07-31,0.27000001072883606,Yahoo Finance chart adjclose
769,06966.HK,中国万桐园,HK,9.677416460405762,2025-08-01,0.4650000035762787,2026-07-31,0.5099999904632568,Yahoo Finance chart adjclose
770,06160.HK,百济神州,HK,9.604519774011289,2025-08-01,177.0,2026-07-31,194.0,Yahoo Finance chart adjclose
771,82318.HK,中国平安-R,HK,9.419523869488277,2025-08-01,46.01555252075195,2026-07-31,50.349998474121094,Yahoo Finance chart adjclose
772,01818.HK,招金矿业,HK,9.401329992832498,2025-08-01,19.378192901611328,2026-07-31,21.200000762939453,Yahoo Finance chart adjclose
773,02618.HK,京东物流,HK,9.315871237029437,2025-08-01,13.739999771118164,2026-07-31,15.020000457763672,Yahoo Finance chart adjclose
774,01447.HK,新福港,HK,9.311738692480741,2025-08-01,0.5488889217376709,2026-07-31,0.6000000238418579,Yahoo Finance chart adjclose
775,03898.HK,时代电气,HK,9.283036543532997,2025-08-01,30.80075454711914,2026-07-31,33.65999984741211,Yahoo Finance chart adjclose
776,08372.HK,君百延集团,HK,9.282580204703205,2025-08-01,0.12078777700662613,2026-07-31,0.13199999928474426,Yahoo Finance chart adjclose
777,82843.HK,东汇A50-R,HK,9.262579151883731,2025-08-01,13.72839641571045,2026-07-30,15.0,Yahoo Finance chart adjclose
778,03606.HK,福耀玻璃,HK,9.243888258762457,2025-08-01,54.37375259399414,2026-07-31,59.400001525878906,Yahoo Finance chart adjclose
779,03316.HK,滨江服务,HK,9.193530578295018,2025-08-01,21.869426727294922,2026-07-31,23.8799991607666,Yahoo Finance chart adjclose
780,01045.HK,亚太卫星,HK,9.172356413036997,2025-08-01,1.9693630933761597,2026-07-31,2.1500000953674316,Yahoo Finance chart adjclose
781,06898.HK,中国铝罐,HK,9.165932187348425,2025-08-01,0.8061122894287109,2026-07-31,0.8799999952316284,Yahoo Finance chart adjclose
782,02358.HK,久融控股,HK,9.090910630285265,2025-08-01,0.010999999940395355,2026-07-31,0.012000000104308128,Yahoo Finance chart adjclose
783,03877.HK,中国船舶租赁,HK,9.089738685012328,2025-08-01,2.016688346862793,2026-07-31,2.200000047683716,Yahoo Finance chart adjclose
784,03437.HK,博时央企红利,HK,9.083370534917945,2025-08-01,9.222304344177246,2026-07-30,10.0600004196167,Yahoo Finance chart adjclose
785,02830.HK,南方沙特,HK,9.064961686758743,2026-01-19,70.34339904785156,2026-07-30,76.72000122070312,Yahoo Finance chart adjclose
786,02553.HK,首钢朗泽,HK,9.021840772612077,2026-06-03,21.059999465942383,2026-07-31,22.959999084472656,Yahoo Finance chart adjclose
787,02829.HK,安硕中国国债,HK,8.975234368567108,2025-08-01,58.14165115356445,2026-07-30,63.36000061035156,Yahoo Finance chart adjclose
788,06829.HK,龙升集团控股,HK,8.974366028163349,2025-08-01,1.559999942779541,2026-07-31,1.7000000476837158,Yahoo Finance chart adjclose
789,09829.HK,安硕中国国债-U,HK,8.944752239757525,2025-08-01,7.407423973083496,2026-07-30,8.069999694824219,Yahoo Finance chart adjclose
790,02377.HK,博奇环保,HK,8.937121935859516,2025-08-01,0.7802666425704956,2026-07-31,0.8500000238418579,Yahoo Finance chart adjclose
791,03419.HK,A GX恒指备兑,HK,8.920030907515475,2025-08-01,8.946930885314941,2026-07-30,9.744999885559082,Yahoo Finance chart adjclose
792,03451.HK,AGX纳指兑,HK,8.91131958809357,2025-10-13,68.7164535522461,2026-07-30,74.83999633789062,Yahoo Finance chart adjclose
793,83128.HK,恒生A股龙头-R,HK,8.816595391919968,2025-08-01,53.30069351196289,2026-07-30,58.0,Yahoo Finance chart adjclose
794,01548.HK,金斯瑞生物科技,HK,8.795175005552558,2025-08-01,16.600000381469727,2026-07-31,18.059999465942383,Yahoo Finance chart adjclose
795,03115.HK,安硕恒生指数,HK,8.711239376899037,2025-08-01,87.4610595703125,2026-07-30,95.08000183105469,Yahoo Finance chart adjclose
796,03199.HK,工银南方国债,HK,8.678198027113272,2025-08-01,111.10784149169922,2026-07-30,120.75,Yahoo Finance chart adjclose
797,09437.HK,博时央企红利-U,HK,8.658291221472192,2025-08-01,1.1761642694473267,2026-07-30,1.277999997138977,Yahoo Finance chart adjclose
798,09933.HK,GHW INTL,HK,8.609271261766382,2025-08-01,1.5099999904632568,2026-07-31,1.6399999856948853,Yahoo Finance chart adjclose
799,01143.HK,中国储能科技发展,HK,8.536584568052042,2025-08-01,0.4099999964237213,2026-07-31,0.4449999928474426,Yahoo Finance chart adjclose
800,03037.HK,南方恒指ETF,HK,8.531464920690212,2025-08-01,24.30631446838379,2026-07-30,26.3799991607666,Yahoo Finance chart adjclose
801,02800.HK,盈富基金,HK,8.513946085020741,2025-08-01,24.29180908203125,2026-07-30,26.360000610351562,Yahoo Finance chart adjclose
802,09115.HK,安硕恒生指数-U,HK,8.493258994130981,2025-08-01,11.161983489990234,2026-07-30,12.109999656677246,Yahoo Finance chart adjclose
803,07200.HK,南方两倍看多恒指,HK,8.440367967810957,2025-08-01,5.449999809265137,2026-07-30,5.909999847412109,Yahoo Finance chart adjclose
804,02814.HK,三星FANG,HK,8.137344889987874,2025-08-01,42.52000045776367,2026-07-30,45.97999954223633,Yahoo Finance chart adjclose
805,09807.HK,GX中国机智-U,HK,8.130081174740656,2025-08-01,6.150000095367432,2026-07-30,6.650000095367432,Yahoo Finance chart adjclose
806,02988.HK,九方智投(五百),HK,8.108104298461406,2026-07-14,0.22200000286102295,2026-07-31,0.23999999463558197,Yahoo Finance chart adjclose
807,06668.HK,星盛商业,HK,8.059794836293843,2025-08-01,1.2122917175292969,2026-07-31,1.309999942779541,Yahoo Finance chart adjclose
808,01682.HK,杭品生活科技,HK,8.053687382247077,2025-08-01,0.14900000393390656,2026-07-31,0.16099999845027924,Yahoo Finance chart adjclose
809,09814.HK,三星FANG-U,HK,8.018431843052465,2025-08-01,5.425000190734863,2026-07-30,5.860000133514404,Yahoo Finance chart adjclose
810,09451.HK,AGX纳指兑-U,HK,7.9616912296906595,2025-10-13,8.850361824035645,2026-07-30,9.555000305175781,Yahoo Finance chart adjclose
811,03192.HK,A博时人民币,HK,7.839833801732632,2025-08-01,1157.550048828125,2026-07-30,1248.300048828125,Yahoo Finance chart adjclose
812,02807.HK,GX中国机智,HK,7.6986780716010506,2025-08-01,48.31999969482422,2026-07-30,52.040000915527344,Yahoo Finance chart adjclose
813,03476.HK,A恒生摩根美入息,HK,7.518234495962606,2025-08-04,13.979023933410645,2026-07-30,15.029999732971191,Yahoo Finance chart adjclose
814,01983.HK,泸州银行,HK,7.500560012605884,2025-08-01,2.0744078159332275,2026-07-31,2.2300000190734863,Yahoo Finance chart adjclose
815,02825.HK,标智香港100,HK,7.494647919921316,2025-08-01,28.020000457763672,2026-07-30,30.1200008392334,Yahoo Finance chart adjclose
816,01925.HK,旷世芳香,HK,7.45636262613647,2025-08-01,1.1911811828613281,2026-07-31,1.2799999713897705,Yahoo Finance chart adjclose
817,03658.HK,新希望服务,HK,7.442316100913282,2025-08-01,1.7497761249542236,2026-07-31,1.8799999952316284,Yahoo Finance chart adjclose
818,01065.HK,天津创业环保股份,HK,7.429079830715546,2025-08-01,3.5651426315307617,2026-07-31,3.8299999237060547,Yahoo Finance chart adjclose
819,06918.HK,奇士达,HK,7.407400048809576,2025-08-01,0.13500000536441803,2026-07-31,0.14499999582767487,Yahoo Finance chart adjclose
820,03300.HK,中国玻璃,HK,7.24637856430379,2025-08-01,0.3449999988079071,2026-07-31,0.3700000047683716,Yahoo Finance chart adjclose
821,02302.HK,中核国际,HK,7.219257183331829,2025-08-01,3.740000009536743,2026-07-31,4.010000228881836,Yahoo Finance chart adjclose
822,02159.HK,麦迪卫康,HK,7.1895435530757945,2025-08-01,1.5299999713897705,2026-07-31,1.6399999856948853,Yahoo Finance chart adjclose
823,02347.HK,友和集团,HK,7.180546477745842,2025-08-01,0.6624336242675781,2026-07-31,0.7099999785423279,Yahoo Finance chart adjclose
824,01130.HK,中国环境资源,HK,7.142860944173757,2025-08-01,0.5600000023841858,2026-07-31,0.6000000238418579,Yahoo Finance chart adjclose
825,02175.HK,中国通才教育,HK,7.109009612563,2025-08-01,2.109999895095825,2026-07-31,2.259999990463257,Yahoo Finance chart adjclose
826,03122.HK,A南方人民币,HK,7.041099234803072,2025-08-01,182.5,2026-07-30,195.35000610351562,Yahoo Finance chart adjclose
827,83483.HK,易方达高股息-R,HK,6.997280667706773,2025-12-08,14.720000267028809,2026-07-30,15.75,Yahoo Finance chart adjclose
828,83118.HK,嘉实明晟A股-R,HK,6.994461622103643,2025-08-01,14.4399995803833,2026-07-30,15.449999809265137,Yahoo Finance chart adjclose
829,02877.HK,神威药业,HK,6.9896486860307805,2025-08-01,7.626905918121338,2026-07-31,8.15999984741211,Yahoo Finance chart adjclose
830,01364.HK,古茗,HK,6.977246509845103,2025-08-01,21.855113983154297,2026-07-31,23.3799991607666,Yahoo Finance chart adjclose
831,03477.HK,平安东西精选,HK,6.843407258578993,2025-10-06,16.219999313354492,2026-07-30,17.329999923706055,Yahoo Finance chart adjclose
832,03443.HK,南方香港股票,HK,6.831231508873725,2025-08-01,8.710000038146973,2026-07-30,9.305000305175781,Yahoo Finance chart adjclose
833,01681.HK,康臣药业,HK,6.734875346274816,2025-08-01,12.826172828674316,2026-07-31,13.6899995803833,Yahoo Finance chart adjclose
834,03420.HK,A惠理人民币,HK,6.717105042109361,2025-12-01,1097.199951171875,2026-07-30,1170.9000244140625,Yahoo Finance chart adjclose
835,01336.HK,新华保险,HK,6.491179540845726,2025-08-01,45.41221237182617,2026-07-31,48.36000061035156,Yahoo Finance chart adjclose
836,03136.HK,恒指ESGETF,HK,6.425666449368084,2025-08-01,12.797664642333984,2026-07-30,13.619999885559082,Yahoo Finance chart adjclose
837,01241.HK,双桦控股,HK,6.349207287803038,2025-08-01,0.12600000202655792,2026-07-31,0.1340000033378601,Yahoo Finance chart adjclose
838,08043.HK,ATLINKS,HK,6.341461783573066,2025-08-01,0.20499999821186066,2026-07-31,0.21799999475479126,Yahoo Finance chart adjclose
839,02883.HK,中海油田服务,HK,6.333220109547066,2025-08-01,6.658314228057861,2026-07-31,7.079999923706055,Yahoo Finance chart adjclose
840,02328.HK,中国财险,HK,6.309519828026877,2025-08-01,15.426651954650879,2026-07-31,16.399999618530273,Yahoo Finance chart adjclose
841,06661.HK,湖州燃气,HK,6.262278905927032,2025-08-01,4.686517238616943,2026-07-31,4.980000019073486,Yahoo Finance chart adjclose
842,03759.HK,康龙化成,HK,6.2327416627321774,2025-08-01,21.556442260742188,2026-07-31,22.899999618530273,Yahoo Finance chart adjclose
843,01001.HK,沪港联合,HK,6.230652878515608,2025-08-01,0.36712566018104553,2026-07-31,0.38999998569488525,Yahoo Finance chart adjclose
844,03968.HK,招商银行,HK,6.219127854168449,2025-08-01,47.91980743408203,2026-07-31,50.900001525878906,Yahoo Finance chart adjclose
845,08373.HK,靛蓝星,HK,6.153849680748347,2025-08-01,0.6499999761581421,2026-07-31,0.6899999976158142,Yahoo Finance chart adjclose
846,09477.HK,平安东西精选-U,HK,6.142023789230655,2025-10-06,2.0840001106262207,2026-07-30,2.2119998931884766,Yahoo Finance chart adjclose
847,08537.HK,创辉珠宝,HK,6.116428404966201,2025-08-01,0.15831667184829712,2026-07-31,0.1679999977350235,Yahoo Finance chart adjclose
848,02455.HK,润华服务,HK,6.108605251107435,2025-08-01,0.6314285397529602,2026-07-31,0.6700000166893005,Yahoo Finance chart adjclose
849,08072.HK,罗马元宇宙集团,HK,6.060600039935116,2025-08-01,0.33000001311302185,2026-07-31,0.3499999940395355,Yahoo Finance chart adjclose
850,03461.HK,A华夏人币数,HK,5.923510142139232,2025-12-08,1100.699951171875,2026-07-30,1165.9000244140625,Yahoo Finance chart adjclose
851,08495.HK,1957 & CO.,HK,5.909089369714748,2025-08-01,0.2199999988079071,2026-07-31,0.2329999953508377,Yahoo Finance chart adjclose
852,02698.HK,乐舒适,HK,5.8602900919935585,2025-11-10,32.15559005737305,2026-07-31,34.040000915527344,Yahoo Finance chart adjclose
853,03039.HK,易方达恒指ESG,HK,5.80752327993288,2025-08-01,3.615999937057495,2026-07-30,3.8259999752044678,Yahoo Finance chart adjclose
854,01245.HK,NIRAKU,HK,5.746133527537611,2025-08-01,0.17400163412094116,2026-07-31,0.18400000035762787,Yahoo Finance chart adjclose
855,81299.HK,友邦保险-R,HK,5.681485115728879,2025-08-01,64.58084869384766,2026-07-31,68.25,Yahoo Finance chart adjclose
856,01776.HK,广发证券,HK,5.563764253427372,2025-08-01,16.179794311523438,2026-07-31,17.079999923706055,Yahoo Finance chart adjclose
857,08033.HK,爱达利网络,HK,5.282428715046916,2025-08-01,0.12252756208181381,2026-07-31,0.1289999932050705,Yahoo Finance chart adjclose
858,09403.HK,华夏恒ESG-U,HK,5.274111416177463,2025-08-01,6.4403300285339355,2026-07-30,6.78000020980835,Yahoo Finance chart adjclose
859,01022.HK,飞鱼科技,HK,5.263160784158716,2025-08-01,0.3799999952316284,2026-07-31,0.4000000059604645,Yahoo Finance chart adjclose
860,08036.HK,电子交易集团,HK,5.263158926673239,2025-08-01,0.03799999877810478,2026-07-31,0.03999999910593033,Yahoo Finance chart adjclose
861,01221.HK,SINO HOTELS,HK,5.190703496305593,2025-08-01,1.473514199256897,2026-07-31,1.5499999523162842,Yahoo Finance chart adjclose
862,03403.HK,华夏恒ESG,HK,5.172420559420221,2025-08-01,50.545570373535156,2026-07-30,53.15999984741211,Yahoo Finance chart adjclose
863,01560.HK,星星集团,HK,5.172418001219836,2025-08-01,0.11599999666213989,2026-07-31,0.12200000137090683,Yahoo Finance chart adjclose
864,01345.HK,上海先锋控股,HK,5.16299321495548,2025-08-01,2.0919907093048096,2026-07-31,2.200000047683716,Yahoo Finance chart adjclose
865,06893.HK,衍生集团,HK,5.142859137788136,2025-08-01,0.17499999701976776,2026-07-31,0.18400000035762787,Yahoo Finance chart adjclose
866,01989.HK,松龄护老集团,HK,5.040606602658726,2026-03-20,95.58208465576172,2026-07-31,100.4000015258789,Yahoo Finance chart adjclose
867,01071.HK,华电国际电力股份,HK,5.032876077872994,2025-08-01,3.9606645107269287,2026-07-31,4.159999847412109,Yahoo Finance chart adjclose
868,09817.HK,PP国债-U,HK,4.998376300654672,2025-08-01,18.143136978149414,2026-07-30,19.049999237060547,Yahoo Finance chart adjclose
869,01052.HK,越秀交通基建,HK,4.944447979329136,2025-08-01,3.5447325706481934,2026-07-31,3.7200000286102295,Yahoo Finance chart adjclose
870,03983.HK,中海石油化学,HK,4.922837042420358,2025-08-01,2.0205323696136475,2026-07-31,2.119999885559082,Yahoo Finance chart adjclose
871,02260.HK,环龙控股,HK,4.859246290166763,2025-08-01,1.192074179649353,2026-07-31,1.25,Yahoo Finance chart adjclose
872,02817.HK,PP国债,HK,4.8459802647495165,2025-08-01,142.54241943359375,2026-07-30,149.4499969482422,Yahoo Finance chart adjclose
873,03029.HK,GX恒生ESG,HK,4.825464867283591,2025-08-01,4.869999885559082,2026-07-30,5.105000019073486,Yahoo Finance chart adjclose
874,06030.HK,中信证券,HK,4.8050198535098065,2025-08-01,26.067453384399414,2026-07-31,27.31999969482422,Yahoo Finance chart adjclose
875,02529.HK,泓盈城市服务,HK,4.593008214582972,2025-08-01,2.6292388439178467,2026-07-31,2.75,Yahoo Finance chart adjclose
876,03001.HK,PP中地美债,HK,4.460701897421981,2025-08-01,100.70772552490234,2026-07-30,105.19999694824219,Yahoo Finance chart adjclose
877,01140.HK,华科智能投资,HK,4.347826791170184,2025-08-01,0.09200000017881393,2026-07-31,0.09600000083446503,Yahoo Finance chart adjclose
878,01222.HK,WANG ON GROUP,HK,4.347826791170184,2025-08-01,0.023000000044703484,2026-07-31,0.024000000208616257,Yahoo Finance chart adjclose
879,01165.HK,顺风清洁能源,HK,4.347826791170184,2025-08-01,0.023000000044703484,2026-07-31,0.024000000208616257,Yahoo Finance chart adjclose
880,01635.HK,大众公用,HK,4.317784502788857,2025-08-01,2.2527318000793457,2026-07-31,2.3499999046325684,Yahoo Finance chart adjclose
881,09096.HK,A南方美元-U,HK,4.205214411970992,2025-08-01,118.9000015258789,2026-07-30,123.9000015258789,Yahoo Finance chart adjclose
882,09078.HK,PP美国库A-U,HK,4.190500956080312,2025-08-01,585.8499755859375,2026-07-30,610.4000244140625,Yahoo Finance chart adjclose
883,03469.HK,南方港股通红利,HK,4.187500476837158,2025-10-20,8.0,2026-07-30,8.335000038146973,Yahoo Finance chart adjclose
884,08317.HK,财华社集团,HK,4.166675290024213,2025-08-01,0.07199999690055847,2026-07-31,0.07500000298023224,Yahoo Finance chart adjclose
885,02022.HK,游莱互动,HK,4.081633428840159,2025-08-01,0.04899999871850014,2026-07-31,0.050999999046325684,Yahoo Finance chart adjclose
886,01836.HK,九兴控股,HK,4.071555424342699,2025-08-01,13.990374565124512,2026-07-31,14.5600004196167,Yahoo Finance chart adjclose
887,09618.HK,京东集团-SW,HK,4.0509102896548965,2025-08-01,122.15174102783203,2026-07-31,127.0999984741211,Yahoo Finance chart adjclose
888,03096.HK,A南方美元,HK,4.037700729800564,2025-08-01,933.7000122070312,2026-07-30,971.4000244140625,Yahoo Finance chart adjclose
889,01173.HK,威高国际,HK,4.000000596046438,2025-08-01,0.02500000037252903,2026-07-31,0.026000000536441803,Yahoo Finance chart adjclose
890,08205.HK,交大慧谷,HK,3.9999961853027344,2025-08-01,0.375,2026-07-31,0.38999998569488525,Yahoo Finance chart adjclose
891,09011.HK,A工银中金美-U,HK,3.9049113515017053,2025-08-01,1194.6500244140625,2026-07-30,1241.300048828125,Yahoo Finance chart adjclose
892,01905.HK,海通恒信,HK,3.900570331624098,2025-08-01,0.7507176995277405,2026-07-31,0.7799999713897705,Yahoo Finance chart adjclose
893,09196.HK,A博时美元-U,HK,3.894219614843686,2025-08-01,1108.050048828125,2026-07-30,1151.199951171875,Yahoo Finance chart adjclose
894,06883.HK,颖通控股,HK,3.883498817736153,2025-08-01,1.9541120529174805,2026-07-31,2.0299999713897705,Yahoo Finance chart adjclose
895,03699.HK,光大永年,HK,3.8575304226375895,2025-08-01,0.3803287148475647,2026-07-31,0.39500001072883606,Yahoo Finance chart adjclose
896,03196.HK,A博时美元,HK,3.8498803225933464,2025-08-01,8705.4501953125,2026-07-30,9040.599609375,Yahoo Finance chart adjclose
897,09001.HK,PP中地美债-U,HK,3.8302358669209724,2025-08-01,12.857526779174805,2026-07-30,13.350000381469727,Yahoo Finance chart adjclose
898,03011.HK,A工银中金美,HK,3.766952389141065,2025-08-01,9381.599609375,2026-07-30,9735.0,Yahoo Finance chart adjclose
899,09077.HK,PP美国库-U,HK,3.7609196295828484,2025-08-01,486.7921447753906,2026-07-30,505.1000061035156,Yahoo Finance chart adjclose
900,09411.HK,PP亚洲美债-U,HK,3.7454113646860243,2025-08-01,9.581146240234375,2026-07-30,9.9399995803833,Yahoo Finance chart adjclose
901,03059.HK,GX亚洲绿债,HK,3.7154173172463167,2025-08-01,55.652286529541016,2026-07-30,57.720001220703125,Yahoo Finance chart adjclose
902,02601.HK,中国太保,HK,3.655405756417851,2025-08-01,29.482301712036133,2026-07-31,30.559999465942383,Yahoo Finance chart adjclose
903,03077.HK,PP美国库,HK,3.6530750611386997,2025-08-01,3823.813232421875,2026-07-30,3963.5,Yahoo Finance chart adjclose
904,02596.HK,宜宾银行,HK,3.5407703032684923,2025-08-01,2.5593783855438232,2026-07-31,2.6500000953674316,Yahoo Finance chart adjclose
905,03480.HK,A惠理美元,HK,3.5261296846151646,2025-12-01,7817.35009765625,2026-07-30,8093.0,Yahoo Finance chart adjclose
906,09999.HK,网易-S,HK,3.4937157331049518,2025-08-01,200.78514099121094,2026-07-31,207.8000030517578,Yahoo Finance chart adjclose
907,09141.HK,华夏亚投债-U,HK,3.464694788653211,2025-08-01,1.7996476888656616,2026-07-30,1.8619999885559082,Yahoo Finance chart adjclose
908,03411.HK,PP亚洲美债,HK,3.360895828041488,2025-08-01,75.27024841308594,2026-07-30,77.80000305175781,Yahoo Finance chart adjclose
909,09906.HK,宏力医疗管理,HK,3.3112551411967006,2025-08-01,1.5099999904632568,2026-07-31,1.559999942779541,Yahoo Finance chart adjclose
910,01480.HK,恩达集团控股,HK,3.2820438125431117,2025-08-01,1.0263158082962036,2026-07-31,1.059999942779541,Yahoo Finance chart adjclose
911,02235.HK,微泰医疗-B,HK,3.278685379149504,2025-08-01,6.710000038146973,2026-07-31,6.929999828338623,Yahoo Finance chart adjclose
912,01100.HK,飞达控股,HK,3.273529945165232,2025-08-01,1.404038429260254,2026-07-31,1.4500000476837158,Yahoo Finance chart adjclose
913,03472.HK,A华夏美元数,HK,3.1957291351706996,2025-12-08,3892.699951171875,2026-07-30,4017.10009765625,Yahoo Finance chart adjclose
914,01529.HK,乐氏国际控股,HK,3.174600171093722,2025-08-01,0.3149999976158142,2026-07-31,0.32499998807907104,Yahoo Finance chart adjclose
915,01908.HK,建发国际集团,HK,3.1622547533260548,2025-08-01,14.898859977722168,2026-07-31,15.369999885559082,Yahoo Finance chart adjclose
916,03450.HK,GX35美债,HK,3.151270952821772,2025-08-01,53.84325408935547,2026-07-31,55.540000915527344,Yahoo Finance chart adjclose
917,01731.HK,其利工业集团,HK,3.0789829388681245,2025-08-01,0.746999979019165,2026-07-31,0.7699999809265137,Yahoo Finance chart adjclose
918,03141.HK,华夏亚投债,HK,3.0067062777383136,2025-08-01,14.173834800720215,2026-07-30,14.600000381469727,Yahoo Finance chart adjclose
919,01237.HK,中科生物,HK,2.98507170572031,2025-08-01,0.6700000166893005,2026-07-31,0.6899999976158142,Yahoo Finance chart adjclose
920,09480.HK,A惠理美元-U,HK,2.9650047709152583,2025-10-20,1000.8740844726562,2026-07-30,1030.550048828125,Yahoo Finance chart adjclose
921,01199.HK,中远海运港口,HK,2.8756025447810085,2025-08-01,5.181014537811279,2026-07-31,5.329999923706055,Yahoo Finance chart adjclose
922,03129.HK,中银大湾气候,HK,2.83364196990068,2025-08-01,10.9399995803833,2026-07-30,11.25,Yahoo Finance chart adjclose
923,01816.HK,中广核电力,HK,2.748957001630381,2025-08-01,2.812680721282959,2026-07-31,2.890000104904175,Yahoo Finance chart adjclose
924,01234.HK,中国利郎,HK,2.71798088251205,2025-08-01,3.3781816959381104,2026-07-31,3.4700000286102295,Yahoo Finance chart adjclose
925,01148.HK,新晨动力,HK,2.7149308758059654,2025-08-01,0.22100000083446503,2026-07-31,0.22699999809265137,Yahoo Finance chart adjclose
926,09866.HK,蔚来-SW,HK,2.6984139638913662,2025-08-01,37.79999923706055,2026-07-31,38.81999969482422,Yahoo Finance chart adjclose
927,09959.HK,联易融科技-W,HK,2.6546863394347975,2025-08-01,1.9872448444366455,2026-07-31,2.0399999618530273,Yahoo Finance chart adjclose
928,01058.HK,南粤控股,HK,2.6315764707210976,2025-08-01,0.3799999952316284,2026-07-31,0.38999998569488525,Yahoo Finance chart adjclose
929,01882.HK,海天国际,HK,2.6199029669746077,2025-08-01,20.288461685180664,2026-07-31,20.81999969482422,Yahoo Finance chart adjclose
930,02516.HK,泛远国际,HK,2.5974079255291826,2025-08-01,0.7699999809265137,2026-07-31,0.7900000214576721,Yahoo Finance chart adjclose
931,06963.HK,阳光保险,HK,2.5710776552769765,2025-08-01,3.5780067443847656,2026-07-31,3.6700000762939453,Yahoo Finance chart adjclose
932,03152.HK,A博时港元,HK,2.506577779955066,2025-08-01,1101.3697509765625,2026-07-31,1128.9764404296875,Yahoo Finance chart adjclose
933,08629.HK,集信国控,HK,2.4531403857138923,2025-08-01,8.764982223510742,2026-07-31,8.979999542236328,Yahoo Finance chart adjclose
934,03436.HK,恒生招商一三美债,HK,2.4527824110510243,2025-08-01,75.29322052001953,2026-07-30,77.13999938964844,Yahoo Finance chart adjclose
935,01115.HK,5100藏冰川,HK,2.4096434859411042,2025-08-01,0.41499999165534973,2026-07-31,0.42500001192092896,Yahoo Finance chart adjclose
936,03071.HK,A中金港元,HK,2.3926975622637237,2025-08-01,1124.25,2026-07-31,1151.14990234375,Yahoo Finance chart adjclose
937,08196.HK,福田股份,HK,2.352938866532872,2025-08-01,0.8500000238418579,2026-07-31,0.8700000047683716,Yahoo Finance chart adjclose
938,83199.HK,工银南方国债-R,HK,2.3285897448276804,2025-08-01,101.92655181884766,2026-07-30,104.30000305175781,Yahoo Finance chart adjclose
939,08319.HK,思博系统,HK,2.3273522602362817,2025-08-01,0.10456637293100357,2026-07-31,0.10700000077486038,Yahoo Finance chart adjclose
940,03053.HK,A南方港元,HK,2.3054381517105815,2025-08-01,1160.300048828125,2026-07-30,1187.050048828125,Yahoo Finance chart adjclose
941,09450.HK,GX35美债-U,HK,2.282556012402326,2025-08-01,6.912224769592285,2026-07-31,7.070000171661377,Yahoo Finance chart adjclose
942,09472.HK,A华夏美元数-U,HK,2.181621265963418,2025-12-08,500.54998779296875,2026-07-31,511.4700927734375,Yahoo Finance chart adjclose
943,01289.HK,盛力达科技,HK,2.1508249337494068,2025-08-01,2.006836414337158,2026-07-31,2.049999952316284,Yahoo Finance chart adjclose
944,82829.HK,安硕中国国债-R,HK,2.025803925928593,2025-08-01,53.45706558227539,2026-07-30,54.540000915527344,Yahoo Finance chart adjclose
945,03421.HK,A惠理港元,HK,1.99824663094339,2025-10-20,1000.6544799804688,2026-07-30,1020.6500244140625,Yahoo Finance chart adjclose
946,01407.HK,交运燃气,HK,1.9332240051694871,2025-08-01,0.5788102746009827,2026-07-31,0.5899999737739563,Yahoo Finance chart adjclose
947,01766.HK,中国中车,HK,1.9284502570013462,2025-08-01,5.160482883453369,2026-07-31,5.260000228881836,Yahoo Finance chart adjclose
948,02295.HK,丰城控股,HK,1.9202380326022839,2025-08-01,6.769999980926514,2026-07-31,6.900000095367432,Yahoo Finance chart adjclose
949,09187.HK,三星高息房托-U,HK,1.89143307833195,2025-08-01,2.0649430751800537,2026-07-30,2.1040000915527344,Yahoo Finance chart adjclose
950,01962.HK,训修实业,HK,1.850916402053704,2025-08-01,0.4467313885688782,2026-07-31,0.45500001311302185,Yahoo Finance chart adjclose
951,83437.HK,博时央企红利-R,HK,1.8120224241174432,2025-08-01,8.486227989196777,2026-07-30,8.640000343322754,Yahoo Finance chart adjclose
952,02252.HK,微创机器人-B,HK,1.8092856629878362,2025-08-01,20.450000762939453,2026-07-31,20.81999969482422,Yahoo Finance chart adjclose
953,03187.HK,三星高息房托,HK,1.7646315426960824,2025-08-01,16.194231033325195,2026-07-30,16.479999542236328,Yahoo Finance chart adjclose
954,06667.HK,美因基因,HK,1.741625382676859,2025-08-01,7.0276055335998535,2026-07-31,7.150000095367432,Yahoo Finance chart adjclose
955,06866.HK,佐力小贷,HK,1.7241363363798445,2025-08-01,0.28999999165534973,2026-07-31,0.29499998688697815,Yahoo Finance chart adjclose
956,09987.HK,百胜中国,HK,1.6517279298418064,2025-08-01,366.7424011230469,2026-07-31,372.79998779296875,Yahoo Finance chart adjclose
957,02050.HK,三花智控,HK,1.6435905124078554,2025-08-01,25.75666618347168,2026-07-31,26.18000030517578,Yahoo Finance chart adjclose
958,03435.HK,恒生招商七十美债,HK,1.6060188785248064,2025-08-01,72.47602081298828,2026-07-30,73.63999938964844,Yahoo Finance chart adjclose
959,02826.HK,GX中国云算,HK,1.542865427403739,2025-08-01,54.75519943237305,2026-07-30,55.599998474121094,Yahoo Finance chart adjclose
960,82800.HK,盈富基金-R,HK,1.496954410305884,2025-08-01,22.365203857421875,2026-07-30,22.700000762939453,Yahoo Finance chart adjclose
961,02821.HK,沛富基金,HK,1.4886688244172719,2025-08-01,107.35188293457031,2026-07-30,108.94999694824219,Yahoo Finance chart adjclose
962,83192.HK,A博时人民币-R,HK,1.4552772398231717,2025-08-01,1061.6500244140625,2026-07-30,1077.0999755859375,Yahoo Finance chart adjclose
963,83115.HK,安硕恒生指数-R,HK,1.4468314179004738,2025-08-01,80.61365509033203,2026-07-30,81.77999877929688,Yahoo Finance chart adjclose
964,09478.HK,PP沙特国债-U,HK,1.3664912950756447,2025-08-01,10.437374114990234,2026-07-30,10.579999923706055,Yahoo Finance chart adjclose
965,03478.HK,PP沙特国债,HK,1.3581477788855656,2025-08-01,81.6115951538086,2026-07-30,82.72000122070312,Yahoo Finance chart adjclose
966,01735.HK,中环新能源,HK,1.3580203888494902,2025-08-01,8.100000381469727,2026-07-31,8.210000038146973,Yahoo Finance chart adjclose
967,03471.HK,A华夏港元数,HK,1.3229916377075934,2025-12-08,1000.5999755859375,2026-07-31,1013.8378295898438,Yahoo Finance chart adjclose
968,02820.HK,GX中国生科,HK,1.3141433444563644,2025-08-01,67.37460327148438,2026-07-30,68.26000213623047,Yahoo Finance chart adjclose
969,01872.HK,冠轈控股,HK,1.298706285023532,2025-08-01,3.8499999046325684,2026-07-31,3.9000000953674316,Yahoo Finance chart adjclose
970,02828.HK,恒生中国企业,HK,1.2933264444767056,2025-08-01,88.85086822509766,2026-07-30,90.0,Yahoo Finance chart adjclose
971,01475.HK,日清食品,HK,1.2831046166652538,2025-08-01,6.615120887756348,2026-07-31,6.699999809265137,Yahoo Finance chart adjclose
972,03288.HK,海天味业,HK,1.2382378736445876,2025-08-01,32.477848052978516,2026-07-31,32.880001068115234,Yahoo Finance chart adjclose
973,01811.HK,中广核新能源,HK,1.1797663410181292,2025-08-01,2.3028318881988525,2026-07-31,2.3299999237060547,Yahoo Finance chart adjclose
974,01920.HK,中国网成,HK,1.136362558800319,2025-08-01,0.4399999976158142,2026-07-31,0.4449999928474426,Yahoo Finance chart adjclose
975,83122.HK,A南方人民币-R,HK,1.1067940000412557,2025-08-01,167.14999389648438,2026-07-30,169.0,Yahoo Finance chart adjclose
976,01023.HK,时代集团控股,HK,1.0989066411759563,2025-08-01,0.45499998331069946,2026-07-31,0.46000000834465027,Yahoo Finance chart adjclose
977,02727.HK,上海电气,HK,1.0583332915551136,2025-08-01,3.1862785816192627,2026-07-31,3.2200000286102295,Yahoo Finance chart adjclose
978,83420.HK,A惠理人民币-R,HK,0.9781263360651771,2025-10-20,1000.1671142578125,2026-07-30,1009.9500122070312,Yahoo Finance chart adjclose
979,08112.HK,基石金融,HK,0.9174330739619929,2025-08-01,0.10899999737739563,2026-07-31,0.10999999940395355,Yahoo Finance chart adjclose
980,02096.HK,先声药业,HK,0.900230825420012,2025-08-01,12.239813804626465,2026-07-31,12.350000381469727,Yahoo Finance chart adjclose
981,08623.HK,中国蜀塔,HK,0.8547025963808963,2025-08-01,0.11699999868869781,2026-07-31,0.11800000071525574,Yahoo Finance chart adjclose
982,02289.HK,创美药业,HK,0.8428595883545276,2025-08-01,6.445672035217285,2026-07-31,6.5,Yahoo Finance chart adjclose
983,08017.HK,捷利交易宝,HK,0.7812492724042164,2025-08-01,1.2799999713897705,2026-07-31,1.2899999618530273,Yahoo Finance chart adjclose
984,09991.HK,宝尊电商-W,HK,0.7792262480903256,2025-08-01,7.699999809265137,2026-07-31,7.760000228881836,Yahoo Finance chart adjclose
985,03412.HK,A都会电子支付,HK,0.7153775770648796,2025-08-01,9.78499984741211,2026-07-30,9.854999542236328,Yahoo Finance chart adjclose
986,02607.HK,上海医药,HK,0.6862207753437488,2025-08-01,11.938078880310059,2026-07-31,12.020000457763672,Yahoo Finance chart adjclose
987,08341.HK,艾硕控股,HK,0.6451625928174165,2025-08-01,0.1550000011920929,2026-07-31,0.15600000321865082,Yahoo Finance chart adjclose
988,83461.HK,A华夏人币数-R,HK,0.5395980022040225,2025-12-08,1000.1500244140625,2026-07-31,1005.5468139648438,Yahoo Finance chart adjclose
989,01747.HK,HOME CONTROL,HK,0.44852672143844696,2025-08-01,3.7631213665008545,2026-07-31,3.7799999713897705,Yahoo Finance chart adjclose
990,09928.HK,时代邻里,HK,0.4339148718344843,2025-08-01,0.507796585559845,2026-07-31,0.5099999904632568,Yahoo Finance chart adjclose
991,01455.HK,科利实业控股,HK,0.41666128569199934,2025-08-01,0.24000000953674316,2026-07-31,0.2409999966621399,Yahoo Finance chart adjclose
992,01346.HK,利华控股集团,HK,0.28967479941919283,2025-08-01,1.3859851360321045,2026-07-31,1.3899999856948853,Yahoo Finance chart adjclose
993,09988.HK,阿里巴巴-W,HK,0.19784852712581014,2025-08-01,116.76897430419922,2026-07-31,117.0,Yahoo Finance chart adjclose
994,09177.HK,PP国债对冲-U,HK,0.19674542396606043,2025-08-01,19.46170997619629,2026-07-30,19.5,Yahoo Finance chart adjclose
995,89618.HK,京东集团-SWR,HK,0.12254898528627489,2025-08-01,108.96646118164062,2026-07-31,109.0999984741211,Yahoo Finance chart adjclose
996,01496.HK,亚积邦租赁,HK,0.10868621194233263,2025-08-01,0.16282303631305695,2026-07-31,0.16300000250339508,Yahoo Finance chart adjclose
997,09633.HK,农夫山泉,HK,0.005751130794307002,2025-08-01,43.77748107910156,2026-07-31,43.779998779296875,Yahoo Finance chart adjclose
998,08426.HK,雅居投资控股,HK,0.002076630663760959,2025-08-01,0.2489948272705078,2026-07-31,0.24899999797344208,Yahoo Finance chart adjclose
999,08612.HK,维亮控股,HK,0.0,2025-08-01,0.09200000017881393,2026-07-31,0.09200000017881393,Yahoo Finance chart adjclose
1000,01224.HK,中渝置地,HK,0.0,2025-08-01,1.2000000476837158,2026-07-31,1.2000000476837158,Yahoo Finance chart adjclose
1001,01402.HK,超智能控股,HK,0.0,2025-08-01,0.27000001072883606,2026-07-31,0.27000001072883606,Yahoo Finance chart adjclose
1002,03427.HK,富邦多元资产,HK,0.0,2026-03-09,9.270000457763672,2026-05-12,9.270000457763672,Yahoo Finance chart adjclose
1003,02326.HK,新源万恒控股,HK,0.0,2025-08-01,0.009999999776482582,2026-07-31,0.009999999776482582,Yahoo Finance chart adjclose
1004,08285.HK,森浩集团,HK,0.0,2025-08-01,0.03700000047683716,2026-07-31,0.03700000047683716,Yahoo Finance chart adjclose
1005,08210.HK,衍汇亚洲,HK,0.0,2025-08-01,0.04800000041723251,2026-07-31,0.04800000041723251,Yahoo Finance chart adjclose
1006,02979.HK,万国黄金集团-旧,HK,0.0,2026-07-07,2.2200000286102295,2026-07-31,2.2200000286102295,Yahoo Finance chart adjclose
1007,08475.HK,易站绿色科技,HK,0.0,2025-08-01,0.0689999982714653,2026-07-31,0.0689999982714653,Yahoo Finance chart adjclose
1008,08428.HK,汉诺佳池,HK,0.0,2025-08-01,0.6800000071525574,2026-07-31,0.6800000071525574,Yahoo Finance chart adjclose
1009,08297.HK,海纳星空科技,HK,0.0,2025-08-01,0.039000000804662704,2026-07-31,0.039000000804662704,Yahoo Finance chart adjclose
1010,08525.HK,百应控股,HK,0.0,2025-08-01,0.8500000238418579,2026-07-31,0.8500000238418579,Yahoo Finance chart adjclose
1011,08130.HK,大地国际集团,HK,0.0,2025-08-01,0.009999999776482582,2026-07-31,0.009999999776482582,Yahoo Finance chart adjclose
1012,08047.HK,中国海洋发展,HK,0.0,2025-08-01,0.02500000037252903,2026-07-31,0.02500000037252903,Yahoo Finance chart adjclose
1013,08039.HK,中国来骑哦,HK,0.0,2025-08-01,0.1509999930858612,2026-07-31,0.1509999930858612,Yahoo Finance chart adjclose
1014,06878.HK,鼎丰集团汽车,HK,0.0,2025-08-01,0.03700000047683716,2026-07-31,0.03700000047683716,Yahoo Finance chart adjclose
1015,06623.HK,陆控,HK,0.0,2025-08-01,10.899999618530273,2026-07-31,10.899999618530273,Yahoo Finance chart adjclose
1016,06189.HK,爱得威建设集团,HK,0.0,2025-08-01,0.07199999690055847,2026-07-31,0.07199999690055847,Yahoo Finance chart adjclose
1017,06611.HK,三巽集团,HK,0.0,2025-08-01,0.04600000008940697,2026-07-31,0.04600000008940697,Yahoo Finance chart adjclose
1018,03903.HK,瀚华金控,HK,0.0,2025-08-01,0.1679999977350235,2026-07-31,0.1679999977350235,Yahoo Finance chart adjclose
1019,03333.HK,中国恒大,HK,0.0,2025-08-01,0.16300000250339508,2025-08-22,0.16300000250339508,Yahoo Finance chart adjclose
1020,03405.HK,富邦亚洲电池储能,HK,0.0,2025-09-29,5.650000095367432,2025-10-15,5.650000095367432,Yahoo Finance chart adjclose
1021,02362.HK,金川国际,HK,0.0,2025-08-01,0.6359999775886536,2026-07-31,0.6359999775886536,Yahoo Finance chart adjclose
1022,02088.HK,西王置业,HK,0.0,2025-08-01,0.03799999877810478,2026-07-31,0.03799999877810478,Yahoo Finance chart adjclose
1023,02323.HK,融科控股,HK,0.0,2025-08-01,0.01899999938905239,2026-07-31,0.01899999938905239,Yahoo Finance chart adjclose
1024,02163.HK,远大住工,HK,0.0,2025-08-01,0.6000000238418579,2026-07-31,0.6000000238418579,Yahoo Finance chart adjclose
1025,01728.HK,正通汽车,HK,0.0,2025-08-01,0.14300000667572021,2026-07-31,0.14300000667572021,Yahoo Finance chart adjclose
1026,01849.HK,秀商时代控股,HK,0.0,2025-08-01,0.05000000074505806,2026-07-31,0.05000000074505806,Yahoo Finance chart adjclose
1027,02127.HK,汇森股份,HK,0.0,2025-08-01,0.019999999552965164,2026-07-31,0.019999999552965164,Yahoo Finance chart adjclose
1028,01566.HK,华夏文化科技,HK,0.0,2025-08-01,0.050999999046325684,2026-07-31,0.050999999046325684,Yahoo Finance chart adjclose
1029,01915.HK,泰和小贷,HK,0.0,2025-08-01,0.26499998569488525,2026-07-31,0.26499998569488525,Yahoo Finance chart adjclose
1030,01748.HK,信源企业集团,HK,0.0,2025-08-01,1.7599999904632568,2026-07-31,1.7599999904632568,Yahoo Finance chart adjclose
1031,02479.HK,天聚地合,HK,0.0,2025-08-01,65.0,2026-07-31,65.0,Yahoo Finance chart adjclose
1032,01755.HK,新城悦服务,HK,0.0,2025-08-01,2.799999952316284,2026-07-31,2.799999952316284,Yahoo Finance chart adjclose
1033,01360.HK,诺发集团,HK,0.0,2025-08-01,0.012000000104308128,2025-08-06,0.012000000104308128,Yahoo Finance chart adjclose
1034,01220.HK,志道国际,HK,0.0,2025-08-01,0.0560000017285347,2026-07-31,0.0560000017285347,Yahoo Finance chart adjclose
1035,01598.HK,21世纪教育,HK,0.0,2025-08-01,0.11100000143051147,2026-07-31,0.11100000143051147,Yahoo Finance chart adjclose
1036,02131.HK,云想科技,HK,0.0,2025-08-01,0.45500001311302185,2026-07-31,0.45500001311302185,Yahoo Finance chart adjclose
1037,01188.HK,正道集团,HK,0.0,2025-08-01,0.012000000104308128,2026-07-31,0.012000000104308128,Yahoo Finance chart adjclose
1038,01101.HK,华荣能源,HK,0.0,2025-08-01,0.019999999552965164,2026-07-31,0.019999999552965164,Yahoo Finance chart adjclose
1039,01406.HK,清晰医疗,HK,0.0,2025-08-01,0.35499998927116394,2026-07-31,0.35499998927116394,Yahoo Finance chart adjclose
1040,01246.HK,保集健康,HK,0.0,2025-08-01,0.020999999716877937,2026-07-31,0.020999999716877937,Yahoo Finance chart adjclose
1041,01293.HK,广汇宝信,HK,0.0,2025-08-01,0.0860000029206276,2026-07-31,0.0860000029206276,Yahoo Finance chart adjclose
1042,01007.HK,龙辉国际控股,HK,0.0,2025-08-01,0.6700000166893005,2026-07-31,0.6700000166893005,Yahoo Finance chart adjclose
1043,02801.HK,安硕中国,HK,-0.11476318819471087,2025-08-01,24.8084716796875,2026-07-30,24.780000686645508,Yahoo Finance chart adjclose
1044,02327.HK,美瑞健康国际,HK,-0.21819739591489862,2025-08-01,0.24453356862068176,2026-07-31,0.24400000274181366,Yahoo Finance chart adjclose
1045,01763.HK,中国同辐,HK,-0.22423454650152275,2025-08-01,16.28652000427246,2026-07-31,16.25,Yahoo Finance chart adjclose
1046,01272.HK,大唐环境,HK,-0.33349452494463305,2025-08-01,1.0735803842544556,2026-07-31,1.0700000524520874,Yahoo Finance chart adjclose
1047,03686.HK,祈福生活服务,HK,-0.34138388293089017,2025-08-01,0.5518840551376343,2026-07-31,0.550000011920929,Yahoo Finance chart adjclose
1048,09446.HK,华夏廿美债A-U,HK,-0.4130197820420789,2025-08-01,96.80000305175781,2026-07-30,96.40019989013672,Yahoo Finance chart adjclose
1049,02806.HK,GX中国消费,HK,-0.5779277568412788,2025-08-01,41.82170104980469,2026-07-30,41.58000183105469,Yahoo Finance chart adjclose
1050,02256.HK,和誉-B,HK,-0.6889733846014656,2025-08-01,10.15999984741211,2026-07-31,10.09000015258789,Yahoo Finance chart adjclose
1051,01930.HK,勋龙,HK,-0.6996607365938101,2025-08-01,0.3776422142982483,2026-07-31,0.375,Yahoo Finance chart adjclose
1052,02838.HK,恒生富时中国50,HK,-0.7010074028653834,2025-08-01,167.62506103515625,2026-07-30,166.4499969482422,Yahoo Finance chart adjclose
1053,02559.HK,嘀嗒出行,HK,-0.7194237817389371,2025-08-01,1.3899999856948853,2026-07-31,1.3799999952316284,Yahoo Finance chart adjclose
1054,02259.HK,紫金黄金国际,HK,-0.8241930764350425,2025-09-30,119.18228912353516,2026-07-31,118.19999694824219,Yahoo Finance chart adjclose
1055,09677.HK,威海银行,HK,-0.8349814535974276,2025-08-01,2.803407907485962,2026-07-31,2.7799999713897705,Yahoo Finance chart adjclose
1056,09040.HK,GX中国-U,HK,-0.8570163888307003,2025-08-01,4.434000015258789,2026-07-30,4.395999908447266,Yahoo Finance chart adjclose
1057,03182.HK,标智新经济ESG,HK,-0.8640978839966396,2025-08-01,12.729999542236328,2026-07-30,12.619999885559082,Yahoo Finance chart adjclose
1058,02991.HK,CMON,HK,-0.8802766797323947,2026-07-24,5.679999828338623,2026-07-31,5.630000114440918,Yahoo Finance chart adjclose
1059,02191.HK,顺丰房托,HK,-0.9121928046174954,2025-08-01,2.694579839706421,2026-07-31,2.6700000762939453,Yahoo Finance chart adjclose
1060,08347.HK,F8企业,HK,-0.9615403903129871,2025-08-01,0.10400000214576721,2026-07-31,0.10300000011920929,Yahoo Finance chart adjclose
1061,03040.HK,GX中国,HK,-1.034484535184066,2025-08-01,34.79999923706055,2026-07-30,34.439998626708984,Yahoo Finance chart adjclose
1062,09801.HK,安硕中国-U,HK,-1.0534219502675746,2025-08-01,3.167365789413452,2026-07-30,3.134000062942505,Yahoo Finance chart adjclose
1063,07618.HK,京东工业,HK,-1.0638338166410355,2025-12-11,14.100000381469727,2026-07-31,13.949999809265137,Yahoo Finance chart adjclose
1064,06886.HK,华泰证券,HK,-1.119393943657454,2025-08-01,17.081205368041992,2026-07-31,16.889999389648438,Yahoo Finance chart adjclose
1065,02798.HK,久泰邦达能源,HK,-1.2048181523292234,2025-08-01,0.8299999833106995,2026-07-31,0.8199999928474426,Yahoo Finance chart adjclose
1066,02682.HK,润利海事,HK,-1.253571129815223,2025-08-01,0.12861225008964539,2026-07-31,0.12700000405311584,Yahoo Finance chart adjclose
1067,02245.HK,力勤资源,HK,-1.2807905872796121,2025-08-01,13.411776542663574,2026-07-31,13.239999771118164,Yahoo Finance chart adjclose
1068,01980.HK,天鸽互动,HK,-1.333909727483673,2025-08-01,0.6587876081466675,2026-07-31,0.6499999761581421,Yahoo Finance chart adjclose
1069,09777.HK,南方两倍做多伯克希尔-U,HK,-1.389808358163469,2025-08-01,7.554999828338623,2026-07-30,7.449999809265137,Yahoo Finance chart adjclose
1070,03969.HK,中国通号,HK,-1.4619938485219475,2025-08-01,3.4200000762939453,2026-07-31,3.369999885559082,Yahoo Finance chart adjclose
1071,02819.HK,ABF港债指数,HK,-1.4876548761305397,2025-08-01,100.69803619384766,2026-07-30,99.19999694824219,Yahoo Finance chart adjclose
1072,80175.HK,吉利汽车-R,HK,-1.5055021539675417,2026-05-20,17.270000457763672,2026-07-31,17.010000228881836,Yahoo Finance chart adjclose
1073,83403.HK,华夏恒ESG-R,HK,-1.5173225769069543,2025-08-01,46.54625701904297,2026-07-30,45.84000015258789,Yahoo Finance chart adjclose
1074,02182.HK,天长集团,HK,-1.5384601277006582,2025-08-01,0.32499998807907104,2026-07-31,0.3199999928474426,Yahoo Finance chart adjclose
1075,01526.HK,瑞慈医疗,HK,-1.5505650470372112,2025-08-01,1.0462223291397095,2026-07-31,1.0299999713897705,Yahoo Finance chart adjclose
1076,03402.HK,GX中美科技,HK,-1.5686312642109512,2025-08-01,71.4000015258789,2026-07-30,70.27999877929688,Yahoo Finance chart adjclose
1077,82817.HK,PP国债-R,HK,-1.583810962776766,2025-08-01,130.97438049316406,2026-07-31,128.89999389648438,Yahoo Finance chart adjclose
1078,06066.HK,中信建投证券,HK,-1.591343828896974,2025-08-01,11.970491409301758,2026-07-31,11.779999732971191,Yahoo Finance chart adjclose
1079,02380.HK,中国电力,HK,-1.634508303138671,2025-08-01,2.8871912956237793,2026-07-31,2.8399999141693115,Yahoo Finance chart adjclose
1080,08067.HK,东方大学城控股,HK,-1.639342660450327,2025-08-01,0.3050000071525574,2026-07-31,0.30000001192092896,Yahoo Finance chart adjclose
1081,02080.HK,奥克斯国际,HK,-1.6949137131806236,2025-08-01,0.29499998688697815,2026-07-31,0.28999999165534973,Yahoo Finance chart adjclose
1082,03447.HK,南方亚太房托,HK,-1.8450195972444572,2025-08-01,8.130000114440918,2026-07-30,7.980000019073486,Yahoo Finance chart adjclose
1083,02156.HK,建发物业,HK,-1.8607171809237433,2025-08-01,2.6492958068847656,2026-07-31,2.5999999046325684,Yahoo Finance chart adjclose
1084,01421.HK,恒昌集团国际,HK,-1.923075159625831,2025-08-01,0.5199999809265137,2026-07-31,0.5099999904632568,Yahoo Finance chart adjclose
1085,07552.HK,南方两倍做空恒生科技,HK,-1.941744272058743,2025-08-01,1.6480000019073486,2026-07-30,1.6160000562667847,Yahoo Finance chart adjclose
1086,02340.HK,昇柏控股,HK,-1.9607785847130077,2025-08-01,0.15299999713897705,2026-07-31,0.15000000596046448,Yahoo Finance chart adjclose
1087,07777.HK,南方两倍做多伯克希尔,HK,-2.053176444969107,2025-08-01,59.41999816894531,2026-07-30,58.20000076293945,Yahoo Finance chart adjclose
1088,03398.HK,华鼎控股,HK,-2.0833375372199203,2025-08-01,0.09600000083446503,2026-07-31,0.09399999678134918,Yahoo Finance chart adjclose
1089,02331.HK,李宁,HK,-2.255691466677845,2025-08-01,15.49962329864502,2026-07-31,15.149999618530273,Yahoo Finance chart adjclose
1090,08631.HK,裕丰昌控股,HK,-2.272725117600638,2025-08-01,0.4399999976158142,2026-07-31,0.4300000071525574,Yahoo Finance chart adjclose
1091,01785.HK,成都高速,HK,-2.315424267483923,2025-08-01,1.9757468700408936,2026-07-31,1.9299999475479126,Yahoo Finance chart adjclose
1092,01929.HK,周大福,HK,-2.3808859011266392,2025-08-01,12.671698570251465,2026-07-31,12.369999885559082,Yahoo Finance chart adjclose
1093,01260.HK,皓天财经集团,HK,-2.3809501846360326,2025-08-01,0.41999998688697815,2026-07-31,0.4099999964237213,Yahoo Finance chart adjclose
1094,83001.HK,PP中地美债-R,HK,-2.3876514054594122,2025-08-01,92.81612396240234,2026-07-30,90.5999984741211,Yahoo Finance chart adjclose
1095,83196.HK,A博时美元-R,HK,-2.432062558703818,2025-08-01,7985.0,2026-07-30,7790.7998046875,Yahoo Finance chart adjclose
1096,01658.HK,邮储银行,HK,-2.5581306436952,2025-08-01,5.213364601135254,2026-07-31,5.079999923706055,Yahoo Finance chart adjclose
1097,02120.HK,康宁医院,HK,-2.6033005193995207,2025-08-01,8.337038040161133,2026-07-31,8.119999885559082,Yahoo Finance chart adjclose
1098,02018.HK,瑞声科技,HK,-2.621763638671626,2025-08-01,39.577632904052734,2026-07-31,38.540000915527344,Yahoo Finance chart adjclose
1099,03171.HK,A三星区块链,HK,-2.6340097546254104,2025-08-01,43.279998779296875,2026-07-30,42.13999938964844,Yahoo Finance chart adjclose
1100,06031.HK,三一重工,HK,-2.6370646349535787,2025-10-28,21.671491622924805,2026-07-31,21.100000381469727,Yahoo Finance chart adjclose
1101,08337.HK,直通电讯,HK,-2.654866089657648,2025-08-01,0.11299999803304672,2026-07-31,0.10999999940395355,Yahoo Finance chart adjclose
1102,01668.HK,华南城,HK,-2.727271495771799,2025-08-01,0.10999999940395355,2026-07-31,0.10700000077486038,Yahoo Finance chart adjclose
1103,83059.HK,GX亚洲绿债-R,HK,-2.7557898087190336,2025-08-01,51.12900924682617,2026-07-30,49.720001220703125,Yahoo Finance chart adjclose
1104,01055.HK,中国南方航空股份,HK,-2.7624283920971493,2025-08-01,3.619999885559082,2026-07-31,3.5199999809265137,Yahoo Finance chart adjclose
1105,02219.HK,朝聚眼科,HK,-2.8590315171868053,2025-08-01,2.7177000045776367,2026-07-31,2.640000104904175,Yahoo Finance chart adjclose
1106,08527.HK,聚利宝控股,HK,-2.9239824685663884,2025-08-01,0.17100000381469727,2026-07-31,0.16599999368190765,Yahoo Finance chart adjclose
1107,03668.HK,兖煤澳大利亚,HK,-2.9433783465364294,2025-08-01,31.342529296875,2026-07-31,30.420000076293945,Yahoo Finance chart adjclose
1108,01062.HK,国开国际投资,HK,-3.0303016619686596,2025-08-01,0.0989999994635582,2026-07-31,0.09600000083446503,Yahoo Finance chart adjclose
1109,03416.HK,A GX国指备兑,HK,-3.0425969215786886,2025-08-01,8.782206535339355,2026-07-30,8.514999389648438,Yahoo Finance chart adjclose
1110,01099.HK,国药控股,HK,-3.0537335822920175,2025-08-01,17.92745590209961,2026-07-31,17.3799991607666,Yahoo Finance chart adjclose
1111,08456.HK,民信国际控股,HK,-3.1249970896168877,2025-08-01,0.3199999928474426,2026-07-31,0.3100000023841858,Yahoo Finance chart adjclose
1112,08037.HK,中国生物科技服务,HK,-3.1249970896168877,2025-08-01,0.6399999856948853,2026-07-31,0.6200000047683716,Yahoo Finance chart adjclose
1113,02481.HK,慧居科技,HK,-3.1361311876924147,2025-08-01,2.653208017349243,2026-07-31,2.569999933242798,Yahoo Finance chart adjclose
1114,01970.HK,IMAX CHINA,HK,-3.1468473949907816,2025-08-01,8.579999923706055,2026-07-31,8.3100004196167,Yahoo Finance chart adjclose
1115,01760.HK,英恒科技,HK,-3.159528283830104,2025-08-01,1.4250240325927734,2026-07-31,1.3799999952316284,Yahoo Finance chart adjclose
1116,09146.HK,华夏20美债-U,HK,-3.1965983353752225,2026-04-20,92.71368408203125,2026-07-31,89.75,Yahoo Finance chart adjclose
1117,02569.HK,舒宝国际,HK,-3.2258033504347416,2025-08-01,1.2400000095367432,2026-07-31,1.2000000476837158,Yahoo Finance chart adjclose
1118,02869.HK,绿城服务,HK,-3.289347423649469,2025-08-01,4.477272987365723,2026-07-31,4.329999923706055,Yahoo Finance chart adjclose
1119,08362.HK,运兴泰集团,HK,-3.3333339542150675,2025-08-01,0.05999999865889549,2026-07-31,0.057999998331069946,Yahoo Finance chart adjclose
1120,01909.HK,火岩控股,HK,-3.389827312208993,2025-08-01,1.7699999809265137,2026-07-31,1.7100000381469727,Yahoo Finance chart adjclose
1121,09047.HK,F山证铁矿石-U,HK,-3.4013653437030777,2025-08-01,2.940000057220459,2026-07-30,2.8399999141693115,Yahoo Finance chart adjclose
1122,01880.HK,中国中免,HK,-3.4052611201122795,2025-08-01,55.48956298828125,2026-07-31,53.599998474121094,Yahoo Finance chart adjclose
1123,03047.HK,F山证铁矿石,HK,-3.565216064453125,2025-08-01,23.0,2026-07-30,22.18000030517578,Yahoo Finance chart adjclose
1124,08313.HK,杰地集团,HK,-3.571429046593133,2025-08-01,0.02800000086426735,2026-07-31,0.027000000700354576,Yahoo Finance chart adjclose
1125,01314.HK,翠华控股,HK,-3.589743354616781,2025-08-01,0.19499999284744263,2026-07-31,0.18799999356269836,Yahoo Finance chart adjclose
1126,06127.HK,昭衍新药,HK,-3.63480510853601,2025-08-01,23.01660919189453,2026-07-31,22.18000030517578,Yahoo Finance chart adjclose
1127,83053.HK,A南方港元-R,HK,-3.6806075676494854,2025-08-01,1066.4000244140625,2026-07-30,1027.1500244140625,Yahoo Finance chart adjclose
1128,01525.HK,建桥教育,HK,-3.6857131381917707,2025-08-01,2.689112901687622,2026-07-31,2.5899999141693115,Yahoo Finance chart adjclose
1129,01820.HK,济丰包装,HK,-3.7665601945025773,2025-08-01,3.117419481277466,2026-07-31,3.0,Yahoo Finance chart adjclose
1130,08098.HK,昌利控股,HK,-3.846154397232282,2025-08-01,0.052000001072883606,2026-07-31,0.05000000074505806,Yahoo Finance chart adjclose
1131,01084.HK,绿新生物科技,HK,-3.858946240426564,2025-08-01,0.7072941064834595,2026-07-31,0.6800000071525574,Yahoo Finance chart adjclose
1132,01039.HK,畅由国际集团,HK,-4.000000596046438,2025-08-01,0.05000000074505806,2026-07-31,0.04800000041723251,Yahoo Finance chart adjclose
1133,83129.HK,中银大湾气候-R,HK,-4.025851587995644,2025-08-01,10.0600004196167,2026-07-30,9.654999732971191,Yahoo Finance chart adjclose
1134,83146.HK,华夏20美债-R,HK,-4.078182360510341,2026-04-20,632.2857666015625,2026-07-31,606.5,Yahoo Finance chart adjclose
1135,09156.HK,博时20美债-U,HK,-4.125175405535431,2025-08-01,98.41999816894531,2026-07-30,94.36000061035156,Yahoo Finance chart adjclose
1136,03366.HK,华侨城(亚洲),HK,-4.128435162038513,2025-08-01,0.21799999475479126,2026-07-31,0.20900000631809235,Yahoo Finance chart adjclose
1137,09107.HK,博时廿美债A-U,HK,-4.1446584009211085,2025-08-01,98.44000244140625,2026-07-30,94.36000061035156,Yahoo Finance chart adjclose
1138,02386.HK,中石化炼化工程,HK,-4.151882804296136,2025-08-01,5.65477991104126,2026-07-31,5.420000076293945,Yahoo Finance chart adjclose
1139,08379.HK,盈证国际,HK,-4.16666278615585,2025-08-01,0.11999999731779099,2026-07-31,0.11500000208616257,Yahoo Finance chart adjclose
1140,01094.HK,承辉国际,HK,-4.16666278615585,2025-08-01,0.47999998927116394,2026-07-31,0.46000000834465027,Yahoo Finance chart adjclose
1141,01995.HK,永升服务,HK,-4.176435497791542,2025-08-01,1.8784523010253906,2026-07-31,1.7999999523162842,Yahoo Finance chart adjclose
1142,03156.HK,博时20美债,HK,-4.220615690143703,2025-08-01,772.4000244140625,2026-07-30,739.7999877929688,Yahoo Finance chart adjclose
1143,03828.HK,明辉国际,HK,-4.308640629185145,2025-08-01,0.8046703338623047,2026-07-31,0.7699999809265137,Yahoo Finance chart adjclose
1144,01339.HK,中国人民保险集团,HK,-4.3854539333025855,2025-08-01,5.710428237915039,2026-07-31,5.460000038146973,Yahoo Finance chart adjclose
1145,01431.HK,原生态牧业,HK,-4.477616454795886,2025-08-01,0.33500000834465027,2026-07-31,0.3199999928474426,Yahoo Finance chart adjclose
1146,09889.HK,东莞农商银行,HK,-4.506290026278026,2025-08-01,3.497612476348877,2026-07-31,3.3399999141693115,Yahoo Finance chart adjclose
1147,01519.HK,极兔速递-W,HK,-4.631377832245986,2025-08-01,10.579999923706055,2026-07-31,10.09000015258789,Yahoo Finance chart adjclose
1148,02078.HK,荣阳实业,HK,-4.651155134611207,2025-08-01,0.1289999932050705,2026-07-31,0.12300000339746475,Yahoo Finance chart adjclose
1149,01425.HK,捷隆控股,HK,-4.729334084040815,2025-08-01,0.6297846436500549,2026-07-31,0.6000000238418579,Yahoo Finance chart adjclose
1150,03085.HK,潘渡以太币,HK,-4.7963775911568085,2026-03-09,5.525000095367432,2026-07-30,5.260000228881836,Yahoo Finance chart adjclose
1151,06609.HK,心玮医疗-B,HK,-4.800003051757818,2025-08-01,50.0,2026-07-31,47.599998474121094,Yahoo Finance chart adjclose
1152,02130.HK,嘉泓物流,HK,-4.821958339402599,2025-08-01,3.309587001800537,2026-07-31,3.1500000953674316,Yahoo Finance chart adjclose
1153,02281.HK,兴泸水务,HK,-4.8296046208440195,2025-08-01,0.6619705557823181,2026-07-31,0.6299999952316284,Yahoo Finance chart adjclose
1154,01708.HK,三宝科技,HK,-4.918037752603988,2025-08-01,0.3050000071525574,2026-07-31,0.28999999165534973,Yahoo Finance chart adjclose
1155,08106.HK,升华兰德,HK,-4.918037752603988,2025-08-01,0.3050000071525574,2026-07-31,0.28999999165534973,Yahoo Finance chart adjclose
1156,03417.HK,AGX恒科备兑,HK,-4.957699012606797,2025-08-01,7.943831443786621,2026-07-30,7.550000190734863,Yahoo Finance chart adjclose
1157,02385.HK,读书郎,HK,-4.969878468999367,2025-08-01,6.639999866485596,2026-07-31,6.309999942779541,Yahoo Finance chart adjclose
1158,08516.HK,广骏集团控股,HK,-5.000002607703169,2025-08-01,1.600000023841858,2026-07-31,1.5199999809265137,Yahoo Finance chart adjclose
1159,08360.HK,简朴新生活,HK,-5.063293717874329,2025-08-01,0.39500001072883606,2026-07-31,0.375,Yahoo Finance chart adjclose
1160,03320.HK,华润医药,HK,-5.063740345189771,2025-08-01,5.1086907386779785,2026-07-31,4.849999904632568,Yahoo Finance chart adjclose
1161,01809.HK,浦林成山,HK,-5.187070738416422,2025-08-01,7.055999755859375,2026-07-31,6.690000057220459,Yahoo Finance chart adjclose
1162,06098.HK,碧桂园服务,HK,-5.19722628824939,2025-08-01,5.9070000648498535,2026-07-31,5.599999904632568,Yahoo Finance chart adjclose
1163,01539.HK,知行集团控股,HK,-5.263152941442195,2025-08-01,0.3799999952316284,2026-07-31,0.36000001430511475,Yahoo Finance chart adjclose
1164,01400.HK,满地科技股份,HK,-5.263158926673251,2025-08-01,0.01899999938905239,2026-07-31,0.017999999225139618,Yahoo Finance chart adjclose
1165,06099.HK,招商证券,HK,-5.2703713551008775,2025-08-01,15.380615234375,2026-07-31,14.569999694824219,Yahoo Finance chart adjclose
1166,08601.HK,宝燵控股,HK,-5.279550153747492,2025-08-01,0.25337716937065125,2026-07-31,0.23999999463558197,Yahoo Finance chart adjclose
1167,02039.HK,中集集团,HK,-5.4809901111288255,2025-08-01,8.04071044921875,2026-07-31,7.599999904632568,Yahoo Finance chart adjclose
1168,89988.HK,阿里巴巴-WR,HK,-5.490909691781686,2025-08-01,106.65641021728516,2026-07-31,100.80000305175781,Yahoo Finance chart adjclose
1169,02011.HK,进腾集团,HK,-5.5944004643660445,2025-08-01,1.4299999475479126,2026-07-31,1.350000023841858,Yahoo Finance chart adjclose
1170,09696.HK,天齐锂业,HK,-5.7263823703957994,2025-08-01,35.45000076293945,2026-07-31,33.41999816894531,Yahoo Finance chart adjclose
1171,03056.HK,A潘渡创新,HK,-5.78947253944907,2025-08-01,22.799999237060547,2026-07-30,21.479999542236328,Yahoo Finance chart adjclose
1172,06690.HK,海尔智家,HK,-5.8372754856601645,2025-08-01,24.001005172729492,2026-07-31,22.600000381469727,Yahoo Finance chart adjclose
1173,01243.HK,宏安地产,HK,-5.882353585690325,2025-08-01,0.03400000184774399,2026-07-31,0.03200000151991844,Yahoo Finance chart adjclose
1174,02165.HK,领悦服务集团,HK,-5.917160973729663,2025-08-01,1.690000057220459,2026-07-31,1.590000033378601,Yahoo Finance chart adjclose
1175,02016.HK,浙商银行,HK,-5.9967518367857515,2025-08-01,2.5424654483795166,2026-07-31,2.390000104904175,Yahoo Finance chart adjclose
1176,02008.HK,凤凰卫视,HK,-6.040270657889668,2025-08-01,1.4900000095367432,2026-07-31,1.399999976158142,Yahoo Finance chart adjclose
1177,01123.HK,中港照相,HK,-6.08695578935693,2025-08-01,0.11500000208616257,2026-07-31,0.1080000028014183,Yahoo Finance chart adjclose
1178,01797.HK,东方甄选,HK,-6.170677566183114,2025-08-01,22.850000381469727,2026-07-31,21.440000534057617,Yahoo Finance chart adjclose
1179,01578.HK,天津银行,HK,-6.2207537186393935,2025-08-01,2.2606279850006104,2026-07-31,2.119999885559082,Yahoo Finance chart adjclose
1180,07311.HK,南方两倍做空Coinbase,HK,-6.238526378894993,2025-08-01,10.899999618530273,2026-07-30,10.220000267028809,Yahoo Finance chart adjclose
1181,01312.HK,华控康泰,HK,-6.250006548361542,2025-08-01,0.03200000151991844,2026-07-31,0.029999999329447746,Yahoo Finance chart adjclose
1182,01606.HK,国银金租,HK,-6.266786379209677,2025-08-01,1.5149378776550293,2026-07-31,1.4199999570846558,Yahoo Finance chart adjclose
1183,09311.HK,南方两倍做空Coinbase-U,HK,-6.349210444900921,2025-08-01,1.3860000371932983,2026-07-30,1.2979999780654907,Yahoo Finance chart adjclose
1184,02611.HK,国泰海通,HK,-6.4286058817162095,2025-08-01,15.955731391906738,2026-07-31,14.930000305175781,Yahoo Finance chart adjclose
1185,01910.HK,新秀丽,HK,-6.4341722256793465,2025-08-01,15.101667404174805,2026-07-31,14.130000114440918,Yahoo Finance chart adjclose
1186,82828.HK,恒生中国企业-R,HK,-6.4548738507688945,2025-08-01,81.8642349243164,2026-07-30,76.58000183105469,Yahoo Finance chart adjclose
1187,01601.HK,中关村科技租赁,HK,-6.455715566281183,2025-08-01,0.8338296413421631,2026-07-31,0.7799999713897705,Yahoo Finance chart adjclose
1188,01128.HK,永利澳门,HK,-6.464350153929366,2025-08-01,6.0725507736206055,2026-07-31,5.679999828338623,Yahoo Finance chart adjclose
1189,09826.HK,GX中国云算-U,HK,-6.464376992745279,2025-08-01,7.579999923706055,2026-07-30,7.090000152587891,Yahoo Finance chart adjclose
1190,06680.HK,金力永磁,HK,-6.5274271920559235,2025-08-01,17.566650390625,2026-07-31,16.420000076293945,Yahoo Finance chart adjclose
1191,03360.HK,远东宏信,HK,-6.556343909348994,2025-08-01,7.362725734710693,2026-07-31,6.880000114440918,Yahoo Finance chart adjclose
1192,01059.HK,看通集团,HK,-6.578949019519264,2025-08-01,0.3799999952316284,2026-07-31,0.35499998927116394,Yahoo Finance chart adjclose
1193,03692.HK,翰森制药,HK,-6.586768128877085,2025-08-01,34.44908142089844,2026-07-31,32.18000030517578,Yahoo Finance chart adjclose
1194,06818.HK,中国光大银行,HK,-6.586816230195347,2025-08-01,3.41493558883667,2026-07-31,3.190000057220459,Yahoo Finance chart adjclose
1195,09820.HK,GX中国生科-U,HK,-6.595171943136258,2025-08-01,9.324999809265137,2026-07-30,8.710000038146973,Yahoo Finance chart adjclose
1196,01083.HK,港华智慧能源,HK,-6.62970711749481,2025-08-01,3.7485156059265137,2026-07-31,3.5,Yahoo Finance chart adjclose
1197,02268.HK,药明合联,HK,-6.666668041332347,2025-08-01,55.5,2026-07-31,51.79999923706055,Yahoo Finance chart adjclose
1198,06831.HK,绿茶集团,HK,-6.672268726003249,2025-08-01,7.0182785987854,2026-07-31,6.550000190734863,Yahoo Finance chart adjclose
1199,82830.HK,南方沙特-R,HK,-6.743790864165666,2025-08-01,70.87999725341797,2026-07-30,66.0999984741211,Yahoo Finance chart adjclose
1200,02306.HK,乐华娱乐,HK,-6.763284551201199,2025-08-01,2.069999933242798,2026-07-31,1.9299999475479126,Yahoo Finance chart adjclose
1201,01801.HK,信达生物,HK,-6.774196829847112,2025-08-01,93.0,2026-07-31,86.69999694824219,Yahoo Finance chart adjclose
1202,01283.HK,高陞集团控股,HK,-6.801177737570995,2025-08-01,1.5880029201507568,2026-07-31,1.4800000190734863,Yahoo Finance chart adjclose
1203,01894.HK,恒益控股,HK,-6.82123948538128,2025-08-01,0.5366029739379883,2026-07-31,0.5,Yahoo Finance chart adjclose
1204,09404.HK,华夏印度-U,HK,-6.8259387748418,2025-08-01,0.8790000081062317,2026-07-30,0.8190000057220459,Yahoo Finance chart adjclose
1205,03167.HK,工银南方中国,HK,-6.955457181825375,2025-08-01,65.55999755859375,2026-07-30,61.0,Yahoo Finance chart adjclose
1206,03404.HK,华夏印度,HK,-6.9615666483147205,2025-08-01,6.894999980926514,2026-07-30,6.414999961853027,Yahoo Finance chart adjclose
1207,08545.HK,佰悦集团,HK,-6.976749424421014,2025-08-01,0.0430000014603138,2026-07-31,0.03999999910593033,Yahoo Finance chart adjclose
1208,09167.HK,工银南方中国-U,HK,-7.005993871357907,2025-08-01,8.350000381469727,2026-07-30,7.764999866485596,Yahoo Finance chart adjclose
1209,80388.HK,香港交易所-R,HK,-7.085899331521672,2025-08-01,377.7682800292969,2026-07-31,351.0,Yahoo Finance chart adjclose
1210,02658.HK,天域半导体,HK,-7.111113748432674,2025-12-05,40.5,2026-07-31,37.619998931884766,Yahoo Finance chart adjclose
1211,03432.HK,南方港股通,HK,-7.33243492037321,2025-08-01,111.1500015258789,2026-07-30,103.0,Yahoo Finance chart adjclose
1212,01585.HK,雅迪控股,HK,-7.405307297925557,2025-08-01,11.588136672973633,2026-07-31,10.729999542236328,Yahoo Finance chart adjclose
1213,03442.HK,南方港美科技,HK,-7.4292414105203815,2025-08-01,8.479999542236328,2026-07-30,7.849999904632568,Yahoo Finance chart adjclose
1214,01127.HK,狮子山集团,HK,-7.447543758012221,2025-08-01,1.2965620756149292,2026-07-31,1.2000000476837158,Yahoo Finance chart adjclose
1215,01900.HK,中国智能交通,HK,-7.575757917841164,2025-08-01,0.1979999989271164,2026-07-31,0.18299999833106995,Yahoo Finance chart adjclose
1216,80941.HK,中国移动-R,HK,-7.615142348850457,2025-08-11,77.7724838256836,2026-07-31,71.8499984741211,Yahoo Finance chart adjclose
1217,01090.HK,大明国际,HK,-7.692300638503314,2025-08-01,0.7799999713897705,2026-07-31,0.7200000286102295,Yahoo Finance chart adjclose
1218,03666.HK,上海小南国,HK,-7.692308794464564,2025-08-01,0.026000000536441803,2026-07-31,0.024000000208616257,Yahoo Finance chart adjclose
1219,09880.HK,优必选,HK,-7.696655959032183,2025-08-01,88.3499984741211,2026-07-31,81.55000305175781,Yahoo Finance chart adjclose
1220,02880.HK,辽港股份,HK,-7.733772478233069,2025-08-01,0.7803505659103394,2026-07-31,0.7200000286102295,Yahoo Finance chart adjclose
1221,07288.HK,南方两倍看多国指,HK,-7.765829946597947,2025-08-01,3.3480000495910645,2026-07-30,3.0880000591278076,Yahoo Finance chart adjclose
1222,01502.HK,金融街物业,HK,-7.776155927475625,2025-08-01,2.1686365604400635,2026-07-31,2.0,Yahoo Finance chart adjclose
1223,03989.HK,首创环境,HK,-7.77778495241066,2025-08-01,0.09000000357627869,2026-07-31,0.08299999684095383,Yahoo Finance chart adjclose
1224,01979.HK,天宝集团,HK,-7.864866702493356,2025-08-01,1.823408603668213,2026-07-31,1.6799999475479126,Yahoo Finance chart adjclose
1225,03382.HK,天津港发展,HK,-8.032741518654053,2025-08-01,0.6741529703140259,2026-07-31,0.6200000047683716,Yahoo Finance chart adjclose
1226,80737.HK,湾区发展-R,HK,-8.28402959550385,2025-08-01,1.690000057220459,2026-07-31,1.5499999523162842,Yahoo Finance chart adjclose
1227,01582.HK,华营建筑,HK,-8.333332742017397,2025-08-01,0.41999998688697815,2026-07-31,0.38499999046325684,Yahoo Finance chart adjclose
1228,01955.HK,庄臣控股,HK,-8.37057014279683,2025-08-01,0.6111573576927185,2026-07-31,0.5600000023841858,Yahoo Finance chart adjclose
1229,01186.HK,中国铁建,HK,-8.377092438900313,2025-08-01,5.1733784675598145,2026-07-31,4.739999771118164,Yahoo Finance chart adjclose
1230,02423.HK,贝壳-W,HK,-8.467996867630367,2025-08-01,47.43695831298828,2026-07-31,43.41999816894531,Yahoo Finance chart adjclose
1231,01830.HK,完美医疗,HK,-8.485027002871204,2025-08-01,1.4751684665679932,2026-07-31,1.350000023841858,Yahoo Finance chart adjclose
1232,09686.HK,熙康云医院,HK,-8.510636544000938,2025-08-01,0.9399999976158142,2026-07-31,0.8600000143051147,Yahoo Finance chart adjclose
1233,01916.HK,江西银行,HK,-8.517125394408131,2025-08-01,0.6558604836463928,2026-07-31,0.6000000238418579,Yahoo Finance chart adjclose
1234,02128.HK,中国联塑,HK,-8.559100545665398,2025-08-01,4.42909049987793,2026-07-31,4.050000190734863,Yahoo Finance chart adjclose
1235,01488.HK,百福控股,HK,-8.602148676927513,2025-08-01,0.9300000071525574,2026-07-31,0.8500000238418579,Yahoo Finance chart adjclose
1236,02279.HK,雍禾医疗,HK,-8.774074481473049,2025-08-01,2.674678325653076,2026-07-31,2.440000057220459,Yahoo Finance chart adjclose
1237,09806.HK,GX中国消费-U,HK,-8.856403463764762,2025-08-01,5.815000057220459,2026-07-30,5.300000190734863,Yahoo Finance chart adjclose
1238,03084.HK,AGX印度,HK,-8.944009821590871,2025-08-01,53.220001220703125,2026-07-30,48.459999084472656,Yahoo Finance chart adjclose
1239,01576.HK,齐鲁高速,HK,-8.979589794728437,2025-08-01,1.8347532749176025,2026-07-31,1.6699999570846558,Yahoo Finance chart adjclose
1240,02111.HK,超盈国际控股,HK,-8.985541179156487,2025-08-01,2.614969253540039,2026-07-31,2.380000114440918,Yahoo Finance chart adjclose
1241,01857.HK,中国光大水务,HK,-8.994299919341742,2025-08-01,1.4834235906600952,2026-07-31,1.350000023841858,Yahoo Finance chart adjclose
1242,06123.HK,圆通国际快递,HK,-9.090909090909093,2025-08-01,1.3200000524520874,2026-07-31,1.2000000476837158,Yahoo Finance chart adjclose
1243,02439.HK,中宝新材,HK,-9.090909090909093,2025-08-01,0.33000001311302185,2026-07-31,0.30000001192092896,Yahoo Finance chart adjclose
1244,09913.HK,智勤控股,HK,-9.090909947605397,2025-08-01,2.5299999713897705,2026-07-31,2.299999952316284,Yahoo Finance chart adjclose
1245,01825.HK,STERLING GP,HK,-9.090911061310525,2025-08-01,1.100000023841858,2026-07-31,1.0,Yahoo Finance chart adjclose
1246,08367.HK,倩碧控股,HK,-9.090911061310525,2025-08-01,0.2750000059604645,2026-07-31,0.25,Yahoo Finance chart adjclose
1247,02802.HK,A南方国指备兑,HK,-9.19582592311896,2026-01-05,7.896113395690918,2026-07-30,7.1700005531311035,Yahoo Finance chart adjclose
1248,02558.HK,晋商银行,HK,-9.271335443455019,2025-08-01,1.3116031885147095,2026-07-31,1.190000057220459,Yahoo Finance chart adjclose
1249,09084.HK,AGX印度-U,HK,-9.32451919794729,2025-08-01,6.809999942779541,2026-07-30,6.175000190734863,Yahoo Finance chart adjclose
1250,02020.HK,安踏体育,HK,-9.335779284720424,2025-08-01,87.07955169677734,2026-07-31,78.94999694824219,Yahoo Finance chart adjclose
1251,09788.HK,南方两倍做多英伟达-U,HK,-9.35328746997276,2025-08-01,18.709999084472656,2026-07-30,16.959999084472656,Yahoo Finance chart adjclose
1252,08091.HK,奥传思维控股,HK,-9.3750069121594,2025-08-01,0.03200000151991844,2026-07-31,0.028999999165534973,Yahoo Finance chart adjclose
1253,01252.HK,中国天瑞水泥,HK,-9.433959399563019,2025-08-01,0.26499998569488525,2026-07-31,0.23999999463558197,Yahoo Finance chart adjclose
1254,06082.HK,壁仞科技,HK,-9.518278776666623,2026-01-02,34.459999084472656,2026-07-31,31.18000030517578,Yahoo Finance chart adjclose
1255,03489.HK,易方达AI,HK,-9.52380755787603,2025-12-08,13.859999656677246,2026-07-30,12.539999961853027,Yahoo Finance chart adjclose
1256,06862.HK,海底捞,HK,-9.565222752661985,2025-08-01,13.147597312927246,2026-07-31,11.890000343322754,Yahoo Finance chart adjclose
1257,01971.HK,弘阳服务,HK,-9.58903986554499,2025-08-01,0.36500000953674316,2026-07-31,0.33000001311302185,Yahoo Finance chart adjclose
1258,01305.HK,伟志控股,HK,-9.638552399916433,2025-08-01,0.8299999833106995,2026-07-31,0.75,Yahoo Finance chart adjclose
1259,08282.HK,智傲控股,HK,-9.67741966495652,2025-08-01,0.6200000047683716,2026-07-31,0.5600000023841858,Yahoo Finance chart adjclose
1260,02898.HK,盛禾生物-B,HK,-9.745763625083148,2025-08-01,7.079999923706055,2026-07-31,6.389999866485596,Yahoo Finance chart adjclose
1261,01146.HK,汇成国际控股,HK,-9.771314088962768,2025-08-01,0.0620645210146904,2026-07-31,0.0560000017285347,Yahoo Finance chart adjclose
1262,07788.HK,南方两倍做多英伟达,HK,-9.867754054186351,2025-08-01,147.4499969482422,2026-07-30,132.89999389648438,Yahoo Finance chart adjclose
1263,06822.HK,科劲国际,HK,-9.890113273056667,2025-08-01,0.45500001311302185,2026-07-31,0.4099999964237213,Yahoo Finance chart adjclose
1264,09639.HK,荣利营造,HK,-9.900986651628196,2025-08-01,1.0099999904632568,2026-07-31,0.9100000262260437,Yahoo Finance chart adjclose
1265,01093.HK,石药集团,HK,-9.940418292197917,2025-08-01,9.527026176452637,2026-07-31,8.579999923706055,Yahoo Finance chart adjclose
1266,02400.HK,心动公司,HK,-9.962118177155554,2025-08-01,52.79999923706055,2026-07-31,47.540000915527344,Yahoo Finance chart adjclose
1267,06601.HK,朝云集团,HK,-9.970153356765564,2025-08-01,2.476956367492676,2026-07-31,2.2300000190734863,Yahoo Finance chart adjclose
1268,01251.HK,华油能源,HK,-10.000002384185791,2025-08-01,0.25,2026-07-31,0.22499999403953552,Yahoo Finance chart adjclose
1269,09489.HK,易方达AI-U,HK,-10.011247108185783,2025-12-08,1.777999997138977,2026-07-30,1.600000023841858,Yahoo Finance chart adjclose
1270,09909.HK,宝龙商业,HK,-10.041840962444882,2025-08-01,2.390000104904175,2026-07-31,2.1500000953674316,Yahoo Finance chart adjclose
1271,03918.HK,金界控股,HK,-10.24694026498124,2025-08-01,3.866163492202759,2026-07-31,3.4700000286102295,Yahoo Finance chart adjclose
1272,03174.HK,南方恒生生科,HK,-10.253645581462434,2025-08-01,3.7060000896453857,2026-07-30,3.3259999752044678,Yahoo Finance chart adjclose
1273,09916.HK,兴业物联,HK,-10.256408492959167,2025-08-01,0.38999998569488525,2026-07-31,0.3499999940395355,Yahoo Finance chart adjclose
1274,01442.HK,鹰辉物流,HK,-10.294116486933824,2025-08-01,0.3400000035762787,2026-07-31,0.3050000071525574,Yahoo Finance chart adjclose
1275,06838.HK,盈利时,HK,-10.344828294942287,2025-08-01,0.28999999165534973,2026-07-31,0.25999999046325684,Yahoo Finance chart adjclose
1276,02233.HK,西部水泥,HK,-10.412268255199963,2025-08-01,1.9980413913726807,2026-07-31,1.7899999618530273,Yahoo Finance chart adjclose
1277,03067.HK,安硕恒生科技,HK,-10.445148020497474,2025-08-01,11.322669982910156,2026-07-30,10.140000343322754,Yahoo Finance chart adjclose
1278,01193.HK,华润燃气,HK,-10.462161181090368,2025-08-01,18.684837341308594,2026-07-31,16.729999542236328,Yahoo Finance chart adjclose
1279,02196.HK,复星医药,HK,-10.473808822347252,2025-08-01,18.341001510620117,2026-07-31,16.420000076293945,Yahoo Finance chart adjclose
1280,09698.HK,万国数据-SW,HK,-10.503596024547546,2025-08-01,34.75,2026-07-31,31.100000381469727,Yahoo Finance chart adjclose
1281,01450.HK,交个朋友控股,HK,-10.527669763322345,2025-08-01,0.9835442900657654,2026-07-31,0.8799999952316284,Yahoo Finance chart adjclose
1282,08509.HK,威扬酒业控股,HK,-10.606068131899294,2025-08-01,0.6600000262260437,2026-07-31,0.5899999737739563,Yahoo Finance chart adjclose
1283,03088.HK,华夏恒生科技,HK,-10.651970666707289,2025-08-01,6.855215549468994,2026-07-30,6.125,Yahoo Finance chart adjclose
1284,02837.HK,GX恒生科技,HK,-10.676692149847899,2025-08-01,6.650000095367432,2026-07-30,5.940000057220459,Yahoo Finance chart adjclose
1285,07300.HK,南方一倍看空恒指,HK,-10.681197596636826,2025-08-01,3.6700000762939453,2026-07-30,3.2780001163482666,Yahoo Finance chart adjclose
1286,01618.HK,中国中冶,HK,-10.714282926653429,2025-08-01,1.6799999475479126,2026-07-31,1.5,Yahoo Finance chart adjclose
1287,01281.HK,鑫达投资控股,HK,-10.71428713977941,2025-08-01,0.1120000034570694,2026-07-31,0.10000000149011612,Yahoo Finance chart adjclose
1288,01856.HK,依波路,HK,-10.738252724652309,2025-08-01,1.4900000095367432,2026-07-31,1.3300000429153442,Yahoo Finance chart adjclose
1289,08057.HK,麦迪森控股,HK,-10.776984143476199,2025-08-01,0.6052250266075134,2026-07-31,0.5400000214576721,Yahoo Finance chart adjclose
1290,01005.HK,MATRIX HOLDINGS,HK,-10.827422337316461,2025-08-01,0.45978260040283203,2026-07-31,0.4099999964237213,Yahoo Finance chart adjclose
1291,01522.HK,京投交通科技,HK,-10.857143090695764,2025-08-01,0.2916666567325592,2026-07-31,0.25999999046325684,Yahoo Finance chart adjclose
1292,09088.HK,华夏恒生科技-U,HK,-10.90494044126954,2025-08-01,0.8754693865776062,2026-07-30,0.7799999713897705,Yahoo Finance chart adjclose
1293,03032.HK,恒生科技ETF,HK,-10.946190915871501,2025-08-01,5.389999866485596,2026-07-30,4.800000190734863,Yahoo Finance chart adjclose
1294,08140.HK,人和科技,HK,-10.948900544425367,2025-08-01,0.13699999451637268,2026-07-31,0.12200000137090683,Yahoo Finance chart adjclose
1295,08326.HK,同景新能源,HK,-10.967744850591343,2025-08-01,0.1550000011920929,2026-07-31,0.1379999965429306,Yahoo Finance chart adjclose
1296,03033.HK,南方恒生科技,HK,-10.981136502638888,2025-08-01,5.300000190734863,2026-07-30,4.7179999351501465,Yahoo Finance chart adjclose
1297,06880.HK,腾邦控股,HK,-11.028418616506897,2026-07-08,295.6000061035156,2026-07-31,263.0,Yahoo Finance chart adjclose
1298,01086.HK,好孩子国际,HK,-11.039981754873295,2025-08-01,1.0004494190216064,2026-07-31,0.8899999856948853,Yahoo Finance chart adjclose
1299,06993.HK,蓝月亮集团,HK,-11.094847763467897,2025-08-01,3.576845645904541,2026-07-31,3.180000066757202,Yahoo Finance chart adjclose
1300,02205.HK,康桥悦生活,HK,-11.267603623727451,2025-08-01,0.7099999785423279,2026-07-31,0.6299999952316284,Yahoo Finance chart adjclose
1301,03423.HK,招商恒生科技,HK,-11.288662768662105,2025-08-01,9.699999809265137,2026-07-30,8.604999542236328,Yahoo Finance chart adjclose
1302,01290.HK,中国汇融,HK,-11.381625172136978,2025-08-01,0.5867857336997986,2026-07-31,0.5199999809265137,Yahoo Finance chart adjclose
1303,08419.HK,AV策划推广,HK,-11.392408764108119,2025-08-01,0.07900000363588333,2026-07-31,0.07000000029802322,Yahoo Finance chart adjclose
1304,01111.HK,华视集团控股,HK,-11.47540853456669,2025-08-01,0.24400000274181366,2026-07-31,0.2160000056028366,Yahoo Finance chart adjclose
1305,01881.HK,富豪产业信托,HK,-11.478596234368066,2025-08-01,0.4405713975429535,2026-07-31,0.38999998569488525,Yahoo Finance chart adjclose
1306,01257.HK,中国光大绿色环保,HK,-11.52915218251077,2025-08-01,0.8590400218963623,2026-07-31,0.7599999904632568,Yahoo Finance chart adjclose
1307,09836.HK,安硕印度-U,HK,-11.537174301789177,2025-08-01,5.116273403167725,2026-07-30,4.526000022888184,Yahoo Finance chart adjclose
1308,08423.HK,CHI HO DEV,HK,-11.538463191696845,2025-08-01,0.052000001072883606,2026-07-31,0.04600000008940697,Yahoo Finance chart adjclose
1309,01002.HK,威铖国际,HK,-11.538463191696845,2025-08-01,0.052000001072883606,2026-07-31,0.04600000008940697,Yahoo Finance chart adjclose
1310,03015.HK,XTRN50印度,HK,-11.599625818521986,2025-08-01,2138.0,2026-07-30,1890.0,Yahoo Finance chart adjclose
1311,03329.HK,交银国际,HK,-11.666674945089229,2025-08-01,0.6000000238418579,2026-07-31,0.5299999713897705,Yahoo Finance chart adjclose
1312,01591.HK,汛和集团,HK,-11.688306410450554,2025-08-01,0.15399999916553497,2026-07-31,0.13600000739097595,Yahoo Finance chart adjclose
1313,06868.HK,天福,HK,-11.748010517906138,2025-08-01,2.991434097290039,2026-07-31,2.640000104904175,Yahoo Finance chart adjclose
1314,02411.HK,百果园集团,HK,-11.81121053113533,2025-08-01,1.6441999673843384,2026-07-31,1.4500000476837158,Yahoo Finance chart adjclose
1315,08536.HK,TL NATURAL GAS,HK,-11.851853323571415,2025-08-01,0.27000001072883606,2026-07-31,0.23800000548362732,Yahoo Finance chart adjclose
1316,08357.HK,REPUBLIC HC,HK,-11.874996391124949,2025-08-01,0.1599999964237213,2026-07-31,0.14100000262260437,Yahoo Finance chart adjclose
1317,01739.HK,齐屹科技,HK,-11.890266451870124,2025-08-01,0.17024226486682892,2026-07-31,0.15000000596046448,Yahoo Finance chart adjclose
1318,02627.HK,中慧生物-B,HK,-11.899036147008902,2025-08-11,33.279998779296875,2026-07-31,29.31999969482422,Yahoo Finance chart adjclose
1319,08076.HK,新利软件,HK,-12.000001788139315,2025-08-01,0.02500000037252903,2026-07-31,0.02199999988079071,Yahoo Finance chart adjclose
1320,02000.HK,晨讯科技,HK,-12.068964631322142,2025-08-01,0.28999999165534973,2026-07-31,0.2549999952316284,Yahoo Finance chart adjclose
1321,02535.HK,泓基集团,HK,-12.068964631322142,2025-08-01,0.5799999833106995,2026-07-31,0.5099999904632568,Yahoo Finance chart adjclose
1322,08473.HK,弥明生活百货,HK,-12.09402336877039,2025-08-01,0.11148274689912796,2026-07-31,0.09799999743700027,Yahoo Finance chart adjclose
1323,02309.HK,大象未来集团,HK,-12.135922667195665,2025-08-01,2.059999942779541,2026-07-31,1.809999942779541,Yahoo Finance chart adjclose
1324,82331.HK,李宁-R,HK,-12.193334917491484,2025-08-01,14.873586654663086,2026-07-31,13.0600004196167,Yahoo Finance chart adjclose
1325,02409.HK,洲际船务,HK,-12.240184312431646,2025-08-01,4.329999923706055,2026-07-31,3.799999952316284,Yahoo Finance chart adjclose
1326,02518.HK,汽车之家-S,HK,-12.262923853996167,2025-08-01,50.33219909667969,2026-07-31,44.15999984741211,Yahoo Finance chart adjclose
1327,08137.HK,洪桥集团,HK,-12.26414553250793,2025-08-01,0.5299999713897705,2026-07-31,0.4650000035762787,Yahoo Finance chart adjclose
1328,01870.HK,益美国际控股,HK,-12.280700493130404,2025-08-01,0.2280000001192093,2026-07-31,0.20000000298023224,Yahoo Finance chart adjclose
1329,01270.HK,朗廷-SS,HK,-12.318929892171537,2025-08-01,0.5474385619163513,2026-07-31,0.47999998927116394,Yahoo Finance chart adjclose
1330,83404.HK,华夏印度-R,HK,-12.401261561982956,2025-08-01,6.329999923706055,2026-07-30,5.545000076293945,Yahoo Finance chart adjclose
1331,02389.HK,北京健康,HK,-12.5,2025-08-01,0.08799999952316284,2026-07-31,0.07699999958276749,Yahoo Finance chart adjclose
1332,07588.HK,南方两倍看空恒生国指,HK,-12.51518632896882,2025-08-01,1.6460000276565552,2026-07-30,1.440000057220459,Yahoo Finance chart adjclose
1333,03996.HK,中国能源建设,HK,-12.564622091703836,2025-08-01,1.258072018623352,2026-07-31,1.100000023841858,Yahoo Finance chart adjclose
1334,01204.HK,博维智慧,HK,-12.568306758456515,2025-08-01,1.8300000429153442,2026-07-31,1.600000023841858,Yahoo Finance chart adjclose
1335,06889.HK,DYNAM JAPAN,HK,-12.649554313813915,2025-08-01,3.4229934215545654,2026-07-31,2.990000009536743,Yahoo Finance chart adjclose
1336,80291.HK,华润啤酒-R,HK,-12.79221916253852,2025-08-07,23.277738571166992,2026-07-31,20.299999237060547,Yahoo Finance chart adjclose
1337,01551.HK,广州农商银行,HK,-12.817273760524984,2025-08-01,1.7205243110656738,2026-07-31,1.5,Yahoo Finance chart adjclose
1338,01373.HK,国际家居零售,HK,-12.84013250751299,2025-08-01,0.7916487455368042,2026-07-31,0.6899999976158142,Yahoo Finance chart adjclose
1339,01932.HK,中漆集团,HK,-12.987010348082418,2025-08-01,0.15399999916553497,2026-07-31,0.1340000033378601,Yahoo Finance chart adjclose
1340,01240.HK,青建国际,HK,-13.065330584131507,2025-08-01,0.19900000095367432,2026-07-31,0.17299999296665192,Yahoo Finance chart adjclose
1341,83167.HK,工银南方中国-R,HK,-13.083804879312344,2025-08-01,60.380001068115234,2026-07-30,52.47999954223633,Yahoo Finance chart adjclose
1342,02023.HK,中国绿岛科技,HK,-13.095233111289472,2025-08-01,0.8399999737739563,2026-07-31,0.7300000190734863,Yahoo Finance chart adjclose
1343,80020.HK,商汤-WR,HK,-13.194447893787176,2025-08-01,1.440000057220459,2026-07-31,1.25,Yahoo Finance chart adjclose
1344,06622.HK,兆科眼科-B,HK,-13.28670943918363,2025-08-01,2.859999895095825,2026-07-31,2.4800000190734863,Yahoo Finance chart adjclose
1345,01778.HK,彩生活,HK,-13.294790717489214,2025-08-01,0.17299999296665192,2026-07-31,0.15000000596046448,Yahoo Finance chart adjclose
1346,02507.HK,西锐,HK,-13.306883737498454,2025-08-01,50.546112060546875,2026-07-31,43.81999969482422,Yahoo Finance chart adjclose
1347,09973.HK,奇瑞汽车,HK,-13.381077758789905,2025-09-25,30.801584243774414,2026-07-31,26.68000030517578,Yahoo Finance chart adjclose
1348,01853.HK,春城热力,HK,-13.508664965193429,2025-08-01,1.5608500242233276,2026-07-31,1.350000023841858,Yahoo Finance chart adjclose
1349,01702.HK,东光化工,HK,-13.556559516152443,2025-08-01,1.6658291816711426,2026-07-31,1.440000057220459,Yahoo Finance chart adjclose
1350,01876.HK,百威亚太,HK,-13.579791516975813,2025-08-01,7.613959789276123,2026-07-31,6.579999923706055,Yahoo Finance chart adjclose
1351,02076.HK,BOSS直聘-W,HK,-13.618407907634078,2025-08-01,72.93220520019531,2026-07-31,63.0,Yahoo Finance chart adjclose
1352,08136.HK,英马斯集团,HK,-13.636365945427887,2025-08-01,0.04399999976158142,2026-07-31,0.03799999877810478,Yahoo Finance chart adjclose
1353,01145.HK,勇利投资,HK,-13.690477510377818,2025-08-01,0.1679999977350235,2026-07-31,0.14499999582767487,Yahoo Finance chart adjclose
1354,09069.HK,华夏恒生生科-U,HK,-13.787451290786235,2025-08-01,2.0669844150543213,2026-07-30,1.781999945640564,Yahoo Finance chart adjclose
1355,02307.HK,锦兴国际控股,HK,-13.793097542147592,2025-08-01,0.17399999499320984,2026-07-31,0.15000000596046448,Yahoo Finance chart adjclose
1356,01483.HK,网誉科技,HK,-13.793100967701989,2025-08-01,1.159999966621399,2026-07-31,1.0,Yahoo Finance chart adjclose
1357,03069.HK,华夏恒生生科,HK,-13.852916753226962,2025-08-01,16.204843521118164,2026-07-30,13.960000038146973,Yahoo Finance chart adjclose
1358,01612.HK,永胜医疗,HK,-14.01770444503746,2025-08-01,0.8257513642311096,2026-07-31,0.7099999785423279,Yahoo Finance chart adjclose
1359,01789.HK,爱康医疗,HK,-14.071046886435667,2025-08-01,6.412274360656738,2026-07-31,5.510000228881836,Yahoo Finance chart adjclose
1360,83489.HK,易方达AI-R,HK,-14.081141981396906,2025-12-08,12.569999694824219,2026-07-30,10.800000190734863,Yahoo Finance chart adjclose
1361,09067.HK,安硕恒生科技-U,HK,-14.101999720343183,2025-08-01,1.50643789768219,2026-07-30,1.2940000295639038,Yahoo Finance chart adjclose
1362,01812.HK,晨鸣纸业,HK,-14.10255881221082,2025-08-01,0.7799999713897705,2026-07-31,0.6700000166893005,Yahoo Finance chart adjclose
1363,01427.HK,中国天保集团,HK,-14.225939518242326,2025-08-01,0.23899999260902405,2026-07-31,0.20499999821186066,Yahoo Finance chart adjclose
1364,01503.HK,招商局商业房托,HK,-14.23440300555795,2025-08-01,1.2126073837280273,2026-07-31,1.0399999618530273,Yahoo Finance chart adjclose
1365,02298.HK,都市丽人,HK,-14.244192770771203,2025-08-01,0.3440000116825104,2026-07-31,0.29499998688697815,Yahoo Finance chart adjclose
1366,02841.HK,GX中国医疗科技,HK,-14.317374196362387,2025-12-24,45.119998931884766,2026-07-30,38.65999984741211,Yahoo Finance chart adjclose
1367,01848.HK,中国飞机租赁,HK,-14.534264888268588,2025-08-01,4.165411949157715,2026-07-31,3.559999942779541,Yahoo Finance chart adjclose
1368,06049.HK,保利物业,HK,-14.682528513972493,2025-08-01,32.93581008911133,2026-07-31,28.100000381469727,Yahoo Finance chart adjclose
1369,01527.HK,天洁环境,HK,-14.69194114654031,2025-08-01,2.109999895095825,2026-07-31,1.7999999523162842,Yahoo Finance chart adjclose
1370,06093.HK,和泓服务,HK,-14.736840784384587,2025-08-01,0.949999988079071,2026-07-31,0.8100000023841858,Yahoo Finance chart adjclose
1371,03931.HK,中创新航,HK,-14.768146585894037,2025-08-01,19.84000015258789,2026-07-31,16.90999984741211,Yahoo Finance chart adjclose
1372,03848.HK,浩森金融科技,HK,-14.77979273544422,2025-08-01,2.605015993118286,2026-07-31,2.2200000286102295,Yahoo Finance chart adjclose
1373,03322.HK,永嘉集团,HK,-14.798209214570502,2025-08-01,0.22300000488758087,2026-07-31,0.1899999976158142,Yahoo Finance chart adjclose
1374,03838.HK,中国淀粉,HK,-14.877761196921224,2025-08-01,0.19383889436721802,2026-07-31,0.16500000655651093,Yahoo Finance chart adjclose
1375,03881.HK,希迪智驾,HK,-14.933925916565016,2025-12-19,22.700000762939453,2026-07-31,19.309999465942383,Yahoo Finance chart adjclose
1376,01695.HK,椰丰集团,HK,-15.000000372529021,2025-08-01,0.10000000149011612,2026-07-31,0.08500000089406967,Yahoo Finance chart adjclose
1377,03184.HK,GX印度精选十强,HK,-15.089415849612243,2025-08-01,53.68000030517578,2026-07-30,45.58000183105469,Yahoo Finance chart adjclose
1378,02190.HK,归创通桥,HK,-15.11496044604419,2025-08-01,22.477458953857422,2026-07-31,19.079999923706055,Yahoo Finance chart adjclose
1379,03778.HK,中国织材控股,HK,-15.20323589113758,2025-08-01,3.4789063930511475,2026-07-31,2.950000047683716,Yahoo Finance chart adjclose
1380,09626.HK,哔哩哔哩-W,HK,-15.212399807259247,2025-08-01,174.1999969482422,2026-07-31,147.6999969482422,Yahoo Finance chart adjclose
1381,08093.HK,瓦普思瑞元宇宙,HK,-15.254233521108173,2025-08-01,2.359999895095825,2026-07-31,2.0,Yahoo Finance chart adjclose
1382,01395.HK,强泰环保,HK,-15.328466200575729,2025-08-01,0.13699999451637268,2026-07-31,0.11599999666213989,Yahoo Finance chart adjclose
1383,08121.HK,国恩控股,HK,-15.384610446952319,2025-08-01,0.6499999761581421,2026-07-31,0.550000011920929,Yahoo Finance chart adjclose
1384,01269.HK,首控集团,HK,-15.384617588929128,2025-08-01,0.052000001072883606,2026-07-31,0.04399999976158142,Yahoo Finance chart adjclose
1385,06657.HK,百望股份,HK,-15.57669401364673,2025-08-01,16.81999969482422,2026-07-31,14.199999809265137,Yahoo Finance chart adjclose
1386,02511.HK,君圣泰医药-B,HK,-15.584416589722483,2025-08-01,3.0799999237060547,2026-07-31,2.5999999046325684,Yahoo Finance chart adjclose
1387,01787.HK,山东黄金,HK,-15.596230786319708,2025-08-01,23.885189056396484,2026-07-31,20.15999984741211,Yahoo Finance chart adjclose
1388,02696.HK,复宏汉霖,HK,-15.681815869880445,2025-08-01,66.0,2026-07-31,55.650001525878906,Yahoo Finance chart adjclose
1389,09898.HK,微博-SW,HK,-15.721389808029718,2025-08-01,75.04869842529297,2026-07-31,63.25,Yahoo Finance chart adjclose
1390,02812.HK,三星中国龙网,HK,-15.789472216567724,2025-08-01,13.680000305175781,2026-07-30,11.520000457763672,Yahoo Finance chart adjclose
1391,01033.HK,中石化油服,HK,-15.789474509759637,2025-08-01,0.7599999904632568,2026-07-31,0.6399999856948853,Yahoo Finance chart adjclose
1392,09812.HK,三星中国龙网-U,HK,-15.862070193991883,2025-08-01,1.7400000095367432,2026-07-30,1.4639999866485596,Yahoo Finance chart adjclose
1393,80700.HK,腾讯控股-R,HK,-15.91462018059666,2025-08-01,485.9346618652344,2026-07-31,408.6000061035156,Yahoo Finance chart adjclose
1394,06199.HK,贵州银行,HK,-16.009244330124694,2025-08-01,1.0596404075622559,2026-07-31,0.8899999856948853,Yahoo Finance chart adjclose
1395,02273.HK,固生堂,HK,-16.017566639610013,2025-08-01,35.03113555908203,2026-07-31,29.420000076293945,Yahoo Finance chart adjclose
1396,08481.HK,盛龙锦秀国际,HK,-16.16161865502542,2025-08-01,0.4950000047683716,2026-07-31,0.41499999165534973,Yahoo Finance chart adjclose
1397,03709.HK,赢家时尚,HK,-16.205586626817727,2025-08-01,6.33693790435791,2026-07-31,5.309999942779541,Yahoo Finance chart adjclose
1398,09919.HK,艾德韦宣集团,HK,-16.354407633684232,2025-08-01,0.9085953831672668,2026-07-31,0.7599999904632568,Yahoo Finance chart adjclose
1399,81211.HK,比亚迪股份-R,HK,-16.391754150390625,2026-04-17,97.0,2026-07-31,81.0999984741211,Yahoo Finance chart adjclose
1400,09911.HK,赤子城科技,HK,-16.410260322766423,2025-08-01,9.75,2026-07-31,8.149999618530273,Yahoo Finance chart adjclose
1401,02399.HK,中国安储能源,HK,-16.43835638808273,2025-08-01,0.36500000953674316,2026-07-31,0.3050000071525574,Yahoo Finance chart adjclose
1402,82020.HK,安踏体育-R,HK,-16.450040422629186,2025-08-01,81.14905548095703,2026-07-31,67.80000305175781,Yahoo Finance chart adjclose
1403,02051.HK,VALA,HK,-16.455695151977125,2025-08-01,0.39500001072883606,2026-07-31,0.33000001311302185,Yahoo Finance chart adjclose
1404,08490.HK,骏码半导体,HK,-16.541353130739534,2025-08-01,0.13300000131130219,2026-07-31,0.11100000143051147,Yahoo Finance chart adjclose
1405,02313.HK,申洲国际,HK,-16.585010286990766,2025-08-01,53.443634033203125,2026-07-31,44.58000183105469,Yahoo Finance chart adjclose
1406,03399.HK,粤运交通,HK,-16.591091722275543,2025-08-01,1.6425104141235352,2026-07-31,1.3700000047683716,Yahoo Finance chart adjclose
1407,01051.HK,国际资源,HK,-16.62766300719842,2025-08-01,9.667475700378418,2026-07-31,8.0600004196167,Yahoo Finance chart adjclose
1408,03737.HK,中智药业,HK,-16.666665484034795,2025-08-01,0.8399999737739563,2026-07-31,0.699999988079071,Yahoo Finance chart adjclose
1409,01802.HK,文业集团,HK,-16.666665516885736,2025-08-01,0.05400000140070915,2026-07-31,0.04500000178813934,Yahoo Finance chart adjclose
1410,01758.HK,博骏教育,HK,-16.666670608772737,2025-08-01,0.12600000202655792,2026-07-31,0.10499999672174454,Yahoo Finance chart adjclose
1411,01170.HK,信星集团,HK,-16.68983980514701,2025-08-01,0.5281468629837036,2026-07-31,0.4399999976158142,Yahoo Finance chart adjclose
1412,83088.HK,华夏恒生科技-R,HK,-16.7019947371174,2025-08-01,6.326682090759277,2026-07-30,5.269999980926514,Yahoo Finance chart adjclose
1413,02560.HK,海螺材料科技,HK,-16.703435580564264,2025-08-01,1.7167574167251587,2026-07-31,1.4299999475479126,Yahoo Finance chart adjclose
1414,06806.HK,申万宏源,HK,-16.750730501583412,2025-08-01,3.087114095687866,2026-07-31,2.569999933242798,Yahoo Finance chart adjclose
1415,02030.HK,卡宾,HK,-16.781541954668665,2025-08-01,1.5381202697753906,2026-07-31,1.2799999713897705,Yahoo Finance chart adjclose
1416,01565.HK,成实外教育,HK,-16.82272918975316,2025-08-01,0.22121427953243256,2026-07-31,0.18400000035762787,Yahoo Finance chart adjclose
1417,01572.HK,中国艺术金融,HK,-16.842100392418168,2025-08-01,0.0949999988079071,2026-07-31,0.07900000363588333,Yahoo Finance chart adjclose
1418,02383.HK,TOM集团,HK,-16.853930176305187,2025-08-01,0.4449999928474426,2026-07-31,0.3700000047683716,Yahoo Finance chart adjclose
1419,02666.HK,环球医疗,HK,-16.86184117585463,2025-08-01,5.869747638702393,2026-07-31,4.880000114440918,Yahoo Finance chart adjclose
1420,01114.HK,华晨中国,HK,-16.914236449451003,2025-08-01,2.467329978942871,2026-07-31,2.049999952316284,Yahoo Finance chart adjclose
1421,03406.HK,平安科技精选,HK,-16.977928619393712,2025-10-06,17.670000076293945,2026-07-30,14.670000076293945,Yahoo Finance chart adjclose
1422,02889.HK,博泰车联,HK,-17.006367482956808,2025-09-30,157.0,2026-07-31,130.3000030517578,Yahoo Finance chart adjclose
1423,08028.HK,天时资源,HK,-17.021272042424563,2025-08-01,0.18799999356269836,2026-07-31,0.15600000321865082,Yahoo Finance chart adjclose
1424,06686.HK,诺亚控股,HK,-17.05046878552058,2025-08-01,16.612510681152344,2026-07-31,13.779999732971191,Yahoo Finance chart adjclose
1425,02421.HK,嘉创地产,HK,-17.14285811599422,2025-08-01,0.699999988079071,2026-07-31,0.5799999833106995,Yahoo Finance chart adjclose
1426,03323.HK,中国建材,HK,-17.159793830809523,2025-08-01,4.5026445388793945,2026-07-31,3.7300000190734863,Yahoo Finance chart adjclose
1427,08603.HK,亮晴控股(一千),HK,-17.165066087009095,2026-07-17,16.719999313354492,2026-07-31,13.850000381469727,Yahoo Finance chart adjclose
1428,03958.HK,东方证券,HK,-17.166935139288142,2025-08-01,6.893382549285889,2026-07-31,5.710000038146973,Yahoo Finance chart adjclose
1429,01196.HK,伟禄集团,HK,-17.216976888241508,2025-08-01,8.479999542236328,2026-07-31,7.019999980926514,Yahoo Finance chart adjclose
1430,01376.HK,RAFFLESINTERIOR,HK,-17.24137620962749,2025-08-01,0.11599999666213989,2026-07-31,0.09600000083446503,Yahoo Finance chart adjclose
1431,02866.HK,中远海发,HK,-17.246204830932633,2025-08-01,1.1238155364990234,2026-07-31,0.9300000071525574,Yahoo Finance chart adjclose
1432,03102.HK,工银KWEB,HK,-17.276105127553297,2026-02-09,37.7400016784668,2026-07-30,31.219999313354492,Yahoo Finance chart adjclose
1433,01049.HK,时富投资,HK,-17.30768789906457,2025-08-01,1.0399999618530273,2026-07-31,0.8600000143051147,Yahoo Finance chart adjclose
1434,08020.HK,宏海控股集团,HK,-17.391307164680747,2025-08-01,0.023000000044703484,2026-07-31,0.01899999938905239,Yahoo Finance chart adjclose
1435,01691.HK,JS环球生活,HK,-17.543863440533393,2025-08-01,1.7100000381469727,2026-07-31,1.409999966621399,Yahoo Finance chart adjclose
1436,06996.HK,德琪医药-B,HK,-17.573224178196632,2025-08-01,4.78000020980835,2026-07-31,3.940000057220459,Yahoo Finance chart adjclose
1437,09406.HK,平安科技精选-U,HK,-17.6936644567126,2025-10-06,2.2720000743865967,2026-07-30,1.8700000047683716,Yahoo Finance chart adjclose
1438,02363.HK,通达宏泰,HK,-17.808218059586356,2025-08-01,0.36500000953674316,2026-07-31,0.30000001192092896,Yahoo Finance chart adjclose
1439,02348.HK,东瑞制药,HK,-17.828177417591075,2025-08-01,1.2656406164169312,2026-07-31,1.0399999618530273,Yahoo Finance chart adjclose
1440,08062.HK,俊盟国际,HK,-17.85018106807198,2025-08-01,0.3043220341205597,2026-07-31,0.25,Yahoo Finance chart adjclose
1441,01949.HK,佰达国际控股-新,HK,-17.9104480267527,2025-08-01,0.6700000166893005,2026-07-31,0.550000011920929,Yahoo Finance chart adjclose
1442,01786.HK,铁建装备,HK,-17.924346002306347,2025-08-01,0.877239465713501,2026-07-31,0.7200000286102295,Yahoo Finance chart adjclose
1443,09982.HK,中原建业,HK,-18.181814487315386,2025-08-01,0.10999999940395355,2026-07-31,0.09000000357627869,Yahoo Finance chart adjclose
1444,08291.HK,港娱国际,HK,-18.181818181818176,2025-08-01,0.33000001311302185,2026-07-31,0.27000001072883606,Yahoo Finance chart adjclose
1445,01556.HK,建业建荣,HK,-18.203558246160632,2025-08-01,0.33008772134780884,2026-07-31,0.27000001072883606,Yahoo Finance chart adjclose
1446,06911.HK,澜沧古茶,HK,-18.272423722886323,2025-08-01,3.009999990463257,2026-07-31,2.4600000381469727,Yahoo Finance chart adjclose
1447,02556.HK,迈富时,HK,-18.29154828825993,2025-08-01,53.849998474121094,2026-07-31,44.0,Yahoo Finance chart adjclose
1448,02602.HK,万物云,HK,-18.324687974810672,2025-08-01,20.691686630249023,2026-07-31,16.899999618530273,Yahoo Finance chart adjclose
1449,01372.HK,中国碳中和,HK,-18.354435011737213,2025-08-01,1.5800000429153442,2026-07-31,1.2899999618530273,Yahoo Finance chart adjclose
1450,01935.HK,嘉宏教育,HK,-18.47826234841389,2025-08-01,0.9200000166893005,2026-07-31,0.75,Yahoo Finance chart adjclose
1451,01928.HK,金沙中国有限公司,HK,-18.4837896433956,2025-08-01,18.057758331298828,2026-07-31,14.720000267028809,Yahoo Finance chart adjclose
1452,03189.HK,易方达白酒,HK,-18.484042995875395,2025-08-01,1.503999948501587,2026-07-30,1.2259999513626099,Yahoo Finance chart adjclose
1453,01226.HK,中国投融资,HK,-18.518522197817433,2025-08-01,1.0800000429153442,2026-07-31,0.8799999952316284,Yahoo Finance chart adjclose
1454,01587.HK,欣融国际,HK,-18.56452516987308,2025-08-01,0.6139830350875854,2026-07-31,0.5,Yahoo Finance chart adjclose
1455,01211.HK,比亚迪股份,HK,-18.589146172988357,2025-08-01,115.6479721069336,2026-07-31,94.1500015258789,Yahoo Finance chart adjclose
1456,02119.HK,捷荣国际控股,HK,-18.656032408071532,2025-08-01,0.5654998421669006,2026-07-31,0.46000000834465027,Yahoo Finance chart adjclose
1457,01600.HK,天伦燃气,HK,-18.70463347188187,2025-08-01,3.284320116043091,2026-07-31,2.6700000762939453,Yahoo Finance chart adjclose
1458,01547.HK,IBI GROUP HLDGS,HK,-18.707487726199957,2025-08-01,0.2398744821548462,2026-07-31,0.19499999284744263,Yahoo Finance chart adjclose
1459,03999.HK,大成食品,HK,-18.75000116415324,2025-08-01,0.6399999856948853,2026-07-31,0.5199999809265137,Yahoo Finance chart adjclose
1460,01873.HK,维亚生物,HK,-18.75000419095152,2025-08-01,1.600000023841858,2026-07-31,1.2999999523162842,Yahoo Finance chart adjclose
1461,06882.HK,东瀛游,HK,-18.789410186891743,2025-08-01,0.5664286017417908,2026-07-31,0.46000000834465027,Yahoo Finance chart adjclose
1462,01988.HK,民生银行,HK,-18.985585966782292,2025-08-01,4.480684280395508,2026-07-31,3.630000114440918,Yahoo Finance chart adjclose
1463,02230.HK,羚邦集团,HK,-18.99213713533522,2025-08-01,0.25429630279541016,2026-07-31,0.20600000023841858,Yahoo Finance chart adjclose
1464,02549.HK,卡罗特,HK,-18.998672752023705,2025-08-01,4.592517375946045,2026-07-31,3.7200000286102295,Yahoo Finance chart adjclose
1465,08621.HK,METROPOLIS CAP,HK,-19.04761355682828,2025-08-01,0.041999999433755875,2026-07-31,0.03400000184774399,Yahoo Finance chart adjclose
1466,01993.HK,雅仕维,HK,-19.04761994867189,2025-08-01,0.6299999952316284,2026-07-31,0.5099999904632568,Yahoo Finance chart adjclose
1467,06618.HK,京东健康,HK,-19.179484049479168,2025-08-01,48.75,2026-07-31,39.400001525878906,Yahoo Finance chart adjclose
1468,83069.HK,华夏恒生生科-R,HK,-19.191916485456417,2025-08-01,14.948999404907227,2026-07-30,12.079999923706055,Yahoo Finance chart adjclose
1469,02153.HK,达丰设备,HK,-19.23076878990646,2025-08-01,1.0399999618530273,2026-07-31,0.8399999737739563,Yahoo Finance chart adjclose
1470,03146.HK,华夏20美债,HK,-19.298971406425657,2025-11-10,751.5393676757812,2026-07-30,606.5,Yahoo Finance chart adjclose
1471,06858.HK,本间高尔夫,HK,-19.373221327771407,2025-08-01,3.509999990463257,2026-07-31,2.8299999237060547,Yahoo Finance chart adjclose
1472,01965.HK,朗诗绿色生活,HK,-19.411768779210114,2025-08-01,0.17000000178813934,2026-07-31,0.13699999451637268,Yahoo Finance chart adjclose
1473,83102.HK,工银KWEB-R,HK,-19.61722408894725,2026-02-09,33.439998626708984,2026-07-30,26.8799991607666,Yahoo Finance chart adjclose
1474,02498.HK,速腾聚创,HK,-19.662731867498906,2025-08-01,29.649999618530273,2026-07-31,23.81999969482422,Yahoo Finance chart adjclose
1475,08412.HK,新爱德集团,HK,-19.696977222808385,2025-08-01,0.33000001311302185,2026-07-31,0.26499998569488525,Yahoo Finance chart adjclose
1476,01907.HK,中国旭阳集团,HK,-19.777029828263395,2025-08-01,2.30607271194458,2026-07-31,1.850000023841858,Yahoo Finance chart adjclose
1477,09668.HK,渤海银行,HK,-19.801979204706434,2025-08-01,1.0099999904632568,2026-07-31,0.8100000023841858,Yahoo Finance chart adjclose
1478,01461.HK,中泰期货,HK,-19.851000472425508,2025-08-01,0.7985127568244934,2026-07-31,0.6399999856948853,Yahoo Finance chart adjclose
1479,02068.HK,中铝国际,HK,-19.999996956358444,2025-08-01,2.3499999046325684,2026-07-31,1.8799999952316284,Yahoo Finance chart adjclose
1480,02360.HK,优品360,HK,-20.181389516171233,2025-08-01,2.0546586513519287,2026-07-31,1.6399999856948853,Yahoo Finance chart adjclose
1481,09939.HK,开拓药业-B,HK,-20.187795476718485,2025-08-01,2.130000114440918,2026-07-31,1.7000000476837158,Yahoo Finance chart adjclose
1482,08385.HK,万里印刷,HK,-20.22471787832918,2025-08-01,0.08900000154972076,2026-07-31,0.07100000232458115,Yahoo Finance chart adjclose
1483,03613.HK,同仁堂国药,HK,-20.228597165234174,2025-08-01,8.6497163772583,2026-07-31,6.900000095367432,Yahoo Finance chart adjclose
1484,03616.HK,恒达集团控股,HK,-20.384611593195533,2025-08-01,0.25999999046325684,2026-07-31,0.2070000022649765,Yahoo Finance chart adjclose
1485,02005.HK,石四药集团,HK,-20.43627864618889,2025-08-01,2.9913132190704346,2026-07-31,2.380000114440918,Yahoo Finance chart adjclose
1486,01672.HK,歌礼制药-B,HK,-20.47618684314546,2025-08-01,10.5,2026-07-31,8.350000381469727,Yahoo Finance chart adjclose
1487,01599.HK,城建设计,HK,-20.495192959771625,2025-08-01,1.2955191135406494,2026-07-31,1.0299999713897705,Yahoo Finance chart adjclose
1488,02990.HK,弘毅文化集团,HK,-20.512816985918324,2026-07-20,0.5849999785423279,2026-07-31,0.4650000035762787,Yahoo Finance chart adjclose
1489,02221.HK,创业集团控股,HK,-20.512816985918324,2025-08-01,0.7799999713897705,2026-07-31,0.6200000047683716,Yahoo Finance chart adjclose
1490,01147.HK,伊登软件,HK,-20.512823451905504,2025-08-01,0.15600000321865082,2026-07-31,0.12399999797344208,Yahoo Finance chart adjclose
1491,03768.HK,滇池水务,HK,-20.588232973867658,2025-08-01,0.6800000071525574,2026-07-31,0.5400000214576721,Yahoo Finance chart adjclose
1492,01153.HK,佳源服务,HK,-20.588233575413906,2025-08-01,0.5099999904632568,2026-07-31,0.4050000011920929,Yahoo Finance chart adjclose
1493,02086.HK,高维科技,HK,-20.63492003421874,2025-08-01,0.6299999952316284,2026-07-31,0.5,Yahoo Finance chart adjclose
1494,02009.HK,金隅集团,HK,-20.64178725996353,2025-08-01,0.7434642910957336,2026-07-31,0.5899999737739563,Yahoo Finance chart adjclose
1495,01446.HK,鸿福堂,HK,-20.73170953318878,2025-08-01,0.4099999964237213,2026-07-31,0.32499998807907104,Yahoo Finance chart adjclose
1496,09966.HK,康宁杰瑞制药-B,HK,-20.78473437491151,2025-08-01,9.430000305175781,2026-07-31,7.46999979019165,Yahoo Finance chart adjclose
1497,03888.HK,金山软件,HK,-20.808048822615,2025-08-01,33.79131317138672,2026-07-31,26.760000228881836,Yahoo Finance chart adjclose
1498,02382.HK,舜宇光学科技,HK,-20.828696695912242,2025-08-01,70.79585266113281,2026-07-31,56.04999923706055,Yahoo Finance chart adjclose
1499,06936.HK,顺丰控股,HK,-20.861186283739876,2025-08-01,42.73503494262695,2026-07-31,33.81999969482422,Yahoo Finance chart adjclose
1500,01361.HK,361度,HK,-21.050472010753076,2025-08-01,5.9151716232299805,2026-07-31,4.670000076293945,Yahoo Finance chart adjclose
1501,02625.HK,江苏宏信,HK,-21.1538450957755,2025-08-01,2.5999999046325684,2026-07-31,2.049999952316284,Yahoo Finance chart adjclose
1502,03688.HK,莱蒙国际,HK,-21.428568387518077,2025-08-01,0.3499999940395355,2026-07-31,0.2750000059604645,Yahoo Finance chart adjclose
1503,01448.HK,福寿园,HK,-21.545644532351528,2025-08-01,3.36501407623291,2026-07-31,2.640000104904175,Yahoo Finance chart adjclose
1504,01828.HK,富卫集团,HK,-21.568627450980394,2025-08-01,38.25,2026-07-31,30.0,Yahoo Finance chart adjclose
1505,02152.HK,苏新服务,HK,-21.661189554849713,2025-08-01,5.4634480476379395,2026-07-31,4.28000020980835,Yahoo Finance chart adjclose
1506,01415.HK,高伟电子,HK,-21.745359425524313,2025-08-01,26.324317932128906,2026-07-31,20.600000381469727,Yahoo Finance chart adjclose
1507,02355.HK,宝业集团,HK,-21.97725662072615,2025-08-01,4.216719150543213,2026-07-31,3.2899999618530273,Yahoo Finance chart adjclose
1508,01521.HK,方达控股,HK,-22.00000286102295,2025-08-01,1.5,2026-07-31,1.1699999570846558,Yahoo Finance chart adjclose
1509,02288.HK,宏基资本,HK,-22.012577142798772,2025-08-01,0.1589999943971634,2026-07-31,0.12399999797344208,Yahoo Finance chart adjclose
1510,06600.HK,卧安机器人,HK,-22.071766518414325,2025-12-30,73.8499984741211,2026-07-31,57.54999923706055,Yahoo Finance chart adjclose
1511,01433.HK,常达控股,HK,-22.115385993080704,2025-08-01,0.10400000214576721,2026-07-31,0.08100000023841858,Yahoo Finance chart adjclose
1512,08029.HK,帝国金融集团,HK,-22.131150344211925,2025-08-01,0.6100000143051147,2026-07-31,0.4749999940395355,Yahoo Finance chart adjclose
1513,06190.HK,九江银行,HK,-22.19140921810846,2025-08-01,3.4700539112091064,2026-07-31,2.700000047683716,Yahoo Finance chart adjclose
1514,03868.HK,信义能源,HK,-22.197137830482593,2025-08-01,1.1567697525024414,2026-07-31,0.8999999761581421,Yahoo Finance chart adjclose
1515,02497.HK,富景中国控股,HK,-22.222223039844234,2025-08-01,0.8100000023841858,2026-07-31,0.6299999952316284,Yahoo Finance chart adjclose
1516,01216.HK,中原银行,HK,-22.222224981696403,2025-08-01,0.36000001430511475,2026-07-31,0.2800000011920929,Yahoo Finance chart adjclose
1517,08096.HK,赏之味,HK,-22.2222277411706,2025-08-01,0.13500000536441803,2026-07-31,0.10499999672174454,Yahoo Finance chart adjclose
1518,06055.HK,中烟香港,HK,-22.306017720914006,2025-08-01,31.096359252929688,2026-07-31,24.15999984741211,Yahoo Finance chart adjclose
1519,02610.HK,南山铝业国际,HK,-22.311755706646565,2025-08-01,34.98598861694336,2026-07-31,27.18000030517578,Yahoo Finance chart adjclose
1520,01568.HK,承达集团,HK,-22.361356953620394,2025-08-01,0.7985714077949524,2026-07-31,0.6200000047683716,Yahoo Finance chart adjclose
1521,02283.HK,东江集团控股,HK,-22.36594348622607,2025-08-01,2.189760684967041,2026-07-31,1.7000000476837158,Yahoo Finance chart adjclose
1522,09969.HK,诺诚健华,HK,-22.411829337213707,2025-08-01,17.579999923706055,2026-07-31,13.640000343322754,Yahoo Finance chart adjclose
1523,02222.HK,雷士国际,HK,-22.50000055879353,2025-08-01,0.800000011920929,2026-07-31,0.6200000047683716,Yahoo Finance chart adjclose
1524,02589.HK,沪上阿姨,HK,-22.55852149574533,2025-08-01,133.39105224609375,2026-07-31,103.30000305175781,Yahoo Finance chart adjclose
1525,01846.HK,德视佳,HK,-22.632668531611767,2025-08-01,3.2313380241394043,2026-07-31,2.5,Yahoo Finance chart adjclose
1526,02688.HK,新奥能源,HK,-22.633562780731452,2025-08-01,60.67230224609375,2026-07-31,46.939998626708984,Yahoo Finance chart adjclose
1527,01057.HK,浙江世宝,HK,-22.637792799608615,2025-08-01,5.079999923706055,2026-07-31,3.930000066757202,Yahoo Finance chart adjclose
1528,06881.HK,中国银河,HK,-22.726185055543624,2025-08-01,9.84809684753418,2026-07-31,7.610000133514404,Yahoo Finance chart adjclose
1529,02579.HK,中伟新材,HK,-22.800355215414303,2025-11-17,33.471656799316406,2026-07-31,25.84000015258789,Yahoo Finance chart adjclose
1530,03886.HK,康健国际医疗,HK,-22.86897249255775,2025-08-01,0.2826359272003174,2026-07-31,0.21799999475479126,Yahoo Finance chart adjclose
1531,02603.HK,吉宏股份,HK,-22.903831778061235,2025-08-01,15.746567726135254,2026-07-31,12.140000343322754,Yahoo Finance chart adjclose
1532,06186.HK,中国飞鹤,HK,-22.909876925163708,2025-08-01,4.2677321434021,2026-07-31,3.2899999618530273,Yahoo Finance chart adjclose
1533,06888.HK,英达公路再生科技,HK,-22.9813669770088,2025-08-01,0.16099999845027924,2026-07-31,0.12399999797344208,Yahoo Finance chart adjclose
1534,07500.HK,南方两倍看空恒指,HK,-22.98959518353888,2025-08-01,2.114000082015991,2026-07-30,1.628000020980835,Yahoo Finance chart adjclose
1535,02695.HK,印象大红袍,HK,-23.04576077045738,2025-12-22,2.053168296813965,2026-07-31,1.5800000429153442,Yahoo Finance chart adjclose
1536,01217.HK,中国创新投资,HK,-23.07692638339369,2025-08-01,0.013000000268220901,2026-07-31,0.009999999776482582,Yahoo Finance chart adjclose
1537,08366.HK,浙江联合投资,HK,-23.07692638339369,2025-08-01,0.026000000536441803,2026-07-31,0.019999999552965164,Yahoo Finance chart adjclose
1538,01385.HK,上海复旦,HK,-23.146352692138862,2025-08-01,31.176137924194336,2026-07-31,23.959999084472656,Yahoo Finance chart adjclose
1539,02203.HK,脑洞科技,HK,-23.28042369757738,2025-08-01,0.1889999955892563,2026-07-31,0.14499999582767487,Yahoo Finance chart adjclose
1540,08195.HK,传承教育集团,HK,-23.287672910620472,2025-08-01,1.4600000381469727,2026-07-31,1.1200000047683716,Yahoo Finance chart adjclose
1541,06833.HK,兴科蓉医药,HK,-23.32963108265711,2025-08-01,0.22303271293640137,2026-07-31,0.17100000381469727,Yahoo Finance chart adjclose
1542,03896.HK,金山云,HK,-23.350923466251384,2025-08-01,7.579999923706055,2026-07-31,5.809999942779541,Yahoo Finance chart adjclose
1543,09877.HK,健世科技-B,HK,-23.369561555480157,2025-08-01,9.199999809265137,2026-07-31,7.050000190734863,Yahoo Finance chart adjclose
1544,03311.HK,中国建筑国际,HK,-23.389074763427175,2025-08-01,11.238605499267578,2026-07-31,8.609999656677246,Yahoo Finance chart adjclose
1545,01379.HK,温岭工量刃具,HK,-23.397151118321823,2025-08-01,2.271456003189087,2026-07-31,1.7400000095367432,Yahoo Finance chart adjclose
1546,01122.HK,庆铃汽车股份,HK,-23.45678976006923,2025-08-01,0.8100000023841858,2026-07-31,0.6200000047683716,Yahoo Finance chart adjclose
1547,06929.HK,业聚医疗,HK,-23.46615702380298,2025-08-01,4.834462642669678,2026-07-31,3.700000047683716,Yahoo Finance chart adjclose
1548,01419.HK,盈健医疗,HK,-23.497475155228877,2025-08-01,0.9542168974876404,2026-07-31,0.7300000190734863,Yahoo Finance chart adjclose
1549,06896.HK,金嗓子,HK,-23.52643807119865,2025-08-01,4.158299922943115,2026-07-31,3.180000066757202,Yahoo Finance chart adjclose
1550,02545.HK,中赣通信,HK,-23.529413139668875,2025-08-01,0.5099999904632568,2026-07-31,0.38999998569488525,Yahoo Finance chart adjclose
1551,01999.HK,敏华控股,HK,-23.556133170047044,2025-08-01,4.120670795440674,2026-07-31,3.1500000953674316,Yahoo Finance chart adjclose
1552,03185.HK,GX金融科技,HK,-23.62459674273917,2025-08-01,49.439998626708984,2026-07-30,37.7599983215332,Yahoo Finance chart adjclose
1553,02509.HK,荃信生物-B,HK,-23.65340072214809,2025-08-01,21.350000381469727,2026-07-31,16.299999237060547,Yahoo Finance chart adjclose
1554,01276.HK,恒瑞医药,HK,-23.70294327681727,2025-08-01,74.83905792236328,2026-07-31,57.099998474121094,Yahoo Finance chart adjclose
1555,01316.HK,耐世特,HK,-23.70950040418719,2025-08-01,5.505272388458252,2026-07-31,4.199999809265137,Yahoo Finance chart adjclose
1556,09887.HK,维立志博-B,HK,-23.7142835344587,2025-08-01,70.0,2026-07-31,53.400001525878906,Yahoo Finance chart adjclose
1557,09918.HK,丽年国际,HK,-23.728812189493887,2025-08-01,1.1799999475479126,2026-07-31,0.8999999761581421,Yahoo Finance chart adjclose
1558,03990.HK,美的置业,HK,-23.736465370458337,2025-08-01,3.933727979660034,2026-07-31,3.0,Yahoo Finance chart adjclose
1559,01124.HK,沿海家园,HK,-23.841054733842547,2025-08-01,0.1509999930858612,2026-07-31,0.11500000208616257,Yahoo Finance chart adjclose
1560,83189.HK,易方达白酒-R,HK,-23.843926092649227,2025-08-01,1.3839999437332153,2026-07-30,1.0540000200271606,Yahoo Finance chart adjclose
1561,02155.HK,森松国际,HK,-23.972500611868696,2025-08-01,8.615303993225098,2026-07-31,6.550000190734863,Yahoo Finance chart adjclose
1562,06178.HK,光大证券,HK,-23.973981207637628,2025-08-01,9.943964004516602,2026-07-31,7.559999942779541,Yahoo Finance chart adjclose
1563,01627.HK,安保工程控股,HK,-24.038255999006285,2025-08-01,0.6516438126564026,2026-07-31,0.4950000047683716,Yahoo Finance chart adjclose
1564,09660.HK,地平线机器人-W,HK,-24.082230253532433,2025-08-01,6.809999942779541,2026-07-31,5.170000076293945,Yahoo Finance chart adjclose
1565,02882.HK,金至尊集团,HK,-24.137929262644274,2025-08-01,0.5799999833106995,2026-07-31,0.4399999976158142,Yahoo Finance chart adjclose
1566,01583.HK,亲亲食品,HK,-24.286649225509084,2025-08-01,1.2943556308746338,2026-07-31,0.9800000190734863,Yahoo Finance chart adjclose
1567,03690.HK,美团-W,HK,-24.30441709488882,2025-08-01,122.19999694824219,2026-07-31,92.5,Yahoo Finance chart adjclose
1568,86618.HK,京东健康-R,HK,-24.320716286275946,2025-08-01,44.900001525878906,2026-07-31,33.97999954223633,Yahoo Finance chart adjclose
1569,09961.HK,携程集团-S,HK,-24.42244160019378,2025-08-01,484.79998779296875,2026-07-31,366.3999938964844,Yahoo Finance chart adjclose
1570,02460.HK,华润饮料,HK,-24.44498174253956,2025-08-01,10.720664978027344,2026-07-31,8.100000381469727,Yahoo Finance chart adjclose
1571,01782.HK,国际商业数字技术,HK,-24.637684965303876,2025-08-01,3.450000047683716,2026-07-31,2.5999999046325684,Yahoo Finance chart adjclose
1572,08133.HK,吉盛集团控股,HK,-24.657534582124097,2025-08-01,0.36500000953674316,2026-07-31,0.2750000059604645,Yahoo Finance chart adjclose
1573,01358.HK,普华和顺,HK,-24.83979043304997,2025-08-01,1.3437961339950562,2026-07-31,1.0099999904632568,Yahoo Finance chart adjclose
1574,02209.HK,喆丽控股,HK,-24.89215638022475,2025-08-01,4.340425491333008,2026-07-31,3.259999990463257,Yahoo Finance chart adjclose
1575,06633.HK,青瓷游戏,HK,-24.929968715074104,2025-08-01,3.569999933242798,2026-07-31,2.680000066757202,Yahoo Finance chart adjclose
1576,03601.HK,鲁大师,HK,-25.0,2025-08-01,1.0,2026-07-31,0.75,Yahoo Finance chart adjclose
1577,01593.HK,辰林教育,HK,-25.000002128737354,2025-08-01,1.399999976158142,2026-07-31,1.0499999523162842,Yahoo Finance chart adjclose
1578,02226.HK,老恒和酿造,HK,-25.000002257751607,2025-08-01,0.6600000262260437,2026-07-31,0.4950000047683716,Yahoo Finance chart adjclose
1579,01569.HK,民生教育,HK,-25.00000238800655,2025-08-01,0.15600000321865082,2026-07-31,0.11699999868869781,Yahoo Finance chart adjclose
1580,01382.HK,互太纺织,HK,-25.006899635660297,2025-08-01,1.3467905521392822,2026-07-31,1.0099999904632568,Yahoo Finance chart adjclose
1581,09890.HK,贪玩,HK,-25.036709809576728,2025-08-01,13.619999885559082,2026-07-31,10.210000038146973,Yahoo Finance chart adjclose
1582,02238.HK,广汽集团,HK,-25.159241206322037,2025-08-01,3.140000104904175,2026-07-31,2.3499999046325684,Yahoo Finance chart adjclose
1583,02333.HK,长城汽车,HK,-25.20125044426407,2025-08-01,12.139240264892578,2026-07-31,9.079999923706055,Yahoo Finance chart adjclose
1584,01203.HK,广南(集团),HK,-25.238982574096614,2025-08-01,0.869437038898468,2026-07-31,0.6499999761581421,Yahoo Finance chart adjclose
1585,02368.HK,鹰美,HK,-25.244807374559265,2025-08-01,3.6786742210388184,2026-07-31,2.75,Yahoo Finance chart adjclose
1586,03315.HK,金邦达宝嘉,HK,-25.253883902969232,2025-08-01,0.8696103692054749,2026-07-31,0.6499999761581421,Yahoo Finance chart adjclose
1587,01765.HK,希教国际控股,HK,-25.257736313975144,2025-08-01,0.1940000057220459,2026-07-31,0.14499999582767487,Yahoo Finance chart adjclose
1588,01671.HK,天保能源,HK,-25.271735297605147,2025-08-01,0.8831999897956848,2026-07-31,0.6600000262260437,Yahoo Finance chart adjclose
1589,01315.HK,绿色经济,HK,-25.36231688443059,2025-08-01,0.1379999965429306,2026-07-31,0.10300000011920929,Yahoo Finance chart adjclose
1590,09609.HK,海伟股份,HK,-25.363636016845703,2025-11-28,11.0,2026-07-31,8.210000038146973,Yahoo Finance chart adjclose
1591,08480.HK,飞霓控股,HK,-25.4193524346764,2025-08-01,0.1823529452085495,2026-07-31,0.13600000739097595,Yahoo Finance chart adjclose
1592,06830.HK,华众车载,HK,-25.529190268025246,2025-08-01,0.27661845088005066,2026-07-31,0.20600000023841858,Yahoo Finance chart adjclose
1593,02177.HK,优趣汇控股,HK,-25.56211878055904,2025-08-01,2.6465020179748535,2026-07-31,1.9700000286102295,Yahoo Finance chart adjclose
1594,02390.HK,知乎-W,HK,-25.620562571478022,2025-08-01,11.279999732971191,2026-07-31,8.390000343322754,Yahoo Finance chart adjclose
1595,01877.HK,君实生物,HK,-25.621178018952286,2025-08-01,24.549999237060547,2026-07-31,18.260000228881836,Yahoo Finance chart adjclose
1596,01302.HK,先健科技,HK,-25.75757502779744,2025-08-01,1.9800000190734863,2026-07-31,1.4700000286102295,Yahoo Finance chart adjclose
1597,06919.HK,人瑞人才,HK,-25.757777885285606,2025-08-01,4.593073844909668,2026-07-31,3.4100000858306885,Yahoo Finance chart adjclose
1598,02619.HK,香江电器,HK,-25.781191411170802,2025-11-24,1.6976828575134277,2026-07-31,1.2599999904632568,Yahoo Finance chart adjclose
1599,02158.HK,医渡科技,HK,-25.811683687276567,2025-08-01,6.159999847412109,2026-07-31,4.570000171661377,Yahoo Finance chart adjclose
1600,01426.HK,春泉产业信托,HK,-25.85486950775049,2025-08-01,1.577986240386963,2026-07-31,1.1699999570846558,Yahoo Finance chart adjclose
1601,02181.HK,迈博药业-B,HK,-25.925927765575384,2025-08-01,0.5400000214576721,2026-07-31,0.4000000059604645,Yahoo Finance chart adjclose
1602,08139.HK,长安仁恒,HK,-25.999999046325684,2025-08-01,1.5,2026-07-31,1.1100000143051147,Yahoo Finance chart adjclose
1603,06828.HK,北京燃气蓝天,HK,-26.000000149011615,2025-08-01,0.05000000074505806,2026-07-31,0.03700000047683716,Yahoo Finance chart adjclose
1604,02135.HK,瑞丽医美,HK,-26.153842803289074,2025-08-01,0.12999999523162842,2026-07-31,0.09600000083446503,Yahoo Finance chart adjclose
1605,02373.HK,美丽田园医疗健康,HK,-26.155862294603793,2025-08-01,25.58090591430664,2026-07-31,18.889999389648438,Yahoo Finance chart adjclose
1606,09857.HK,柠萌影视,HK,-26.1904733183702,2025-08-01,3.359999895095825,2026-07-31,2.4800000190734863,Yahoo Finance chart adjclose
1607,01513.HK,丽珠医药,HK,-26.223211801930546,2025-08-01,35.187217712402344,2026-07-31,25.959999084472656,Yahoo Finance chart adjclose
1608,02147.HK,正味集团,HK,-26.25000437721604,2025-08-01,0.800000011920929,2026-07-31,0.5899999737739563,Yahoo Finance chart adjclose
1609,01162.HK,莹岚集团,HK,-26.27451094972406,2025-08-01,0.2549999952316284,2026-07-31,0.18799999356269836,Yahoo Finance chart adjclose
1610,01359.HK,中国信达,HK,-26.33070450961663,2025-08-01,1.3438434600830078,2026-07-31,0.9900000095367432,Yahoo Finance chart adjclose
1611,01808.HK,企展控股,HK,-26.345611169822714,2025-08-01,3.5299999713897705,2026-07-31,2.5999999046325684,Yahoo Finance chart adjclose
1612,01800.HK,中国交通建设,HK,-26.387043987033508,2025-08-01,5.35231876373291,2026-07-31,3.940000057220459,Yahoo Finance chart adjclose
1613,02251.HK,鹰瞳科技-B,HK,-26.4661684758155,2025-08-01,13.300000190734863,2026-07-31,9.779999732971191,Yahoo Finance chart adjclose
1614,06058.HK,兴证国际,HK,-26.470589008710775,2025-08-01,0.6800000071525574,2026-07-31,0.5,Yahoo Finance chart adjclose
1615,01692.HK,登辉控股,HK,-26.487020356044134,2025-08-01,1.7819981575012207,2026-07-31,1.309999942779541,Yahoo Finance chart adjclose
1616,01125.HK,丽丰控股,HK,-26.530610755402495,2025-08-01,0.9800000190734863,2026-07-31,0.7200000286102295,Yahoo Finance chart adjclose
1617,09985.HK,卫龙美味,HK,-26.568526843935647,2025-08-01,11.52094554901123,2026-07-31,8.460000038146973,Yahoo Finance chart adjclose
1618,01105.HK,星岛,HK,-26.6666654249032,2025-08-01,0.23999999463558197,2026-07-31,0.17599999904632568,Yahoo Finance chart adjclose
1619,02271.HK,众安智慧生活,HK,-26.728967265215807,2025-08-01,3.8896679878234863,2026-07-31,2.8499999046325684,Yahoo Finance chart adjclose
1620,01901.HK,飞扬集团,HK,-26.77965586297073,2025-08-01,0.29499998688697815,2026-07-31,0.2160000056028366,Yahoo Finance chart adjclose
1621,01303.HK,汇力资源,HK,-26.792446719067776,2025-08-01,0.26499998569488525,2026-07-31,0.1940000057220459,Yahoo Finance chart adjclose
1622,01460.HK,扬科集团,HK,-26.831291834389404,2025-08-01,0.31980884075164795,2026-07-31,0.23399999737739563,Yahoo Finance chart adjclose
1623,02282.HK,美高梅中国,HK,-26.844513539493377,2025-08-01,15.528568267822266,2026-07-31,11.359999656677246,Yahoo Finance chart adjclose
1624,08103.HK,HMVOD视频,HK,-26.993864469827212,2025-08-01,0.16300000250339508,2026-07-31,0.11900000274181366,Yahoo Finance chart adjclose
1625,06138.HK,哈尔滨银行,HK,-27.058825014371735,2025-08-01,0.42500001192092896,2026-07-31,0.3100000023841858,Yahoo Finance chart adjclose
1626,08493.HK,龙皇集团,HK,-27.08333365670923,2025-08-01,0.04800000041723251,2026-07-31,0.03500000014901161,Yahoo Finance chart adjclose
1627,03919.HK,金力集团,HK,-27.184463996826025,2025-08-01,1.0299999713897705,2026-07-31,0.75,Yahoo Finance chart adjclose
1628,01292.HK,长安民生物流,HK,-27.21571072069541,2025-08-01,2.857759475708008,2026-07-31,2.0799999237060547,Yahoo Finance chart adjclose
1629,02276.HK,康耐特光学,HK,-27.263064665985482,2025-08-01,43.47172546386719,2026-07-31,31.6200008392334,Yahoo Finance chart adjclose
1630,03738.HK,阜博集团,HK,-27.272728543954006,2025-08-01,3.4100000858306885,2026-07-31,2.4800000190734863,Yahoo Finance chart adjclose
1631,06166.HK,剑桥科技,HK,-27.32152881736527,2025-10-28,91.98046875,2026-07-31,66.8499984741211,Yahoo Finance chart adjclose
1632,03700.HK,映宇宙,HK,-27.343747817212673,2025-08-01,1.2799999713897705,2026-07-31,0.9300000071525574,Yahoo Finance chart adjclose
1633,01978.HK,叙福楼集团,HK,-27.397266090150964,2025-08-01,0.36500000953674316,2026-07-31,0.26499998569488525,Yahoo Finance chart adjclose
1634,02552.HK,华领医药-B,HK,-27.414333457419925,2025-08-01,3.2100000381469727,2026-07-31,2.3299999237060547,Yahoo Finance chart adjclose
1635,02033.HK,时计宝,HK,-27.46512941920133,2025-08-01,0.31984615325927734,2026-07-31,0.23199999332427979,Yahoo Finance chart adjclose
1636,08377.HK,维港育马,HK,-27.58620707373557,2025-08-01,0.14499999582767487,2026-07-31,0.10499999672174454,Yahoo Finance chart adjclose
1637,02633.HK,雅各臣科研制药,HK,-27.58849358871189,2025-08-01,1.4776657819747925,2026-07-31,1.0700000524520874,Yahoo Finance chart adjclose
1638,08238.HK,惠陶集团,HK,-27.62430861902949,2025-08-01,0.1809999942779541,2026-07-31,0.13099999725818634,Yahoo Finance chart adjclose
1639,08646.HK,中国宏光,HK,-27.63636485801253,2025-08-01,0.2750000059604645,2026-07-31,0.19900000095367432,Yahoo Finance chart adjclose
1640,01967.HK,信恳智能,HK,-27.710839047420087,2025-08-01,0.41499999165534973,2026-07-31,0.30000001192092896,Yahoo Finance chart adjclose
1641,02433.HK,中天湖南集团,HK,-27.72277585607721,2025-08-01,0.10100000351667404,2026-07-31,0.0729999989271164,Yahoo Finance chart adjclose
1642,01063.HK,新确科技,HK,-27.72277585607721,2025-08-01,0.10100000351667404,2026-07-31,0.0729999989271164,Yahoo Finance chart adjclose
1643,01069.HK,中国健康科技集团,HK,-27.848104130971475,2025-08-01,0.39500001072883606,2026-07-31,0.2849999964237213,Yahoo Finance chart adjclose
1644,01183.HK,澳能建设,HK,-27.95698916116799,2025-08-01,0.1860000044107437,2026-07-31,0.1340000033378601,Yahoo Finance chart adjclose
1645,01172.HK,融太集团,HK,-28.000004172325077,2025-08-01,0.02500000037252903,2026-07-31,0.017999999225139618,Yahoo Finance chart adjclose
1646,01110.HK,金活医药集团,HK,-28.07017516341346,2025-08-01,0.5699999928474426,2026-07-31,0.4099999964237213,Yahoo Finance chart adjclose
1647,08226.HK,树熊金融集团,HK,-28.12500327418077,2025-08-01,0.12800000607967377,2026-07-31,0.09200000017881393,Yahoo Finance chart adjclose
1648,01666.HK,同仁堂科技,HK,-28.130045919234135,2025-08-01,4.897735118865967,2026-07-31,3.5199999809265137,Yahoo Finance chart adjclose
1649,06033.HK,电讯数码控股,HK,-28.169013256828947,2025-08-01,0.7099999785423279,2026-07-31,0.5099999904632568,Yahoo Finance chart adjclose
1650,01080.HK,胜利管道,HK,-28.169017779498297,2025-08-01,0.07100000232458115,2026-07-31,0.050999999046325684,Yahoo Finance chart adjclose
1651,01456.HK,国联民生,HK,-28.171359780892523,2025-08-01,5.554887294769287,2026-07-31,3.990000009536743,Yahoo Finance chart adjclose
1652,09989.HK,海普瑞,HK,-28.17614194527379,2025-08-01,5.986868858337402,2026-07-31,4.300000190734863,Yahoo Finance chart adjclose
1653,02835.HK,辉立香港新股,HK,-28.24675023083254,2025-08-01,12.319999694824219,2026-07-30,8.84000015258789,Yahoo Finance chart adjclose
1654,03991.HK,长虹佳华,HK,-28.26086801594735,2025-08-01,0.9200000166893005,2026-07-31,0.6600000262260437,Yahoo Finance chart adjclose
1655,08348.HK,滨海泰达物流,HK,-28.26086801594735,2025-08-01,0.46000000834465027,2026-07-31,0.33000001311302185,Yahoo Finance chart adjclose
1656,03900.HK,绿城中国,HK,-28.269613526824966,2025-08-01,9.9399995803833,2026-07-31,7.130000114440918,Yahoo Finance chart adjclose
1657,01817.HK,慕尚集团控股,HK,-28.358212341096912,2025-08-01,0.33500000834465027,2026-07-31,0.23999999463558197,Yahoo Finance chart adjclose
1658,08310.HK,盐城港,HK,-28.409091063028523,2025-08-01,0.4399999976158142,2026-07-31,0.3149999976158142,Yahoo Finance chart adjclose
1659,08487.HK,ISP GLOBAL,HK,-28.43137226256899,2025-08-01,0.10199999809265137,2026-07-31,0.0729999989271164,Yahoo Finance chart adjclose
1660,03158.HK,GX韩流音乐文化,HK,-28.559437998524917,2025-08-01,71.5,2026-07-30,51.08000183105469,Yahoo Finance chart adjclose
1661,01561.HK,联洋智能控股,HK,-28.571426881954544,2025-08-01,0.06300000101327896,2026-07-31,0.04500000178813934,Yahoo Finance chart adjclose
1662,01000.HK,北青传媒,HK,-28.571427355007227,2025-08-01,0.699999988079071,2026-07-31,0.5,Yahoo Finance chart adjclose
1663,03363.HK,正业国际,HK,-28.583792459021808,2025-08-01,0.4620800018310547,2026-07-31,0.33000001311302185,Yahoo Finance chart adjclose
1664,01771.HK,新丰泰集团,HK,-28.870289939197026,2025-08-01,0.23899999260902405,2026-07-31,0.17000000178813934,Yahoo Finance chart adjclose
1665,08391.HK,基石科技控股,HK,-28.88888859454496,2025-08-01,0.44999998807907104,2026-07-31,0.3199999928474426,Yahoo Finance chart adjclose
1666,02512.HK,云工场,HK,-28.927687232893916,2025-08-01,4.010000228881836,2026-07-31,2.8499999046325684,Yahoo Finance chart adjclose
1667,09868.HK,小鹏汽车-W,HK,-29.032263242135148,2025-08-01,71.30000305175781,2026-07-31,50.599998474121094,Yahoo Finance chart adjclose
1668,01082.HK,源宇宙教育,HK,-29.054058190241918,2025-08-01,1.4800000190734863,2026-07-31,1.0499999523162842,Yahoo Finance chart adjclose
1669,08472.HK,立高控股,HK,-29.069766958318198,2025-08-01,0.4300000071525574,2026-07-31,0.3050000071525574,Yahoo Finance chart adjclose
1670,09979.HK,绿城管理控股,HK,-29.16202373945588,2025-08-01,2.526893138885498,2026-07-31,1.7899999618530273,Yahoo Finance chart adjclose
1671,09658.HK,特海国际,HK,-29.242817437848068,2025-08-01,15.319999694824219,2026-07-31,10.84000015258789,Yahoo Finance chart adjclose
1672,01827.HK,卓珈控股,HK,-29.24527919941736,2025-08-01,1.059999942779541,2026-07-31,0.75,Yahoo Finance chart adjclose
1673,01368.HK,特步国际,HK,-29.270788861214868,2025-08-01,5.344326496124268,2026-07-31,3.7799999713897705,Yahoo Finance chart adjclose
1674,03303.HK,巨涛海洋石油服务,HK,-29.292393509963865,2025-08-01,0.6434951424598694,2026-07-31,0.45500001311302185,Yahoo Finance chart adjclose
1675,83690.HK,美团-WR,HK,-29.385573555853483,2025-08-01,112.30000305175781,2026-07-31,79.30000305175781,Yahoo Finance chart adjclose
1676,08056.HK,生活概念,HK,-29.433956025715023,2025-08-01,0.26499998569488525,2026-07-31,0.18700000643730164,Yahoo Finance chart adjclose
1677,02337.HK,众诚能源,HK,-29.50820045894924,2025-08-01,1.8300000429153442,2026-07-31,1.2899999618530273,Yahoo Finance chart adjclose
1678,06196.HK,郑州银行,HK,-29.54545680320615,2025-08-01,1.3200000524520874,2026-07-31,0.9300000071525574,Yahoo Finance chart adjclose
1679,06639.HK,瑞尔集团,HK,-29.615380383101986,2025-08-01,2.5999999046325684,2026-07-31,1.8300000429153442,Yahoo Finance chart adjclose
1680,01116.HK,慧源同创科技,HK,-29.677421587686993,2025-08-01,0.3100000023841858,2026-07-31,0.21799999475479126,Yahoo Finance chart adjclose
1681,03347.HK,泰格医药,HK,-29.69189089182428,2025-08-01,53.649574279785156,2026-07-31,37.720001220703125,Yahoo Finance chart adjclose
1682,01278.HK,中国新城镇,HK,-29.727203438828333,2025-08-01,0.0996118038892746,2026-07-31,0.07000000029802322,Yahoo Finance chart adjclose
1683,01412.HK,隽思集团,HK,-29.82997225555355,2025-08-01,1.4963653087615967,2026-07-31,1.0499999523162842,Yahoo Finance chart adjclose
1684,01075.HK,首都信息,HK,-29.832684844792603,2025-08-01,2.5652968883514404,2026-07-31,1.7999999523162842,Yahoo Finance chart adjclose
1685,82333.HK,长城汽车-R,HK,-29.900459395218448,2025-08-01,11.184096336364746,2026-07-31,7.840000152587891,Yahoo Finance chart adjclose
1686,08213.HK,荣晖控股,HK,-29.999996274709616,2025-08-01,0.3199999928474426,2026-07-31,0.2240000069141388,Yahoo Finance chart adjclose
1687,03390.HK,满贯集团,HK,-30.00000090310064,2025-08-01,0.33000001311302185,2026-07-31,0.23100000619888306,Yahoo Finance chart adjclose
1688,01177.HK,中国生物制药,HK,-30.04602753773994,2025-08-01,7.1904425621032715,2026-07-31,5.03000020980835,Yahoo Finance chart adjclose
1689,06887.HK,东阳光药,HK,-30.183641686959707,2025-08-07,59.900001525878906,2026-07-31,41.81999969482422,Yahoo Finance chart adjclose
1690,08035.HK,骏高控股,HK,-30.30302978990491,2025-08-01,0.06599999964237213,2026-07-31,0.04600000008940697,Yahoo Finance chart adjclose
1691,09896.HK,名创优品,HK,-30.482598443748632,2025-08-01,36.882850646972656,2026-07-31,25.639999389648438,Yahoo Finance chart adjclose
1692,08052.HK,陆庆娱乐,HK,-30.508473078021726,2025-08-01,0.05900000035762787,2026-07-31,0.04100000113248825,Yahoo Finance chart adjclose
1693,08181.HK,港深智能管理,HK,-30.555551531322035,2025-08-01,0.07199999690055847,2026-07-31,0.05000000074505806,Yahoo Finance chart adjclose
1694,08406.HK,中国口腔产业,HK,-30.578512956467364,2025-08-01,0.12099999934434891,2026-07-31,0.08399999886751175,Yahoo Finance chart adjclose
1695,02407.HK,高视医疗,HK,-30.623308859569654,2025-08-01,7.380000114440918,2026-07-31,5.119999885559082,Yahoo Finance chart adjclose
1696,07568.HK,南方两倍做空纳斯达克100,HK,-30.632011558318773,2025-08-01,3.9240000247955322,2026-07-30,2.7219998836517334,Yahoo Finance chart adjclose
1697,02486.HK,普乐师集团控股,HK,-30.658103395899516,2025-08-01,6.230000019073486,2026-07-31,4.320000171661377,Yahoo Finance chart adjclose
1698,01850.HK,鸿盛昌资源,HK,-30.731969839393713,2025-08-01,0.6207770109176636,2026-07-31,0.4300000071525574,Yahoo Finance chart adjclose
1699,08308.HK,古兜控股,HK,-30.769225478877495,2025-08-01,0.06499999761581421,2026-07-31,0.04500000178813934,Yahoo Finance chart adjclose
1700,06626.HK,越秀服务,HK,-30.86529475464628,2025-08-01,2.777186870574951,2026-07-31,1.9199999570846558,Yahoo Finance chart adjclose
1701,01443.HK,富临集团控股,HK,-30.882359064058118,2025-08-01,0.06800000369548798,2026-07-31,0.04699999839067459,Yahoo Finance chart adjclose
1702,02391.HK,涂鸦智能-W,HK,-30.903578659733466,2025-08-01,19.248464584350586,2026-07-31,13.300000190734863,Yahoo Finance chart adjclose
1703,01592.HK,基石控股,HK,-30.937498195562473,2025-08-01,0.3199999928474426,2026-07-31,0.22100000083446503,Yahoo Finance chart adjclose
1704,02161.HK,健倍苗苗,HK,-31.04592058878254,2025-08-01,2.784461736679077,2026-07-31,1.9199999570846558,Yahoo Finance chart adjclose
1705,08511.HK,民富国际,HK,-31.067961333597825,2025-08-01,1.0299999713897705,2026-07-31,0.7099999785423279,Yahoo Finance chart adjclose
1706,08659.HK,易和国际控股,HK,-31.08108325802206,2025-08-01,0.14800000190734863,2026-07-31,0.10199999809265137,Yahoo Finance chart adjclose
1707,06169.HK,宇华教育,HK,-31.13206995471396,2025-08-01,0.5299999713897705,2026-07-31,0.36500000953674316,Yahoo Finance chart adjclose
1708,02392.HK,玄武云,HK,-31.168833179444977,2025-08-01,1.5399999618530273,2026-07-31,1.059999942779541,Yahoo Finance chart adjclose
1709,01528.HK,红星美凯龙,HK,-31.168833179444977,2025-08-01,1.5399999618530273,2026-07-31,1.059999942779541,Yahoo Finance chart adjclose
1710,08250.HK,都都控股,HK,-31.21019159665652,2025-08-01,0.15700000524520874,2026-07-31,0.1080000028014183,Yahoo Finance chart adjclose
1711,03978.HK,卓越教育集团,HK,-31.43071773416303,2025-08-01,4.710564136505127,2026-07-31,3.2300000190734863,Yahoo Finance chart adjclose
1712,02171.HK,科济药业-B,HK,-31.511747192724727,2025-08-01,19.579999923706055,2026-07-31,13.40999984741211,Yahoo Finance chart adjclose
1713,09863.HK,零跑汽车,HK,-31.57534582124094,2025-08-01,58.400001525878906,2026-07-31,39.959999084472656,Yahoo Finance chart adjclose
1714,06808.HK,高鑫零售,HK,-31.63767800326799,2025-08-01,1.740725040435791,2026-07-31,1.190000057220459,Yahoo Finance chart adjclose
1715,01938.HK,珠江钢管,HK,-31.66666997803569,2025-08-01,0.30000001192092896,2026-07-31,0.20499999821186066,Yahoo Finance chart adjclose
1716,02324.HK,首都创投,HK,-31.677018346106223,2025-08-01,0.16099999845027924,2026-07-31,0.10999999940395355,Yahoo Finance chart adjclose
1717,07226.HK,南方两倍做多恒生科技,HK,-31.73996328445069,2025-08-01,5.230000019073486,2026-07-30,3.569999933242798,Yahoo Finance chart adjclose
1718,06958.HK,正荣服务,HK,-31.782942512818757,2025-08-01,0.1289999932050705,2026-07-31,0.08799999952316284,Yahoo Finance chart adjclose
1719,06908.HK,宏光半导体,HK,-31.818183295982895,2025-08-01,0.550000011920929,2026-07-31,0.375,Yahoo Finance chart adjclose
1720,01663.HK,汉港控股,HK,-31.88405859698221,2025-08-01,0.0689999982714653,2026-07-31,0.04699999839067459,Yahoo Finance chart adjclose
1721,02429.HK,友宝在线,HK,-31.89368907603295,2025-08-01,3.009999990463257,2026-07-31,2.049999952316284,Yahoo Finance chart adjclose
1722,01890.HK,中国科培,HK,-31.95045719107672,2025-08-01,1.3225657939910889,2026-07-31,0.8999999761581421,Yahoo Finance chart adjclose
1723,09992.HK,泡泡玛特,HK,-31.95675025129536,2025-08-01,238.96566772460938,2026-07-31,162.60000610351562,Yahoo Finance chart adjclose
1724,01759.HK,中油洁能控股,HK,-31.999999284744263,2025-08-01,1.0,2026-07-31,0.6800000071525574,Yahoo Finance chart adjclose
1725,02865.HK,钧达股份,HK,-32.027028675696954,2025-08-01,22.200000762939453,2026-07-31,15.09000015258789,Yahoo Finance chart adjclose
1726,02506.HK,讯飞医疗科技,HK,-32.067931032406484,2025-08-01,100.0999984741211,2026-07-31,68.0,Yahoo Finance chart adjclose
1727,02357.HK,中航科工,HK,-32.1256324082027,2025-08-01,4.434663772583008,2026-07-31,3.009999990463257,Yahoo Finance chart adjclose
1728,06922.HK,康沣生物-B,HK,-32.17549944335579,2025-08-01,5.46999979019165,2026-07-31,3.7100000381469727,Yahoo Finance chart adjclose
1729,02577.HK,英诺赛科,HK,-32.187495819396325,2025-08-01,57.599998474121094,2026-07-31,39.060001373291016,Yahoo Finance chart adjclose
1730,01733.HK,易大宗,HK,-32.34511607398436,2025-08-01,0.945977509021759,2026-07-31,0.6399999856948853,Yahoo Finance chart adjclose
1731,02533.HK,黑芝麻智能,HK,-32.359673316824825,2025-08-01,17.459999084472656,2026-07-31,11.8100004196167,Yahoo Finance chart adjclose
1732,08295.HK,金慧科技,HK,-32.43243229637363,2025-08-01,0.03700000047683716,2026-07-31,0.02500000037252903,Yahoo Finance chart adjclose
1733,01351.HK,辉煌明天,HK,-32.64705890087107,2025-08-01,0.3400000035762787,2026-07-31,0.2290000021457672,Yahoo Finance chart adjclose
1734,09960.HK,康圣环球,HK,-32.72939670002285,2025-08-01,1.3824760913848877,2026-07-31,0.9300000071525574,Yahoo Finance chart adjclose
1735,01073.HK,大禹金融,HK,-32.73282843844704,2025-08-01,0.14866092801094055,2026-07-31,0.10000000149011612,Yahoo Finance chart adjclose
1736,01713.HK,四川能投发展,HK,-32.89678895752175,2025-08-01,2.742044687271118,2026-07-31,1.840000033378601,Yahoo Finance chart adjclose
1737,01304.HK,FORTIOR,HK,-32.988557655357184,2025-08-01,149.37747192382812,2026-07-31,100.0999984741211,Yahoo Finance chart adjclose
1738,01008.HK,力图控股,HK,-33.08702578017153,2025-08-01,0.243599995970726,2026-07-31,0.16300000250339508,Yahoo Finance chart adjclose
1739,02669.HK,中海物业,HK,-33.089774227470194,2025-08-01,5.141217231750488,2026-07-31,3.440000057220459,Yahoo Finance chart adjclose
1740,01497.HK,燕之屋,HK,-33.237282872438755,2025-08-01,7.923583984375,2026-07-31,5.289999961853027,Yahoo Finance chart adjclose
1741,01375.HK,中州证券,HK,-33.238683098796294,2025-08-01,2.5913209915161133,2026-07-31,1.7300000190734863,Yahoo Finance chart adjclose
1742,03818.HK,中国动向,HK,-33.24325370927419,2025-08-01,0.41943326592445374,2026-07-31,0.2800000011920929,Yahoo Finance chart adjclose
1743,02608.HK,阳光100中国,HK,-33.333333333333336,2025-08-01,0.014999999664723873,2026-07-31,0.009999999776482582,Yahoo Finance chart adjclose
1744,08179.HK,百利达集团控股,HK,-33.333333333333336,2025-08-01,0.014999999664723873,2026-07-31,0.009999999776482582,Yahoo Finance chart adjclose
1745,08445.HK,怡康泰工程集团,HK,-33.33333747254461,2025-08-01,0.18000000715255737,2026-07-31,0.11999999731779099,Yahoo Finance chart adjclose
1746,01701.HK,途屹控股,HK,-33.33333793245704,2025-08-01,0.1080000028014183,2026-07-31,0.07199999690055847,Yahoo Finance chart adjclose
1747,02172.HK,微创脑科学,HK,-33.40753897428187,2025-08-01,13.439959526062012,2026-07-31,8.949999809265137,Yahoo Finance chart adjclose
1748,06865.HK,福莱特玻璃,HK,-33.51312589721799,2025-08-01,10.453190803527832,2026-07-31,6.949999809265137,Yahoo Finance chart adjclose
1749,08402.HK,高原之宝,HK,-33.57142727898093,2025-08-01,0.14000000059604645,2026-07-31,0.09300000220537186,Yahoo Finance chart adjclose
1750,03813.HK,宝胜国际,HK,-33.61937034640413,2025-08-01,0.48206833004951477,2026-07-31,0.3199999928474426,Yahoo Finance chart adjclose
1751,01951.HK,锦欣生殖,HK,-33.62149540889375,2025-08-01,3.2691307067871094,2026-07-31,2.1700000762939453,Yahoo Finance chart adjclose
1752,01137.HK,香港科技探索,HK,-33.75000456348055,2025-08-01,1.600000023841858,2026-07-31,1.059999942779541,Yahoo Finance chart adjclose
1753,01777.HK,花样年控股,HK,-33.78378636890119,2025-08-01,0.07400000095367432,2026-07-31,0.04899999871850014,Yahoo Finance chart adjclose
1754,06117.HK,日照港裕廊,HK,-33.89578413332986,2025-08-01,0.8925300240516663,2026-07-31,0.5899999737739563,Yahoo Finance chart adjclose
1755,02496.HK,友芝友生物-B,HK,-34.107140713200245,2025-08-01,5.599999904632568,2026-07-31,3.690000057220459,Yahoo Finance chart adjclose
1756,02595.HK,劲方医药-B,HK,-34.109261813465466,2025-09-19,42.099998474121094,2026-07-31,27.739999771118164,Yahoo Finance chart adjclose
1757,02293.HK,百本医护,HK,-34.2737663963001,2025-08-01,0.5629411339759827,2026-07-31,0.3700000047683716,Yahoo Finance chart adjclose
1758,09766.HK,南方两倍做多特斯拉-U,HK,-34.33682312112637,2025-08-01,11.460000038146973,2026-07-30,7.525000095367432,Yahoo Finance chart adjclose
1759,07766.HK,南方两倍做多特斯拉,HK,-34.39306240727754,2025-08-01,89.95999908447266,2026-07-30,59.02000045776367,Yahoo Finance chart adjclose
1760,02580.HK,奥克斯电气,HK,-34.46601643977164,2025-09-02,16.479999542236328,2026-07-31,10.800000190734863,Yahoo Finance chart adjclose
1761,08172.HK,拉近网娱,HK,-34.48275755758657,2025-08-01,0.28999999165534973,2026-07-31,0.1899999976158142,Yahoo Finance chart adjclose
1762,08293.HK,星亚控股,HK,-34.59119131414094,2025-08-01,0.1589999943971634,2026-07-31,0.10400000214576721,Yahoo Finance chart adjclose
1763,03633.HK,中裕能源,HK,-34.60452392671004,2025-08-01,3.746436595916748,2026-07-31,2.450000047683716,Yahoo Finance chart adjclose
1764,03319.HK,雅生活服务,HK,-34.608744577028695,2025-08-01,2.767954111099243,2026-07-31,1.809999942779541,Yahoo Finance chart adjclose
1765,03869.HK,弘和仁爱医疗,HK,-34.61538038310199,2025-08-01,5.199999809265137,2026-07-31,3.4000000953674316,Yahoo Finance chart adjclose
1766,87001.HK,汇贤产业信托,HK,-34.73626534470935,2025-08-01,0.5745916962623596,2026-07-31,0.375,Yahoo Finance chart adjclose
1767,08329.HK,海王英特龙,HK,-34.75609889064493,2025-08-01,0.164000004529953,2026-07-31,0.10700000077486038,Yahoo Finance chart adjclose
1768,01833.HK,平安好医生,HK,-34.83333190282186,2025-08-01,12.0,2026-07-31,7.820000171661377,Yahoo Finance chart adjclose
1769,01120.HK,雅视光学,HK,-34.862389284375716,2025-08-01,1.090000033378601,2026-07-31,0.7099999785423279,Yahoo Finance chart adjclose
1770,06669.HK,先瑞达医疗-B,HK,-34.98349679169635,2025-08-01,12.119999885559082,2026-07-31,7.880000114440918,Yahoo Finance chart adjclose
1771,01686.HK,新意网集团,HK,-35.075890603491885,2025-08-01,7.439455032348633,2026-07-31,4.829999923706055,Yahoo Finance chart adjclose
1772,08003.HK,世大控股,HK,-35.18518659047298,2025-08-01,0.1080000028014183,2026-07-31,0.07000000029802322,Yahoo Finance chart adjclose
1773,02408.HK,遇见小面,HK,-35.195197401254354,2025-12-05,5.030491352081299,2026-07-31,3.259999990463257,Yahoo Finance chart adjclose
1774,01610.HK,中粮家佳康,HK,-35.260116045074064,2025-08-01,1.7300000190734863,2026-07-31,1.1200000047683716,Yahoo Finance chart adjclose
1775,08286.HK,长城微光,HK,-35.32933797797483,2025-08-01,0.16699999570846558,2026-07-31,0.1080000028014183,Yahoo Finance chart adjclose
1776,02490.HK,乐舱物流,HK,-35.40304536964592,2025-08-01,7.95703125,2026-07-31,5.139999866485596,Yahoo Finance chart adjclose
1777,08005.HK,裕兴科技,HK,-35.45454299154359,2025-08-01,0.10999999940395355,2026-07-31,0.07100000232458115,Yahoo Finance chart adjclose
1778,02179.HK,瑞科生物-B,HK,-35.51281939988699,2025-08-01,7.800000190734863,2026-07-31,5.03000020980835,Yahoo Finance chart adjclose
1779,01756.HK,中国科教产业,HK,-35.59321828424083,2025-08-01,0.5899999737739563,2026-07-31,0.3799999952316284,Yahoo Finance chart adjclose
1780,02121.HK,创新奇智,HK,-35.59322218825094,2025-08-01,5.900000095367432,2026-07-31,3.799999952316284,Yahoo Finance chart adjclose
1781,01029.HK,铁货,HK,-35.61644020168252,2025-08-01,0.7300000190734863,2026-07-31,0.4699999988079071,Yahoo Finance chart adjclose
1782,03880.HK,泰德医药,HK,-35.74892739526261,2025-08-01,35.04999923706055,2026-07-31,22.520000457763672,Yahoo Finance chart adjclose
1783,02616.HK,基石药业-B,HK,-35.90503978689764,2025-08-01,6.739999771118164,2026-07-31,4.320000171661377,Yahoo Finance chart adjclose
1784,09876.HK,大洋环球控股,HK,-35.91043278926861,2025-08-01,3.729156255722046,2026-07-31,2.390000104904175,Yahoo Finance chart adjclose
1785,01206.HK,同方泰德,HK,-35.942028522291146,2025-08-01,0.3449999988079071,2026-07-31,0.22100000083446503,Yahoo Finance chart adjclose
1786,01025.HK,嘉艺控股,HK,-36.00000198682142,2025-08-01,0.30000001192092896,2026-07-31,0.19200000166893005,Yahoo Finance chart adjclose
1787,01869.HK,猫屎咖啡控股,HK,-36.04651414635626,2025-08-01,0.0860000029206276,2026-07-31,0.054999999701976776,Yahoo Finance chart adjclose
1788,03933.HK,联邦制药,HK,-36.06336941528454,2025-08-01,13.951313972473145,2026-07-31,8.920000076293945,Yahoo Finance chart adjclose
1789,02376.HK,鲁商服务,HK,-36.11742005279082,2025-08-01,3.2559735774993896,2026-07-31,2.0799999237060547,Yahoo Finance chart adjclose
1790,08041.HK,中微智码,HK,-36.47058749281413,2025-08-01,0.8500000238418579,2026-07-31,0.5400000214576721,Yahoo Finance chart adjclose
1791,01265.HK,天津津燃公用,HK,-36.5217412149072,2025-08-01,0.23000000417232513,2026-07-31,0.1459999978542328,Yahoo Finance chart adjclose
1792,02482.HK,维天运通,HK,-36.585367626551026,2025-08-01,0.8199999928474426,2026-07-31,0.5199999809265137,Yahoo Finance chart adjclose
1793,08540.HK,胜利证券(一千),HK,-36.65129480175915,2025-08-01,7.02461051940918,2026-07-31,4.449999809265137,Yahoo Finance chart adjclose
1794,01858.HK,春立医疗,HK,-37.08596556398142,2025-08-01,14.464181900024414,2026-07-31,9.100000381469727,Yahoo Finance chart adjclose
1795,01878.HK,南戈壁,HK,-37.1093730354914,2025-08-01,2.559999942779541,2026-07-31,1.6100000143051147,Yahoo Finance chart adjclose
1796,08521.HK,智云国际控股,HK,-37.168143226691654,2025-08-01,1.1299999952316284,2026-07-31,0.7099999785423279,Yahoo Finance chart adjclose
1797,01326.HK,传递娱乐,HK,-37.20930282927125,2025-08-01,0.0430000014603138,2026-07-31,0.027000000700354576,Yahoo Finance chart adjclose
1798,02621.HK,手回集团,HK,-37.28635803352969,2025-08-01,4.512574672698975,2026-07-31,2.8299999237060547,Yahoo Finance chart adjclose
1799,01575.HK,皇庭智家,HK,-37.28813516514906,2025-08-01,0.05900000035762787,2026-07-31,0.03700000047683716,Yahoo Finance chart adjclose
1800,01129.HK,中国水业集团,HK,-37.30768904530778,2025-08-01,0.25999999046325684,2026-07-31,0.16300000250339508,Yahoo Finance chart adjclose
1801,02488.HK,元征科技,HK,-37.414876437383256,2025-08-01,11.040962219238281,2026-07-31,6.909999847412109,Yahoo Finance chart adjclose
1802,06826.HK,昊海生物科技,HK,-37.45511692239425,2025-08-01,26.349077224731445,2026-07-31,16.479999542236328,Yahoo Finance chart adjclose
1803,08069.HK,飞道旅游科技,HK,-37.49999767169351,2025-08-01,0.6399999856948853,2026-07-31,0.4000000059604645,Yahoo Finance chart adjclose
1804,02297.HK,润迈德-B,HK,-37.50000413921127,2025-08-01,0.36000001430511475,2026-07-31,0.22499999403953552,Yahoo Finance chart adjclose
1805,01476.HK,金融街证券,HK,-37.62781642250141,2025-08-01,1.8758361339569092,2026-07-31,1.1699999570846558,Yahoo Finance chart adjclose
1806,01895.HK,鑫苑服务,HK,-37.736508596275655,2025-08-01,0.46576249599456787,2026-07-31,0.28999999165534973,Yahoo Finance chart adjclose
1807,09616.HK,东软睿新集团,HK,-37.88331030017665,2025-08-01,3.412931203842163,2026-07-31,2.119999885559082,Yahoo Finance chart adjclose
1808,01107.HK,当代置业,HK,-38.09523598339549,2025-08-01,0.020999999716877937,2026-07-31,0.013000000268220901,Yahoo Finance chart adjclose
1809,02168.HK,佳兆业美好,HK,-38.15789411768028,2025-08-01,1.5199999809265137,2026-07-31,0.9399999976158142,Yahoo Finance chart adjclose
1810,01896.HK,猫眼娱乐,HK,-38.460394350689256,2025-08-01,7.344863414764404,2026-07-31,4.519999980926514,Yahoo Finance chart adjclose
1811,08128.HK,中国恒有源集团,HK,-38.461539196309715,2025-08-01,0.039000000804662704,2026-07-31,0.024000000208616257,Yahoo Finance chart adjclose
1812,01937.HK,佳辰控股,HK,-38.49056177268272,2025-08-01,0.26499998569488525,2026-07-31,0.16300000250339508,Yahoo Finance chart adjclose
1813,01053.HK,重庆钢铁股份,HK,-38.51351253389007,2025-08-01,1.4800000190734863,2026-07-31,0.9100000262260437,Yahoo Finance chart adjclose
1814,01697.HK,山东国信,HK,-38.5542167809484,2025-08-01,0.41499999165534973,2026-07-31,0.2549999952316284,Yahoo Finance chart adjclose
1815,03662.HK,星悦康旅,HK,-38.59649150325322,2025-08-01,0.5699999928474426,2026-07-31,0.3499999940395355,Yahoo Finance chart adjclose
1816,09690.HK,途虎-W,HK,-38.7309683889411,2025-08-01,19.700000762939453,2026-07-31,12.069999694824219,Yahoo Finance chart adjclose
1817,01555.HK,MI能源,HK,-39.02439101954287,2025-08-01,0.04100000113248825,2026-07-31,0.02500000037252903,Yahoo Finance chart adjclose
1818,09636.HK,九方智投(一百),HK,-39.06453100302877,2025-08-01,49.10112380981445,2026-07-31,29.920000076293945,Yahoo Finance chart adjclose
1819,03337.HK,安东油田服务,HK,-39.14793600709866,2025-08-01,1.3310970067977905,2026-07-31,0.8100000023841858,Yahoo Finance chart adjclose
1820,01921.HK,达力普控股,HK,-39.17910617054846,2025-08-01,5.360000133514404,2026-07-31,3.259999990463257,Yahoo Finance chart adjclose
1821,02878.HK,晶门半导体,HK,-39.32583931042917,2025-08-01,0.4449999928474426,2026-07-31,0.27000001072883606,Yahoo Finance chart adjclose
1822,02495.HK,声通科技,HK,-39.354841170772424,2025-08-01,62.0,2026-07-31,37.599998474121094,Yahoo Finance chart adjclose
1823,08645.HK,比特元宇宙,HK,-39.42307515962583,2025-08-01,0.5199999809265137,2026-07-31,0.3149999976158142,Yahoo Finance chart adjclose
1824,01313.HK,华润建材科技,HK,-39.423599547587465,2025-08-01,1.8489048480987549,2026-07-31,1.1200000047683716,Yahoo Finance chart adjclose
1825,01515.HK,华润医疗,HK,-39.471876594017985,2025-08-01,4.196396350860596,2026-07-31,2.5399999618530273,Yahoo Finance chart adjclose
1826,08143.HK,金威医疗,HK,-39.68254259218941,2025-08-01,0.12600000202655792,2026-07-31,0.07599999755620956,Yahoo Finance chart adjclose
1827,01478.HK,丘钛科技,HK,-39.762124702253,2025-08-01,11.421385765075684,2026-07-31,6.880000114440918,Yahoo Finance chart adjclose
1828,01948.HK,优矩控股,HK,-39.8420791801367,2025-08-01,6.4995598793029785,2026-07-31,3.9100000858306885,Yahoo Finance chart adjclose
1829,09926.HK,康方生物,HK,-39.89123793098634,2025-08-01,156.3000030517578,2026-07-31,93.94999694824219,Yahoo Finance chart adjclose
1830,06100.HK,同道猎聘,HK,-40.01468343312422,2025-08-01,3.5842106342315674,2026-07-31,2.1500000953674316,Yahoo Finance chart adjclose
1831,01024.HK,快手-W,HK,-40.02330337210422,2025-08-01,72.86163330078125,2026-07-31,43.70000076293945,Yahoo Finance chart adjclose
1832,01318.HK,毛戈平,HK,-40.08590523192507,2025-08-01,98.05706024169922,2026-07-31,58.75,Yahoo Finance chart adjclose
1833,01726.HK,HKE HOLDINGS,HK,-40.119758940250804,2025-08-01,1.6699999570846558,2026-07-31,1.0,Yahoo Finance chart adjclose
1834,06060.HK,众安在线,HK,-40.31216255045158,2025-08-01,18.579999923706055,2026-07-31,11.09000015258789,Yahoo Finance chart adjclose
1835,02110.HK,天成控股,HK,-40.32257890074853,2025-08-01,0.12399999797344208,2026-07-31,0.07400000095367432,Yahoo Finance chart adjclose
1836,06069.HK,盛业,HK,-40.34434657594915,2025-08-01,11.985452651977539,2026-07-31,7.150000095367432,Yahoo Finance chart adjclose
1837,01498.HK,培力农本方,HK,-40.425531510154066,2025-08-01,0.4699999988079071,2026-07-31,0.2800000011920929,Yahoo Finance chart adjclose
1838,02480.HK,绿竹生物-B,HK,-40.42553191489362,2025-08-01,23.5,2026-07-31,14.0,Yahoo Finance chart adjclose
1839,02671.HK,美联股份,HK,-40.455589731017994,2025-12-30,6.885616779327393,2026-07-31,4.099999904632568,Yahoo Finance chart adjclose
1840,01030.HK,新城发展,HK,-40.49586728006577,2025-08-01,2.4200000762939453,2026-07-31,1.440000057220459,Yahoo Finance chart adjclose
1841,03430.HK,MBC比特币,HK,-40.51841502189287,2025-11-03,7.329999923706055,2026-07-30,4.360000133514404,Yahoo Finance chart adjclose
1842,02657.HK,林清轩,HK,-40.53429602226859,2025-12-30,83.30852508544922,2026-07-31,49.540000915527344,Yahoo Finance chart adjclose
1843,08657.HK,TRUE PARTNER,HK,-40.56603497735698,2025-08-01,0.5299999713897705,2026-07-31,0.3149999976158142,Yahoo Finance chart adjclose
1844,01388.HK,安莉芳控股,HK,-40.65934001154234,2025-08-01,0.45500001311302185,2026-07-31,0.27000001072883606,Yahoo Finance chart adjclose
1845,01167.HK,加科思-B,HK,-40.811151390119335,2025-08-01,7.889999866485596,2026-07-31,4.670000076293945,Yahoo Finance chart adjclose
1846,02013.HK,微盟集团,HK,-40.88669632531193,2025-08-01,2.0299999713897705,2026-07-31,1.2000000476837158,Yahoo Finance chart adjclose
1847,08081.HK,恒泰裕集团,HK,-40.90908936971475,2025-08-01,0.02199999988079071,2026-07-31,0.013000000268220901,Yahoo Finance chart adjclose
1848,03395.HK,吉星新能源,HK,-40.909092756342304,2025-08-01,0.4399999976158142,2026-07-31,0.25999999046325684,Yahoo Finance chart adjclose
1849,01543.HK,中盈盛达融资担保,HK,-40.93750005820767,2025-08-01,0.3199999928474426,2026-07-31,0.1889999955892563,Yahoo Finance chart adjclose
1850,01798.HK,大唐新能源,HK,-41.00198542541479,2025-08-01,2.1695644855499268,2026-07-31,1.2799999713897705,Yahoo Finance chart adjclose
1851,09430.HK,MBC比特币-U,HK,-41.03923824886234,2025-11-03,0.9430000185966492,2026-07-30,0.5559999942779541,Yahoo Finance chart adjclose
1852,08006.HK,华泰瑞银,HK,-41.1347551084033,2025-08-01,0.14100000262260437,2026-07-31,0.08299999684095383,Yahoo Finance chart adjclose
1853,01647.HK,雄岸科技,HK,-41.176470803073265,2025-08-01,0.10199999809265137,2026-07-31,0.05999999865889549,Yahoo Finance chart adjclose
1854,01229.HK,南南资源,HK,-41.29554680294976,2025-08-01,0.24699999392032623,2026-07-31,0.14499999582767487,Yahoo Finance chart adjclose
1855,01168.HK,Z FIN,HK,-41.35736976834311,2025-08-01,9.430000305175781,2026-07-31,5.53000020980835,Yahoo Finance chart adjclose
1856,09930.HK,宏信建发,HK,-41.39083976997059,2025-08-01,1.1261038780212402,2026-07-31,0.6600000262260437,Yahoo Finance chart adjclose
1857,02818.HK,潘渡比特币,HK,-41.465575062797285,2025-09-01,7.1376800537109375,2026-07-30,4.177999973297119,Yahoo Finance chart adjclose
1858,01338.HK,霸王集团,HK,-41.50943422750376,2025-08-01,0.05299999937415123,2026-07-31,0.03099999949336052,Yahoo Finance chart adjclose
1859,02517.HK,锅圈,HK,-41.5948266400626,2025-08-01,3.475719451904297,2026-07-31,2.0299999713897705,Yahoo Finance chart adjclose
1860,06078.HK,海吉亚医疗,HK,-41.6178174094873,2025-08-01,17.059999465942383,2026-07-31,9.960000038146973,Yahoo Finance chart adjclose
1861,02100.HK,百奥家庭互动,HK,-41.73225232841751,2025-08-01,0.6006753444671631,2026-07-31,0.3499999940395355,Yahoo Finance chart adjclose
1862,01803.HK,北京体育文化,HK,-41.791045025080656,2025-08-01,0.1340000033378601,2026-07-31,0.07800000160932541,Yahoo Finance chart adjclose
1863,06820.HK,友谊时光,HK,-41.8657955279738,2025-08-01,0.6794623136520386,2026-07-31,0.39500001072883606,Yahoo Finance chart adjclose
1864,02367.HK,巨子生物,HK,-41.90526751119913,2025-08-01,52.98242950439453,2026-07-31,30.780000686645508,Yahoo Finance chart adjclose
1865,01159.HK,智数科技集团,HK,-41.92139453840288,2025-08-01,4.579999923706055,2026-07-31,2.6600000858306885,Yahoo Finance chart adjclose
1866,01349.HK,复旦张江,HK,-41.96642609069923,2025-08-01,4.170000076293945,2026-07-31,2.4200000762939453,Yahoo Finance chart adjclose
1867,08356.HK,进业控股,HK,-42.24137620962749,2025-08-01,0.5799999833106995,2026-07-31,0.33500000834465027,Yahoo Finance chart adjclose
1868,02210.HK,京城佳业,HK,-42.25692292843989,2025-08-01,3.290437698364258,2026-07-31,1.899999976158142,Yahoo Finance chart adjclose
1869,01799.HK,新特能源,HK,-42.261901256245984,2025-08-01,6.71999979019165,2026-07-31,3.880000114440918,Yahoo Finance chart adjclose
1870,02525.HK,禾赛-W,HK,-42.35897227230235,2025-09-16,29.25,2026-07-31,16.860000610351562,Yahoo Finance chart adjclose
1871,08349.HK,硅鑫集团,HK,-42.41071623388905,2025-08-01,2.240000009536743,2026-07-31,1.2899999618530273,Yahoo Finance chart adjclose
1872,08307.HK,密迪斯肌,HK,-42.523363314608694,2025-08-01,0.21400000154972076,2026-07-31,0.12300000339746475,Yahoo Finance chart adjclose
1873,06998.HK,嘉和生物-B,HK,-42.75862372304247,2026-01-02,2.9000000953674316,2026-07-31,1.659999966621399,Yahoo Finance chart adjclose
1874,01321.HK,中国新城市,HK,-42.857141032510846,2025-08-01,1.399999976158142,2026-07-31,0.800000011920929,Yahoo Finance chart adjclose
1875,02112.HK,恩典生命科技,HK,-42.85714623609091,2025-08-01,0.06300000101327896,2026-07-31,0.035999998450279236,Yahoo Finance chart adjclose
1876,02858.HK,易鑫集团,HK,-43.07189205515871,2025-08-01,2.3538460731506348,2026-07-31,1.340000033378601,Yahoo Finance chart adjclose
1877,01842.HK,植华集团,HK,-43.07692025540133,2025-08-01,0.06499999761581421,2026-07-31,0.03700000047683716,Yahoo Finance chart adjclose
1878,01588.HK,畅捷通,HK,-43.13343579267972,2025-08-01,7.649486064910889,2026-07-31,4.349999904632568,Yahoo Finance chart adjclose
1879,06677.HK,远洋服务,HK,-43.17563994717107,2025-08-01,0.5807368755340576,2026-07-31,0.33000001311302185,Yahoo Finance chart adjclose
1880,07388.HK,南方两倍做空英伟达,HK,-43.217787584900016,2025-08-01,26.540000915527344,2026-07-30,15.069999694824219,Yahoo Finance chart adjclose
1881,09388.HK,南方两倍做空英伟达-U,HK,-43.236854781465006,2025-08-01,3.385999917984009,2026-07-30,1.9220000505447388,Yahoo Finance chart adjclose
1882,02419.HK,德康农牧,HK,-43.30357131453193,2025-08-01,89.5999984741211,2026-07-31,50.79999923706055,Yahoo Finance chart adjclose
1883,02728.HK,金泰能源控股,HK,-43.333328987161224,2025-08-01,0.029999999329447746,2026-07-31,0.017000000923871994,Yahoo Finance chart adjclose
1884,02195.HK,盈汇企业控股,HK,-43.333332891817435,2025-08-01,0.44999998807907104,2026-07-31,0.2549999952316284,Yahoo Finance chart adjclose
1885,02590.HK,极智嘉-W,HK,-43.34511104296477,2025-08-01,16.979999542236328,2026-07-31,9.619999885559082,Yahoo Finance chart adjclose
1886,01911.HK,华兴资本控股,HK,-43.533697015051374,2025-08-01,5.489999771118164,2026-07-31,3.0999999046325684,Yahoo Finance chart adjclose
1887,02237.HK,中国石墨,HK,-43.661969288831784,2025-08-01,0.35499998927116394,2026-07-31,0.20000000298023224,Yahoo Finance chart adjclose
1888,06682.HK,第四范式,HK,-43.69230637183556,2025-08-01,52.0,2026-07-31,29.280000686645508,Yahoo Finance chart adjclose
1889,09366.HK,南方两倍做空特斯拉-U,HK,-43.735224336449186,2025-08-01,3.384000062942505,2026-07-30,1.9040000438690186,Yahoo Finance chart adjclose
1890,08275.HK,中国新消费集团,HK,-43.749997412992734,2025-08-01,0.14399999380111694,2026-07-31,0.08100000023841858,Yahoo Finance chart adjclose
1891,02211.HK,大健康国际,HK,-43.801654073174404,2025-08-01,1.2100000381469727,2026-07-31,0.6800000071525574,Yahoo Finance chart adjclose
1892,01530.HK,三生制药,HK,-43.818218850468874,2025-08-01,29.760536193847656,2026-07-31,16.719999313354492,Yahoo Finance chart adjclose
1893,07366.HK,南方两倍做空特斯拉,HK,-43.820226324410704,2025-08-01,26.700000762939453,2026-07-30,15.0,Yahoo Finance chart adjclose
1894,02581.HK,明基医院,HK,-43.85592768723765,2025-12-22,4.71999979019165,2026-07-31,2.6500000953674316,Yahoo Finance chart adjclose
1895,09606.HK,映恩生物-B,HK,-44.0270905528361,2025-08-01,324.79998779296875,2026-07-31,181.8000030517578,Yahoo Finance chart adjclose
1896,02566.HK,九源基因,HK,-44.115092512309786,2025-08-01,9.591140747070312,2026-07-31,5.360000133514404,Yahoo Finance chart adjclose
1897,01586.HK,力鸿检验,HK,-44.15584184363828,2025-08-01,3.0799999237060547,2026-07-31,1.7200000286102295,Yahoo Finance chart adjclose
1898,03683.HK,荣丰亿控股,HK,-44.186047921959506,2025-08-01,0.0860000029206276,2026-07-31,0.04800000041723251,Yahoo Finance chart adjclose
1899,01609.HK,创建集团控股,HK,-44.23255742982376,2026-05-05,215.0,2026-07-31,119.9000015258789,Yahoo Finance chart adjclose
1900,01459.HK,巨匠建设,HK,-44.303799282948596,2025-08-01,0.39500001072883606,2026-07-31,0.2199999988079071,Yahoo Finance chart adjclose
1901,01973.HK,天图投资,HK,-44.44444297272479,2025-08-01,3.5999999046325684,2026-07-31,2.0,Yahoo Finance chart adjclose
1902,81024.HK,快手-WR,HK,-44.590613230275586,2025-08-01,67.6419677734375,2026-07-31,37.47999954223633,Yahoo Finance chart adjclose
1903,02185.HK,百心安-B,HK,-44.76885870596144,2025-08-01,4.110000133514404,2026-07-31,2.2699999809265137,Yahoo Finance chart adjclose
1904,08452.HK,富银融资股份,HK,-44.85714086221185,2025-08-01,0.3499999940395355,2026-07-31,0.19300000369548798,Yahoo Finance chart adjclose
1905,01471.HK,众淼控股,HK,-44.99545551460986,2025-08-01,14.635154724121094,2026-07-31,8.050000190734863,Yahoo Finance chart adjclose
1906,09008.HK,博时比特币-U,HK,-45.000001568543304,2025-08-01,1.1399999856948853,2026-07-30,0.6269999742507935,Yahoo Finance chart adjclose
1907,09042.HK,华夏比特币-U,HK,-45.02762230807633,2025-08-01,1.809999942779541,2026-07-30,0.9950000047683716,Yahoo Finance chart adjclose
1908,03042.HK,华夏比特币,HK,-45.03170950393947,2025-08-01,14.1899995803833,2026-07-30,7.800000190734863,Yahoo Finance chart adjclose
1909,09676.HK,十月稻田,HK,-45.04861204838234,2025-08-01,7.4793381690979,2026-07-31,4.110000133514404,Yahoo Finance chart adjclose
1910,03439.HK,嘉实比特币,HK,-45.056101596140465,2025-08-01,14.260000228881836,2026-07-30,7.835000038146973,Yahoo Finance chart adjclose
1911,02489.HK,集海资源,HK,-45.07692233127183,2025-08-01,1.4019607305526733,2026-07-31,0.7699999809265137,Yahoo Finance chart adjclose
1912,03008.HK,博时比特币,HK,-45.09233456152918,2025-08-01,8.9350004196167,2026-07-30,4.906000137329102,Yahoo Finance chart adjclose
1913,09439.HK,嘉实比特币-U,HK,-45.27991413790748,2025-08-01,1.8220000267028809,2026-07-30,0.996999979019165,Yahoo Finance chart adjclose
1914,02369.HK,酷派集团,HK,-45.31249970896168,2025-08-01,1.2799999713897705,2026-07-31,0.699999988079071,Yahoo Finance chart adjclose
1915,01150.HK,米兰站,HK,-45.33333399560714,2025-08-01,0.15000000596046448,2026-07-31,0.0820000022649765,Yahoo Finance chart adjclose
1916,02138.HK,医思健康,HK,-45.384615031925165,2025-08-01,0.6499999761581421,2026-07-31,0.35499998927116394,Yahoo Finance chart adjclose
1917,01126.HK,德林国际,HK,-45.401248424357455,2025-08-01,12.747544288635254,2026-07-31,6.960000038146973,Yahoo Finance chart adjclose
1918,08269.HK,富誉控股,HK,-45.45454381254424,2025-08-01,0.4950000047683716,2026-07-31,0.27000001072883606,Yahoo Finance chart adjclose
1919,01195.HK,京维集团,HK,-45.45454468485737,2025-08-01,0.02199999988079071,2026-07-31,0.012000000104308128,Yahoo Finance chart adjclose
1920,01253.HK,绿博生态,HK,-45.55555914287199,2025-08-01,0.18000000715255737,2026-07-31,0.09799999743700027,Yahoo Finance chart adjclose
1921,06860.HK,指尖悦动,HK,-45.762709617032584,2025-08-01,0.23600000143051147,2026-07-31,0.12800000607967377,Yahoo Finance chart adjclose
1922,01393.HK,恒鼎实业,HK,-45.83332988399032,2025-08-01,0.07199999690055847,2026-07-31,0.039000000804662704,Yahoo Finance chart adjclose
1923,03623.HK,中国金融发展,HK,-45.83333747254461,2025-08-01,1.2000000476837158,2026-07-31,0.6499999761581421,Yahoo Finance chart adjclose
1924,08246.HK,中华燃气,HK,-45.83333747254461,2025-08-01,1.2000000476837158,2026-07-31,0.6499999761581421,Yahoo Finance chart adjclose
1925,01428.HK,耀才证券金融,HK,-45.945945837098904,2025-08-01,11.84000015258789,2026-07-31,6.400000095367432,Yahoo Finance chart adjclose
1926,02555.HK,茶百道,HK,-45.98100061669269,2025-08-01,8.867250442504883,2026-07-31,4.789999961853027,Yahoo Finance chart adjclose
1927,01810.HK,小米集团-W,HK,-46.10486916803169,2025-08-01,53.400001525878906,2026-07-31,28.780000686645508,Yahoo Finance chart adjclose
1928,02157.HK,乐普生物-B,HK,-46.16351808184541,2025-08-01,7.949999809265137,2026-07-31,4.28000020980835,Yahoo Finance chart adjclose
1929,08462.HK,中安控股集团,HK,-46.21211915961966,2025-08-01,0.13199999928474426,2026-07-31,0.07100000232458115,Yahoo Finance chart adjclose
1930,02001.HK,新高教集团,HK,-46.2264128663268,2025-08-01,1.059999942779541,2026-07-31,0.5699999928474426,Yahoo Finance chart adjclose
1931,01477.HK,欧康维视生物-B,HK,-46.2845021040566,2025-08-01,9.420000076293945,2026-07-31,5.059999942779541,Yahoo Finance chart adjclose
1932,02415.HK,梅斯健康,HK,-46.285466895844486,2025-08-01,1.3404194116592407,2026-07-31,0.7200000286102295,Yahoo Finance chart adjclose
1933,02586.HK,多点数智,HK,-46.363634874888525,2025-08-01,9.899999618530273,2026-07-31,5.309999942779541,Yahoo Finance chart adjclose
1934,08111.HK,中国科技产业集团,HK,-46.37680955980781,2025-08-01,0.1379999965429306,2026-07-31,0.07400000095367432,Yahoo Finance chart adjclose
1935,02508.HK,圣贝拉,HK,-46.4135039207616,2025-08-01,7.110000133514404,2026-07-31,3.809999942779541,Yahoo Finance chart adjclose
1936,03309.HK,希玛医疗,HK,-46.42108939266885,2025-08-01,1.73575758934021,2026-07-31,0.9300000071525574,Yahoo Finance chart adjclose
1937,02543.HK,大行科工,HK,-46.51228730093324,2025-09-09,54.62936782836914,2026-07-31,29.219999313354492,Yahoo Finance chart adjclose
1938,01563.HK,友联国际教育租赁,HK,-46.52173862340096,2025-08-01,0.23000000417232513,2026-07-31,0.12300000339746475,Yahoo Finance chart adjclose
1939,02149.HK,贝克微,HK,-46.7613117793116,2025-08-01,56.349998474121094,2026-07-31,30.0,Yahoo Finance chart adjclose
1940,06185.HK,康希诺生物,HK,-46.788569859095986,2025-08-01,43.75,2026-07-31,23.280000686645508,Yahoo Finance chart adjclose
1941,06608.HK,百融云-W,HK,-46.81295386727405,2025-08-01,9.569999694824219,2026-07-31,5.090000152587891,Yahoo Finance chart adjclose
1942,02015.HK,理想汽车-W,HK,-46.86567012350358,2025-08-01,100.5,2026-07-31,53.400001525878906,Yahoo Finance chart adjclose
1943,03135.HK,FA三星比特币,HK,-46.895841441685484,2025-08-01,38.97999954223633,2026-07-30,20.700000762939453,Yahoo Finance chart adjclose
1944,01247.HK,米格国际控股,HK,-46.90721953557537,2025-08-01,1.940000057220459,2026-07-31,1.0299999713897705,Yahoo Finance chart adjclose
1945,09878.HK,汇通达网络,HK,-46.94868200490646,2025-08-01,14.420000076293945,2026-07-31,7.650000095367432,Yahoo Finance chart adjclose
1946,03677.HK,正力新能,HK,-46.992484168245,2025-08-01,10.640000343322754,2026-07-31,5.639999866485596,Yahoo Finance chart adjclose
1947,01011.HK,泰凌医药,HK,-47.18309699531298,2025-08-01,0.7099999785423279,2026-07-31,0.375,Yahoo Finance chart adjclose
1948,01003.HK,欢喜传媒,HK,-47.200000286102295,2025-08-01,0.375,2026-07-31,0.1979999989271164,Yahoo Finance chart adjclose
1949,08206.HK,神通机器人教育,HK,-47.22222164733172,2025-08-01,0.07199999690055847,2026-07-31,0.03799999877810478,Yahoo Finance chart adjclose
1950,02176.HK,赛迪顾问,HK,-47.23334840285851,2025-08-01,1.6108659505844116,2026-07-31,0.8500000238418579,Yahoo Finance chart adjclose
1951,01098.HK,路劲,HK,-47.252749951906914,2025-08-01,0.9100000262260437,2026-07-31,0.47999998927116394,Yahoo Finance chart adjclose
1952,01181.HK,唐宫中国,HK,-47.36841960792064,2025-08-01,0.1899999976158142,2026-07-31,0.10000000149011612,Yahoo Finance chart adjclose
1953,03800.HK,协鑫科技,HK,-47.41379035709863,2025-08-01,1.159999966621399,2026-07-31,0.6100000143051147,Yahoo Finance chart adjclose
1954,08156.HK,国药科技股份,HK,-47.419354435556514,2025-08-01,0.3100000023841858,2026-07-31,0.16300000250339508,Yahoo Finance chart adjclose
1955,02779.HK,中国新华教育,HK,-47.45762437898776,2025-08-01,0.5899999737739563,2026-07-31,0.3100000023841858,Yahoo Finance chart adjclose
1956,01736.HK,中国育儿网络,HK,-47.50000242143866,2025-08-01,0.800000011920929,2026-07-31,0.41999998688697815,Yahoo Finance chart adjclose
1957,02002.HK,阳光纸业,HK,-47.6439781426331,2025-08-01,1.909999966621399,2026-07-31,1.0,Yahoo Finance chart adjclose
1958,03066.HK,FA南方比特币,HK,-47.65584787592505,2025-08-01,38.81999969482422,2026-07-30,20.31999969482422,Yahoo Finance chart adjclose
1959,02192.HK,医脉通,HK,-47.74700659390422,2025-08-01,14.927374839782715,2026-07-31,7.800000190734863,Yahoo Finance chart adjclose
1960,03678.HK,弘业期货,HK,-47.883035979944545,2025-08-01,4.221274375915527,2026-07-31,2.200000047683716,Yahoo Finance chart adjclose
1961,08482.HK,万励达,HK,-47.938144052747035,2025-08-01,0.1940000057220459,2026-07-31,0.10100000351667404,Yahoo Finance chart adjclose
1962,09899.HK,网易云音乐,HK,-47.95751636533156,2025-08-01,244.8000030517578,2026-07-31,127.4000015258789,Yahoo Finance chart adjclose
1963,08191.HK,鸿伟亚洲,HK,-47.979797637714384,2025-08-01,0.1979999989271164,2026-07-31,0.10300000011920929,Yahoo Finance chart adjclose
1964,08262.HK,宏强控股,HK,-48.101266777834354,2025-08-01,0.07900000363588333,2026-07-31,0.04100000113248825,Yahoo Finance chart adjclose
1965,02531.HK,广联科技控股,HK,-48.162475295777384,2025-08-01,10.34000015258789,2026-07-31,5.360000133514404,Yahoo Finance chart adjclose
1966,01066.HK,威高股份,HK,-48.169077498309676,2025-08-01,6.482616424560547,2026-07-31,3.359999895095825,Yahoo Finance chart adjclose
1967,02593.HK,草姬集团,HK,-48.33333156726973,2025-08-01,1.7999999523162842,2026-07-31,0.9300000071525574,Yahoo Finance chart adjclose
1968,02329.HK,国瑞健康,HK,-48.36956596561832,2025-08-01,0.18400000035762787,2026-07-31,0.0949999988079071,Yahoo Finance chart adjclose
1969,03882.HK,天彩控股,HK,-48.38709832478263,2025-08-01,0.9300000071525574,2026-07-31,0.47999998927116394,Yahoo Finance chart adjclose
1970,02652.HK,长风药业,HK,-48.38960820978338,2025-10-08,38.5,2026-07-31,19.8700008392334,Yahoo Finance chart adjclose
1971,01238.HK,宝龙地产,HK,-48.450703137546625,2025-08-01,0.35499998927116394,2026-07-31,0.18299999833106995,Yahoo Finance chart adjclose
1972,83042.HK,华夏比特币-R,HK,-48.466259126915546,2025-08-01,13.039999961853027,2026-07-30,6.71999979019165,Yahoo Finance chart adjclose
1973,03046.HK,华夏以太币,HK,-48.542023340320405,2025-08-01,8.744999885559082,2026-07-30,4.5,Yahoo Finance chart adjclose
1974,09699.HK,顺丰同城,HK,-48.557687899064575,2025-08-01,16.639999389648438,2026-07-31,8.5600004196167,Yahoo Finance chart adjclose
1975,09046.HK,华夏以太币-U,HK,-48.56887545764423,2025-08-01,1.1180000305175781,2026-07-30,0.574999988079071,Yahoo Finance chart adjclose
1976,02402.HK,亿华通,HK,-48.60040457457265,2025-08-01,24.649999618530273,2026-07-31,12.670000076293945,Yahoo Finance chart adjclose
1977,03425.HK,MBC以太币,HK,-48.60043625586218,2025-11-03,6.894999980926514,2026-07-30,3.5439999103546143,Yahoo Finance chart adjclose
1978,09460.HK,华夏SOL-U,HK,-48.60579633183754,2025-11-17,0.7315999865531921,2026-07-30,0.37599998712539673,Yahoo Finance chart adjclose
1979,02186.HK,绿叶制药,HK,-48.607596281418665,2025-08-01,3.950000047683716,2026-07-31,2.0299999713897705,Yahoo Finance chart adjclose
1980,02255.HK,海昌海洋公园,HK,-48.66666793823242,2025-08-01,0.75,2026-07-31,0.38499999046325684,Yahoo Finance chart adjclose
1981,09009.HK,博时以太币-U,HK,-48.74651763180948,2025-08-01,0.35899999737739563,2026-07-30,0.18400000035762787,Yahoo Finance chart adjclose
1982,03009.HK,博时以太币,HK,-48.75444531874019,2025-08-01,2.809999942779541,2026-07-30,1.440000057220459,Yahoo Finance chart adjclose
1983,09425.HK,MBC以太币-U,HK,-48.86877936363142,2025-11-03,0.8840000033378601,2026-07-30,0.4519999921321869,Yahoo Finance chart adjclose
1984,08606.HK,倢冠控股,HK,-48.93616802042664,2025-08-01,0.09399999678134918,2026-07-31,0.04800000041723251,Yahoo Finance chart adjclose
1985,02371.HK,创联控股,HK,-48.94736627462495,2025-08-01,0.3799999952316284,2026-07-31,0.1940000057220459,Yahoo Finance chart adjclose
1986,01868.HK,同方友友,HK,-49.041096013445504,2025-08-01,0.36500000953674316,2026-07-31,0.1860000044107437,Yahoo Finance chart adjclose
1987,02125.HK,稻草熊娱乐,HK,-49.13793183181008,2025-08-01,0.5799999833106995,2026-07-31,0.29499998688697815,Yahoo Finance chart adjclose
1988,08173.HK,客思控股,HK,-49.295773219157326,2025-08-01,0.21299999952316284,2026-07-31,0.1080000028014183,Yahoo Finance chart adjclose
1989,01250.HK,山高新能源,HK,-49.31506916424819,2025-08-01,2.190000057220459,2026-07-31,1.1100000143051147,Yahoo Finance chart adjclose
1990,03179.HK,嘉实以太币,HK,-49.31972851637681,2025-08-01,8.819999694824219,2026-07-30,4.46999979019165,Yahoo Finance chart adjclose
1991,02202.HK,万科企业,HK,-49.38775569783901,2025-08-01,4.900000095367432,2026-07-31,2.4800000190734863,Yahoo Finance chart adjclose
1992,06913.HK,华南职业教育,HK,-49.43039470192687,2025-08-01,0.27684614062309265,2026-07-31,0.14000000059604645,Yahoo Finance chart adjclose
1993,09179.HK,嘉实以太币-U,HK,-49.46808668037009,2025-08-01,1.128000020980835,2026-07-30,0.5699999928474426,Yahoo Finance chart adjclose
1994,81810.HK,小米集团-WR,HK,-49.72588786013841,2025-08-01,49.25,2026-07-31,24.760000228881836,Yahoo Finance chart adjclose
1995,06108.HK,新锐医药,HK,-49.74999949708582,2025-08-01,0.4000000059604645,2026-07-31,0.20100000500679016,Yahoo Finance chart adjclose
1996,02170.HK,贝康医疗-B,HK,-49.820788698925014,2025-08-01,2.7899999618530273,2026-07-31,1.399999976158142,Yahoo Finance chart adjclose
1997,01559.HK,均安控股,HK,-50.0,2025-08-01,0.10000000149011612,2026-07-31,0.05000000074505806,Yahoo Finance chart adjclose
1998,01301.HK,德基科技控股,HK,-50.0,2025-08-01,0.6700000166893005,2026-07-31,0.33500000834465027,Yahoo Finance chart adjclose
1999,01689.HK,华禧控股,HK,-50.0,2025-08-01,0.5600000023841858,2026-07-31,0.2800000011920929,Yahoo Finance chart adjclose
2000,01719.HK,中国通商集团,HK,-50.0,2025-08-01,0.5400000214576721,2026-07-31,0.27000001072883606,Yahoo Finance chart adjclose
2001,02137.HK,腾盛博药-B,HK,-50.2645500142578,2025-08-01,1.8899999856948853,2026-07-31,0.9399999976158142,Yahoo Finance chart adjclose
2002,02167.HK,天润云,HK,-50.339487161078445,2025-08-01,6.322931289672852,2026-07-31,3.140000104904175,Yahoo Finance chart adjclose
2003,06068.HK,光正教育,HK,-50.38168017079688,2025-08-01,0.13099999725818634,2026-07-31,0.06499999761581421,Yahoo Finance chart adjclose
2004,03836.HK,和谐汽车,HK,-50.40650367106455,2025-08-01,1.2300000190734863,2026-07-31,0.6100000143051147,Yahoo Finance chart adjclose
2005,02799.HK,中信金融资产,HK,-50.42017265511332,2025-08-01,1.190000057220459,2026-07-31,0.5899999737739563,Yahoo Finance chart adjclose
2006,01061.HK,亿胜生物科技,HK,-50.448880060952014,2025-08-01,4.92420768737793,2026-07-31,2.440000057220459,Yahoo Finance chart adjclose
2007,09688.HK,再鼎医药,HK,-50.519029828755066,2025-08-01,28.899999618530273,2026-07-31,14.300000190734863,Yahoo Finance chart adjclose
2008,01370.HK,奥威控股,HK,-50.52631424844869,2025-08-01,0.2849999964237213,2026-07-31,0.14100000262260437,Yahoo Finance chart adjclose
2009,02291.HK,心泰医疗,HK,-50.57544550217719,2025-08-01,24.11756706237793,2026-07-31,11.920000076293945,Yahoo Finance chart adjclose
2010,02026.HK,小马智行-W,HK,-50.59476606588058,2025-11-06,126.0999984741211,2026-07-31,62.29999923706055,Yahoo Finance chart adjclose
2011,02540.HK,乐思集团,HK,-50.617283360112495,2025-08-01,1.6200000047683716,2026-07-31,0.800000011920929,Yahoo Finance chart adjclose
2012,06959.HK,长久股份,HK,-50.62761612015498,2025-08-01,7.170000076293945,2026-07-31,3.5399999618530273,Yahoo Finance chart adjclose
2013,08071.HK,中彩网通控股,HK,-50.66666603088379,2025-08-01,1.5,2026-07-31,0.7400000095367432,Yahoo Finance chart adjclose
2014,02150.HK,奈雪的茶,HK,-50.67567502259338,2025-08-01,1.4800000190734863,2026-07-31,0.7300000190734863,Yahoo Finance chart adjclose
2015,02519.HK,傲基股份,HK,-50.92024310154093,2025-08-01,8.149999618530273,2026-07-31,4.0,Yahoo Finance chart adjclose
2016,02551.HK,晶科电子股份,HK,-50.95009300015617,2025-08-01,3.2212090492248535,2026-07-31,1.5800000429153442,Yahoo Finance chart adjclose
2017,06181.HK,老铺黄金,HK,-51.0346625979406,2025-08-01,663.3263549804688,2026-07-31,324.79998779296875,Yahoo Finance chart adjclose
2018,02257.HK,圣诺医药-B,HK,-51.050680303383956,2025-08-01,8.09000015258789,2026-07-31,3.9600000381469727,Yahoo Finance chart adjclose
2019,02097.HK,蜜雪集团,HK,-51.058314016519304,2025-08-01,463.0,2026-07-31,226.60000610351562,Yahoo Finance chart adjclose
2020,01749.HK,杉杉品牌,HK,-51.063828775385154,2025-08-01,0.9399999976158142,2026-07-31,0.46000000834465027,Yahoo Finance chart adjclose
2021,01282.HK,中泽丰,HK,-51.1764729600464,2025-08-01,0.17000000178813934,2026-07-31,0.08299999684095383,Yahoo Finance chart adjclose
2022,83460.HK,华夏SOL-R,HK,-51.20076850943542,2025-11-17,5.204999923706055,2026-07-30,2.5399999618530273,Yahoo Finance chart adjclose
2023,01108.HK,凯盛新能,HK,-51.22950699533775,2025-08-01,4.880000114440918,2026-07-31,2.380000114440918,Yahoo Finance chart adjclose
2024,08430.HK,春能控股,HK,-51.26582529181518,2025-08-01,0.15800000727176666,2026-07-31,0.07699999958276749,Yahoo Finance chart adjclose
2025,01717.HK,澳优,HK,-51.28471580724479,2025-08-01,2.4222376346588135,2026-07-31,1.1799999475479126,Yahoo Finance chart adjclose
2026,02012.HK,阳光油砂,HK,-51.37254890502759,2025-08-01,0.5099999904632568,2026-07-31,0.24799999594688416,Yahoo Finance chart adjclose
2027,01060.HK,大麦娱乐,HK,-51.40187332375872,2025-08-01,1.0700000524520874,2026-07-31,0.5199999809265137,Yahoo Finance chart adjclose
2028,08193.HK,亚太金融投资,HK,-51.49999929219485,2025-08-01,0.20000000298023224,2026-07-31,0.09700000286102295,Yahoo Finance chart adjclose
2029,03068.HK,FA南方以太币,HK,-51.56885251860912,2025-08-01,17.209999084472656,2026-07-30,8.335000038146973,Yahoo Finance chart adjclose
2030,08203.HK,凯顺控股,HK,-51.59817337616974,2025-08-01,0.21899999678134918,2026-07-31,0.10599999874830246,Yahoo Finance chart adjclose
2031,06118.HK,奥星生命科技,HK,-51.70068267185154,2025-08-01,1.4700000286102295,2026-07-31,0.7099999785423279,Yahoo Finance chart adjclose
2032,09996.HK,沛嘉医疗-B,HK,-51.740696065480904,2025-08-01,8.329999923706055,2026-07-31,4.019999980926514,Yahoo Finance chart adjclose
2033,83046.HK,华夏以太币-R,HK,-51.94048196916906,2025-08-01,8.0649995803833,2026-07-30,3.875999927520752,Yahoo Finance chart adjclose
2034,08153.HK,嘉鼎国际集团,HK,-51.948050138499525,2025-08-01,1.5399999618530273,2026-07-31,0.7400000095367432,Yahoo Finance chart adjclose
2035,01698.HK,腾讯音乐-SW,HK,-52.10829357836823,2025-08-01,80.38970184326172,2026-07-31,38.5,Yahoo Finance chart adjclose
2036,01753.HK,兑吧,HK,-52.20338681688654,2025-08-01,0.29499998688697815,2026-07-31,0.14100000262260437,Yahoo Finance chart adjclose
2037,01458.HK,周黑鸭,HK,-52.20588460873978,2025-08-01,2.7200000286102295,2026-07-31,1.2999999523162842,Yahoo Finance chart adjclose
2038,08245.HK,烽翼集团,HK,-52.29357584950976,2025-08-01,0.21799999475479126,2026-07-31,0.10400000214576721,Yahoo Finance chart adjclose
2039,06969.HK,思摩尔国际,HK,-52.45165144383967,2025-08-01,19.348726272583008,2026-07-31,9.199999809265137,Yahoo Finance chart adjclose
2040,01413.HK,铸帝控股,HK,-52.57142956889407,2025-08-01,0.3499999940395355,2026-07-31,0.16599999368190765,Yahoo Finance chart adjclose
2041,06110.HK,滔搏,HK,-52.58394778614116,2025-08-01,2.868227005004883,2026-07-31,1.3600000143051147,Yahoo Finance chart adjclose
2042,01068.HK,雨润食品,HK,-52.69460738562244,2025-08-01,0.16699999570846558,2026-07-31,0.07900000363588333,Yahoo Finance chart adjclose
2043,01405.HK,达势股份,HK,-52.751042661234315,2025-08-01,84.1500015258789,2026-07-31,39.7599983215332,Yahoo Finance chart adjclose
2044,01847.HK,云南建投混凝土,HK,-52.77777520226836,2025-08-01,0.8999999761581421,2026-07-31,0.42500001192092896,Yahoo Finance chart adjclose
2045,08491.HK,COOL LINK,HK,-52.8301861329449,2025-08-01,0.5299999713897705,2026-07-31,0.25,Yahoo Finance chart adjclose
2046,02583.HK,西普尼,HK,-52.83018867924528,2025-09-30,106.0,2026-07-31,50.0,Yahoo Finance chart adjclose
2047,06928.HK,万马控股,HK,-53.02732541628519,2025-08-01,0.3938460052013397,2026-07-31,0.1850000023841858,Yahoo Finance chart adjclose
2048,06855.HK,亚盛医药-B,HK,-53.05555661519368,2025-08-01,72.0,2026-07-31,33.79999923706055,Yahoo Finance chart adjclose
2049,02609.HK,佰泽医疗,HK,-53.067485402895585,2025-08-01,6.519999980926514,2026-07-31,3.059999942779541,Yahoo Finance chart adjclose
2050,01795.HK,亚东集团,HK,-53.08642047986154,2025-08-01,0.8100000023841858,2026-07-31,0.3799999952316284,Yahoo Finance chart adjclose
2051,01384.HK,滴普科技,HK,-53.263476216962616,2025-10-28,66.80000305175781,2026-07-31,31.219999313354492,Yahoo Finance chart adjclose
2052,02432.HK,越疆,HK,-53.4028437465288,2025-08-01,52.75,2026-07-31,24.579999923706055,Yahoo Finance chart adjclose
2053,09680.HK,如祺出行,HK,-53.52349055038368,2025-08-01,11.920000076293945,2026-07-31,5.539999961853027,Yahoo Finance chart adjclose
2054,08198.HK,加幂科技,HK,-53.591160202800694,2025-08-01,3.619999885559082,2026-07-31,1.6799999475479126,Yahoo Finance chart adjclose
2055,01317.HK,枫叶教育,HK,-53.60000133514404,2025-08-01,0.375,2026-07-31,0.17399999499320984,Yahoo Finance chart adjclose
2056,02772.HK,中梁控股,HK,-53.65853935551026,2025-08-01,0.0820000022649765,2026-07-31,0.03799999877810478,Yahoo Finance chart adjclose
2057,06839.HK,云南水务,HK,-53.703704214717455,2025-08-01,0.2160000056028366,2026-07-31,0.10000000149011612,Yahoo Finance chart adjclose
2058,03913.HK,合景悠活,HK,-53.74999837018546,2025-08-01,0.3199999928474426,2026-07-31,0.14800000190734863,Yahoo Finance chart adjclose
2059,08622.HK,华康生物医学,HK,-53.76623181593838,2025-08-01,0.38499999046325684,2026-07-31,0.17800000309944153,Yahoo Finance chart adjclose
2060,01418.HK,盛诺集团,HK,-53.96631563029997,2025-08-01,0.2932635247707367,2026-07-31,0.13500000536441803,Yahoo Finance chart adjclose
2061,01516.HK,融创服务,HK,-54.01297224785666,2025-08-01,1.7396210432052612,2026-07-31,0.800000011920929,Yahoo Finance chart adjclose
2062,01549.HK,永丰集团控股,HK,-54.05405214923069,2025-08-01,0.14800000190734863,2026-07-31,0.06800000369548798,Yahoo Finance chart adjclose
2063,01889.HK,三爱健康集团,HK,-54.11764659477354,2025-08-01,0.3400000035762787,2026-07-31,0.15600000321865082,Yahoo Finance chart adjclose
2064,08328.HK,信义储电,HK,-54.16666666666667,2025-08-01,0.7200000286102295,2026-07-31,0.33000001311302185,Yahoo Finance chart adjclose
2065,02563.HK,华昊中天医药-B,HK,-54.25257928339242,2025-08-01,7.760000228881836,2026-07-31,3.549999952316284,Yahoo Finance chart adjclose
2066,08159.HK,新华联合投资,HK,-54.44444499633928,2025-08-01,0.09000000357627869,2026-07-31,0.04100000113248825,Yahoo Finance chart adjclose
2067,01333.HK,博雷顿,HK,-54.48148162276656,2025-08-01,27.0,2026-07-31,12.289999961853027,Yahoo Finance chart adjclose
2068,01727.HK,河北建设,HK,-54.629630549454355,2025-08-01,0.5400000214576721,2026-07-31,0.24500000476837158,Yahoo Finance chart adjclose
2069,09600.HK,新纽科技,HK,-54.687500291038305,2025-08-01,0.3199999928474426,2026-07-31,0.14499999582767487,Yahoo Finance chart adjclose
2070,02286.HK,辰兴发展,HK,-54.893617439507466,2025-08-01,0.23499999940395355,2026-07-31,0.10599999874830246,Yahoo Finance chart adjclose
2071,03889.HK,大成玉米集团,HK,-55.0458716536981,2025-08-01,0.10899999737739563,2026-07-31,0.04899999871850014,Yahoo Finance chart adjclose
2072,03638.HK,亨利加集团,HK,-55.088755479818396,2025-08-01,16.899999618530273,2026-07-31,7.590000152587891,Yahoo Finance chart adjclose
2073,01696.HK,复锐医疗科技,HK,-55.12284602886086,2025-08-01,5.637612342834473,2026-07-31,2.5299999713897705,Yahoo Finance chart adjclose
2074,08030.HK,丰银禾控股,HK,-55.300861360553036,2025-08-01,3.490000009536743,2026-07-31,1.559999942779541,Yahoo Finance chart adjclose
2075,08413.HK,亚洲富思,HK,-55.33980579012828,2025-08-01,0.10300000011920929,2026-07-31,0.04600000008940697,Yahoo Finance chart adjclose
2076,09860.HK,艾迪康控股,HK,-55.34506073156887,2025-08-01,7.389999866485596,2026-07-31,3.299999952316284,Yahoo Finance chart adjclose
2077,06909.HK,百得利控股,HK,-55.354240524115475,2025-08-01,0.555483877658844,2026-07-31,0.24799999594688416,Yahoo Finance chart adjclose
2078,08225.HK,中国医疗集团,HK,-55.61797625826491,2025-08-01,0.17800000309944153,2026-07-31,0.07900000363588333,Yahoo Finance chart adjclose
2079,02342.HK,京信通信,HK,-55.7626414567367,2025-08-01,1.7858209609985352,2026-07-31,0.7900000214576721,Yahoo Finance chart adjclose
2080,01596.HK,翼辰实业,HK,-55.996311316756284,2025-08-01,0.840838611125946,2026-07-31,0.3700000047683716,Yahoo Finance chart adjclose
2081,03681.HK,中国抗体-B,HK,-56.41025435289679,2025-08-01,3.119999885559082,2026-07-31,1.3600000143051147,Yahoo Finance chart adjclose
2082,09922.HK,九毛九,HK,-56.44973283705077,2025-08-01,2.801360607147217,2026-07-31,1.2200000286102295,Yahoo Finance chart adjclose
2083,03313.HK,雅高控股,HK,-57.05521532964184,2025-08-01,1.6299999952316284,2026-07-31,0.699999988079071,Yahoo Finance chart adjclose
2084,08305.HK,圣唐控股,HK,-57.19999969005585,2025-08-01,0.25,2026-07-31,0.10700000077486038,Yahoo Finance chart adjclose
2085,01328.HK,金涌投资,HK,-57.204301747879896,2025-08-01,9.300000190734863,2026-07-31,3.9800000190734863,Yahoo Finance chart adjclose
2086,01707.HK,致浩达控股,HK,-57.57575791784117,2025-08-01,0.0989999994635582,2026-07-31,0.041999999433755875,Yahoo Finance chart adjclose
2087,01950.HK,帝王实业控股,HK,-57.600000500679016,2025-08-01,0.25,2026-07-31,0.10599999874830246,Yahoo Finance chart adjclose
2088,08117.HK,中国基础能源,HK,-57.77778081319938,2025-08-01,0.09000000357627869,2026-07-31,0.03799999877810478,Yahoo Finance chart adjclose
2089,08087.HK,中国三三传媒,HK,-57.8947337600552,2025-08-01,5.699999809265137,2026-07-31,2.4000000953674316,Yahoo Finance chart adjclose
2090,01611.HK,新火科技控股,HK,-58.027523236788035,2025-08-01,4.360000133514404,2026-07-31,1.8300000429153442,Yahoo Finance chart adjclose
2091,06090.HK,不同集团,HK,-58.087805771246195,2025-09-23,102.5,2026-07-31,42.959999084472656,Yahoo Finance chart adjclose
2092,08232.HK,CLASSIFIED GP,HK,-58.14977990919088,2025-08-01,2.2699999809265137,2026-07-31,0.949999988079071,Yahoo Finance chart adjclose
2093,01966.HK,中骏集团控股,HK,-58.18181787394294,2025-08-01,0.10999999940395355,2026-07-31,0.04600000008940697,Yahoo Finance chart adjclose
2094,02575.HK,轩竹生物-B,HK,-58.21292741472157,2025-10-15,26.299999237060547,2026-07-31,10.989999771118164,Yahoo Finance chart adjclose
2095,07347.HK,XI二南三星,HK,-58.42342494728211,2025-08-01,4.440000057220459,2026-07-30,1.8459999561309814,Yahoo Finance chart adjclose
2096,06168.HK,周六福,HK,-58.507622829628424,2025-08-01,35.74150466918945,2026-07-31,14.829999923706055,Yahoo Finance chart adjclose
2097,08268.HK,智城发展控股,HK,-58.5999995470047,2025-08-01,0.5,2026-07-31,0.2070000022649765,Yahoo Finance chart adjclose
2098,02459.HK,升能集团,HK,-58.64661697939984,2025-08-01,1.3300000429153442,2026-07-31,0.550000011920929,Yahoo Finance chart adjclose
2099,01357.HK,美图公司,HK,-58.68105304373017,2025-08-01,11.423330307006836,2026-07-31,4.71999979019165,Yahoo Finance chart adjclose
2100,03669.HK,永达汽车,HK,-58.77380744044052,2025-08-01,2.110308885574341,2026-07-31,0.8700000047683716,Yahoo Finance chart adjclose
2101,01542.HK,台州水务,HK,-58.78787775889134,2025-08-01,1.649999976158142,2026-07-31,0.6800000071525574,Yahoo Finance chart adjclose
2102,02561.HK,维昇药业-B,HK,-58.89007287904047,2025-08-01,46.849998474121094,2026-07-31,19.260000228881836,Yahoo Finance chart adjclose
2103,08635.HK,大象控股集团,HK,-58.90909251496807,2025-08-01,0.550000011920929,2026-07-31,0.22599999606609344,Yahoo Finance chart adjclose
2104,02598.HK,连连数字,HK,-58.92857244225587,2025-08-01,10.079999923706055,2026-07-31,4.139999866485596,Yahoo Finance chart adjclose
2105,08613.HK,东方支付集团控股,HK,-59.03614079299854,2025-08-01,0.08299999684095383,2026-07-31,0.03400000184774399,Yahoo Finance chart adjclose
2106,02550.HK,宜搜科技,HK,-59.17160033222475,2025-08-01,5.070000171661377,2026-07-31,2.069999933242798,Yahoo Finance chart adjclose
2107,01952.HK,云顶新耀,HK,-59.25925948677148,2025-08-01,62.099998474121094,2026-07-31,25.299999237060547,Yahoo Finance chart adjclose
2108,06698.HK,星空华文,HK,-59.31372554748619,2025-08-01,2.0399999618530273,2026-07-31,0.8299999833106995,Yahoo Finance chart adjclose
2109,08519.HK,新享时代,HK,-59.318180432743276,2025-08-01,0.4399999976158142,2026-07-31,0.17900000512599945,Yahoo Finance chart adjclose
2110,01958.HK,北京汽车,HK,-59.34579616259745,2025-08-01,2.140000104904175,2026-07-31,0.8700000047683716,Yahoo Finance chart adjclose
2111,02352.HK,东原仁知服务,HK,-59.42783013857606,2025-08-01,7.690000057220459,2026-07-31,3.119999885559082,Yahoo Finance chart adjclose
2112,02629.HK,MIRXES-B,HK,-59.51060358281599,2025-08-01,30.649999618530273,2026-07-31,12.40999984741211,Yahoo Finance chart adjclose
2113,02438.HK,出门问问,HK,-59.615383439750545,2025-08-01,0.7799999713897705,2026-07-31,0.3149999976158142,Yahoo Finance chart adjclose
2114,02693.HK,金岩高岭新材,HK,-59.62626948945048,2025-12-03,7.00950813293457,2026-07-31,2.8299999237060547,Yahoo Finance chart adjclose
2115,02145.HK,上美股份,HK,-59.733373447616,2025-08-01,73.8576889038086,2026-07-31,29.739999771118164,Yahoo Finance chart adjclose
2116,03660.HK,奇富科技-S,HK,-59.92780428416531,2025-08-01,134.50723266601562,2026-07-31,53.900001525878906,Yahoo Finance chart adjclose
2117,08123.HK,华亿金控,HK,-59.999934931488816,2025-08-01,0.5999990105628967,2026-07-31,0.23999999463558197,Yahoo Finance chart adjclose
2118,06885.HK,金马能源,HK,-60.000002466399,2025-08-01,1.4500000476837158,2026-07-31,0.5799999833106995,Yahoo Finance chart adjclose
2119,01675.HK,亚信科技,HK,-60.12192740553781,2025-08-01,11.359626770019531,2026-07-31,4.53000020980835,Yahoo Finance chart adjclose
2120,01026.HK,环球实业科技,HK,-60.666667991214275,2025-08-01,0.15000000596046448,2026-07-31,0.05900000035762787,Yahoo Finance chart adjclose
2121,02262.HK,梁志天设计集团,HK,-60.79999923706054,2025-08-01,1.25,2026-07-31,0.49000000953674316,Yahoo Finance chart adjclose
2122,02410.HK,同源康医药-B,HK,-60.907003944007165,2025-08-01,17.420000076293945,2026-07-31,6.809999942779541,Yahoo Finance chart adjclose
2123,02188.HK,泰坦能源技术,HK,-61.071429673810385,2025-08-01,0.2800000011920929,2026-07-31,0.10899999737739563,Yahoo Finance chart adjclose
2124,03963.HK,融众金融,HK,-61.269840541490225,2025-08-01,0.3149999976158142,2026-07-31,0.12200000137090683,Yahoo Finance chart adjclose
2125,01981.HK,华夏控股,HK,-61.30007480790552,2025-08-01,1.6795897483825684,2026-07-31,0.6499999761581421,Yahoo Finance chart adjclose
2126,08315.HK,新都酒店,HK,-61.57894745097596,2025-08-01,0.1899999976158142,2026-07-31,0.0729999989271164,Yahoo Finance chart adjclose
2127,09608.HK,宋都服务,HK,-61.81818212605705,2025-08-01,0.10999999940395355,2026-07-31,0.041999999433755875,Yahoo Finance chart adjclose
2128,03377.HK,远洋集团,HK,-61.90476218634091,2025-08-01,0.12600000202655792,2026-07-31,0.04800000041723251,Yahoo Finance chart adjclose
2129,06687.HK,聚水潭,HK,-62.058048719016654,2025-10-21,37.900001525878906,2026-07-31,14.380000114440918,Yahoo Finance chart adjclose
2130,09923.HK,移卡,HK,-62.0769243973952,2025-08-01,13.0,2026-07-31,4.929999828338623,Yahoo Finance chart adjclose
2131,06628.HK,创胜集团-B,HK,-62.105260384049686,2025-08-01,2.8499999046325684,2026-07-31,1.0800000429153442,Yahoo Finance chart adjclose
2132,06988.HK,乐享集团,HK,-62.12121135152404,2025-08-01,0.13199999928474426,2026-07-31,0.05000000074505806,Yahoo Finance chart adjclose
2133,02098.HK,卓尔智联,HK,-62.222221670327386,2025-08-01,0.18000000715255737,2026-07-31,0.06800000369548798,Yahoo Finance chart adjclose
2134,09958.HK,力天影业,HK,-62.25351904574137,2025-08-01,0.35499998927116394,2026-07-31,0.1340000033378601,Yahoo Finance chart adjclose
2135,01725.HK,中国技术集团,HK,-62.676057224826124,2025-08-01,0.7099999785423279,2026-07-31,0.26499998569488525,Yahoo Finance chart adjclose
2136,08217.HK,菊福堂生物,HK,-62.75861865204092,2025-08-01,0.28999999165534973,2026-07-31,0.1080000028014183,Yahoo Finance chart adjclose
2137,01788.HK,国泰君安国际,HK,-62.902378229093124,2025-08-01,5.606828212738037,2026-07-31,2.0799999237060547,Yahoo Finance chart adjclose
2138,09927.HK,赛力斯,HK,-63.17051330389675,2025-11-05,129.7873077392578,2026-07-31,47.79999923706055,Yahoo Finance chart adjclose
2139,06960.HK,双登股份,HK,-63.17139927501113,2025-08-26,18.87120246887207,2026-07-31,6.949999809265137,Yahoo Finance chart adjclose
2140,06989.HK,卓越商企服务,HK,-63.19444789378718,2025-08-01,1.440000057220459,2026-07-31,0.5299999713897705,Yahoo Finance chart adjclose
2141,02443.HK,汽车街,HK,-63.260342058138164,2025-08-01,4.110000133514404,2026-07-31,1.5099999904632568,Yahoo Finance chart adjclose
2142,09669.HK,北森控股,HK,-63.27230981453107,2025-08-01,8.739999771118164,2026-07-31,3.2100000381469727,Yahoo Finance chart adjclose
2143,02573.HK,新琪安,HK,-63.290112205887304,2025-08-01,12.34000015258789,2026-07-31,4.53000020980835,Yahoo Finance chart adjclose
2144,01004.HK,中国智慧能源,HK,-63.33333498901784,2025-08-01,0.30000001192092896,2026-07-31,0.10999999940395355,Yahoo Finance chart adjclose
2145,02007.HK,碧桂园,HK,-63.440860111681154,2025-08-01,0.4650000035762787,2026-07-31,0.17000000178813934,Yahoo Finance chart adjclose
2146,02169.HK,沧港铁路,HK,-63.53383468755381,2025-08-01,1.3300000429153442,2026-07-31,0.48500001430511475,Yahoo Finance chart adjclose
2147,09993.HK,金辉控股,HK,-63.537906230402555,2025-08-01,2.7699999809265137,2026-07-31,1.0099999904632568,Yahoo Finance chart adjclose
2148,01996.HK,弘阳地产,HK,-63.63636171214343,2025-08-01,0.04399999976158142,2026-07-31,0.01600000075995922,Yahoo Finance chart adjclose
2149,01518.HK,新世纪医疗,HK,-63.88888925681881,2025-08-01,0.8999999761581421,2026-07-31,0.32499998807907104,Yahoo Finance chart adjclose
2150,08249.HK,瑞远智控,HK,-63.888891648363064,2025-08-01,0.18000000715255737,2026-07-31,0.06499999761581421,Yahoo Finance chart adjclose
2151,01166.HK,星凯控股,HK,-63.928570326189615,2025-08-01,0.5600000023841858,2026-07-31,0.20200000703334808,Yahoo Finance chart adjclose
2152,08163.HK,声扬集团,HK,-64.15094412563535,2025-08-01,0.10599999874830246,2026-07-31,0.03799999877810478,Yahoo Finance chart adjclose
2153,02655.HK,果下科技,HK,-64.15525095265097,2025-12-16,43.79999923706055,2026-07-31,15.699999809265137,Yahoo Finance chart adjclose
2154,02656.HK,健康160,HK,-64.17434478145819,2025-09-17,28.219999313354492,2026-07-31,10.109999656677246,Yahoo Finance chart adjclose
2155,01918.HK,融创中国,HK,-64.2857126269579,2025-08-01,1.5399999618530273,2026-07-31,0.550000011920929,Yahoo Finance chart adjclose
2156,09347.HK,XI二南三星-U,HK,-64.34937491619756,2025-08-01,0.5609999895095825,2026-07-30,0.20000000298023224,Yahoo Finance chart adjclose
2157,08107.HK,细叶榕科技,HK,-64.51612949743479,2025-08-01,0.3100000023841858,2026-07-31,0.10999999940395355,Yahoo Finance chart adjclose
2158,01769.HK,思考乐教育,HK,-64.68825447781174,2025-08-01,2.8602380752563477,2026-07-31,1.0099999904632568,Yahoo Finance chart adjclose
2159,03650.HK,KEEP,HK,-64.75095579819849,2025-08-01,5.21999979019165,2026-07-31,1.840000033378601,Yahoo Finance chart adjclose
2160,08455.HK,礼建德集团,HK,-64.91228150437156,2025-08-01,0.05700000002980232,2026-07-31,0.019999999552965164,Yahoo Finance chart adjclose
2161,08267.HK,蓝港互动,HK,-65.09090954410142,2025-08-01,0.550000011920929,2026-07-31,0.19200000166893005,Yahoo Finance chart adjclose
2162,02565.HK,派格生物医药-B,HK,-65.10416501744957,2025-08-01,15.359999656677246,2026-07-31,5.360000133514404,Yahoo Finance chart adjclose
2163,02522.HK,一脉阳光,HK,-65.11278345907134,2025-08-01,13.300000190734863,2026-07-31,4.639999866485596,Yahoo Finance chart adjclose
2164,02105.HK,来凯医药-B,HK,-65.46803634326439,2025-08-01,17.520000457763672,2026-07-31,6.050000190734863,Yahoo Finance chart adjclose
2165,01676.HK,高地股份,HK,-65.66666799121428,2025-08-01,0.6000000238418579,2026-07-31,0.20600000023841858,Yahoo Finance chart adjclose
2166,02643.HK,曹操出行,HK,-66.06407399360302,2025-08-01,43.70000076293945,2026-07-31,14.829999923706055,Yahoo Finance chart adjclose
2167,03383.HK,雅居乐集团,HK,-66.17021387224555,2025-08-01,0.4699999988079071,2026-07-31,0.1589999943971634,Yahoo Finance chart adjclose
2168,09885.HK,药师帮,HK,-66.22378117160156,2025-08-01,9.414908409118652,2026-07-31,3.180000066757202,Yahoo Finance chart adjclose
2169,02536.HK,百乐皇宫,HK,-66.64336144817189,2025-08-01,2.578197479248047,2026-07-31,0.8600000143051147,Yahoo Finance chart adjclose
2170,02393.HK,巨星医疗控股,HK,-66.66666666666667,2025-08-01,0.17399999499320984,2026-07-31,0.057999998331069946,Yahoo Finance chart adjclose
2171,02650.HK,挚达科技,HK,-66.75191686106014,2025-10-10,39.099998474121094,2026-07-31,13.0,Yahoo Finance chart adjclose
2172,02126.HK,药明巨诺-B,HK,-66.80412276364598,2025-08-01,4.849999904632568,2026-07-31,1.6100000143051147,Yahoo Finance chart adjclose
2173,01232.HK,金轮天地控股,HK,-66.88311668205552,2025-08-01,0.7699999809265137,2026-07-31,0.2549999952316284,Yahoo Finance chart adjclose
2174,02500.HK,启明医疗-B,HK,-67.05539436621774,2025-08-01,3.430000066757202,2026-07-31,1.1299999952316284,Yahoo Finance chart adjclose
2175,01773.HK,天立国际控股,HK,-67.42891283769244,2025-08-01,3.9605677127838135,2026-07-31,1.2899999618530273,Yahoo Finance chart adjclose
2176,01961.HK,多牛科技,HK,-67.54098454363657,2025-08-01,0.3050000071525574,2026-07-31,0.0989999994635582,Yahoo Finance chart adjclose
2177,01371.HK,中国生态旅游,HK,-67.57575551778267,2025-08-01,3.299999952316284,2026-07-31,1.0700000524520874,Yahoo Finance chart adjclose
2178,08189.HK,泰达生物,HK,-67.77777785136377,2025-08-01,0.44999998807907104,2026-07-31,0.14499999582767487,Yahoo Finance chart adjclose
2179,06660.HK,艾美疫苗,HK,-67.9287276029894,2025-08-01,4.489999771118164,2026-07-31,1.440000057220459,Yahoo Finance chart adjclose
2180,01738.HK,飞尚无烟煤,HK,-67.94871813241076,2025-08-01,0.15600000321865082,2026-07-31,0.05000000074505806,Yahoo Finance chart adjclose
2181,09955.HK,智云健康,HK,-67.973854986961,2025-08-01,1.5299999713897705,2026-07-31,0.49000000953674316,Yahoo Finance chart adjclose
2182,01354.HK,经发物业,HK,-67.98029558578777,2025-08-01,6.090000152587891,2026-07-31,1.9500000476837158,Yahoo Finance chart adjclose
2183,06683.HK,巨星传奇,HK,-68.01195685201091,2025-08-01,13.380000114440918,2026-07-31,4.28000020980835,Yahoo Finance chart adjclose
2184,01520.HK,天机控股,HK,-68.15286730601822,2025-08-01,1.5700000524520874,2026-07-31,0.5,Yahoo Finance chart adjclose
2185,08296.HK,中国生命集团,HK,-68.36734731114937,2025-08-01,0.49000000953674316,2026-07-31,0.1550000011920929,Yahoo Finance chart adjclose
2186,01969.HK,中国春来,HK,-68.57798250423275,2025-08-01,4.360000133514404,2026-07-31,1.3700000047683716,Yahoo Finance chart adjclose
2187,03883.HK,中国奥园,HK,-69.04761890682954,2025-08-01,0.12600000202655792,2026-07-31,0.039000000804662704,Yahoo Finance chart adjclose
2188,06128.HK,烯石电车新材料,HK,-69.78021933035981,2025-08-01,0.18199999630451202,2026-07-31,0.054999999701976776,Yahoo Finance chart adjclose
2189,08496.HK,环球友饮智能,HK,-70.07299067622343,2025-08-01,0.13699999451637268,2026-07-31,0.04100000113248825,Yahoo Finance chart adjclose
2190,01121.HK,金阳新能源,HK,-70.1342288591127,2025-08-01,1.4900000095367432,2026-07-31,0.4449999928474426,Yahoo Finance chart adjclose
2191,07515.HK,南方两倍做空日经,HK,-70.16968745669297,2025-08-01,51.86000061035156,2026-07-30,15.470000267028809,Yahoo Finance chart adjclose
2192,09663.HK,国鸿氢能,HK,-70.60975436721787,2025-08-01,8.199999809265137,2026-07-31,2.4100000858306885,Yahoo Finance chart adjclose
2193,01541.HK,宜明昂科-B,HK,-70.70312434516379,2025-08-01,10.239999771118164,2026-07-31,3.0,Yahoo Finance chart adjclose
2194,02246.HK,快狗打车,HK,-70.70707183214562,2025-08-01,3.9600000381469727,2026-07-31,1.159999966621399,Yahoo Finance chart adjclose
2195,08401.HK,源想集团,HK,-70.73170938544766,2025-08-01,0.12300000339746475,2026-07-31,0.035999998450279236,Yahoo Finance chart adjclose
2196,01244.HK,思路迪医药股份,HK,-70.81081002711205,2025-08-01,7.400000095367432,2026-07-31,2.1600000858306885,Yahoo Finance chart adjclose
2197,08446.HK,耀星科技集团,HK,-70.98039124022075,2025-08-01,0.2549999952316284,2026-07-31,0.07400000095367432,Yahoo Finance chart adjclose
2198,02567.HK,七牛智能,HK,-71.13821270193374,2025-08-01,1.2300000190734863,2026-07-31,0.35499998927116394,Yahoo Finance chart adjclose
2199,01813.HK,合景泰富集团,HK,-71.17647164523805,2025-08-01,0.3400000035762787,2026-07-31,0.09799999743700027,Yahoo Finance chart adjclose
2200,08619.HK,NIU HOLDINGS,HK,-71.29032230153913,2025-08-01,0.3100000023841858,2026-07-31,0.08900000154972076,Yahoo Finance chart adjclose
2201,01198.HK,皇朝家居,HK,-71.32075409101562,2025-08-01,0.26499998569488525,2026-07-31,0.07599999755620956,Yahoo Finance chart adjclose
2202,06955.HK,博安生物,HK,-71.37637157474397,2025-08-01,16.420000076293945,2026-07-31,4.699999809265137,Yahoo Finance chart adjclose
2203,01280.HK,奇点国峰,HK,-71.42857185538593,2025-08-01,3.990000009536743,2026-07-31,1.1399999856948853,Yahoo Finance chart adjclose
2204,01662.HK,义合控股,HK,-71.51580286615967,2025-08-01,2.141538381576538,2026-07-31,0.6100000143051147,Yahoo Finance chart adjclose
2205,08066.HK,品创控股,HK,-71.53846012770066,2025-08-01,0.7799999713897705,2026-07-31,0.22200000286102295,Yahoo Finance chart adjclose
2206,01632.HK,民商创科,HK,-71.66666832235119,2025-08-01,0.18000000715255737,2026-07-31,0.050999999046325684,Yahoo Finance chart adjclose
2207,08375.HK,数盟资本,HK,-71.75000011920929,2025-08-01,4.0,2026-07-31,1.1299999952316284,Yahoo Finance chart adjclose
2208,08082.HK,擎华控股,HK,-71.79487252964304,2025-08-01,0.07800000160932541,2026-07-31,0.02199999988079071,Yahoo Finance chart adjclose
2209,01010.HK,天玺曜11,HK,-71.87499951493616,2025-08-01,0.09600000083446503,2026-07-31,0.027000000700354576,Yahoo Finance chart adjclose
2210,03639.HK,亿达中国,HK,-71.99999955296516,2025-08-01,0.10000000149011612,2026-07-31,0.02800000086426735,Yahoo Finance chart adjclose
2211,03301.HK,融信中国,HK,-72.05882299231685,2025-08-01,0.20399999618530273,2026-07-31,0.05700000002980232,Yahoo Finance chart adjclose
2212,01709.HK,德林控股,HK,-72.14076351415552,2025-08-01,3.4100000858306885,2026-07-31,0.949999988079071,Yahoo Finance chart adjclose
2213,08547.HK,PACIFIC LEGEND,HK,-72.15686131284491,2025-08-01,0.2549999952316284,2026-07-31,0.07100000232458115,Yahoo Finance chart adjclose
2214,03887.HK,HASHKEY HLDGS,HK,-72.26386802577409,2025-12-17,6.670000076293945,2026-07-31,1.850000023841858,Yahoo Finance chart adjclose
2215,08283.HK,中食民安,HK,-72.36842156859977,2025-08-01,0.7599999904632568,2026-07-31,0.20999999344348907,Yahoo Finance chart adjclose
2216,02487.HK,科笛-B,HK,-72.5352137506397,2025-08-01,8.520000457763672,2026-07-31,2.3399999141693115,Yahoo Finance chart adjclose
2217,02659.HK,宝济药业-B,HK,-72.61904761904762,2025-12-10,63.0,2026-07-31,17.25,Yahoo Finance chart adjclose
2218,08019.HK,皓文控股,HK,-72.72727272727273,2025-08-01,0.24199999868869781,2026-07-31,0.06599999964237213,Yahoo Finance chart adjclose
2219,08158.HK,中国再生医学,HK,-72.97618985953243,2025-08-01,0.8399999737739563,2026-07-31,0.22699999809265137,Yahoo Finance chart adjclose
2220,06681.HK,脑动极光-B,HK,-73.08411060019718,2025-08-01,5.349999904632568,2026-07-31,1.440000057220459,Yahoo Finance chart adjclose
2221,02635.HK,诺比侃,HK,-73.15363760703517,2025-12-23,37.099998474121094,2026-07-31,9.960000038146973,Yahoo Finance chart adjclose
2222,01628.HK,禹洲集团,HK,-73.17073161867245,2025-08-01,0.4099999964237213,2026-07-31,0.10999999940395355,Yahoo Finance chart adjclose
2223,08532.HK,宝发控股,HK,-73.33333147068815,2025-08-01,0.23999999463558197,2026-07-31,0.06400000303983688,Yahoo Finance chart adjclose
2224,02312.HK,LONG投资集团,HK,-73.36065733954968,2025-08-01,1.2200000286102295,2026-07-31,0.32499998807907104,Yahoo Finance chart adjclose
2225,03332.HK,中生联合,HK,-73.46153815293452,2025-08-01,0.5199999809265137,2026-07-31,0.1379999965429306,Yahoo Finance chart adjclose
2226,09983.HK,建业新生活,HK,-73.50167492564601,2025-08-01,1.1321470737457275,2026-07-31,0.30000001192092896,Yahoo Finance chart adjclose
2227,02587.HK,健康之路,HK,-73.58490622622188,2025-08-01,7.949999809265137,2026-07-31,2.0999999046325684,Yahoo Finance chart adjclose
2228,02250.HK,小黄鸭德盈,HK,-73.68420915040062,2025-08-01,1.1399999856948853,2026-07-31,0.30000001192092896,Yahoo Finance chart adjclose
2229,02440.HK,迷策略,HK,-73.83721043059089,2025-08-01,3.440000057220459,2026-07-31,0.8999999761581421,Yahoo Finance chart adjclose
2230,02003.HK,维信金科,HK,-74.00105074027528,2025-08-01,3.307826042175293,2026-07-31,0.8600000143051147,Yahoo Finance chart adjclose
2231,01721.HK,FSM HOLDINGS,HK,-74.07407499389879,2025-08-01,0.5400000214576721,2026-07-31,0.14000000059604645,Yahoo Finance chart adjclose
2232,02617.HK,药捷安康-B,HK,-74.12223768053711,2025-08-01,38.45000076293945,2026-07-31,9.949999809265137,Yahoo Finance chart adjclose
2233,01636.HK,中国金属利用,HK,-74.16666749450891,2025-08-01,1.2000000476837158,2026-07-31,0.3100000023841858,Yahoo Finance chart adjclose
2234,06877.HK,TE HEALTHCARE,HK,-74.37499871943143,2025-08-01,0.3199999928474426,2026-07-31,0.0820000022649765,Yahoo Finance chart adjclose
2235,02539.HK,乐摩科技,HK,-75.25064205136309,2025-12-03,52.526615142822266,2026-07-31,13.0,Yahoo Finance chart adjclose
2236,01499.HK,欧科云链,HK,-75.28089861303337,2025-08-01,0.4449999928474426,2026-07-31,0.10999999940395355,Yahoo Finance chart adjclose
2237,09081.HK,价值黄金-U,HK,-75.50075578806373,2025-08-01,9.9350004196167,2026-07-30,2.434000015258789,Yahoo Finance chart adjclose
2238,03081.HK,价值黄金,HK,-75.5321888915903,2025-08-01,77.9800033569336,2026-07-30,19.079999923706055,Yahoo Finance chart adjclose
2239,08021.HK,汇隆控股,HK,-75.69444582418153,2025-08-01,0.7200000286102295,2026-07-31,0.17499999701976776,Yahoo Finance chart adjclose
2240,06113.HK,比特策略,HK,-76.02739829488262,2025-08-01,5.840000152587891,2026-07-31,1.399999976158142,Yahoo Finance chart adjclose
2241,08500.HK,天泓文创,HK,-76.05263176469592,2025-08-01,0.3799999952316284,2026-07-31,0.09099999815225601,Yahoo Finance chart adjclose
2242,01401.HK,未来机器有限公司,HK,-76.50000005960464,2025-08-01,1.0,2026-07-31,0.23499999940395355,Yahoo Finance chart adjclose
2243,06980.HK,八马茶业,HK,-76.60417727950744,2025-10-28,93.3499984741211,2026-07-31,21.84000015258789,Yahoo Finance chart adjclose
2244,02777.HK,富力地产,HK,-76.62921262530872,2025-08-01,0.8899999856948853,2026-07-31,0.20800000429153442,Yahoo Finance chart adjclose
2245,08513.HK,加和国际控股,HK,-76.92307515962582,2025-08-01,1.4299999475479126,2026-07-31,0.33000001311302185,Yahoo Finance chart adjclose
2246,06158.HK,正荣地产,HK,-76.92307719861614,2025-08-01,0.052000001072883606,2026-07-31,0.012000000104308128,Yahoo Finance chart adjclose
2247,01745.HK,驴迹科技,HK,-77.05263087623997,2025-08-01,9.5,2026-07-31,2.180000066757202,Yahoo Finance chart adjclose
2248,02592.HK,拨康视云-B,HK,-77.05882394190067,2025-08-01,5.099999904632568,2026-07-31,1.1699999570846558,Yahoo Finance chart adjclose
2249,01608.HK,伟能集团,HK,-77.09090921898519,2025-08-01,0.2750000059604645,2026-07-31,0.06300000101327896,Yahoo Finance chart adjclose
2250,83081.HK,价值黄金-R,HK,-77.1117917964332,2025-08-01,71.73999786376953,2026-07-30,16.420000076293945,Yahoo Finance chart adjclose
2251,01638.HK,佳兆业集团,HK,-77.19298249436022,2025-08-01,0.17100000381469727,2026-07-31,0.039000000804662704,Yahoo Finance chart adjclose
2252,08368.HK,中国创意控股,HK,-77.20930330072497,2025-08-01,0.8600000143051147,2026-07-31,0.19599999487400055,Yahoo Finance chart adjclose
2253,08292.HK,VSING,HK,-77.34375014551915,2025-08-01,0.6399999856948853,2026-07-31,0.14499999582767487,Yahoo Finance chart adjclose
2254,02216.HK,堃博医疗-B,HK,-77.40740727658788,2025-08-01,2.700000047683716,2026-07-31,0.6100000143051147,Yahoo Finance chart adjclose
2255,02685.HK,量化派,HK,-77.67567505707612,2025-11-27,18.5,2026-07-31,4.130000114440918,Yahoo Finance chart adjclose
2256,01119.HK,创梦天地,HK,-77.73109470987265,2025-08-01,1.190000057220459,2026-07-31,0.26499998569488525,Yahoo Finance chart adjclose
2257,08223.HK,紫元元,HK,-77.77777696015576,2025-08-01,0.8100000023841858,2026-07-31,0.18000000715255737,Yahoo Finance chart adjclose
2258,02505.HK,EDA集团控股,HK,-78.21590757794412,2025-08-01,2.8920185565948486,2026-07-31,0.6299999952316284,Yahoo Finance chart adjclose
2259,01274.HK,知行科技,HK,-78.24267885383512,2025-08-01,14.34000015258789,2026-07-31,3.119999885559082,Yahoo Finance chart adjclose
2260,01683.HK,旷逸国际,HK,-79.42857196379683,2025-08-01,0.699999988079071,2026-07-31,0.14399999380111694,Yahoo Finance chart adjclose
2261,03626.HK,HSSP INTL,HK,-80.07335043495941,2025-08-01,8.180000305175781,2026-07-31,1.6299999952316284,Yahoo Finance chart adjclose
2262,06676.HK,找钢集团-W,HK,-80.21108159501654,2025-08-01,3.7899999618530273,2026-07-31,0.75,Yahoo Finance chart adjclose
2263,01176.HK,珠光控股,HK,-80.28169017779499,2025-08-01,0.07100000232458115,2026-07-31,0.014000000432133675,Yahoo Finance chart adjclose
2264,06086.HK,方舟健客,HK,-80.48780440527746,2025-08-01,3.690000057220459,2026-07-31,0.7200000286102295,Yahoo Finance chart adjclose
2265,01268.HK,美东汽车,HK,-80.69306983280248,2025-08-01,2.0199999809265137,2026-07-31,0.38999998569488525,Yahoo Finance chart adjclose
2266,02322.HK,新质数字,HK,-80.97560919763642,2025-08-01,0.4099999964237213,2026-07-31,0.07800000160932541,Yahoo Finance chart adjclose
2267,02431.HK,佑驾创新,HK,-81.13289856313075,2025-08-01,22.950000762939453,2026-07-31,4.329999923706055,Yahoo Finance chart adjclose
2268,08176.HK,超人智能,HK,-81.25000097012767,2025-08-01,0.09600000083446503,2026-07-31,0.017999999225139618,Yahoo Finance chart adjclose
2269,02405.HK,力盟科技,HK,-81.99999982660466,2025-08-01,2.75,2026-07-31,0.4950000047683716,Yahoo Finance chart adjclose
2270,02605.HK,METALIGHT,HK,-82.05128257378607,2025-08-01,5.849999904632568,2026-07-31,1.0499999523162842,Yahoo Finance chart adjclose
2271,08300.HK,今米房集团,HK,-82.39436651125736,2025-08-01,0.1420000046491623,2026-07-31,0.02500000037252903,Yahoo Finance chart adjclose
2272,02160.HK,微创心通-B,HK,-82.79069694373248,2025-08-01,6.449999809265137,2026-07-31,1.1100000143051147,Yahoo Finance chart adjclose
2273,06603.HK,IFBH,HK,-82.8697554367976,2025-08-01,35.95978927612305,2026-07-31,6.159999847412109,Yahoo Finance chart adjclose
2274,01723.HK,恒月控股,HK,-83.24175833173022,2025-08-01,3.640000104904175,2026-07-31,0.6100000143051147,Yahoo Finance chart adjclose
2275,02503.HK,中深建业,HK,-83.46666693687439,2025-08-01,1.5,2026-07-31,0.24799999594688416,Yahoo Finance chart adjclose
2276,02718.HK,明略科技-W,HK,-84.22574012739041,2025-11-03,290.6000061035156,2026-07-31,45.84000015258789,Yahoo Finance chart adjclose
2277,01468.HK,嘉高达资本,HK,-84.66666724615625,2025-08-01,1.2000000476837158,2026-07-31,0.18400000035762787,Yahoo Finance chart adjclose
2278,02048.HK,易居企业控股,HK,-84.74576346098914,2025-08-01,0.11800000071525574,2026-07-31,0.017999999225139618,Yahoo Finance chart adjclose
2279,02325.HK,云康集团,HK,-85.25000065565109,2025-08-01,4.0,2026-07-31,0.5899999737739563,Yahoo Finance chart adjclose
2280,01233.HK,时代中国控股,HK,-85.41666634329077,2025-08-01,0.19200000166893005,2026-07-31,0.02800000086426735,Yahoo Finance chart adjclose
2281,02665.HK,图达通,HK,-85.66350594425005,2025-12-16,16.8799991607666,2026-07-31,2.4200000762939453,Yahoo Finance chart adjclose
2282,08471.HK,新达控股,HK,-86.32478612884731,2025-08-01,2.3399999141693115,2026-07-31,0.3199999928474426,Yahoo Finance chart adjclose
2283,01680.HK,澳门励骏,HK,-86.35135105202197,2025-08-01,0.7400000095367432,2026-07-31,0.10100000351667404,Yahoo Finance chart adjclose
2284,01271.HK,佳明集团控股,HK,-86.41791106186561,2025-08-01,1.340000033378601,2026-07-31,0.18199999630451202,Yahoo Finance chart adjclose
2285,01942.HK,马可数字科技,HK,-86.42857192274259,2025-08-01,0.5600000023841858,2026-07-31,0.07599999755620956,Yahoo Finance chart adjclose
2286,02396.HK,华芢生物-B,HK,-86.5555551317003,2025-12-22,27.0,2026-07-31,3.630000114440918,Yahoo Finance chart adjclose
2287,03137.HK,AGX美元,HK,-86.80396507480306,2025-08-01,1092.1500244140625,2026-07-31,144.12049865722656,Yahoo Finance chart adjclose
2288,06610.HK,飞天云动(新),HK,-87.09090948104858,2025-08-01,5.5,2026-07-31,0.7099999785423279,Yahoo Finance chart adjclose
2289,02453.HK,美中嘉和,HK,-87.09677350439767,2025-08-01,5.579999923706055,2026-07-31,0.7200000286102295,Yahoo Finance chart adjclose
2290,01931.HK,华检医疗,HK,-87.22466986378632,2025-08-01,4.539999961853027,2026-07-31,0.5799999833106995,Yahoo Finance chart adjclose
2291,02699.HK,新明中国,HK,-87.31210186223315,2025-08-01,39.25,2026-07-31,4.980000019073486,Yahoo Finance chart adjclose
2292,02591.HK,银诺医药-B,HK,-87.31877689278282,2025-08-15,57.25,2026-07-31,7.260000228881836,Yahoo Finance chart adjclose
2293,09678.HK,云知声,HK,-87.54950545408545,2025-08-01,606.0,2026-07-31,75.44999694824219,Yahoo Finance chart adjclose
2294,02582.HK,国富氢能,HK,-87.6838904383697,2025-08-01,82.25,2026-07-31,10.130000114440918,Yahoo Finance chart adjclose
2295,02738.HK,华津国际控股,HK,-87.81249947613104,2025-08-01,0.3199999928474426,2026-07-31,0.039000000804662704,Yahoo Finance chart adjclose
2296,08427.HK,万顺瑞强集团,HK,-87.81250037252903,2025-08-01,35.20000076293945,2026-07-31,4.289999961853027,Yahoo Finance chart adjclose
2297,07711.HK,南方两倍做多Coinbase,HK,-88.10900021621867,2025-08-01,181.64999389648438,2026-07-30,21.600000381469727,Yahoo Finance chart adjclose
2298,09711.HK,南方两倍做多Coinbase-U,HK,-88.12931095717494,2025-08-01,23.200000762939453,2026-07-30,2.753999948501587,Yahoo Finance chart adjclose
2299,02570.HK,重塑能源,HK,-88.31739921175563,2025-08-01,156.89999389648438,2026-07-31,18.329999923706055,Yahoo Finance chart adjclose
2300,02469.HK,粉笔,HK,-89.65014628682533,2025-08-01,3.430000066757202,2026-07-31,0.35499998927116394,Yahoo Finance chart adjclose
2301,02661.HK,轻松健康,HK,-89.89778577297301,2025-12-23,58.70000076293945,2026-07-31,5.929999828338623,Yahoo Finance chart adjclose
2302,09102.HK,工银KWEB-U,HK,-90.1437069735992,2026-01-28,40.36000061035156,2026-07-30,3.9779999256134033,Yahoo Finance chart adjclose
2303,02477.HK,经纬天地,HK,-90.18666664759319,2025-08-01,1.875,2026-07-31,0.18400000035762787,Yahoo Finance chart adjclose
2304,02215.HK,德信服务集团,HK,-90.68965519603832,2025-08-01,0.8700000047683716,2026-07-31,0.08100000023841858,Yahoo Finance chart adjclose
2305,08549.HK,金叶国际集团,HK,-90.93023329312376,2025-10-10,2.1500000953674316,2026-07-31,0.19499999284744263,Yahoo Finance chart adjclose
2306,06978.HK,永泰生物-B,HK,-91.1250002682209,2025-08-01,4.0,2026-07-31,0.35499998927116394,Yahoo Finance chart adjclose
2307,01640.HK,千循科技,HK,-91.21338978134025,2025-08-01,4.78000020980835,2026-07-31,0.41999998688697815,Yahoo Finance chart adjclose
2308,02562.HK,狮腾控股,HK,-91.48809516375837,2025-08-01,16.799999237060547,2026-07-31,1.4299999475479126,Yahoo Finance chart adjclose
2309,02473.HK,喜相逢集团,HK,-92.40924071471753,2025-08-01,6.059999942779541,2026-07-31,0.46000000834465027,Yahoo Finance chart adjclose
2310,01341.HK,昊天国际建投,HK,-92.52336418500362,2025-08-01,0.21400000154972076,2026-07-31,0.01600000075995922,Yahoo Finance chart adjclose
2311,08178.HK,中国信息科技,HK,-93.77162627616839,2025-08-01,2.890000104904175,2026-07-31,0.18000000715255737,Yahoo Finance chart adjclose
2312,01796.HK,中国数智科技,HK,-94.109195485969,2025-08-01,3.4800000190734863,2026-07-31,0.20499999821186066,Yahoo Finance chart adjclose
2313,01939.HK,上善黄金,HK,-95.05632012460549,2025-08-01,7.989999771118164,2026-07-31,0.39500001072883606,Yahoo Finance chart adjclose
2314,02231.HK,景业名邦集团,HK,-96.50793650042773,2025-08-01,0.3149999976158142,2026-07-31,0.010999999940395355,Yahoo Finance chart adjclose
2315,01855.HK,中庆股份,HK,-96.70710574967272,2025-08-01,5.769999980926514,2026-07-31,0.1899999976158142,Yahoo Finance chart adjclose
2316,09799.HK,南方两倍做多MSTR-U,HK,-97.79786355796529,2025-08-01,12.170000076293945,2026-07-30,0.2680000066757202,Yahoo Finance chart adjclose
2317,07799.HK,南方两倍做多MSTR,HK,-97.79814585494474,2025-08-01,94.91999816894531,2026-07-30,2.0899999141693115,Yahoo Finance chart adjclose
2318,01142.HK,能源及能量环球,HK,-98.54077240510532,2025-08-01,4.659999847412109,2026-07-31,0.06800000369548798,Yahoo Finance chart adjclose
2319,09188.HK,华夏沪深三百-U,HK,-99.06751338173362,2025-12-29,748.0,2026-07-30,6.974999904632568,Yahoo Finance chart adjclose
